prefill_chunk,kv_prefill,n_decode,kv_decode,time_us
0,0,1,16,12.5117
0,0,1,32,12.565
0,0,1,64,12.6183
0,0,1,128,18.0377
0,0,1,256,18.4527
0,0,1,512,19.488
0,0,1,1024,25.8233
0,0,1,2048,32.4267
0,0,1,4096,48.7887
0,0,1,8192,71.7753
0,0,1,16384,119.859
0,0,2,16,18.357
0,0,2,32,18.3897
0,0,2,64,18.6237
0,0,2,128,22.2507
0,0,2,256,23.2213
0,0,2,512,29.7067
0,0,2,1024,37.8877
0,0,2,2048,51.0923
0,0,2,4096,79.9027
0,0,2,8192,122.517
0,0,2,16384,215.017
0,0,4,16,18.4853
0,0,4,32,18.6983
0,0,4,64,19.0617
0,0,4,128,23.1467
0,0,4,256,29.7383
0,0,4,512,38.027
0,0,4,1024,49.7917
0,0,4,2048,73.802
0,0,4,4096,121.535
0,0,4,8192,215.711
0,0,4,16384,406.588
0,0,8,16,19.157
0,0,8,32,19.552
0,0,8,64,20.4053
0,0,8,128,30.4637
0,0,8,256,39.4243
0,0,8,512,50.176
0,0,8,1024,74.0057
0,0,8,2048,120.724
0,0,8,4096,216.041
0,0,8,8192,402.812
0,0,8,16384,777.283
0,0,16,16,25.3967
0,0,16,32,26.0793
0,0,16,64,27.4773
0,0,16,128,36.4047
0,0,16,256,50.4953
0,0,16,512,74.6127
0,0,16,1024,121.482
0,0,16,2048,215.518
0,0,16,4096,405.949
0,0,16,8192,780.346
0,0,16,16384,1536.11
0,0,32,16,37.451
0,0,32,32,38.358
0,0,32,64,41.461
0,0,32,128,57.4397
0,0,32,256,82.4843
0,0,32,512,131.551
0,0,32,1024,224.67
0,0,32,2048,413.096
0,0,32,4096,788.922
0,0,32,8192,1541.73
0,0,32,16384,3053.35
0,0,64,16,60.725
0,0,64,32,63.392
0,0,64,64,66.282
0,0,64,128,96.778
0,0,64,256,143.007
0,0,64,512,234.931
0,0,64,1024,423.368
0,0,64,2048,802.319
0,0,64,4096,1565.24
0,0,64,8192,3110.67
0,0,64,16384,6122.91
0,0,128,16,111.882
0,0,128,32,113.535
0,0,128,64,118.464
0,0,128,128,178.847
0,0,128,256,257.246
0,0,128,512,443.464
0,0,128,1024,815.269
0,0,128,2048,1570.92
0,0,128,4096,3086.65
0,0,128,8192,6117.65
0,0,128,16384,12152.4
0,0,256,16,210.111
0,0,256,32,218.676
0,0,256,64,225.033
0,0,256,128,339.934
0,0,256,256,483.624
0,0,256,512,845.094
0,0,256,1024,1597.6
0,0,256,2048,3099.08
0,0,256,4096,6117.2
0,0,256,8192,12168.9
0,0,256,16384,24254.2
16,0,0,0,12.7897
16,0,1,16,13.2263
16,0,1,32,13.2267
16,0,1,64,13.216
16,0,1,128,15.893
16,0,1,256,19.7227
16,0,1,512,27.5627
16,0,1,1024,43.2103
16,0,1,2048,75.2743
16,0,1,4096,136.554
16,0,1,8192,259.689
16,0,1,16384,505.501
16,0,2,16,18.752
16,0,2,32,18.869
16,0,2,64,19.0077
16,0,2,128,24.5013
16,0,2,256,32.053
16,0,2,512,46.9223
16,0,2,1024,64.853
16,0,2,2048,95.456
16,0,2,4096,153.556
16,0,2,8192,269.62
16,0,2,16384,501.779
16,0,4,16,24.416
16,0,4,32,24.6393
16,0,4,64,24.9813
16,0,4,128,33.8987
16,0,4,256,45.2373
16,0,4,512,66.1003
16,0,4,1024,94.911
16,0,4,2048,155.146
16,0,4,4096,270.293
16,0,4,8192,504.989
16,0,4,16384,981.265
16,0,8,16,35.9673
16,0,8,32,36.4797
16,0,8,64,36.9063
16,0,8,128,52.468
16,0,8,256,71.5197
16,0,8,512,102.389
16,0,8,1024,160.661
16,0,8,2048,278.762
16,0,8,4096,516.531
16,0,8,8192,989.36
16,0,8,16384,1967.5
16,0,16,16,58.773
16,0,16,32,59.9147
16,0,16,64,61.1623
16,0,16,128,89.3753
16,0,16,256,122.004
16,0,16,512,180.351
16,0,16,1024,297.822
16,0,16,2048,532.787
16,0,16,4096,1006.81
16,0,16,8192,2002.59
16,0,16,16384,4426.68
16,0,32,16,102.826
16,0,32,32,105.227
16,0,32,64,107.52
16,0,32,128,161.823
16,0,32,256,222.676
16,0,32,512,340.585
16,0,32,1024,584.563
16,0,32,2048,1116.3
16,0,32,4096,2481.09
16,0,32,8192,5430.33
16,0,32,16384,10786.9
16,0,64,16,189.034
16,0,64,32,193.812
16,0,64,64,197.332
16,0,64,128,307.668
16,0,64,256,462.697
16,0,64,512,817.938
16,0,64,1024,1562.3
16,0,64,2048,3064.99
16,0,64,4096,6094.83
16,0,64,8192,12142
16,0,64,16384,24258.3
16,0,128,16,323.615
16,0,128,32,331.017
16,0,128,64,381.342
16,0,128,128,623.763
16,0,128,256,899.943
16,0,128,512,1600.79
16,0,128,1024,3080.33
16,0,128,2048,6087.31
16,0,128,4096,12137.3
16,0,128,8192,24191
16,0,128,16384,48343.5
16,16,0,0,11.861
16,16,1,16,12.0637
16,16,1,32,12.1173
16,16,1,64,12.1387
16,16,1,128,15.8613
16,16,1,256,19.7653
16,16,1,512,27.5303
16,16,1,1024,43.146
16,16,1,2048,75.1783
16,16,1,4096,136.554
16,16,1,8192,259.679
16,16,1,16384,505.566
16,16,2,16,18.9443
16,16,2,32,19.2
16,16,2,64,19.52
16,16,2,128,24.3417
16,16,2,256,31.8933
16,16,2,512,46.656
16,16,2,1024,65.941
16,16,2,2048,95.4667
16,16,2,4096,154.602
16,16,2,8192,269.983
16,16,2,16384,504.789
16,16,4,16,24.5977
16,16,4,32,24.9707
16,16,4,64,25.4823
16,16,4,128,33.6427
16,16,4,256,45.013
16,16,4,512,65.8987
16,16,4,1024,95.8077
16,16,4,2048,151.307
16,16,4,4096,270.005
16,16,4,8192,503.412
16,16,4,16384,978.143
16,16,8,16,36.0107
16,16,8,32,36.661
16,16,8,64,37.344
16,16,8,128,52.1707
16,16,8,256,71.285
16,16,8,512,101.631
16,16,8,1024,162.293
16,16,8,2048,280.041
16,16,8,4096,515.166
16,16,8,8192,991.336
16,16,8,16384,1964.14
16,16,16,16,58.7093
16,16,16,32,59.978
16,16,16,64,60.9387
16,16,16,128,88.8423
16,16,16,256,121.887
16,16,16,512,180.607
16,16,16,1024,297.653
16,16,16,2048,532.702
16,16,16,4096,1007.25
16,16,16,8192,2023.6
16,16,16,16384,4425.15
16,16,32,16,102.443
16,16,32,32,105.024
16,16,32,64,107.082
16,16,32,128,161.087
16,16,32,256,221.706
16,16,32,512,340.788
16,16,32,1024,587.199
16,16,32,2048,1105.67
16,16,32,4096,2467.35
16,16,32,8192,5476.4
16,16,32,16384,10957.3
16,16,64,16,188.554
16,16,64,32,193.579
16,16,64,64,196.661
16,16,64,128,307.423
16,16,64,256,461.503
16,16,64,512,811.316
16,16,64,1024,1562.26
16,16,64,2048,3074.31
16,16,64,4096,6090.93
16,16,64,8192,12188.8
16,16,64,16384,24259
16,16,128,16,358.538
16,16,128,32,366.538
16,16,128,64,381.172
16,16,128,128,622.164
16,16,128,256,902.825
16,16,128,512,1593.47
16,16,128,1024,3080.71
16,16,128,2048,6099.15
16,16,128,4096,12127.6
16,16,128,8192,24240.2
16,16,128,16384,48383.1
16,32,0,0,11.936
16,32,1,16,12.0103
16,32,1,32,12.032
16,32,1,64,12.2987
16,32,1,128,14.112
16,32,1,256,17.632
16,32,1,512,27.4773
16,32,1,1024,43.0293
16,32,1,2048,75.0503
16,32,1,4096,136.095
16,32,1,8192,258.976
16,32,1,16384,504.395
16,32,2,16,19.0723
16,32,2,32,19.2853
16,32,2,64,19.488
16,32,2,128,24.416
16,32,2,256,31.8607
16,32,2,512,46.7947
16,32,2,1024,66.1437
16,32,2,2048,95.7543
16,32,2,4096,154.495
16,32,2,8192,270.954
16,32,2,16384,504.063
16,32,4,16,24.832
16,32,4,32,24.9493
16,32,4,64,25.6107
16,32,4,128,33.654
16,32,4,256,45.0133
16,32,4,512,65.9943
16,32,4,1024,95.3177
16,32,4,2048,152.384
16,32,4,4096,270.154
16,32,4,8192,503.413
16,32,4,16384,978.303
16,32,8,16,36.064
16,32,8,32,36.8533
16,32,8,64,37.4613
16,32,8,128,52.405
16,32,8,256,71.4027
16,32,8,512,102.101
16,32,8,1024,160.576
16,32,8,2048,281.226
16,32,8,4096,515.125
16,32,8,8192,990.196
16,32,8,16384,1965.94
16,32,16,16,58.5813
16,32,16,32,59.8933
16,32,16,64,61.2267
16,32,16,128,89.0023
16,32,16,256,122.091
16,32,16,512,180.448
16,32,16,1024,298.379
16,32,16,2048,534.837
16,32,16,4096,1008.37
16,32,16,8192,2012.83
16,32,16,16384,4411.96
16,32,32,16,102.464
16,32,32,32,105.12
16,32,32,64,107.136
16,32,32,128,161.365
16,32,32,256,222.048
16,32,32,512,339.819
16,32,32,1024,585.343
16,32,32,2048,1092.3
16,32,32,4096,2510.34
16,32,32,8192,5386.97
16,32,32,16384,10934.9
16,32,64,16,188.875
16,32,64,32,193.674
16,32,64,64,196.939
16,32,64,128,307.317
16,32,64,256,462.496
16,32,64,512,811.743
16,32,64,1024,1560.04
16,32,64,2048,3076.89
16,32,64,4096,6093.2
16,32,64,8192,12178.2
16,32,64,16384,24255.3
16,32,128,16,334.944
16,32,128,32,343.701
16,32,128,64,381.515
16,32,128,128,622.581
16,32,128,256,900.202
16,32,128,512,1594
16,32,128,1024,3086.51
16,32,128,2048,6097.62
16,32,128,4096,12138.9
16,32,128,8192,24234.6
16,32,128,16384,48368.7
16,64,0,0,12.0533
16,64,1,16,11.9467
16,64,1,32,12.1607
16,64,1,64,12.2887
16,64,1,128,15.7973
16,64,1,256,19.755
16,64,1,512,27.4453
16,64,1,1024,43.083
16,64,1,2048,74.976
16,64,1,4096,136.138
16,64,1,8192,258.912
16,64,1,16384,504.192
16,64,2,16,19.2
16,64,2,32,19.4353
16,64,2,64,19.5943
16,64,2,128,24.352
16,64,2,256,31.8613
16,64,2,512,46.528
16,64,2,1024,66.1653
16,64,2,2048,95.7013
16,64,2,4096,154.592
16,64,2,8192,270.816
16,64,2,16384,502.56
16,64,4,16,24.896
16,64,4,32,25.099
16,64,4,64,25.6537
16,64,4,128,33.6213
16,64,4,256,45.0453
16,64,4,512,66.314
16,64,4,1024,96.0107
16,64,4,2048,153.781
16,64,4,4096,269.163
16,64,4,8192,503.679
16,64,4,16384,978.347
16,64,8,16,36.1713
16,64,8,32,36.832
16,64,8,64,37.5467
16,64,8,128,52.192
16,64,8,256,71.1253
16,64,8,512,102.133
16,64,8,1024,160.789
16,64,8,2048,280.821
16,64,8,4096,514.219
16,64,8,8192,987.809
16,64,8,16384,1965.32
16,64,16,16,58.6347
16,64,16,32,60
16,64,16,64,61.1413
16,64,16,128,88.949
16,64,16,256,121.93
16,64,16,512,181.003
16,64,16,1024,297.632
16,64,16,2048,535.467
16,64,16,4096,1009.3
16,64,16,8192,1957.27
16,64,16,16384,4441.91
16,64,32,16,102.581
16,64,32,32,104.843
16,64,32,64,107.232
16,64,32,128,161.301
16,64,32,256,222.101
16,64,32,512,340.992
16,64,32,1024,585.888
16,64,32,2048,1114.6
16,64,32,4096,2541.67
16,64,32,8192,5446.03
16,64,32,16384,10903.7
16,64,64,16,189.056
16,64,64,32,193.824
16,64,64,64,197.291
16,64,64,128,307.274
16,64,64,256,457.824
16,64,64,512,813.441
16,64,64,1024,1556.93
16,64,64,2048,3070.68
16,64,64,4096,6090.45
16,64,64,8192,12177.7
16,64,64,16384,24262.5
16,64,128,16,327.083
16,64,128,32,335.04
16,64,128,64,381.547
16,64,128,128,623.041
16,64,128,256,901.153
16,64,128,512,1594.97
16,64,128,1024,3083.52
16,64,128,2048,6101.79
16,64,128,4096,12140.3
16,64,128,8192,24233.3
16,64,128,16384,48361.1
16,128,0,0,15.2213
16,128,1,16,14.432
16,128,1,32,14.432
16,128,1,64,14.496
16,128,1,128,17.0343
16,128,1,256,19.872
16,128,1,512,27.5733
16,128,1,1024,43.2213
16,128,1,2048,74.944
16,128,1,4096,136.171
16,128,1,8192,258.784
16,128,1,16384,504.043
16,128,2,16,22.7947
16,128,2,32,23.04
16,128,2,64,23.104
16,128,2,128,26.3467
16,128,2,256,31.9787
16,128,2,512,46.9867
16,128,2,1024,75.8827
16,128,2,2048,110.368
16,128,2,4096,168.683
16,128,2,8192,284.534
16,128,2,16384,517.269
16,128,4,16,28.3947
16,128,4,32,28.789
16,128,4,64,28.981
16,128,4,128,35.7227
16,128,4,256,45.0347
16,128,4,512,67.2213
16,128,4,1024,105.547
16,128,4,2048,162.965
16,128,4,4096,278.55
16,128,4,8192,511.446
16,128,4,16384,986.039
16,128,8,16,39.584
16,128,8,32,39.9893
16,128,8,64,40.7467
16,128,8,128,54.347
16,128,8,256,71.1687
16,128,8,512,107.371
16,128,8,1024,168.043
16,128,8,2048,287.329
16,128,8,4096,522.689
16,128,8,8192,992.984
16,128,8,16384,1973
16,128,16,16,61.6743
16,128,16,32,62.752
16,128,16,64,63.904
16,128,16,128,91.0727
16,128,16,256,121.909
16,128,16,512,186.752
16,128,16,1024,305.398
16,128,16,2048,539.329
16,128,16,4096,1011.36
16,128,16,8192,2010.06
16,128,16,16384,4478.34
16,128,32,16,104.437
16,128,32,32,106.774
16,128,32,64,108.619
16,128,32,128,163.552
16,128,32,256,224.14
16,128,32,512,350.401
16,128,32,1024,591.702
16,128,32,2048,1102.32
16,128,32,4096,2408.5
16,128,32,8192,5438.72
16,128,32,16384,10864.3
16,128,64,16,190.614
16,128,64,32,195.392
16,128,64,64,199.51
16,128,64,128,310.476
16,128,64,256,465.399
16,128,64,512,806.167
16,128,64,1024,1560.42
16,128,64,2048,3073.15
16,128,64,4096,6093.15
16,128,64,8192,12175.2
16,128,64,16384,24264.2
16,128,128,16,367.766
16,128,128,32,376.545
16,128,128,64,385.676
16,128,128,128,625.399
16,128,128,256,904.792
16,128,128,512,1597
16,128,128,1024,3086.08
16,128,128,2048,6104.12
16,128,128,4096,12132.5
16,128,128,8192,24220.8
16,128,128,16384,48354.6
16,256,0,0,18.4533
16,256,1,16,17.9627
16,256,1,32,20
16,256,1,64,20.0643
16,256,1,128,20.0747
16,256,1,256,20.9493
16,256,1,512,27.691
16,256,1,1024,43.179
16,256,1,2048,74.9017
16,256,1,4096,136.075
16,256,1,8192,258.849
16,256,1,16384,504.194
16,256,2,16,26.6133
16,256,2,32,26.7837
16,256,2,64,26.827
16,256,2,128,30.4533
16,256,2,256,34.5497
16,256,2,512,46.987
16,256,2,1024,76.8433
16,256,2,2048,123.786
16,256,2,4096,183.126
16,256,2,8192,299.606
16,256,2,16384,538.039
16,256,4,16,32.3303
16,256,4,32,32.459
16,256,4,64,32.7573
16,256,4,128,39.5843
16,256,4,256,47.4987
16,256,4,512,67.2533
16,256,4,1024,109.867
16,256,4,2048,172.864
16,256,4,4096,290.017
16,256,4,8192,517.837
16,256,4,16384,989.464
16,256,8,16,43.4453
16,256,8,32,44.0853
16,256,8,64,44.7893
16,256,8,128,58.07
16,256,8,256,73.3763
16,256,8,512,107.744
16,256,8,1024,175.393
16,256,8,2048,294.539
16,256,8,4096,533.132
16,256,8,8192,1004.91
16,256,8,16384,1967.74
16,256,16,16,66.102
16,256,16,32,67.2967
16,256,16,64,68.299
16,256,16,128,94.3787
16,256,16,256,124.673
16,256,16,512,186.507
16,256,16,1024,312.47
16,256,16,2048,546.327
16,256,16,4096,1016.63
16,256,16,8192,1978.82
16,256,16,16384,4331.11
16,256,32,16,109.238
16,256,32,32,111.488
16,256,32,64,113.803
16,256,32,128,165.547
16,256,32,256,227.02
16,256,32,512,358.839
16,256,32,1024,601.655
16,256,32,2048,1119.11
16,256,32,4096,2421.97
16,256,32,8192,5449.58
16,256,32,16384,10848.8
16,256,64,16,194.251
16,256,64,32,198.688
16,256,64,64,202.614
16,256,64,128,313.612
16,256,64,256,474.251
16,256,64,512,808.877
16,256,64,1024,1562.58
16,256,64,2048,3076.32
16,256,64,4096,6100.33
16,256,64,8192,12185.2
16,256,64,16384,24254.4
16,256,128,16,369.761
16,256,128,32,379.02
16,256,128,64,387.724
16,256,128,128,629.794
16,256,128,256,904.771
16,256,128,512,1588.83
16,256,128,1024,3090.55
16,256,128,2048,6105
16,256,128,4096,12141.5
16,256,128,8192,24240.7
16,256,128,16384,48360
16,512,0,0,25.12
16,512,1,16,24.9067
16,512,1,32,24.875
16,512,1,64,24.9173
16,512,1,128,24.8217
16,512,1,256,28.0003
16,512,1,512,28.8323
16,512,1,1024,43.3923
16,512,1,2048,75.0827
16,512,1,4096,136.15
16,512,1,8192,258.913
16,512,1,16384,504.322
16,512,2,16,33.963
16,512,2,32,34.0913
16,512,2,64,34.0587
16,512,2,128,37.9097
16,512,2,256,42.1443
16,512,2,512,49.3013
16,512,2,1024,77.344
16,512,2,2048,134.774
16,512,2,4096,212.31
16,512,2,8192,332.567
16,512,2,16384,581.165
16,512,4,16,39.6053
16,512,4,32,39.894
16,512,4,64,40.331
16,512,4,128,47.275
16,512,4,256,54.88
16,512,4,512,69.568
16,512,4,1024,110.731
16,512,4,2048,196.182
16,512,4,4096,312.727
16,512,4,8192,551.074
16,512,4,16384,1025.06
16,512,8,16,55.3177
16,512,8,32,55.9357
16,512,8,64,56.7043
16,512,8,128,65.7173
16,512,8,256,80.9073
16,512,8,512,109.643
16,512,8,1024,179.905
16,512,8,2048,309.185
16,512,8,4096,548.322
16,512,8,8192,1025.45
16,512,8,16384,2019.74
16,512,16,16,77.3013
16,512,16,32,78.5073
16,512,16,64,79.5953
16,512,16,128,102.752
16,512,16,256,131.446
16,512,16,512,190.156
16,512,16,1024,318.924
16,512,16,2048,569.261
16,512,16,4096,1038.97
16,512,16,8192,2082.04
16,512,16,16384,4500.35
16,512,32,16,119.66
16,512,32,32,121.43
16,512,32,64,123.425
16,512,32,128,174.359
16,512,32,256,232.353
16,512,32,512,370.892
16,512,32,1024,665.656
16,512,32,2048,1215.08
16,512,32,4096,2533.2
16,512,32,8192,5386.52
16,512,32,16384,10913.8
16,512,64,16,203.542
16,512,64,32,208.694
16,512,64,64,212.182
16,512,64,128,318.998
16,512,64,256,478.893
16,512,64,512,820.313
16,512,64,1024,1569.7
16,512,64,2048,3084.33
16,512,64,4096,6111.1
16,512,64,8192,12193.5
16,512,64,16384,24281.1
16,512,128,16,376.684
16,512,128,32,385.122
16,512,128,64,393.826
16,512,128,128,636.568
16,512,128,256,915.034
16,512,128,512,1610.95
16,512,128,1024,3090.06
16,512,128,2048,6106.38
16,512,128,4096,12144.3
16,512,128,8192,24240.8
16,512,128,16384,48366.7
16,1024,0,0,38.7307
16,1024,1,16,39.0407
16,1024,1,32,39.0617
16,1024,1,64,39.0187
16,1024,1,128,43.958
16,1024,1,256,43.6697
16,1024,1,512,43.9363
16,1024,1,1024,44.7793
16,1024,1,2048,74.4427
16,1024,1,4096,136.46
16,1024,1,8192,258.988
16,1024,1,16384,503.821
16,1024,2,16,48.6087
16,1024,2,32,48.9177
16,1024,2,64,49.2057
16,1024,2,128,52.1283
16,1024,2,256,56.5227
16,1024,2,512,64.3853
16,1024,2,1024,79.1577
16,1024,2,2048,135.734
16,1024,2,4096,249.708
16,1024,2,8192,387.831
16,1024,2,16384,635.065
16,1024,4,16,54.5173
16,1024,4,32,54.9767
16,1024,4,64,55.0187
16,1024,4,128,62.0057
16,1024,4,256,69.878
16,1024,4,512,84.2667
16,1024,4,1024,114.528
16,1024,4,2048,197.1
16,1024,4,4096,362.307
16,1024,4,8192,596.078
16,1024,4,16384,1078.04
16,1024,8,16,70.7203
16,1024,8,32,70.9557
16,1024,8,64,71.8937
16,1024,8,128,87.7557
16,1024,8,256,102.496
16,1024,8,512,123.873
16,1024,8,1024,183.873
16,1024,8,2048,324.332
16,1024,8,4096,580.386
16,1024,8,8192,1094.95
16,1024,8,16384,2134.58
16,1024,16,16,96.7683
16,1024,16,32,97.9313
16,1024,16,64,99.425
16,1024,16,128,123.702
16,1024,16,256,153.409
16,1024,16,512,203.254
16,1024,16,1024,325.677
16,1024,16,2048,587.096
16,1024,16,4096,1152.05
16,1024,16,8192,2279.3
16,1024,16,16384,4711.72
16,1024,32,16,140.257
16,1024,32,32,143.126
16,1024,32,64,144.481
16,1024,32,128,195.265
16,1024,32,256,249.879
16,1024,32,512,383.01
16,1024,32,1024,656.398
16,1024,32,2048,1364.39
16,1024,32,4096,2648.54
16,1024,32,8192,5432.07
16,1024,32,16384,10967.9
16,1024,64,16,224.321
16,1024,64,32,228.941
16,1024,64,64,232.769
16,1024,64,128,339.917
16,1024,64,256,498.882
16,1024,64,512,832.57
16,1024,64,1024,1584.81
16,1024,64,2048,3090.75
16,1024,64,4096,6114.04
16,1024,64,8192,12219.6
16,1024,64,16384,24280.3
16,1024,128,16,398.263
16,1024,128,32,406.413
16,1024,128,64,414.925
16,1024,128,128,650.969
16,1024,128,256,931.098
16,1024,128,512,1617.02
16,1024,128,1024,3104.54
16,1024,128,2048,6120.34
16,1024,128,4096,12155.6
16,1024,128,8192,24268.6
16,1024,128,16384,48377.4
16,2048,0,0,65.761
16,2048,1,16,67.9687
16,2048,1,32,67.915
16,2048,1,64,67.8833
16,2048,1,128,76.1603
16,2048,1,256,75.7547
16,2048,1,512,75.6487
16,2048,1,1024,74.8377
16,2048,1,2048,75.7333
16,2048,1,4096,137.259
16,2048,1,8192,256.716
16,2048,1,16384,504.558
16,2048,2,16,78.294
16,2048,2,32,78.2833
16,2048,2,64,79.0827
16,2048,2,128,82.6987
16,2048,2,256,85.4723
16,2048,2,512,92.758
16,2048,2,1024,109.771
16,2048,2,2048,139.66
16,2048,2,4096,254.402
16,2048,2,8192,476.771
16,2048,2,16384,741.199
16,2048,4,16,84.278
16,2048,4,32,83.8297
16,2048,4,64,84.1927
16,2048,4,128,90.8273
16,2048,4,256,98.4327
16,2048,4,512,113.568
16,2048,4,1024,144.075
16,2048,4,2048,204.236
16,2048,4,4096,373.154
16,2048,4,8192,686.948
16,2048,4,16384,1160.74
16,2048,8,16,99.6697
16,2048,8,32,99.969
16,2048,8,64,101.068
16,2048,8,128,117.152
16,2048,8,256,135.884
16,2048,8,512,171.051
16,2048,8,1024,211.841
16,2048,8,2048,332.076
16,2048,8,4096,620.301
16,2048,8,8192,1151.83
16,2048,8,16384,2199.96
16,2048,16,16,130.71
16,2048,16,32,132.043
16,2048,16,64,133.206
16,2048,16,128,161.163
16,2048,16,256,186.391
16,2048,16,512,250.423
16,2048,16,1024,352.632
16,2048,16,2048,592.28
16,2048,16,4096,1172.31
16,2048,16,8192,2475.73
16,2048,16,16384,4663.78
16,2048,32,16,176.364
16,2048,32,32,178.742
16,2048,32,64,180.598
16,2048,32,128,233.175
16,2048,32,256,290.476
16,2048,32,512,419.224
16,2048,32,1024,698.095
16,2048,32,2048,1286.08
16,2048,32,4096,2796.31
16,2048,32,8192,5550.89
16,2048,32,16384,10906.2
16,2048,64,16,262.946
16,2048,64,32,268.599
16,2048,64,64,271.138
16,2048,64,128,381.432
16,2048,64,256,551.598
16,2048,64,512,882.693
16,2048,64,1024,1606.28
16,2048,64,2048,3116.89
16,2048,64,4096,6136.87
16,2048,64,8192,12226.3
16,2048,64,16384,24318.1
16,2048,128,16,393.805
16,2048,128,32,400.802
16,2048,128,64,456.664
16,2048,128,128,694.287
16,2048,128,256,973.841
16,2048,128,512,1648.79
16,2048,128,1024,3128.63
16,2048,128,2048,6145.18
16,2048,128,4096,12186.8
16,2048,128,8192,24266.5
16,2048,128,16384,48392.2
16,4096,0,0,119.318
16,4096,1,16,123.702
16,4096,1,32,123.713
16,4096,1,64,123.681
16,4096,1,128,123.616
16,4096,1,256,137.163
16,4096,1,512,134.849
16,4096,1,1024,135.179
16,4096,1,2048,137.825
16,4096,1,4096,136.481
16,4096,1,8192,254.391
16,4096,1,16384,500.163
16,4096,2,16,136.502
16,4096,2,32,136.459
16,4096,2,64,137.132
16,4096,2,128,140.608
16,4096,2,256,143.415
16,4096,2,512,150.966
16,4096,2,1024,166.881
16,4096,2,2048,198.679
16,4096,2,4096,258.508
16,4096,2,8192,493.091
16,4096,2,16384,964.187
16,4096,4,16,142.113
16,4096,4,32,141.515
16,4096,4,64,142.721
16,4096,4,128,148.545
16,4096,4,256,156.31
16,4096,4,512,171.937
16,4096,4,1024,201.378
16,4096,4,2048,261.751
16,4096,4,4096,380.803
16,4096,4,8192,724.101
16,4096,4,16384,1335.62
16,4096,8,16,156.214
16,4096,8,32,157.249
16,4096,8,64,157.238
16,4096,8,128,174.294
16,4096,8,256,193.228
16,4096,8,512,229.121
16,4096,8,1024,302.327
16,4096,8,2048,390.168
16,4096,8,4096,627.321
16,4096,8,8192,1214.71
16,4096,8,16384,2370.4
16,4096,16,16,187.105
16,4096,16,32,188.204
16,4096,16,64,189.569
16,4096,16,128,227.341
16,4096,16,256,258.445
16,4096,16,512,326.061
16,4096,16,1024,443.16
16,4096,16,2048,647.258
16,4096,16,4096,1129.35
16,4096,16,8192,2533.82
16,4096,16,16384,5027.34
16,4096,32,16,243.447
16,4096,32,32,246.861
16,4096,32,64,248.802
16,4096,32,128,309.015
16,4096,32,256,370.947
16,4096,32,512,510.959
16,4096,32,1024,802.671
16,4096,32,2048,1381.05
16,4096,32,4096,2716.96
16,4096,32,8192,5643.19
16,4096,32,16384,11123.4
16,4096,64,16,338.616
16,4096,64,32,342.04
16,4096,64,64,345.059
16,4096,64,128,459.011
16,4096,64,256,637.231
16,4096,64,512,973.607
16,4096,64,1024,1706.17
16,4096,64,2048,3159.8
16,4096,64,4096,6182.51
16,4096,64,8192,12261.8
16,4096,64,16384,24352
16,4096,128,16,503.247
16,4096,128,32,514.201
16,4096,128,64,536.975
16,4096,128,128,778.235
16,4096,128,256,1056.78
16,4096,128,512,1737.87
16,4096,128,1024,3192.93
16,4096,128,2048,6186.5
16,4096,128,4096,12227.6
16,4096,128,8192,24324.3
16,4096,128,16384,48449
16,8192,0,0,225.484
16,8192,1,16,234.156
16,8192,1,32,234.167
16,8192,1,64,233.975
16,8192,1,128,261.409
16,8192,1,256,257.399
16,8192,1,512,257.677
16,8192,1,1024,260.375
16,8192,1,2048,259.597
16,8192,1,4096,258.168
16,8192,1,8192,259.085
16,8192,1,16384,496.036
16,8192,2,16,253.015
16,8192,2,32,252.663
16,8192,2,64,253.666
16,8192,2,128,256.236
16,8192,2,256,260.375
16,8192,2,512,267.469
16,8192,2,1024,282.477
16,8192,2,2048,315.843
16,8192,2,4096,376.473
16,8192,2,8192,495.802
16,8192,2,16384,963.123
16,8192,4,16,258.839
16,8192,4,32,258.935
16,8192,4,64,258.872
16,8192,4,128,265.357
16,8192,4,256,272.791
16,8192,4,512,286.818
16,8192,4,1024,316.674
16,8192,4,2048,377.197
16,8192,4,4096,496.025
16,8192,4,8192,736.923
16,8192,4,16384,1421.27
16,8192,8,16,271.842
16,8192,8,32,273.847
16,8192,8,64,273.592
16,8192,8,128,289.677
16,8192,8,256,307.426
16,8192,8,512,343.586
16,8192,8,1024,418.414
16,8192,8,2048,563.951
16,8192,8,4096,741.605
16,8192,8,8192,1216.17
16,8192,8,16384,2512.31
16,8192,16,16,300.279
16,8192,16,32,301.986
16,8192,16,64,302.968
16,8192,16,128,340.237
16,8192,16,256,379.299
16,8192,16,512,459.492
16,8192,16,1024,595.023
16,8192,16,2048,825.233
16,8192,16,4096,1311.78
16,8192,16,8192,2366.83
16,8192,16,16384,5142.83
16,8192,32,16,357.326
16,8192,32,32,360.238
16,8192,32,64,362.563
16,8192,32,128,434.372
16,8192,32,256,515.14
16,8192,32,512,663.462
16,8192,32,1024,956.092
16,8192,32,2048,1606.64
16,8192,32,4096,2991.67
16,8192,32,8192,5676.81
16,8192,32,16384,11407.8
16,8192,64,16,475.375
16,8192,64,32,480.974
16,8192,64,64,485.689
16,8192,64,128,611.525
16,8192,64,256,782.225
16,8192,64,512,1140.59
16,8192,64,1024,1882.65
16,8192,64,2048,3366.42
16,8192,64,4096,6280.16
16,8192,64,8192,12347.4
16,8192,64,16384,24418.9
16,8192,128,16,603.205
16,8192,128,32,613.168
16,8192,128,64,696.582
16,8192,128,128,937.458
16,8192,128,256,1236.41
16,8192,128,512,1931.94
16,8192,128,1024,3391.71
16,8192,128,2048,6334.04
16,8192,128,4096,12314.2
16,8192,128,8192,24393.3
16,8192,128,16384,48509.6
16,16384,0,0,440.782
16,16384,1,16,457.475
16,16384,1,32,457.54
16,16384,1,64,457.433
16,16384,1,128,508.814
16,16384,1,256,508.355
16,16384,1,512,508.388
16,16384,1,1024,508.655
16,16384,1,2048,508.761
16,16384,1,4096,509.444
16,16384,1,8192,511.8
16,16384,1,16384,507.865
16,16384,2,16,488.538
16,16384,2,32,488.569
16,16384,2,64,488.366
16,16384,2,128,490.51
16,16384,2,256,489.486
16,16384,2,512,498.81
16,16384,2,1024,515.268
16,16384,2,2048,554.841
16,16384,2,4096,616.518
16,16384,2,8192,735.762
16,16384,2,16384,974.439
16,16384,4,16,494.798
16,16384,4,32,491.662
16,16384,4,64,492.195
16,16384,4,128,499.47
16,16384,4,256,503.823
16,16384,4,512,522.393
16,16384,4,1024,547.866
16,16384,4,2048,614.703
16,16384,4,4096,733.467
16,16384,4,8192,965.106
16,16384,4,16384,1451.98
16,16384,8,16,503.876
16,16384,8,32,505.124
16,16384,8,64,507.46
16,16384,8,128,519.972
16,16384,8,256,537.636
16,16384,8,512,573.679
16,16384,8,1024,647.226
16,16384,8,2048,805.872
16,16384,8,4096,1098.9
16,16384,8,8192,1453.08
16,16384,8,16384,2466.56
16,16384,16,16,529.572
16,16384,16,32,529.455
16,16384,16,64,531.161
16,16384,16,128,566.618
16,16384,16,256,606.746
16,16384,16,512,687.258
16,16384,16,1024,861.34
16,16384,16,2048,1129.42
16,16384,16,4096,1618.34
16,16384,16,8192,2906.76
16,16384,16,16384,4951.79
16,16384,32,16,584.912
16,16384,32,32,588.058
16,16384,32,64,589.86
16,16384,32,128,662.33
16,16384,32,256,745.457
16,16384,32,512,924.562
16,16384,32,1024,1299.63
16,16384,32,2048,1990.4
16,16384,32,4096,3384.89
16,16384,32,8192,5988.47
16,16384,32,16384,11450.3
16,16384,64,16,701.189
16,16384,64,32,707.142
16,16384,64,64,711.963
16,16384,64,128,873.81
16,16384,64,256,1079.81
16,16384,64,512,1465.6
16,16384,64,1024,2231.19
16,16384,64,2048,3746.93
16,16384,64,4096,6688.9
16,16384,64,8192,12535.9
16,16384,64,16384,24657.1
16,16384,128,16,920.21
16,16384,128,32,934.728
16,16384,128,64,981.363
16,16384,128,128,1245.24
16,16384,128,256,1570.52
16,16384,128,512,2305.78
16,16384,128,1024,3772.51
16,16384,128,2048,6745.41
16,16384,128,4096,12608.8
16,16384,128,8192,24577.1
16,16384,128,16384,48721.9
32,0,0,0,11.8937
32,0,1,16,13.376
32,0,1,32,13.504
32,0,1,64,13.4827
32,0,1,128,15.915
32,0,1,256,19.744
32,0,1,512,27.4563
32,0,1,1024,43.0403
32,0,1,2048,74.9663
32,0,1,4096,136.396
32,0,1,8192,259.639
32,0,1,16384,505.573
32,0,2,16,19.0297
32,0,2,32,19.0827
32,0,2,64,19.222
32,0,2,128,24.373
32,0,2,256,31.9043
32,0,2,512,46.9013
32,0,2,1024,66.028
32,0,2,2048,96.0327
32,0,2,4096,153.985
32,0,2,8192,270.413
32,0,2,16384,504.239
32,0,4,16,24.608
32,0,4,32,24.896
32,0,4,64,25.141
32,0,4,128,33.5787
32,0,4,256,44.9613
32,0,4,512,65.8027
32,0,4,1024,94.9663
32,0,4,2048,154.593
32,0,4,4096,269.538
32,0,4,8192,505.029
32,0,4,16384,978.57
32,0,8,16,35.9147
32,0,8,32,36.555
32,0,8,64,37.12
32,0,8,128,52.1923
32,0,8,256,71.2533
32,0,8,512,101.996
32,0,8,1024,160.93
32,0,8,2048,277.549
32,0,8,4096,517.061
32,0,8,8192,987.273
32,0,8,16384,1965.32
32,0,16,16,58.6243
32,0,16,32,59.7767
32,0,16,64,61.0143
32,0,16,128,88.8757
32,0,16,256,121.878
32,0,16,512,181.143
32,0,16,1024,298.03
32,0,16,2048,533.04
32,0,16,4096,1008.64
32,0,16,8192,2005.05
32,0,16,16384,4537.23
32,0,32,16,102.316
32,0,32,32,104.876
32,0,32,64,106.966
32,0,32,128,161.143
32,0,32,256,221.858
32,0,32,512,339.96
32,0,32,1024,584.955
32,0,32,2048,1130.21
32,0,32,4096,2445.29
32,0,32,8192,5486.5
32,0,32,16384,10913.4
32,0,64,16,189.229
32,0,64,32,193.933
32,0,64,64,197.196
32,0,64,128,307.512
32,0,64,256,458.084
32,0,64,512,813.288
32,0,64,1024,1562.62
32,0,64,2048,3077.61
32,0,64,4096,6100.49
32,0,64,8192,12185.4
32,0,64,16384,24258.4
32,0,128,16,365.209
32,0,128,32,373.625
32,0,128,64,381.486
32,0,128,128,621.68
32,0,128,256,901.011
32,0,128,512,1598.04
32,0,128,1024,3080.53
32,0,128,2048,6100.91
32,0,128,4096,12136.5
32,0,128,8192,24237.2
32,0,128,16384,48376.9
32,16,0,0,12.064
32,16,1,16,12.128
32,16,1,32,12.2667
32,16,1,64,12.4373
32,16,1,128,15.872
32,16,1,256,19.7333
32,16,1,512,27.4027
32,16,1,1024,42.9977
32,16,1,2048,74.7953
32,16,1,4096,135.969
32,16,1,8192,258.926
32,16,1,16384,504.421
32,16,2,16,19.1363
32,16,2,32,19.36
32,16,2,64,19.499
32,16,2,128,24.3837
32,16,2,256,31.9683
32,16,2,512,46.4213
32,16,2,1024,66.6563
32,16,2,2048,96.6947
32,16,2,4096,155.596
32,16,2,8192,272.27
32,16,2,16384,505.829
32,16,4,16,24.8323
32,16,4,32,25.1417
32,16,4,64,25.3977
32,16,4,128,33.654
32,16,4,256,45.1093
32,16,4,512,65.91
32,16,4,1024,96.9183
32,16,4,2048,155.116
32,16,4,4096,269.09
32,16,4,8192,503.994
32,16,4,16384,978.078
32,16,8,16,36.0427
32,16,8,32,36.7147
32,16,8,64,37.5257
32,16,8,128,52.161
32,16,8,256,71.2113
32,16,8,512,102.167
32,16,8,1024,160.78
32,16,8,2048,279.821
32,16,8,4096,515.93
32,16,8,8192,990.005
32,16,8,16384,1962.43
32,16,16,16,58.5817
32,16,16,32,59.8833
32,16,16,64,61.11
32,16,16,128,88.8223
32,16,16,256,121.889
32,16,16,512,180.279
32,16,16,1024,298.126
32,16,16,2048,534.277
32,16,16,4096,1008.77
32,16,16,8192,1974.21
32,16,16,16384,4409
32,16,32,16,102.412
32,16,32,32,105.12
32,16,32,64,107.254
32,16,32,128,161.175
32,16,32,256,222.552
32,16,32,512,339.833
32,16,32,1024,586.342
32,16,32,2048,1126.03
32,16,32,4096,2580.59
32,16,32,8192,5399.35
32,16,32,16384,10934.8
32,16,64,16,189.047
32,16,64,32,194.221
32,16,64,64,197.506
32,16,64,128,307.374
32,16,64,256,461.103
32,16,64,512,813.213
32,16,64,1024,1564.78
32,16,64,2048,3079.33
32,16,64,4096,6100.33
32,16,64,8192,12191.8
32,16,64,16384,24265.5
32,16,128,16,347.631
32,16,128,32,355.374
32,16,128,64,381.7
32,16,128,128,622.929
32,16,128,256,900.19
32,16,128,512,1593.8
32,16,128,1024,3082.88
32,16,128,2048,6101.48
32,16,128,4096,12142.5
32,16,128,8192,24238.1
32,16,128,16384,48363.6
32,32,0,0,12.0323
32,32,1,16,12.192
32,32,1,32,12.224
32,32,1,64,12.405
32,32,1,128,14.1767
32,32,1,256,19.744
32,32,1,512,27.456
32,32,1,1024,43.0827
32,32,1,2048,74.9767
32,32,1,4096,136.375
32,32,1,8192,259.693
32,32,1,16384,505.68
32,32,2,16,19.2
32,32,2,32,19.339
32,32,2,64,19.5413
32,32,2,128,24.3947
32,32,2,256,32.0323
32,32,2,512,46.7307
32,32,2,1024,66.262
32,32,2,2048,96.0863
32,32,2,4096,154.764
32,32,2,8192,272.6
32,32,2,16384,505.264
32,32,4,16,24.8007
32,32,4,32,25.1527
32,32,4,64,25.5473
32,32,4,128,33.5467
32,32,4,256,44.9497
32,32,4,512,66.401
32,32,4,1024,95.6493
32,32,4,2048,153.825
32,32,4,4096,267.864
32,32,4,8192,504.389
32,32,4,16384,979.595
32,32,8,16,36.0537
32,32,8,32,36.6937
32,32,8,64,37.5153
32,32,8,128,52.0007
32,32,8,256,71.19
32,32,8,512,102.102
32,32,8,1024,160.834
32,32,8,2048,278.574
32,32,8,4096,515.973
32,32,8,8192,985.61
32,32,8,16384,1964.19
32,32,16,16,58.6453
32,32,16,32,59.755
32,32,16,64,61.1317
32,32,16,128,88.897
32,32,16,256,122.263
32,32,16,512,181.217
32,32,16,1024,298.467
32,32,16,2048,535.515
32,32,16,4096,1006.43
32,32,16,8192,2016.84
32,32,16,16384,4514.22
32,32,32,16,102.444
32,32,32,32,104.898
32,32,32,64,107.361
32,32,32,128,161.228
32,32,32,256,221.634
32,32,32,512,341.092
32,32,32,1024,584.934
32,32,32,2048,1089.71
32,32,32,4096,2460.82
32,32,32,8192,5359.26
32,32,32,16384,10781.2
32,32,64,16,189.325
32,32,64,32,193.869
32,32,64,64,197.325
32,32,64,128,307.961
32,32,64,256,464.059
32,32,64,512,820.414
32,32,64,1024,1565.33
32,32,64,2048,3071.44
32,32,64,4096,6102.69
32,32,64,8192,12151.8
32,32,64,16384,24286.8
32,32,128,16,365.657
32,32,128,32,373.967
32,32,128,64,381.871
32,32,128,128,623.516
32,32,128,256,902.015
32,32,128,512,1600.6
32,32,128,1024,3082.76
32,32,128,2048,6089.55
32,32,128,4096,12142.9
32,32,128,8192,24194.9
32,32,128,16384,48365.1
32,64,0,0,12.1707
32,64,1,16,12.1383
32,64,1,32,12.224
32,64,1,64,12.3843
32,64,1,128,14.2717
32,64,1,256,19.7767
32,64,1,512,27.52
32,64,1,1024,43.1687
32,64,1,2048,75.0093
32,64,1,4096,136.407
32,64,1,8192,259.405
32,64,1,16384,505.787
32,64,2,16,19.3493
32,64,2,32,19.6697
32,64,2,64,19.7767
32,64,2,128,24.363
32,64,2,256,31.9893
32,64,2,512,46.646
32,64,2,1024,67.1797
32,64,2,2048,96.8007
32,64,2,4096,155.255
32,64,2,8192,271.075
32,64,2,16384,502.608
32,64,4,16,25.1307
32,64,4,32,25.4937
32,64,4,64,25.771
32,64,4,128,33.558
32,64,4,256,45.0027
32,64,4,512,66.6683
32,64,4,1024,96.086
32,64,4,2048,155.895
32,64,4,4096,273.294
32,64,4,8192,505.2
32,64,4,16384,978.506
32,64,8,16,36.3733
32,64,8,32,37.0037
32,64,8,64,37.803
32,64,8,128,52.4377
32,64,8,256,71.2863
32,64,8,512,102.38
32,64,8,1024,161.666
32,64,8,2048,279.608
32,64,8,4096,517.733
32,64,8,8192,988.81
32,64,8,16384,1977.97
32,64,16,16,58.7633
32,64,16,32,59.8517
32,64,16,64,61.2277
32,64,16,128,88.9717
32,64,16,256,122.209
32,64,16,512,181.048
32,64,16,1024,298.926
32,64,16,2048,534.001
32,64,16,4096,1008.53
32,64,16,8192,1992.39
32,64,16,16384,4414.31
32,64,32,16,102.454
32,64,32,32,105.09
32,64,32,64,107.382
32,64,32,128,161.25
32,64,32,256,222.477
32,64,32,512,340.846
32,64,32,1024,585.244
32,64,32,2048,1104.95
32,64,32,4096,2555.42
32,64,32,8192,5502.33
32,64,32,16384,10837.2
32,64,64,16,189.517
32,64,64,32,194.338
32,64,64,64,197.453
32,64,64,128,307.47
32,64,64,256,459.856
32,64,64,512,813.043
32,64,64,1024,1566.75
32,64,64,2048,3077.27
32,64,64,4096,6102.7
32,64,64,8192,12181.6
32,64,64,16384,24290.2
32,64,128,16,366.073
32,64,128,32,374.97
32,64,128,64,382.031
32,64,128,128,622.46
32,64,128,256,899.05
32,64,128,512,1595.98
32,64,128,1024,3082.88
32,64,128,2048,6096.99
32,64,128,4096,12144.2
32,64,128,8192,24225.8
32,64,128,16384,48363
32,128,0,0,15.4347
32,128,1,16,14.7413
32,128,1,32,14.8057
32,128,1,64,14.773
32,128,1,128,15.3603
32,128,1,256,19.808
32,128,1,512,27.5417
32,128,1,1024,43.275
32,128,1,2048,75.105
32,128,1,4096,136.364
32,128,1,8192,259.587
32,128,1,16384,505.894
32,128,2,16,23.2213
32,128,2,32,23.1573
32,128,2,64,23.424
32,128,2,128,26.5173
32,128,2,256,32.064
32,128,2,512,46.9657
32,128,2,1024,76.0547
32,128,2,2048,111.948
32,128,2,4096,170.946
32,128,2,8192,284.846
32,128,2,16384,520.102
32,128,4,16,28.6617
32,128,4,32,29.0037
32,128,4,64,29.1947
32,128,4,128,35.9577
32,128,4,256,45.0037
32,128,4,512,67.0403
32,128,4,1024,107.116
32,128,4,2048,166.04
32,128,4,4096,281.988
32,128,4,8192,509.479
32,128,4,16384,984.151
32,128,8,16,39.809
32,128,8,32,40.416
32,128,8,64,41.046
32,128,8,128,54.4217
32,128,8,256,71.19
32,128,8,512,107.425
32,128,8,1024,168.525
32,128,8,2048,286.616
32,128,8,4096,525.35
32,128,8,8192,994.326
32,128,8,16384,1971.68
32,128,16,16,61.9527
32,128,16,32,63.019
32,128,16,64,64.097
32,128,16,128,91.0517
32,128,16,256,122.081
32,128,16,512,186.893
32,128,16,1024,305.433
32,128,16,2048,539.996
32,128,16,4096,1012.12
32,128,16,8192,1986.35
32,128,16,16384,4425.96
32,128,32,16,104.716
32,128,32,32,106.967
32,128,32,64,109.004
32,128,32,128,163.757
32,128,32,256,224.153
32,128,32,512,351.322
32,128,32,1024,591.239
32,128,32,2048,1124.51
32,128,32,4096,2487.31
32,128,32,8192,5384.65
32,128,32,16384,10909.1
32,128,64,16,190.989
32,128,64,32,195.234
32,128,64,64,199.949
32,128,64,128,311.417
32,128,64,256,469.008
32,128,64,512,813.791
32,128,64,1024,1566.91
32,128,64,2048,3076.72
32,128,64,4096,6105.43
32,128,64,8192,12155.7
32,128,64,16384,24292.6
32,128,128,16,344.356
32,128,128,32,352.175
32,128,128,64,385.519
32,128,128,128,626.642
32,128,128,256,903.264
32,128,128,512,1609.9
32,128,128,1024,3085.16
32,128,128,2048,6092.75
32,128,128,4096,12133.5
32,128,128,8192,24192
32,128,128,16384,48374.5
32,256,0,0,18.7313
32,256,1,16,18.2303
32,256,1,32,18.2083
32,256,1,64,18.219
32,256,1,128,20.8963
32,256,1,256,21.0243
32,256,1,512,27.6803
32,256,1,1024,43.307
32,256,1,2048,75.105
32,256,1,4096,136.418
32,256,1,8192,259.715
32,256,1,16384,505.883
32,256,2,16,27.094
32,256,2,32,27.168
32,256,2,64,27.2113
32,256,2,128,30.9547
32,256,2,256,34.582
32,256,2,512,47.222
32,256,2,1024,76.811
32,256,2,2048,126.369
32,256,2,4096,185.122
32,256,2,8192,301.326
32,256,2,16384,542.427
32,256,4,16,32.79
32,256,4,32,32.9067
32,256,4,64,32.939
32,256,4,128,39.9043
32,256,4,256,47.574
32,256,4,512,67.2433
32,256,4,1024,109.75
32,256,4,2048,176.205
32,256,4,4096,295.033
32,256,4,8192,523.11
32,256,4,16384,992.054
32,256,8,16,43.8833
32,256,8,32,44.4063
32,256,8,64,45.0883
32,256,8,128,58.497
32,256,8,256,73.3023
32,256,8,512,107.532
32,256,8,1024,176.29
32,256,8,2048,295.129
32,256,8,4096,530.417
32,256,8,8192,994.987
32,256,8,16384,1968.61
32,256,16,16,66.528
32,256,16,32,67.606
32,256,16,64,68.9397
32,256,16,128,94.508
32,256,16,256,124.663
32,256,16,512,187.053
32,256,16,1024,313.583
32,256,16,2048,544.987
32,256,16,4096,1015.37
32,256,16,8192,1998.85
32,256,16,16384,4433.37
32,256,32,16,109.516
32,256,32,32,111.841
32,256,32,64,114.135
32,256,32,128,166.274
32,256,32,256,227.565
32,256,32,512,359.962
32,256,32,1024,604.338
32,256,32,2048,1128.54
32,256,32,4096,2549.94
32,256,32,8192,5355.15
32,256,32,16384,10783.3
32,256,64,16,195.032
32,256,64,32,199.426
32,256,64,64,202.914
32,256,64,128,314.361
32,256,64,256,476.326
32,256,64,512,810.399
32,256,64,1024,1572.48
32,256,64,2048,3082.53
32,256,64,4096,6107.65
32,256,64,8192,12184.8
32,256,64,16384,24281.8
32,256,128,16,332.516
32,256,128,32,340.527
32,256,128,64,388.463
32,256,128,128,632.125
32,256,128,256,909.664
32,256,128,512,1596.58
32,256,128,1024,3083.08
32,256,128,2048,6104.26
32,256,128,4096,12143.9
32,256,128,8192,24218.4
32,256,128,16384,48374.1
32,512,0,0,25.3017
32,512,1,16,25.2373
32,512,1,32,25.1943
32,512,1,64,25.1953
32,512,1,128,28.5333
32,512,1,256,28.4807
32,512,1,512,29.0137
32,512,1,1024,43.6593
32,512,1,2048,75.1477
32,512,1,4096,136.417
32,512,1,8192,259.822
32,512,1,16384,505.883
32,512,2,16,34.3157
32,512,2,32,34.507
32,512,2,64,34.6247
32,512,2,128,38.3157
32,512,2,256,42.2083
32,512,2,512,49.483
32,512,2,1024,76.726
32,512,2,2048,134.807
32,512,2,4096,216.749
32,512,2,8192,337.497
32,512,2,16384,583.761
32,512,4,16,40.1923
32,512,4,32,40.2563
32,512,4,64,40.7477
32,512,4,128,47.5103
32,512,4,256,55.3817
32,512,4,512,69.6863
32,512,4,1024,110.839
32,512,4,2048,196.162
32,512,4,4096,313.124
32,512,4,8192,551.687
32,512,4,16384,1027.4
32,512,8,16,55.7987
32,512,8,32,56.2143
32,512,8,64,56.8857
32,512,8,128,65.8563
32,512,8,256,80.9183
32,512,8,512,109.858
32,512,8,1024,179.799
32,512,8,2048,309.817
32,512,8,4096,550.172
32,512,8,8192,1036.7
32,512,8,16384,2022.49
32,512,16,16,77.5797
32,512,16,32,78.7743
32,512,16,64,79.7877
32,512,16,128,102.967
32,512,16,256,131.81
32,512,16,512,190.029
32,512,16,1024,318.158
32,512,16,2048,571.516
32,512,16,4096,1045.61
32,512,16,8192,2047.14
32,512,16,16384,4418
32,512,32,16,120.45
32,512,32,32,121.772
32,512,32,64,123.863
32,512,32,128,175.063
32,512,32,256,233.229
32,512,32,512,371.098
32,512,32,1024,667.753
32,512,32,2048,1211.37
32,512,32,4096,2473.49
32,512,32,8192,5432.9
32,512,32,16384,10840.7
32,512,64,16,204.717
32,512,64,32,209.026
32,512,64,64,212.621
32,512,64,128,319.792
32,512,64,256,475.6
32,512,64,512,828.671
32,512,64,1024,1570.76
32,512,64,2048,3084.17
32,512,64,4096,6113.75
32,512,64,8192,12166.5
32,512,64,16384,24285.1
32,512,128,16,377.487
32,512,128,32,385.753
32,512,128,64,394.074
32,512,128,128,639.197
32,512,128,256,917.185
32,512,128,512,1618.62
32,512,128,1024,3087.55
32,512,128,2048,6100.79
32,512,128,4096,12150.6
32,512,128,8192,24201
32,512,128,16384,48395.5
32,1024,0,0,38.9977
32,1024,1,16,39.3603
32,1024,1,32,39.318
32,1024,1,64,39.3713
32,1024,1,128,39.286
32,1024,1,256,43.7657
32,1024,1,512,44.032
32,1024,1,1024,45.0773
32,1024,1,2048,74.6143
32,1024,1,4096,136.749
32,1024,1,8192,259.928
32,1024,1,16384,505.839
32,1024,2,16,48.7797
32,1024,2,32,48.971
32,1024,2,64,49.4407
32,1024,2,128,53.4087
32,1024,2,256,57.1103
32,1024,2,512,64.577
32,1024,2,1024,79.265
32,1024,2,2048,135.714
32,1024,2,4096,251.31
32,1024,2,8192,389.093
32,1024,2,16384,637.267
32,1024,4,16,55.0517
32,1024,4,32,55.1367
32,1024,4,64,55.2227
32,1024,4,128,62.294
32,1024,4,256,70.3267
32,1024,4,512,84.5877
32,1024,4,1024,114.817
32,1024,4,2048,197.24
32,1024,4,4096,364.335
32,1024,4,8192,596.615
32,1024,4,16384,1082.07
32,1024,8,16,71.0943
32,1024,8,32,71.393
32,1024,8,64,72.033
32,1024,8,128,87.9903
32,1024,8,256,103.063
32,1024,8,512,124.332
32,1024,8,1024,184.12
32,1024,8,2048,326.852
32,1024,8,4096,585.201
32,1024,8,8192,1103.43
32,1024,8,16384,2127.33
32,1024,16,16,97.0357
32,1024,16,32,98.497
32,1024,16,64,99.7457
32,1024,16,128,124.674
32,1024,16,256,153.783
32,1024,16,512,203.905
32,1024,16,1024,325.38
32,1024,16,2048,585.863
32,1024,16,4096,1175.74
32,1024,16,8192,2230.14
32,1024,16,16384,4584.52
32,1024,32,16,140.631
32,1024,32,32,143.159
32,1024,32,64,145.164
32,1024,32,128,195.757
32,1024,32,256,250.296
32,1024,32,512,383.61
32,1024,32,1024,656.072
32,1024,32,2048,1360.36
32,1024,32,4096,2743.88
32,1024,32,8192,5400.55
32,1024,32,16384,11029.2
32,1024,64,16,224.195
32,1024,64,32,229.464
32,1024,64,64,232.75
32,1024,64,128,340.089
32,1024,64,256,501.393
32,1024,64,512,833.77
32,1024,64,1024,1590.4
32,1024,64,2048,3097.15
32,1024,64,4096,6123.63
32,1024,64,8192,12203.9
32,1024,64,16384,24297.1
32,1024,128,16,398.597
32,1024,128,32,406.853
32,1024,128,64,415.504
32,1024,128,128,651.048
32,1024,128,256,934.743
32,1024,128,512,1626.35
32,1024,128,1024,3107.01
32,1024,128,2048,6121.34
32,1024,128,4096,12159.2
32,1024,128,8192,24256.7
32,1024,128,16384,48397.8
32,2048,0,0,65.974
32,2048,1,16,68.267
32,2048,1,32,68.267
32,2048,1,64,68.2783
32,2048,1,128,76.1183
32,2048,1,256,76.2243
32,2048,1,512,75.9053
32,2048,1,1024,75.4037
32,2048,1,2048,77.2173
32,2048,1,4096,136.791
32,2048,1,8192,259.833
32,2048,1,16384,507.878
32,2048,2,16,78.902
32,2048,2,32,78.6783
32,2048,2,64,78.721
32,2048,2,128,82.412
32,2048,2,256,86.391
32,2048,2,512,93.8893
32,2048,2,1024,109.953
32,2048,2,2048,139.586
32,2048,2,4096,254.286
32,2048,2,8192,481.254
32,2048,2,16384,744.117
32,2048,4,16,84.1187
32,2048,4,32,84.0647
32,2048,4,64,84.5347
32,2048,4,128,91.436
32,2048,4,256,99.1797
32,2048,4,512,113.015
32,2048,4,1024,144.215
32,2048,4,2048,203.725
32,2048,4,4096,373.306
32,2048,4,8192,688.809
32,2048,4,16384,1165.95
32,2048,8,16,99.8623
32,2048,8,32,100.119
32,2048,8,64,100.897
32,2048,8,128,117.324
32,2048,8,256,136.108
32,2048,8,512,171.277
32,2048,8,1024,212.419
32,2048,8,2048,331.717
32,2048,8,4096,621.106
32,2048,8,8192,1159.14
32,2048,8,16384,2229.96
32,2048,16,16,131.053
32,2048,16,32,132.247
32,2048,16,64,133.495
32,2048,16,128,161.506
32,2048,16,256,187.384
32,2048,16,512,250.467
32,2048,16,1024,353.328
32,2048,16,2048,591.389
32,2048,16,4096,1172.51
32,2048,16,8192,2427.1
32,2048,16,16384,4802.75
32,2048,32,16,176.77
32,2048,32,32,178.552
32,2048,32,64,180.205
32,2048,32,128,235.021
32,2048,32,256,290.798
32,2048,32,512,420.208
32,2048,32,1024,697.128
32,2048,32,2048,1273.14
32,2048,32,4096,2810.34
32,2048,32,8192,5453.53
32,2048,32,16384,10867.9
32,2048,64,16,263.289
32,2048,64,32,268.505
32,2048,64,64,272.825
32,2048,64,128,381.989
32,2048,64,256,549.116
32,2048,64,512,880.15
32,2048,64,1024,1607.02
32,2048,64,2048,3122.94
32,2048,64,4096,6141.47
32,2048,64,8192,12202
32,2048,64,16384,24290.5
32,2048,128,16,438.897
32,2048,128,32,448.134
32,2048,128,64,457.563
32,2048,128,128,694.612
32,2048,128,256,971.533
32,2048,128,512,1663.2
32,2048,128,1024,3132.52
32,2048,128,2048,6139.97
32,2048,128,4096,12184.8
32,2048,128,8192,24233.1
32,2048,128,16384,48402.4
32,4096,0,0,119.543
32,4096,1,16,124.086
32,4096,1,32,124.247
32,4096,1,64,124.001
32,4096,1,128,136.012
32,4096,1,256,137.719
32,4096,1,512,137.825
32,4096,1,1024,137.73
32,4096,1,2048,138.946
32,4096,1,4096,137.559
32,4096,1,8192,263.257
32,4096,1,16384,510.033
32,4096,2,16,136.428
32,4096,2,32,136.93
32,4096,2,64,137.879
32,4096,2,128,139.959
32,4096,2,256,144.259
32,4096,2,512,151.768
32,4096,2,1024,167.021
32,4096,2,2048,198.872
32,4096,2,4096,258.564
32,4096,2,8192,493.052
32,4096,2,16384,968.481
32,4096,4,16,142.669
32,4096,4,32,142.647
32,4096,4,64,142.775
32,4096,4,128,149.591
32,4096,4,256,157.699
32,4096,4,512,171.288
32,4096,4,1024,202.189
32,4096,4,2048,261.71
32,4096,4,4096,382.469
32,4096,4,8192,721.63
32,4096,4,16384,1343.45
32,4096,8,16,156.461
32,4096,8,32,157.399
32,4096,8,64,158.232
32,4096,8,128,174.989
32,4096,8,256,193.933
32,4096,8,512,229.902
32,4096,8,1024,302.586
32,4096,8,2048,389.456
32,4096,8,4096,627.635
32,4096,8,8192,1211.15
32,4096,8,16384,2308.97
32,4096,16,16,187.352
32,4096,16,32,188.653
32,4096,16,64,190.915
32,4096,16,128,226.553
32,4096,16,256,258.361
32,4096,16,512,327.172
32,4096,16,1024,443.909
32,4096,16,2048,649.94
32,4096,16,4096,1129.91
32,4096,16,8192,2538.85
32,4096,16,16384,5073.89
32,4096,32,16,243.704
32,4096,32,32,246.798
32,4096,32,64,249.252
32,4096,32,128,309.209
32,4096,32,256,370.224
32,4096,32,512,509.084
32,4096,32,1024,793.92
32,4096,32,2048,1426.98
32,4096,32,4096,2714.27
32,4096,32,8192,5679.53
32,4096,32,16384,11178.5
32,4096,64,16,339.333
32,4096,64,32,342.639
32,4096,64,64,347.866
32,4096,64,128,457.51
32,4096,64,256,638.365
32,4096,64,512,970.252
32,4096,64,1024,1694.97
32,4096,64,2048,3159.99
32,4096,64,4096,6190.74
32,4096,64,8192,12249.8
32,4096,64,16384,24322.9
32,4096,128,16,466.076
32,4096,128,32,474.492
32,4096,128,64,538.631
32,4096,128,128,778.933
32,4096,128,256,1056.25
32,4096,128,512,1742.06
32,4096,128,1024,3189.63
32,4096,128,2048,6193.81
32,4096,128,4096,12232.6
32,4096,128,8192,24305.9
32,4096,128,16384,48441.5
32,8192,0,0,225.859
32,8192,1,16,234.424
32,8192,1,32,260.782
32,8192,1,64,260.879
32,8192,1,128,260.611
32,8192,1,256,257.785
32,8192,1,512,261.497
32,8192,1,1024,260.804
32,8192,1,2048,262.542
32,8192,1,4096,261.454
32,8192,1,8192,265.177
32,8192,1,16384,509.03
32,8192,2,16,253.871
32,8192,2,32,253.625
32,8192,2,64,255.427
32,8192,2,128,256.184
32,8192,2,256,260.889
32,8192,2,512,267.993
32,8192,2,1024,283.311
32,8192,2,2048,315.62
32,8192,2,4096,376.592
32,8192,2,8192,496.529
32,8192,2,16384,962.584
32,8192,4,16,258.468
32,8192,4,32,257.848
32,8192,4,64,260.408
32,8192,4,128,265.912
32,8192,4,256,271.811
32,8192,4,512,287.663
32,8192,4,1024,318.383
32,8192,4,2048,378.287
32,8192,4,4096,495.921
32,8192,4,8192,734.954
32,8192,4,16384,1421.33
32,8192,8,16,273.485
32,8192,8,32,270.937
32,8192,8,64,272.985
32,8192,8,128,289.305
32,8192,8,256,307.15
32,8192,8,512,343.215
32,8192,8,1024,417.99
32,8192,8,2048,562.77
32,8192,8,4096,744.533
32,8192,8,8192,1220.74
32,8192,8,16384,2483.89
32,8192,16,16,301.231
32,8192,16,32,302.169
32,8192,16,64,303.769
32,8192,16,128,339.439
32,8192,16,256,379.802
32,8192,16,512,460.571
32,8192,16,1024,594.771
32,8192,16,2048,820.086
32,8192,16,4096,1266.65
32,8192,16,8192,2433.34
32,8192,16,16384,5123.39
32,8192,32,16,356.922
32,8192,32,32,360.175
32,8192,32,64,362.298
32,8192,32,128,434.363
32,8192,32,256,516.273
32,8192,32,512,664.35
32,8192,32,1024,961.965
32,8192,32,2048,1615.3
32,8192,32,4096,2983.51
32,8192,32,8192,5664.04
32,8192,32,16384,11401.8
32,8192,64,16,476.209
32,8192,64,32,481.414
32,8192,64,64,486.022
32,8192,64,128,611.849
32,8192,64,256,793.845
32,8192,64,512,1141.91
32,8192,64,1024,1889.53
32,8192,64,2048,3364.34
32,8192,64,4096,6276.65
32,8192,64,8192,12348.8
32,8192,64,16384,24401.2
32,8192,128,16,602.366
32,8192,128,32,613.469
32,8192,128,64,696.702
32,8192,128,128,935.5
32,8192,128,256,1239.86
32,8192,128,512,1933.52
32,8192,128,1024,3395.34
32,8192,128,2048,6338.14
32,8192,128,4096,12315.1
32,8192,128,8192,24367.2
32,8192,128,16384,48513.9
32,16384,0,0,441.083
32,16384,1,16,457.894
32,16384,1,32,457.766
32,16384,1,64,458.044
32,16384,1,128,507.303
32,16384,1,256,508.871
32,16384,1,512,508.935
32,16384,1,1024,508.786
32,16384,1,2048,510.15
32,16384,1,4096,512.295
32,16384,1,8192,514.951
32,16384,1,16384,514.119
32,16384,2,16,488.614
32,16384,2,32,488.657
32,16384,2,64,488.839
32,16384,2,128,489.126
32,16384,2,256,494.556
32,16384,2,512,499.569
32,16384,2,1024,516.647
32,16384,2,2048,556.253
32,16384,2,4096,616.745
32,16384,2,8192,736.362
32,16384,2,16384,974.936
32,16384,4,16,493.361
32,16384,4,32,492.188
32,16384,4,64,491.996
32,16384,4,128,498.332
32,16384,4,256,504.146
32,16384,4,512,522.066
32,16384,4,1024,548.615
32,16384,4,2048,615.155
32,16384,4,4096,732.063
32,16384,4,8192,964.579
32,16384,4,16384,1464.7
32,16384,8,16,502.354
32,16384,8,32,504.028
32,16384,8,64,503.282
32,16384,8,128,519.879
32,16384,8,256,536.925
32,16384,8,512,573.534
32,16384,8,1024,645.364
32,16384,8,2048,804.982
32,16384,8,4096,1086.13
32,16384,8,8192,1451.65
32,16384,8,16384,2434.11
32,16384,16,16,530.567
32,16384,16,32,528.828
32,16384,16,64,536.093
32,16384,16,128,566.471
32,16384,16,256,607.069
32,16384,16,512,689.14
32,16384,16,1024,860.791
32,16384,16,2048,1125.87
32,16384,16,4096,1617.31
32,16384,16,8192,2890.11
32,16384,16,16384,5082.12
32,16384,32,16,584.893
32,16384,32,32,587.283
32,16384,32,64,590.877
32,16384,32,128,662.697
32,16384,32,256,746.815
32,16384,32,512,928.728
32,16384,32,1024,1300.71
32,16384,32,2048,1967.45
32,16384,32,4096,3405.68
32,16384,32,8192,6061.66
32,16384,32,16384,11411.6
32,16384,64,16,702.132
32,16384,64,32,707.156
32,16384,64,64,712.511
32,16384,64,128,869.195
32,16384,64,256,1073.06
32,16384,64,512,1465.35
32,16384,64,1024,2254.73
32,16384,64,2048,3741.16
32,16384,64,4096,6694.81
32,16384,64,8192,12535.9
32,16384,64,16384,24625.5
32,16384,128,16,921.239
32,16384,128,32,935.523
32,16384,128,64,985.742
32,16384,128,128,1234.42
32,16384,128,256,1575.33
32,16384,128,512,2300.37
32,16384,128,1024,3763.72
32,16384,128,2048,6729.77
32,16384,128,4096,12611.3
32,16384,128,8192,24570.1
32,16384,128,16384,48702.8
64,0,0,0,12.4053
64,0,1,16,12.704
64,0,1,32,12.79
64,0,1,64,12.9173
64,0,1,128,14.5177
64,0,1,256,20.0217
64,0,1,512,27.766
64,0,1,1024,43.3287
64,0,1,2048,75.3933
64,0,1,4096,136.738
64,0,1,8192,260.078
64,0,1,16384,505.895
64,0,2,16,19.8507
64,0,2,32,20.1173
64,0,2,64,20.2027
64,0,2,128,24.726
64,0,2,256,32.416
64,0,2,512,47.254
64,0,2,1024,68.9183
64,0,2,2048,98.9343
64,0,2,4096,157.037
64,0,2,8192,273.156
64,0,2,16384,509.17
64,0,4,16,25.8247
64,0,4,32,26.0267
64,0,4,64,26.2513
64,0,4,128,33.984
64,0,4,256,45.3767
64,0,4,512,67.158
64,0,4,1024,98.0283
64,0,4,2048,157.315
64,0,4,4096,274.468
64,0,4,8192,504.444
64,0,4,16384,979.076
64,0,8,16,36.9923
64,0,8,32,37.7177
64,0,8,64,38.2727
64,0,8,128,52.6943
64,0,8,256,71.9797
64,0,8,512,103.916
64,0,8,1024,164.29
64,0,8,2048,282.212
64,0,8,4096,518.535
64,0,8,8192,990.617
64,0,8,16384,1965.96
64,0,16,16,59.0723
64,0,16,32,60.4703
64,0,16,64,61.6223
64,0,16,128,89.3557
64,0,16,256,122.743
64,0,16,512,181.837
64,0,16,1024,299.385
64,0,16,2048,536.072
64,0,16,4096,1007.01
64,0,16,8192,1970.32
64,0,16,16384,4422.33
64,0,32,16,102.913
64,0,32,32,105.452
64,0,32,64,107.681
64,0,32,128,161.634
64,0,32,256,223.279
64,0,32,512,341.221
64,0,32,1024,586.665
64,0,32,2048,1093.43
64,0,32,4096,2379.34
64,0,32,8192,5466.01
64,0,32,16384,10760.1
64,0,64,16,190.296
64,0,64,32,194.957
64,0,64,64,198.755
64,0,64,128,308.452
64,0,64,256,457.585
64,0,64,512,825.985
64,0,64,1024,1562.94
64,0,64,2048,3075.25
64,0,64,4096,6096.2
64,0,64,8192,12150.4
64,0,64,16384,24267.3
64,0,128,16,361.776
64,0,128,32,370.277
64,0,128,64,383.195
64,0,128,128,625.065
64,0,128,256,902.861
64,0,128,512,1613.27
64,0,128,1024,3085.68
64,0,128,2048,6094.47
64,0,128,4096,12149.1
64,0,128,8192,24203.3
64,0,128,16384,48382.4
64,16,0,0,12.48
64,16,1,16,12.597
64,16,1,32,12.832
64,16,1,64,12.9707
64,16,1,128,16.1813
64,16,1,256,20.0537
64,16,1,512,27.755
64,16,1,1024,43.3603
64,16,1,2048,75.2547
64,16,1,4096,136.482
64,16,1,8192,259.364
64,16,1,16384,504.818
64,16,2,16,19.9047
64,16,2,32,20.1607
64,16,2,64,20.4057
64,16,2,128,24.7467
64,16,2,256,32.512
64,16,2,512,46.806
64,16,2,1024,69.441
64,16,2,2048,98.9347
64,16,2,4096,157.602
64,16,2,8192,273.604
64,16,2,16384,506.631
64,16,4,16,25.9957
64,16,4,32,26.187
64,16,4,64,26.5503
64,16,4,128,34.0377
64,16,4,256,45.3763
64,16,4,512,67.1157
64,16,4,1024,98.4017
64,16,4,2048,157.09
64,16,4,4096,274.841
64,16,4,8192,505.65
64,16,4,16384,982.243
64,16,8,16,37.195
64,16,8,32,37.8457
64,16,8,64,38.4227
64,16,8,128,52.7687
64,16,8,256,71.734
64,16,8,512,104.652
64,16,8,1024,164.023
64,16,8,2048,282.735
64,16,8,4096,517.66
64,16,8,8192,991.172
64,16,8,16384,1961.16
64,16,16,16,59.0837
64,16,16,32,60.3207
64,16,16,64,61.8993
64,16,16,128,89.484
64,16,16,256,122.519
64,16,16,512,182.317
64,16,16,1024,299.546
64,16,16,2048,534.376
64,16,16,4096,1008.27
64,16,16,8192,1974.52
64,16,16,16384,4518.72
64,16,32,16,102.903
64,16,32,32,105.644
64,16,32,64,107.692
64,16,32,128,162.05
64,16,32,256,223.214
64,16,32,512,342.864
64,16,32,1024,585.95
64,16,32,2048,1102.44
64,16,32,4096,2454.56
64,16,32,8192,5418.47
64,16,32,16384,10755.9
64,16,64,16,190.392
64,16,64,32,195.405
64,16,64,64,198.616
64,16,64,128,308.655
64,16,64,256,455.676
64,16,64,512,814.924
64,16,64,1024,1561.25
64,16,64,2048,3071.19
64,16,64,4096,6092.51
64,16,64,8192,12175
64,16,64,16384,24258.7
64,16,128,16,367.536
64,16,128,32,376.485
64,16,128,64,383.642
64,16,128,128,623.753
64,16,128,256,904.632
64,16,128,512,1597.72
64,16,128,1024,3088.48
64,16,128,2048,6103.32
64,16,128,4096,12148.4
64,16,128,8192,24243.1
64,16,128,16384,48372.9
64,32,0,0,12.576
64,32,1,16,12.6933
64,32,1,32,12.854
64,32,1,64,13.0027
64,32,1,128,14.4113
64,32,1,256,19.9357
64,32,1,512,27.819
64,32,1,1024,43.403
64,32,1,2048,75.318
64,32,1,4096,136.738
64,32,1,8192,259.971
64,32,1,16384,505.981
64,32,2,16,20.1603
64,32,2,32,20.2563
64,32,2,64,20.5447
64,32,2,128,24.8107
64,32,2,256,32.3953
64,32,2,512,47.105
64,32,2,1024,69.857
64,32,2,2048,99.5747
64,32,2,4096,158.37
64,32,2,8192,273.455
64,32,2,16384,507.036
64,32,4,16,26.112
64,32,4,32,26.4107
64,32,4,64,26.699
64,32,4,128,34.059
64,32,4,256,45.3763
64,32,4,512,67.0517
64,32,4,1024,98.6253
64,32,4,2048,156.291
64,32,4,4096,273.732
64,32,4,8192,508.498
64,32,4,16384,980.323
64,32,8,16,37.377
64,32,8,32,38.0807
64,32,8,64,38.5183
64,32,8,128,52.6513
64,32,8,256,71.7027
64,32,8,512,104.962
64,32,8,1024,163.735
64,32,8,2048,283.14
64,32,8,4096,517.779
64,32,8,8192,989.06
64,32,8,16384,1964.4
64,32,16,16,59.1253
64,32,16,32,60.588
64,32,16,64,61.8153
64,32,16,128,89.612
64,32,16,256,122.626
64,32,16,512,183.213
64,32,16,1024,300.921
64,32,16,2048,536.413
64,32,16,4096,1008.31
64,32,16,8192,1965.84
64,32,16,16384,4334.01
64,32,32,16,102.892
64,32,32,32,105.697
64,32,32,64,107.98
64,32,32,128,161.975
64,32,32,256,223.225
64,32,32,512,342.053
64,32,32,1024,586.526
64,32,32,2048,1095.66
64,32,32,4096,2443.63
64,32,32,8192,5404.91
64,32,32,16384,10753.6
64,32,64,16,190.413
64,32,64,32,195.246
64,32,64,64,198.904
64,32,64,128,308.602
64,32,64,256,460.615
64,32,64,512,813.068
64,32,64,1024,1566.57
64,32,64,2048,3075.11
64,32,64,4096,6096.91
64,32,64,8192,12189.8
64,32,64,16384,24255.9
64,32,128,16,365.029
64,32,128,32,374.064
64,32,128,64,384.123
64,32,128,128,624.575
64,32,128,256,904.91
64,32,128,512,1599.94
64,32,128,1024,3087.61
64,32,128,2048,6101.96
64,32,128,4096,12143.8
64,32,128,8192,24240.2
64,32,128,16384,48383.1
64,64,0,0,12.6513
64,64,1,16,12.6297
64,64,1,32,12.8
64,64,1,64,13.0033
64,64,1,128,16.16
64,64,1,256,20.0543
64,64,1,512,27.7877
64,64,1,1024,43.371
64,64,1,2048,75.34
64,64,1,4096,136.674
64,64,1,8192,260.036
64,64,1,16384,506.066
64,64,2,16,20.2133
64,64,2,32,20.1813
64,64,2,64,20.5013
64,64,2,128,24.715
64,64,2,256,32.2677
64,64,2,512,47.222
64,64,2,1024,69.9633
64,64,2,2048,99.6707
64,64,2,4096,157.709
64,64,2,8192,274.724
64,64,2,16384,508.38
64,64,4,16,26.091
64,64,4,32,26.593
64,64,4,64,26.7627
64,64,4,128,34.07
64,64,4,256,45.313
64,64,4,512,67.1903
64,64,4,1024,98.8597
64,64,4,2048,157.143
64,64,4,4096,274.137
64,64,4,8192,506.055
64,64,4,16384,980.473
64,64,8,16,37.4617
64,64,8,32,38.155
64,64,8,64,38.7843
64,64,8,128,52.6723
64,64,8,256,71.8937
64,64,8,512,104.439
64,64,8,1024,164.141
64,64,8,2048,282.148
64,64,8,4096,519.527
64,64,8,8192,991.033
64,64,8,16384,1963.38
64,64,16,16,59.297
64,64,16,32,60.6087
64,64,16,64,61.8463
64,64,16,128,89.4943
64,64,16,256,122.701
64,64,16,512,183.149
64,64,16,1024,300.773
64,64,16,2048,535.603
64,64,16,4096,1006.32
64,64,16,8192,1990.03
64,64,16,16384,4279.94
64,64,32,16,103.031
64,64,32,32,105.751
64,64,32,64,107.959
64,64,32,128,162.039
64,64,32,256,223.587
64,64,32,512,342.042
64,64,32,1024,586.676
64,64,32,2048,1095.21
64,64,32,4096,2429.93
64,64,32,8192,5424.23
64,64,32,16384,10732.1
64,64,64,16,190.606
64,64,64,32,195.63
64,64,64,64,199.022
64,64,64,128,308.249
64,64,64,256,459.506
64,64,64,512,813.719
64,64,64,1024,1562.52
64,64,64,2048,3082.26
64,64,64,4096,6097.61
64,64,64,8192,12176.1
64,64,64,16384,24280.4
64,64,128,16,330.661
64,64,128,32,338.384
64,64,128,64,384.699
64,64,128,128,625.076
64,64,128,256,904.985
64,64,128,512,1602.97
64,64,128,1024,3086.72
64,64,128,2048,6103.73
64,64,128,4096,12146.6
64,64,128,8192,24249.7
64,64,128,16384,48372.5
64,128,0,0,15.904
64,128,1,16,15.5953
64,128,1,32,15.6793
64,128,1,64,15.6587
64,128,1,128,17.6433
64,128,1,256,20.1287
64,128,1,512,27.9363
64,128,1,1024,43.5103
64,128,1,2048,75.425
64,128,1,4096,136.867
64,128,1,8192,260.015
64,128,1,16384,506.365
64,128,2,16,24.0323
64,128,2,32,24.1173
64,128,2,64,24.1707
64,128,2,128,27.3073
64,128,2,256,32.6727
64,128,2,512,47.126
64,128,2,1024,76.8223
64,128,2,2048,116.012
64,128,2,4096,174.029
64,128,2,8192,290.276
64,128,2,16384,523.517
64,128,4,16,29.8677
64,128,4,32,30.038
64,128,4,64,30.24
64,128,4,128,36.8113
64,128,4,256,45.7387
64,128,4,512,67.6383
64,128,4,1024,109.89
64,128,4,2048,170.286
64,128,4,4096,286.607
64,128,4,8192,518.919
64,128,4,16384,987.886
64,128,8,16,40.8757
64,128,8,32,41.7187
64,128,8,64,42.1877
64,128,8,128,55.297
64,128,8,256,71.8413
64,128,8,512,107.981
64,128,8,1024,170.936
64,128,8,2048,289.529
64,128,8,4096,526.973
64,128,8,8192,994.361
64,128,8,16384,1958.18
64,128,16,16,62.8057
64,128,16,32,64.022
64,128,16,64,65.0673
64,128,16,128,91.8733
64,128,16,256,122.871
64,128,16,512,187.32
64,128,16,1024,307.003
64,128,16,2048,540.936
64,128,16,4096,1011.42
64,128,16,8192,1992.73
64,128,16,16384,4383.32
64,128,32,16,105.761
64,128,32,32,107.98
64,128,32,64,109.911
64,128,32,128,164.525
64,128,32,256,225.305
64,128,32,512,353.637
64,128,32,1024,591.859
64,128,32,2048,1101.31
64,128,32,4096,2366.84
64,128,32,8192,5387.91
64,128,32,16384,10937
64,128,64,16,191.192
64,128,64,32,196.056
64,128,64,64,200.525
64,128,64,128,313.316
64,128,64,256,468.839
64,128,64,512,812.631
64,128,64,1024,1568.07
64,128,64,2048,3087.09
64,128,64,4096,6097.41
64,128,64,8192,12197.2
64,128,64,16384,24283.8
64,128,128,16,331.546
64,128,128,32,339.194
64,128,128,64,386.075
64,128,128,128,628.874
64,128,128,256,905.966
64,128,128,512,1600.21
64,128,128,1024,3091.4
64,128,128,2048,6105.54
64,128,128,4096,12146.5
64,128,128,8192,24234
64,128,128,16384,48380.8
64,256,0,0,19.2643
64,256,1,16,19.019
64,256,1,32,19.072
64,256,1,64,19.136
64,256,1,128,19.1787
64,256,1,256,21.547
64,256,1,512,28.022
64,256,1,1024,43.851
64,256,1,2048,75.5103
64,256,1,4096,136.706
64,256,1,8192,260.046
64,256,1,16384,505.928
64,256,2,16,27.8507
64,256,2,32,28
64,256,2,64,28.0967
64,256,2,128,31.8723
64,256,2,256,35.2003
64,256,2,512,47.5423
64,256,2,1024,77.089
64,256,2,2048,130.103
64,256,2,4096,189.475
64,256,2,8192,309.221
64,256,2,16384,552.798
64,256,4,16,33.8247
64,256,4,32,34.006
64,256,4,64,34.1233
64,256,4,128,40.5653
64,256,4,256,48.3947
64,256,4,512,67.6703
64,256,4,1024,110.199
64,256,4,2048,180.793
64,256,4,4096,295.855
64,256,4,8192,530.386
64,256,4,16384,997.327
64,256,8,16,45.089
64,256,8,32,45.6437
64,256,8,64,46.5497
64,256,8,128,58.9127
64,256,8,256,74.177
64,256,8,512,108.098
64,256,8,1024,177.72
64,256,8,2048,296.602
64,256,8,4096,532.946
64,256,8,8192,1021.52
64,256,8,16384,1964
64,256,16,16,67.628
64,256,16,32,68.7477
64,256,16,64,70.017
64,256,16,128,95.6603
64,256,16,256,125.431
64,256,16,512,187.523
64,256,16,1024,315.407
64,256,16,2048,549.181
64,256,16,4096,1018.68
64,256,16,8192,1995.24
64,256,16,16384,4376.83
64,256,32,16,110.306
64,256,32,32,112.78
64,256,32,64,114.925
64,256,32,128,167.308
64,256,32,256,227.961
64,256,32,512,361.457
64,256,32,1024,618.26
64,256,32,2048,1129.77
64,256,32,4096,2474.39
64,256,32,8192,5483.43
64,256,32,16384,10807.5
64,256,64,16,196.376
64,256,64,32,200.846
64,256,64,64,203.96
64,256,64,128,315.588
64,256,64,256,477.97
64,256,64,512,812.663
64,256,64,1024,1567.1
64,256,64,2048,3080.62
64,256,64,4096,6104.31
64,256,64,8192,12191.8
64,256,64,16384,24278.6
64,256,128,16,333.232
64,256,128,32,341.125
64,256,128,64,388.774
64,256,128,128,632.724
64,256,128,256,911.715
64,256,128,512,1597.91
64,256,128,1024,3088.53
64,256,128,2048,6109.95
64,256,128,4096,12148.5
64,256,128,8192,24249.7
64,256,128,16384,48378.3
64,512,0,0,25.8773
64,512,1,16,26.113
64,512,1,32,26.1123
64,512,1,64,26.1337
64,512,1,128,29.0463
64,512,1,256,29.5467
64,512,1,512,29.92
64,512,1,1024,43.8513
64,512,1,2048,75.404
64,512,1,4096,136.962
64,512,1,8192,260.1
64,512,1,16384,506.354
64,512,2,16,35.3927
64,512,2,32,35.328
64,512,2,64,35.542
64,512,2,128,38.816
64,512,2,256,42.87
64,512,2,512,50.0387
64,512,2,1024,77.3663
64,512,2,2048,135.266
64,512,2,4096,219.704
64,512,2,8192,340.943
64,512,2,16384,590.334
64,512,4,16,41.4193
64,512,4,32,41.59
64,512,4,64,41.6223
64,512,4,128,48.3097
64,512,4,256,55.766
64,512,4,512,70.348
64,512,4,1024,110.999
64,512,4,2048,197.101
64,512,4,4096,322.266
64,512,4,8192,562.856
64,512,4,16384,1018.33
64,512,8,16,56.662
64,512,8,32,57.334
64,512,8,64,57.8893
64,512,8,128,67.905
64,512,8,256,81.7397
64,512,8,512,110.626
64,512,8,1024,179.671
64,512,8,2048,313.796
64,512,8,4096,553.192
64,512,8,8192,1034.65
64,512,8,16384,2017.45
64,512,16,16,78.252
64,512,16,32,79.9373
64,512,16,64,80.9503
64,512,16,128,104.674
64,512,16,256,132.556
64,512,16,512,190.638
64,512,16,1024,319.152
64,512,16,2048,577.737
64,512,16,4096,1053.89
64,512,16,8192,2078.25
64,512,16,16384,4382.69
64,512,32,16,121.858
64,512,32,32,123.448
64,512,32,64,125.101
64,512,32,128,176.174
64,512,32,256,234.073
64,512,32,512,372.027
64,512,32,1024,667.007
64,512,32,2048,1236.52
64,512,32,4096,2521.07
64,512,32,8192,5544.55
64,512,32,16384,10927.7
64,512,64,16,205.859
64,512,64,32,210.275
64,512,64,64,213.614
64,512,64,128,320.762
64,512,64,256,482.951
64,512,64,512,828.482
64,512,64,1024,1569.77
64,512,64,2048,3085.25
64,512,64,4096,6100.82
64,512,64,8192,12189.7
64,512,64,16384,24282.9
64,512,128,16,372.998
64,512,128,32,380.284
64,512,128,64,395.323
64,512,128,128,639.733
64,512,128,256,919.011
64,512,128,512,1610.75
64,512,128,1024,3093.27
64,512,128,2048,6111.74
64,512,128,4096,12150.8
64,512,128,8192,24246.3
64,512,128,16384,48386.9
64,1024,0,0,39.4883
64,1024,1,16,40.203
64,1024,1,32,40.214
64,1024,1,64,40.1923
64,1024,1,128,41.3343
64,1024,1,256,44.94
64,1024,1,512,45.6217
64,1024,1,1024,46.5287
64,1024,1,2048,75.7567
64,1024,1,4096,137.559
64,1024,1,8192,261.06
64,1024,1,16384,507.133
64,1024,2,16,49.9217
64,1024,2,32,50.3793
64,1024,2,64,50.5603
64,1024,2,128,53.8143
64,1024,2,256,57.3023
64,1024,2,512,65.249
64,1024,2,1024,80.5347
64,1024,2,2048,136.695
64,1024,2,4096,254.627
64,1024,2,8192,394.726
64,1024,2,16384,642.165
64,1024,4,16,56.129
64,1024,4,32,56.0543
64,1024,4,64,56.672
64,1024,4,128,63.0517
64,1024,4,256,70.8067
64,1024,4,512,85.1743
64,1024,4,1024,115.202
64,1024,4,2048,197.88
64,1024,4,4096,368.261
64,1024,4,8192,604.809
64,1024,4,16384,1091.39
64,1024,8,16,72.5023
64,1024,8,32,72.5557
64,1024,8,64,73.356
64,1024,8,128,88.9617
64,1024,8,256,104.353
64,1024,8,512,125.303
64,1024,8,1024,185.016
64,1024,8,2048,325.231
64,1024,8,4096,585.758
64,1024,8,8192,1101.44
64,1024,8,16384,2113.63
64,1024,16,16,98.135
64,1024,16,32,99.4147
64,1024,16,64,100.482
64,1024,16,128,125.036
64,1024,16,256,154.989
64,1024,16,512,204.654
64,1024,16,1024,326.384
64,1024,16,2048,590.25
64,1024,16,4096,1157.59
64,1024,16,8192,2281.99
64,1024,16,16384,4611.83
64,1024,32,16,141.485
64,1024,32,32,144.418
64,1024,32,64,146.168
64,1024,32,128,197.539
64,1024,32,256,251.651
64,1024,32,512,384.763
64,1024,32,1024,654.986
64,1024,32,2048,1374.41
64,1024,32,4096,2716.1
64,1024,32,8192,5585.2
64,1024,32,16384,11000.4
64,1024,64,16,226.52
64,1024,64,32,230.585
64,1024,64,64,234.404
64,1024,64,128,341.488
64,1024,64,256,501.117
64,1024,64,512,835.277
64,1024,64,1024,1588.49
64,1024,64,2048,3094.19
64,1024,64,4096,6118.58
64,1024,64,8192,12199.2
64,1024,64,16384,24278.8
64,1024,128,16,398.641
64,1024,128,32,407.526
64,1024,128,64,416.827
64,1024,128,128,653.973
64,1024,128,256,932.718
64,1024,128,512,1624.63
64,1024,128,1024,3111.33
64,1024,128,2048,6123.42
64,1024,128,4096,12165.3
64,1024,128,8192,24268
64,1024,128,16384,48409.5
64,2048,0,0,66.5293
64,2048,1,16,69.0353
64,2048,1,32,69.1423
64,2048,1,64,69.1963
64,2048,1,128,69.228
64,2048,1,256,77.5583
64,2048,1,512,77.2067
64,2048,1,1024,77.3557
64,2048,1,2048,78.0177
64,2048,1,4096,139.053
64,2048,1,8192,261.54
64,2048,1,16384,506.098
64,2048,2,16,79.2757
64,2048,2,32,79.7457
64,2048,2,64,79.7673
64,2048,2,128,82.871
64,2048,2,256,86.6257
64,2048,2,512,94.167
64,2048,2,1024,110.711
64,2048,2,2048,140.482
64,2048,2,4096,255.321
64,2048,2,8192,477.074
64,2048,2,16384,751.851
64,2048,4,16,85.3027
64,2048,4,32,85.9533
64,2048,4,64,86.007
64,2048,4,128,91.82
64,2048,4,256,99.5003
64,2048,4,512,114.424
64,2048,4,1024,144.909
64,2048,4,2048,204.942
64,2048,4,4096,374.64
64,2048,4,8192,696.288
64,2048,4,16384,1174.5
64,2048,8,16,101.186
64,2048,8,32,101.122
64,2048,8,64,102.157
64,2048,8,128,118.284
64,2048,8,256,136.962
64,2048,8,512,172.27
64,2048,8,1024,213.315
64,2048,8,2048,332.091
64,2048,8,4096,623.498
64,2048,8,8192,1143.29
64,2048,8,16384,2226.52
64,2048,16,16,131.981
64,2048,16,32,133.229
64,2048,16,64,134.434
64,2048,16,128,163.48
64,2048,16,256,187.939
64,2048,16,512,251.695
64,2048,16,1024,353.882
64,2048,16,2048,592.638
64,2048,16,4096,1165.98
64,2048,16,8192,2474.23
64,2048,16,16384,4857.95
64,2048,32,16,176.515
64,2048,32,32,180.131
64,2048,32,64,180.173
64,2048,32,128,235.247
64,2048,32,256,291.151
64,2048,32,512,425.916
64,2048,32,1024,702.336
64,2048,32,2048,1284.71
64,2048,32,4096,2815.09
64,2048,32,8192,5624.56
64,2048,32,16384,10942.1
64,2048,64,16,265.21
64,2048,64,32,269.849
64,2048,64,64,273.156
64,2048,64,128,382.918
64,2048,64,256,555.273
64,2048,64,512,887.491
64,2048,64,1024,1612.14
64,2048,64,2048,3123.47
64,2048,64,4096,6137.79
64,2048,64,8192,12231.7
64,2048,64,16384,24302.9
64,2048,128,16,439.591
64,2048,128,32,447.751
64,2048,128,64,458.396
64,2048,128,128,698.464
64,2048,128,256,974.981
64,2048,128,512,1655.79
64,2048,128,1024,3133.61
64,2048,128,2048,6151.47
64,2048,128,4096,12190.4
64,2048,128,8192,24266.8
64,2048,128,16384,48408.4
64,4096,0,0,120.151
64,4096,1,16,124.887
64,4096,1,32,125.047
64,4096,1,64,124.941
64,4096,1,128,124.972
64,4096,1,256,138.914
64,4096,1,512,139.639
64,4096,1,1024,139.714
64,4096,1,2048,140.365
64,4096,1,4096,140.45
64,4096,1,8192,266.137
64,4096,1,16384,508.786
64,4096,2,16,138.551
64,4096,2,32,138.733
64,4096,2,64,138.722
64,4096,2,128,140.6
64,4096,2,256,144.343
64,4096,2,512,152.439
64,4096,2,1024,167.618
64,4096,2,2048,200.419
64,4096,2,4096,259.332
64,4096,2,8192,493.266
64,4096,2,16384,972.986
64,4096,4,16,143.575
64,4096,4,32,143.661
64,4096,4,64,144.109
64,4096,4,128,149.677
64,4096,4,256,157.272
64,4096,4,512,172.323
64,4096,4,1024,203.789
64,4096,4,2048,262.287
64,4096,4,4096,381.83
64,4096,4,8192,729.003
64,4096,4,16384,1343.36
64,4096,8,16,157.666
64,4096,8,32,158.85
64,4096,8,64,158.69
64,4096,8,128,175.182
64,4096,8,256,194.712
64,4096,8,512,230.489
64,4096,8,1024,303.535
64,4096,8,2048,390.779
64,4096,8,4096,627.167
64,4096,8,8192,1215.23
64,4096,8,16384,2408.95
64,4096,16,16,188.76
64,4096,16,32,189.732
64,4096,16,64,190.936
64,4096,16,128,227.566
64,4096,16,256,259.599
64,4096,16,512,327.589
64,4096,16,1024,444.209
64,4096,16,2048,649.908
64,4096,16,4096,1130.95
64,4096,16,8192,2497.47
64,4096,16,16384,4949.67
64,4096,32,16,244.73
64,4096,32,32,247.598
64,4096,32,64,250.052
64,4096,32,128,310.458
64,4096,32,256,372.187
64,4096,32,512,510.504
64,4096,32,1024,795.256
64,4096,32,2048,1386.53
64,4096,32,4096,2717.79
64,4096,32,8192,5706.83
64,4096,32,16384,11154.8
64,4096,64,16,341.05
64,4096,64,32,343.825
64,4096,64,64,348.198
64,4096,64,128,459.89
64,4096,64,256,640.735
64,4096,64,512,973.679
64,4096,64,1024,1707.64
64,4096,64,2048,3166.17
64,4096,64,4096,6195.29
64,4096,64,8192,12261.5
64,4096,64,16384,24333
64,4096,128,16,465.821
64,4096,128,32,475.283
64,4096,128,64,540.457
64,4096,128,128,781.324
64,4096,128,256,1061.68
64,4096,128,512,1745.84
64,4096,128,1024,3194.64
64,4096,128,2048,6192.1
64,4096,128,4096,12235.9
64,4096,128,8192,24315.2
64,4096,128,16384,48450.4
64,8192,0,0,226.414
64,8192,1,16,235.204
64,8192,1,32,235.385
64,8192,1,64,235.332
64,8192,1,128,261.604
64,8192,1,256,261.849
64,8192,1,512,261.689
64,8192,1,1024,262.692
64,8192,1,2048,262.757
64,8192,1,4096,266.03
64,8192,1,8192,267.449
64,8192,1,16384,513.01
64,8192,2,16,255.076
64,8192,2,32,255.066
64,8192,2,64,255.065
64,8192,2,128,257.23
64,8192,2,256,262.714
64,8192,2,512,269.209
64,8192,2,1024,285.156
64,8192,2,2048,317.018
64,8192,2,4096,377.147
64,8192,2,8192,497.213
64,8192,2,16384,964.804
64,8192,4,16,260.889
64,8192,4,32,260.751
64,8192,4,64,260.847
64,8192,4,128,265.103
64,8192,4,256,274.287
64,8192,4,512,288.133
64,8192,4,1024,319.279
64,8192,4,2048,379.525
64,8192,4,4096,497.053
64,8192,4,8192,734.017
64,8192,4,16384,1419.61
64,8192,8,16,272.068
64,8192,8,32,273.668
64,8192,8,64,273.977
64,8192,8,128,290.799
64,8192,8,256,307.493
64,8192,8,512,345.414
64,8192,8,1024,419.046
64,8192,8,2048,566.1
64,8192,8,4096,740.321
64,8192,8,8192,1219.34
64,8192,8,16384,2496.23
64,8192,16,16,301.647
64,8192,16,32,303.301
64,8192,16,64,304.218
64,8192,16,128,340.848
64,8192,16,256,380.593
64,8192,16,512,460.348
64,8192,16,1024,596.457
64,8192,16,2048,824.472
64,8192,16,4096,1272.68
64,8192,16,8192,2393.67
64,8192,16,16384,5251.93
64,8192,32,16,359.259
64,8192,32,32,362.224
64,8192,32,64,363.76
64,8192,32,128,434.641
64,8192,32,256,516.819
64,8192,32,512,668.693
64,8192,32,1024,971.738
64,8192,32,2048,1612.85
64,8192,32,4096,2966.78
64,8192,32,8192,5713.77
64,8192,32,16384,11332
64,8192,64,16,476.327
64,8192,64,32,482.12
64,8192,64,64,487.123
64,8192,64,128,611.434
64,8192,64,256,796.546
64,8192,64,512,1145.92
64,8192,64,1024,1892.67
64,8192,64,2048,3377.71
64,8192,64,4096,6278.17
64,8192,64,8192,12353.6
64,8192,64,16384,24415.8
64,8192,128,16,655.477
64,8192,128,32,666.603
64,8192,128,64,694.934
64,8192,128,128,941.53
64,8192,128,256,1232.41
64,8192,128,512,1941.91
64,8192,128,1024,3393.42
64,8192,128,2048,6333.72
64,8192,128,4096,12320
64,8192,128,8192,24413.5
64,8192,128,16384,48517.3
64,16384,0,0,441.756
64,16384,1,16,508.818
64,16384,1,32,510.407
64,16384,1,64,510.13
64,16384,1,128,509.939
64,16384,1,256,510.131
64,16384,1,512,510.643
64,16384,1,1024,510.931
64,16384,1,2048,511.742
64,16384,1,4096,514.023
64,16384,1,8192,513.757
64,16384,1,16384,524.083
64,16384,2,16,489.863
64,16384,2,32,489.81
64,16384,2,64,490.013
64,16384,2,128,490.269
64,16384,2,256,495.271
64,16384,2,512,500.221
64,16384,2,1024,517.608
64,16384,2,2048,556.073
64,16384,2,4096,617.833
64,16384,2,8192,736.513
64,16384,2,16384,975.494
64,16384,4,16,492.669
64,16384,4,32,492.242
64,16384,4,64,493.735
64,16384,4,128,497.523
64,16384,4,256,505.255
64,16384,4,512,519.613
64,16384,4,1024,550.132
64,16384,4,2048,615.765
64,16384,4,4096,733.666
64,16384,4,8192,968.186
64,16384,4,16384,1457.37
64,16384,8,16,504.317
64,16384,8,32,504.221
64,16384,8,64,502.953
64,16384,8,128,520.904
64,16384,8,256,538.739
64,16384,8,512,576.457
64,16384,8,1024,647.925
64,16384,8,2048,805.207
64,16384,8,4096,1099.4
64,16384,8,8192,1449.2
64,16384,8,16384,2433.84
64,16384,16,16,532.808
64,16384,16,32,533.011
64,16384,16,64,531.646
64,16384,16,128,569.673
64,16384,16,256,608.074
64,16384,16,512,688.886
64,16384,16,1024,857.464
64,16384,16,2048,1131.86
64,16384,16,4096,1608.39
64,16384,16,8192,2917.69
64,16384,16,16384,4998.14
64,16384,32,16,587.007
64,16384,32,32,588.788
64,16384,32,64,591.839
64,16384,32,128,661.919
64,16384,32,256,747.553
64,16384,32,512,926.639
64,16384,32,1024,1303.33
64,16384,32,2048,1988.86
64,16384,32,4096,3389.67
64,16384,32,8192,6021.57
64,16384,32,16384,11378.4
64,16384,64,16,702.315
64,16384,64,32,709.803
64,16384,64,64,713.441
64,16384,64,128,873.496
64,16384,64,256,1084.82
64,16384,64,512,1474.08
64,16384,64,1024,2252.37
64,16384,64,2048,3741.89
64,16384,64,4096,6687.72
64,16384,64,8192,12519.1
64,16384,64,16384,24690.8
64,16384,128,16,923.674
64,16384,128,32,935.311
64,16384,128,64,977.424
64,16384,128,128,1245.77
64,16384,128,256,1576.22
64,16384,128,512,2306.47
64,16384,128,1024,3780.58
64,16384,128,2048,6747.71
64,16384,128,4096,12605.4
64,16384,128,8192,24582.3
64,16384,128,16384,48719
128,0,0,0,13.696
128,0,1,16,20.1063
128,0,1,32,20.0957
128,0,1,64,20.2137
128,0,1,128,26.144
128,0,1,256,29.462
128,0,1,512,37.3333
128,0,1,1024,51.3923
128,0,1,2048,80.1613
128,0,1,4096,140.344
128,0,1,8192,255.236
128,0,1,16384,491.698
128,0,2,16,23.723
128,0,2,32,23.8193
128,0,2,64,24.0217
128,0,2,128,28.9817
128,0,2,256,36.1717
128,0,2,512,49.6117
128,0,2,1024,78.6147
128,0,2,2048,115.682
128,0,2,4096,174.68
128,0,2,8192,291.183
128,0,2,16384,522.675
128,0,4,16,30.9017
128,0,4,32,31.361
128,0,4,64,31.4457
128,0,4,128,39.7447
128,0,4,256,49.3447
128,0,4,512,70.4227
128,0,4,1024,110.188
128,0,4,2048,168.322
128,0,4,4096,287.087
128,0,4,8192,522.621
128,0,4,16384,988.591
128,0,8,16,43.3823
128,0,8,32,44.2673
128,0,8,64,45.014
128,0,8,128,58.87
128,0,8,256,76.3637
128,0,8,512,111.575
128,0,8,1024,175.544
128,0,8,2048,293.551
128,0,8,4096,529
128,0,8,8192,1001.65
128,0,8,16384,1959.9
128,0,16,16,67.3717
128,0,16,32,68.6627
128,0,16,64,69.8463
128,0,16,128,98.124
128,0,16,256,129.559
128,0,16,512,192.792
128,0,16,1024,312.677
128,0,16,2048,547.913
128,0,16,4096,1020.41
128,0,16,8192,1968.66
128,0,16,16384,4113.67
128,0,32,16,114.786
128,0,32,32,117.431
128,0,32,64,119.436
128,0,32,128,174.765
128,0,32,256,236.292
128,0,32,512,358.427
128,0,32,1024,600.213
128,0,32,2048,1114.78
128,0,32,4096,2416.19
128,0,32,8192,5476.1
128,0,32,16384,10868.1
128,0,64,16,210.265
128,0,64,32,214.703
128,0,64,64,218.456
128,0,64,128,330.192
128,0,64,256,468.829
128,0,64,512,829.943
128,0,64,1024,1572.28
128,0,64,2048,3094.63
128,0,64,4096,6113.3
128,0,64,8192,12196.3
128,0,64,16384,24265
128,0,128,16,362.62
128,0,128,32,370.107
128,0,128,64,419.708
128,0,128,128,662.645
128,0,128,256,932.186
128,0,128,512,1609.71
128,0,128,1024,3087.92
128,0,128,2048,6113.05
128,0,128,4096,12148.3
128,0,128,8192,24257.6
128,0,128,16384,48391.8
128,16,0,0,15.584
128,16,1,16,23.2213
128,16,1,32,23.35
128,16,1,64,23.488
128,16,1,128,24.331
128,16,1,256,31.1477
128,16,1,512,38.4753
128,16,1,1024,53.3987
128,16,1,2048,81.8467
128,16,1,4096,139.683
128,16,1,8192,256.751
128,16,1,16384,490.536
128,16,2,16,28.321
128,16,2,32,28.5227
128,16,2,64,28.5233
128,16,2,128,29.547
128,16,2,256,35.948
128,16,2,512,49.4193
128,16,2,1024,78.1133
128,16,2,2048,126.488
128,16,2,4096,185.092
128,16,2,8192,301.103
128,16,2,16384,536.691
128,16,4,16,36.0217
128,16,4,32,36.2463
128,16,4,64,36.4063
128,16,4,128,40.6303
128,16,4,256,49.708
128,16,4,512,70.508
128,16,4,1024,112.941
128,16,4,2048,177.101
128,16,4,4096,294.693
128,16,4,8192,524.179
128,16,4,16384,998.618
128,16,8,16,47.9483
128,16,8,32,48.3947
128,16,8,64,48.8963
128,16,8,128,60.161
128,16,8,256,77.1853
128,16,8,512,111.83
128,16,8,1024,182.211
128,16,8,2048,299.333
128,16,8,4096,534.708
128,16,8,8192,1006.56
128,16,8,16384,1964.78
128,16,16,16,70.9877
128,16,16,32,72.2463
128,16,16,64,73.388
128,16,16,128,99.34
128,16,16,256,130.69
128,16,16,512,193.88
128,16,16,1024,317.403
128,16,16,2048,551.571
128,16,16,4096,1023.89
128,16,16,8192,1977.23
128,16,16,16384,4262.3
128,16,32,16,117.24
128,16,32,32,119.607
128,16,32,64,121.229
128,16,32,128,176.472
128,16,32,256,237.678
128,16,32,512,368.817
128,16,32,1024,610.281
128,16,32,2048,1120.96
128,16,32,4096,2340.81
128,16,32,8192,5386.66
128,16,32,16384,10792.4
128,16,64,16,211.63
128,16,64,32,215.982
128,16,64,64,219.663
128,16,64,128,331.856
128,16,64,256,471.762
128,16,64,512,827.811
128,16,64,1024,1568.36
128,16,64,2048,3089.87
128,16,64,4096,6118.84
128,16,64,8192,12189.1
128,16,64,16384,24263.4
128,16,128,16,400.519
128,16,128,32,409.383
128,16,128,64,421.372
128,16,128,128,664.469
128,16,128,256,931.823
128,16,128,512,1602.08
128,16,128,1024,3095.24
128,16,128,2048,6113.6
128,16,128,4096,12149.8
128,16,128,8192,24260.5
128,16,128,16384,48418.3
128,32,0,0,15.915
128,32,1,16,23.3923
128,32,1,32,26.1443
128,32,1,64,25.9957
128,32,1,128,27.6167
128,32,1,256,31.4357
128,32,1,512,38.4753
128,32,1,1024,52.9077
128,32,1,2048,82.0067
128,32,1,4096,139.074
128,32,1,8192,256.238
128,32,1,16384,490.334
128,32,2,16,28.63
128,32,2,32,28.6517
128,32,2,64,28.9603
128,32,2,128,29.8887
128,32,2,256,35.744
128,32,2,512,49.569
128,32,2,1024,78.5077
128,32,2,2048,127.756
128,32,2,4096,186.211
128,32,2,8192,302.682
128,32,2,16384,534.173
128,32,4,16,36.2357
128,32,4,32,36.4163
128,32,4,64,36.854
128,32,4,128,40.2033
128,32,4,256,49.75
128,32,4,512,70.6677
128,32,4,1024,113.09
128,32,4,2048,176.461
128,32,4,4096,293.935
128,32,4,8192,532.745
128,32,4,16384,1004.73
128,32,8,16,47.969
128,32,8,32,48.7157
128,32,8,64,48.9927
128,32,8,128,60.0967
128,32,8,256,77.2277
128,32,8,512,112.204
128,32,8,1024,182.626
128,32,8,2048,298.298
128,32,8,4096,536.307
128,32,8,8192,1002.47
128,32,8,16384,1962.45
128,32,16,16,71.4677
128,32,16,32,72.4493
128,32,16,64,73.4197
128,32,16,128,99.5213
128,32,16,256,130.541
128,32,16,512,193.507
128,32,16,1024,317.648
128,32,16,2048,552.723
128,32,16,4096,1023.84
128,32,16,8192,1985.1
128,32,16,16384,4183.19
128,32,32,16,117.687
128,32,32,32,119.693
128,32,32,64,121.613
128,32,32,128,176.387
128,32,32,256,237.732
128,32,32,512,369.275
128,32,32,1024,607.871
128,32,32,2048,1119.83
128,32,32,4096,2431.46
128,32,32,8192,5435.55
128,32,32,16384,10758.5
128,32,64,16,211.576
128,32,64,32,216.035
128,32,64,64,219.768
128,32,64,128,332.112
128,32,64,256,471.72
128,32,64,512,837.198
128,32,64,1024,1572.06
128,32,64,2048,3096.2
128,32,64,4096,6109.71
128,32,64,8192,12152.8
128,32,64,16384,24267.2
128,32,128,16,390.257
128,32,128,32,398.343
128,32,128,64,421.095
128,32,128,128,664.875
128,32,128,256,933.2
128,32,128,512,1616.27
128,32,128,1024,3092.3
128,32,128,2048,6109.86
128,32,128,4096,12144.3
128,32,128,8192,24223
128,32,128,16384,48407.3
128,64,0,0,16.0857
128,64,1,16,23.3397
128,64,1,32,23.4673
128,64,1,64,23.5093
128,64,1,128,27.542
128,64,1,256,31.2327
128,64,1,512,38.838
128,64,1,1024,53.2167
128,64,1,2048,82.146
128,64,1,4096,139.767
128,64,1,8192,257.529
128,64,1,16384,491.507
128,64,2,16,28.8217
128,64,2,32,28.9497
128,64,2,64,29.11
128,64,2,128,29.4083
128,64,2,256,35.9473
128,64,2,512,49.5473
128,64,2,1024,78.3693
128,64,2,2048,127.927
128,64,2,4096,186.114
128,64,2,8192,303.46
128,64,2,16384,535.134
128,64,4,16,36.4273
128,64,4,32,36.6827
128,64,4,64,36.9183
128,64,4,128,40.7153
128,64,4,256,49.5477
128,64,4,512,70.5077
128,64,4,1024,113.453
128,64,4,2048,177.048
128,64,4,4096,295.407
128,64,4,8192,527.805
128,64,4,16384,1001
128,64,8,16,48.1287
128,64,8,32,48.748
128,64,8,64,49.132
128,64,8,128,60.246
128,64,8,256,77.0783
128,64,8,512,111.778
128,64,8,1024,183.085
128,64,8,2048,300.271
128,64,8,4096,535.616
128,64,8,8192,1006.75
128,64,8,16384,1959.16
128,64,16,16,71.3503
128,64,16,32,72.6093
128,64,16,64,73.7607
128,64,16,128,99.351
128,64,16,256,130.786
128,64,16,512,193.582
128,64,16,1024,317.499
128,64,16,2048,552.276
128,64,16,4096,1021.87
128,64,16,8192,1975.78
128,64,16,16384,4249.27
128,64,32,16,117.41
128,64,32,32,120.012
128,64,32,64,121.719
128,64,32,128,176.59
128,64,32,256,237.454
128,64,32,512,369.425
128,64,32,1024,607.658
128,64,32,2048,1122.73
128,64,32,4096,2335.03
128,64,32,8192,5449.3
128,64,32,16384,10893.5
128,64,64,16,211.715
128,64,64,32,216.195
128,64,64,64,219.78
128,64,64,128,332.09
128,64,64,256,473.662
128,64,64,512,823.353
128,64,64,1024,1573.72
128,64,64,2048,3092.08
128,64,64,4096,6109.36
128,64,64,8192,12200.7
128,64,64,16384,24272.6
128,64,128,16,363.835
128,64,128,32,371.633
128,64,128,64,421.436
128,64,128,128,663.275
128,64,128,256,932.282
128,64,128,512,1605.7
128,64,128,1024,3093.48
128,64,128,2048,6114.11
128,64,128,4096,12155.5
128,64,128,8192,24239.4
128,64,128,16384,48408.7
128,128,0,0,17.429
128,128,1,16,25.7273
128,128,1,32,25.898
128,128,1,64,25.8873
128,128,1,128,26.484
128,128,1,256,33.62
128,128,1,512,41.3217
128,128,1,1024,55.646
128,128,1,2048,85.5227
128,128,1,4096,143.578
128,128,1,8192,260.13
128,128,1,16384,497.647
128,128,2,16,30.1853
128,128,2,32,30.0257
128,128,2,64,29.994
128,128,2,128,31.188
128,128,2,256,36.7667
128,128,2,512,51.4113
128,128,2,1024,79.176
128,128,2,2048,136.837
128,128,2,4096,198.159
128,128,2,8192,312.982
128,128,2,16384,550.765
128,128,4,16,38.2383
128,128,4,32,38.324
128,128,4,64,38.441
128,128,4,128,42.494
128,128,4,256,51.2513
128,128,4,512,72.1143
128,128,4,1024,113.991
128,128,4,2048,184.932
128,128,4,4096,300.704
128,128,4,8192,539.812
128,128,4,16384,1009.53
128,128,8,16,49.887
128,128,8,32,50.42
128,128,8,64,51.049
128,128,8,128,63.2943
128,128,8,256,79.0807
128,128,8,512,112.999
128,128,8,1024,183.855
128,128,8,2048,306.325
128,128,8,4096,539.427
128,128,8,8192,1019.77
128,128,8,16384,1968.86
128,128,16,16,73.5123
128,128,16,32,74.5897
128,128,16,64,75.688
128,128,16,128,103.101
128,128,16,256,133.329
128,128,16,512,195.173
128,128,16,1024,324.427
128,128,16,2048,555.801
128,128,16,4096,1027.37
128,128,16,8192,1992.79
128,128,16,16384,4299.78
128,128,32,16,119.879
128,128,32,32,122.129
128,128,32,64,124.039
128,128,32,128,179.418
128,128,32,256,241.016
128,128,32,512,375.049
128,128,32,1024,623.255
128,128,32,2048,1133.51
128,128,32,4096,2318.24
128,128,32,8192,5372.14
128,128,32,16384,10925.8
128,128,64,16,213.871
128,128,64,32,218.36
128,128,64,64,222.084
128,128,64,128,334.997
128,128,64,256,484.955
128,128,64,512,828.945
128,128,64,1024,1567.02
128,128,64,2048,3086.81
128,128,64,4096,6115.31
128,128,64,8192,12144.8
128,128,64,16384,24274
128,128,128,16,405.982
128,128,128,32,414.686
128,128,128,64,423.399
128,128,128,128,668.972
128,128,128,256,936.675
128,128,128,512,1619.78
128,128,128,1024,3093.26
128,128,128,2048,6113.94
128,128,128,4096,12148.6
128,128,128,8192,24230.9
128,128,128,16384,48389.6
128,256,0,0,20.9273
128,256,1,16,32.3403
128,256,1,32,32.522
128,256,1,64,32.554
128,256,1,128,36.724
128,256,1,256,37.5343
128,256,1,512,45.5773
128,256,1,1024,59.9017
128,256,1,2048,88.9043
128,256,1,4096,147.623
128,256,1,8192,264.674
128,256,1,16384,498.95
128,256,2,16,37.108
128,256,2,32,36.6923
128,256,2,64,36.98
128,256,2,128,37.78
128,256,2,256,38.8787
128,256,2,512,51.9983
128,256,2,1024,79.4647
128,256,2,2048,137.351
128,256,2,4096,219.652
128,256,2,8192,338.635
128,256,2,16384,588.249
128,256,4,16,43.7957
128,256,4,32,44.2653
128,256,4,64,44.2653
128,256,4,128,51.1773
128,256,4,256,53.8863
128,256,4,512,73.0857
128,256,4,1024,115.068
128,256,4,2048,198.415
128,256,4,4096,317.772
128,256,4,8192,555.258
128,256,4,16384,1041.6
128,256,8,16,56.1793
128,256,8,32,56.9047
128,256,8,64,57.1927
128,256,8,128,70.6003
128,256,8,256,82.184
128,256,8,512,115.089
128,256,8,1024,183.802
128,256,8,2048,316.332
128,256,8,4096,555.364
128,256,8,8192,1029.81
128,256,8,16384,2011.2
128,256,16,16,80.5093
128,256,16,32,81.5117
128,256,16,64,82.5047
128,256,16,128,107.645
128,256,16,256,137.618
128,256,16,512,197.925
128,256,16,1024,330.091
128,256,16,2048,572.516
128,256,16,4096,1043.73
128,256,16,8192,2049
128,256,16,16384,4210.18
128,256,32,16,127.068
128,256,32,32,129.201
128,256,32,64,130.994
128,256,32,128,182.672
128,256,32,256,245.316
128,256,32,512,381.365
128,256,32,1024,654.37
128,256,32,2048,1188.48
128,256,32,4096,2371.54
128,256,32,8192,5343.02
128,256,32,16384,10753.6
128,256,64,16,219.727
128,256,64,32,223.908
128,256,64,64,227.524
128,256,64,128,339.393
128,256,64,256,492.156
128,256,64,512,822.654
128,256,64,1024,1570.8
128,256,64,2048,3094.84
128,256,64,4096,6119.3
128,256,64,8192,12206.6
128,256,64,16384,24290.1
128,256,128,16,406.719
128,256,128,32,415.379
128,256,128,64,427.913
128,256,128,128,671.501
128,256,128,256,942.405
128,256,128,512,1597.89
128,256,128,1024,3092.01
128,256,128,2048,6114.75
128,256,128,4096,12158.7
128,256,128,8192,24249.3
128,256,128,16384,48432.1
128,512,0,0,27.8493
128,512,1,16,44.9587
128,512,1,32,45.2253
128,512,1,64,45.2467
128,512,1,128,49.0757
128,512,1,256,51.348
128,512,1,512,52.372
128,512,1,1024,67.5713
128,512,1,2048,96.9357
128,512,1,4096,155.324
128,512,1,8192,271.854
128,512,1,16384,506.088
128,512,2,16,50.5687
128,512,2,32,50.8037
128,512,2,64,50.6657
128,512,2,128,51.4867
128,512,2,256,52.2653
128,512,2,512,53.9617
128,512,2,1024,81.3097
128,512,2,2048,138.78
128,512,2,4096,254.415
128,512,2,8192,384.65
128,512,2,16384,630.681
128,512,4,16,56.6597
128,512,4,32,56.947
128,512,4,64,57.4173
128,512,4,128,62.0897
128,512,4,256,70.7933
128,512,4,512,76.5527
128,512,4,1024,117.021
128,512,4,2048,202.224
128,512,4,4096,347.937
128,512,4,8192,589.467
128,512,4,16384,1070.33
128,512,8,16,69.2353
128,512,8,32,69.7477
128,512,8,64,70.7177
128,512,8,128,82.163
128,512,8,256,96.9143
128,512,8,512,119.986
128,512,8,1024,187.888
128,512,8,2048,332.151
128,512,8,4096,586.021
128,512,8,8192,1081.83
128,512,8,16384,2113.62
128,512,16,16,92.9787
128,512,16,32,94.3333
128,512,16,64,95.1863
128,512,16,128,120.925
128,512,16,256,149.02
128,512,16,512,203.109
128,512,16,1024,332.78
128,512,16,2048,628.506
128,512,16,4096,1129.06
128,512,16,8192,2207.46
128,512,16,16384,4597.85
128,512,32,16,140.316
128,512,32,32,142.215
128,512,32,64,144.06
128,512,32,128,195.974
128,512,32,256,253.125
128,512,32,512,392.118
128,512,32,1024,711.224
128,512,32,2048,1312.74
128,512,32,4096,2572.1
128,512,32,8192,5483.14
128,512,32,16384,11015.7
128,512,64,16,232.911
128,512,64,32,237.156
128,512,64,64,240.921
128,512,64,128,347.702
128,512,64,256,489.64
128,512,64,512,838.58
128,512,64,1024,1575.79
128,512,64,2048,3095.38
128,512,64,4096,6119.77
128,512,64,8192,12170.3
128,512,64,16384,24283.8
128,512,128,16,378.326
128,512,128,32,385.323
128,512,128,64,437.023
128,512,128,128,681.092
128,512,128,256,950.034
128,512,128,512,1627.49
128,512,128,1024,3095.1
128,512,128,2048,6120.48
128,512,128,4096,12157.2
128,512,128,8192,24232.9
128,512,128,16384,48427.1
128,1024,0,0,42.2177
128,1024,1,16,60.9057
128,1024,1,32,61.5137
128,1024,1,64,61.801
128,1024,1,128,80.2327
128,1024,1,256,79.9663
128,1024,1,512,80.3817
128,1024,1,1024,82.878
128,1024,1,2048,111.816
128,1024,1,4096,170.556
128,1024,1,8192,287.257
128,1024,1,16384,524.595
128,1024,2,16,77.0543
128,1024,2,32,77.886
128,1024,2,64,78.1527
128,1024,2,128,80.052
128,1024,2,256,80.2537
128,1024,2,512,82.43
128,1024,2,1024,84.99
128,1024,2,2048,140.903
128,1024,2,4096,254.65
128,1024,2,8192,466.089
128,1024,2,16384,714.511
128,1024,4,16,80.4993
128,1024,4,32,81.438
128,1024,4,64,80.8513
128,1024,4,128,89.4043
128,1024,4,256,94.6637
128,1024,4,512,107.208
128,1024,4,1024,121.48
128,1024,4,2048,205.829
128,1024,4,4096,372.727
128,1024,4,8192,648.005
128,1024,4,16384,1141.17
128,1024,8,16,93.0007
128,1024,8,32,94.0777
128,1024,8,64,93.725
128,1024,8,128,108.563
128,1024,8,256,122.503
128,1024,8,512,148.06
128,1024,8,1024,193.446
128,1024,8,2048,335.426
128,1024,8,4096,627.344
128,1024,8,8192,1138.91
128,1024,8,16384,2177.29
128,1024,16,16,117.778
128,1024,16,32,118.92
128,1024,16,64,119.538
128,1024,16,128,147.068
128,1024,16,256,175.601
128,1024,16,512,228.432
128,1024,16,1024,337.677
128,1024,16,2048,646.118
128,1024,16,4096,1285.64
128,1024,16,8192,2500.14
128,1024,16,16384,4939.01
128,1024,32,16,165.948
128,1024,32,32,168.54
128,1024,32,64,170.363
128,1024,32,128,223.151
128,1024,32,256,279.94
128,1024,32,512,407.136
128,1024,32,1024,680.794
128,1024,32,2048,1467.91
128,1024,32,4096,2828.09
128,1024,32,8192,5535.63
128,1024,32,16384,11250.1
128,1024,64,16,260.207
128,1024,64,32,264.303
128,1024,64,64,267.748
128,1024,64,128,375.298
128,1024,64,256,519.647
128,1024,64,512,844.374
128,1024,64,1024,1594.12
128,1024,64,2048,3108.13
128,1024,64,4096,6128.44
128,1024,64,8192,12218.2
128,1024,64,16384,24283.6
128,1024,128,16,447.392
128,1024,128,32,455.669
128,1024,128,64,464.629
128,1024,128,128,700.336
128,1024,128,256,966.911
128,1024,128,512,1626.73
128,1024,128,1024,3117.06
128,1024,128,2048,6132.78
128,1024,128,4096,12175.1
128,1024,128,8192,24263.7
128,1024,128,16384,48443.7
128,2048,0,0,70.292
128,2048,1,16,87.23
128,2048,1,32,87.5607
128,2048,1,64,88.062
128,2048,1,128,99.731
128,2048,1,256,125.981
128,2048,1,512,138.29
128,2048,1,1024,138.706
128,2048,1,2048,143.901
128,2048,1,4096,201.318
128,2048,1,8192,319.214
128,2048,1,16384,554.708
128,2048,2,16,107.123
128,2048,2,32,108.105
128,2048,2,64,107.837
128,2048,2,128,124.605
128,2048,2,256,137.895
128,2048,2,512,138.354
128,2048,2,1024,139.218
128,2048,2,2048,144.764
128,2048,2,4096,259.674
128,2048,2,8192,491.168
128,2048,2,16384,882.552
128,2048,4,16,133.982
128,2048,4,32,134.717
128,2048,4,64,135.048
128,2048,4,128,138.226
128,2048,4,256,140.84
128,2048,4,512,158.717
128,2048,4,1024,180.198
128,2048,4,2048,210.875
128,2048,4,4096,386.156
128,2048,4,8192,719.302
128,2048,4,16384,1257.6
128,2048,8,16,143.922
128,2048,8,32,144.53
128,2048,8,64,144.21
128,2048,8,128,156.231
128,2048,8,256,167.431
128,2048,8,512,199.024
128,2048,8,1024,250.394
128,2048,8,2048,341.336
128,2048,8,4096,633.543
128,2048,8,8192,1242.85
128,2048,8,16384,2294.83
128,2048,16,16,166.428
128,2048,16,32,166.119
128,2048,16,64,166.493
128,2048,16,128,195.836
128,2048,16,256,223.579
128,2048,16,512,281.818
128,2048,16,1024,392.012
128,2048,16,2048,605.981
128,2048,16,4096,1303.34
128,2048,16,8192,2630.29
128,2048,16,16384,5053.07
128,2048,32,16,215.195
128,2048,32,32,216.368
128,2048,32,64,219.867
128,2048,32,128,273.807
128,2048,32,256,332.398
128,2048,32,512,462.721
128,2048,32,1024,732.442
128,2048,32,2048,1344.31
128,2048,32,4096,2919.31
128,2048,32,8192,5684.46
128,2048,32,16384,10996.8
128,2048,64,16,311.567
128,2048,64,32,316.292
128,2048,64,64,319.332
128,2048,64,128,429.249
128,2048,64,256,577.886
128,2048,64,512,892.408
128,2048,64,1024,1615.5
128,2048,64,2048,3133.16
128,2048,64,4096,6147.92
128,2048,64,8192,12200.2
128,2048,64,16384,24302.2
128,2048,128,16,480.747
128,2048,128,32,488.417
128,2048,128,64,519.606
128,2048,128,128,757.039
128,2048,128,256,1019.48
128,2048,128,512,1660.84
128,2048,128,1024,3133.26
128,2048,128,2048,6169.32
128,2048,128,4096,12190.7
128,2048,128,8192,24287.9
128,2048,128,16384,48476.9
128,4096,0,0,125.682
128,4096,1,16,139.186
128,4096,1,32,140.115
128,4096,1,64,140.616
128,4096,1,128,152.242
128,4096,1,256,184.285
128,4096,1,512,211.974
128,4096,1,1024,252.613
128,4096,1,2048,252.986
128,4096,1,4096,262.107
128,4096,1,8192,381.571
128,4096,1,16384,617.342
128,4096,2,16,166.162
128,4096,2,32,166.076
128,4096,2,64,166.408
128,4096,2,128,183.453
128,4096,2,256,200.22
128,4096,2,512,235.046
128,4096,2,1024,252.88
128,4096,2,2048,254.598
128,4096,2,4096,264.037
128,4096,2,8192,497.632
128,4096,2,16384,973.304
128,4096,4,16,191.986
128,4096,4,32,193.297
128,4096,4,64,193.404
128,4096,4,128,225.702
128,4096,4,256,252.806
128,4096,4,512,253.787
128,4096,4,1024,288.186
128,4096,4,2048,326.884
128,4096,4,4096,389.997
128,4096,4,8192,740.519
128,4096,4,16384,1408.96
128,4096,8,16,238.363
128,4096,8,32,240.55
128,4096,8,64,242.748
128,4096,8,128,256.251
128,4096,8,256,266.864
128,4096,8,512,294.586
128,4096,8,1024,358.917
128,4096,8,2048,456.012
128,4096,8,4096,638.441
128,4096,8,8192,1234.27
128,4096,8,16384,2511.12
128,4096,16,16,263.27
128,4096,16,32,267.846
128,4096,16,64,266.192
128,4096,16,128,289.893
128,4096,16,256,318.639
128,4096,16,512,377.39
128,4096,16,1024,506.977
128,4096,16,2048,716.914
128,4096,16,4096,1151.46
128,4096,16,8192,2740.78
128,4096,16,16384,5326.85
128,4096,32,16,310.096
128,4096,32,32,312.463
128,4096,32,64,313.487
128,4096,32,128,369.71
128,4096,32,256,429.912
128,4096,32,512,562.335
128,4096,32,1024,853.882
128,4096,32,2048,1479.09
128,4096,32,4096,2840.94
128,4096,32,8192,5829.93
128,4096,32,16384,11428.3
128,4096,64,16,409.87
128,4096,64,32,414.765
128,4096,64,64,418.402
128,4096,64,128,532.353
128,4096,64,256,680.446
128,4096,64,512,997.261
128,4096,64,1024,1720.94
128,4096,64,2048,3175.12
128,4096,64,4096,6194.2
128,4096,64,8192,12290.9
128,4096,64,16384,24354.9
128,4096,128,16,579.146
128,4096,128,32,589.696
128,4096,128,64,627.05
128,4096,128,128,866.181
128,4096,128,256,1129.49
128,4096,128,512,1762.85
128,4096,128,1024,3193.42
128,4096,128,2048,6202.37
128,4096,128,4096,12231.2
128,4096,128,8192,24335.3
128,4096,128,16384,48506.2
128,8192,0,0,234.716
128,8192,1,16,244.646
128,8192,1,32,243.846
128,8192,1,64,244.327
128,8192,1,128,284.742
128,8192,1,256,300.187
128,8192,1,512,329.509
128,8192,1,1024,384.387
128,8192,1,2048,480.77
128,8192,1,4096,494.177
128,8192,1,8192,499.767
128,8192,1,16384,736.083
128,8192,2,16,282.95
128,8192,2,32,284.208
128,8192,2,64,283.664
128,8192,2,128,300.144
128,8192,2,256,317.583
128,8192,2,512,351.663
128,8192,2,1024,420.899
128,8192,2,2048,480.93
128,8192,2,4096,496.002
128,8192,2,8192,501.069
128,8192,2,16384,968.387
128,8192,4,16,310.074
128,8192,4,32,310.31
128,8192,4,64,310.821
128,8192,4,128,343.194
128,8192,4,256,377.412
128,8192,4,512,448.664
128,8192,4,1024,484.578
128,8192,4,2048,547.787
128,8192,4,4096,619.146
128,8192,4,8192,745.246
128,8192,4,16384,1447.37
128,8192,8,16,356.367
128,8192,8,32,356.378
128,8192,8,64,358.554
128,8192,8,128,419.32
128,8192,8,256,483.65
128,8192,8,512,492.695
128,8192,8,1024,553.953
128,8192,8,2048,678.378
128,8192,8,4096,865.809
128,8192,8,8192,1233
128,8192,8,16384,2470.8
128,8192,16,16,452.685
128,8192,16,32,455.959
128,8192,16,64,458.243
128,8192,16,128,491.309
128,8192,16,256,513.111
128,8192,16,512,566.134
128,8192,16,1024,703.944
128,8192,16,2048,948.612
128,8192,16,4096,1380.99
128,8192,16,8192,2558.19
128,8192,16,16384,5498.58
128,8192,32,16,507.181
128,8192,32,32,508.706
128,8192,32,64,510.562
128,8192,32,128,562.294
128,8192,32,256,617.098
128,8192,32,512,758.248
128,8192,32,1024,1077.46
128,8192,32,2048,1723.22
128,8192,32,4096,3102.31
128,8192,32,8192,5766.31
128,8192,32,16384,11599.8
128,8192,64,16,599.157
128,8192,64,32,604.715
128,8192,64,64,608.043
128,8192,64,128,731.444
128,8192,64,256,878.299
128,8192,64,512,1194.92
128,8192,64,1024,1915.12
128,8192,64,2048,3381.1
128,8192,64,4096,6300.29
128,8192,64,8192,12362.4
128,8192,64,16384,24484.7
128,8192,128,16,805.437
128,8192,128,32,816.477
128,8192,128,64,829.362
128,8192,128,128,1076.93
128,8192,128,256,1340.44
128,8192,128,512,1961.9
128,8192,128,1024,3404.12
128,8192,128,2048,6355.75
128,8192,128,4096,12328.8
128,8192,128,8192,24450.1
128,8192,128,16384,48597
128,16384,0,0,458.329
128,16384,1,16,451.972
128,16384,1,32,451.897
128,16384,1,64,451.449
128,16384,1,128,514.285
128,16384,1,256,534.327
128,16384,1,512,559.607
128,16384,1,1024,620.534
128,16384,1,2048,739.241
128,16384,1,4096,959.249
128,16384,1,8192,964.794
128,16384,1,16384,975.718
128,16384,2,16,515.639
128,16384,2,32,516.792
128,16384,2,64,512.738
128,16384,2,128,532.065
128,16384,2,256,551.181
128,16384,2,512,585.74
128,16384,2,1024,657.078
128,16384,2,2048,804.659
128,16384,2,4096,948.721
128,16384,2,8192,965.009
128,16384,2,16384,982.266
128,16384,4,16,543.02
128,16384,4,32,544.77
128,16384,4,64,541.804
128,16384,4,128,575.362
128,16384,4,256,621.195
128,16384,4,512,691.05
128,16384,4,1024,838.503
128,16384,4,2048,942.843
128,16384,4,4096,1085.54
128,16384,4,8192,1207.08
128,16384,4,16384,1470.45
128,16384,8,16,587.906
128,16384,8,32,590.839
128,16384,8,64,591.169
128,16384,8,128,660.694
128,16384,8,256,723.85
128,16384,8,512,849.555
128,16384,8,1024,944.39
128,16384,8,2048,1056.2
128,16384,8,4096,1336.68
128,16384,8,8192,1690.02
128,16384,8,16384,2521.53
128,16384,16,16,694.229
128,16384,16,32,697.888
128,16384,16,64,700.234
128,16384,16,128,814.952
128,16384,16,256,929.895
128,16384,16,512,967.857
128,16384,16,1024,1087.76
128,16384,16,2048,1333.4
128,16384,16,4096,1869.87
128,16384,16,8192,2883.17
128,16384,16,16384,5533.3
128,16384,32,16,887.538
128,16384,32,32,894.27
128,16384,32,64,898.375
128,16384,32,128,968.241
128,16384,32,256,1032.08
128,16384,32,512,1153.95
128,16384,32,1024,1482.31
128,16384,32,2048,2158.85
128,16384,32,4096,3517.03
128,16384,32,8192,6193.97
128,16384,32,16384,11690.8
128,16384,64,16,1004.07
128,16384,64,32,1013.01
128,16384,64,64,1000.4
128,16384,64,128,1117.01
128,16384,64,256,1265.11
128,16384,64,512,1577.97
128,16384,64,1024,2320.22
128,16384,64,2048,3783.64
128,16384,64,4096,6700.51
128,16384,64,8192,12571.5
128,16384,64,16384,24647.1
128,16384,128,16,1131.25
128,16384,128,32,1142.97
128,16384,128,64,1214.89
128,16384,128,128,1471.85
128,16384,128,256,1750.63
128,16384,128,512,2371.38
128,16384,128,1024,3834.35
128,16384,128,2048,6767.22
128,16384,128,4096,12621.4
128,16384,128,8192,24627.6
128,16384,128,16384,48782
256,0,0,0,28.2347
256,0,1,16,35.7757
256,0,1,32,37.6317
256,0,1,64,37.4823
256,0,1,128,38.9857
256,0,1,256,42.7733
256,0,1,512,51.125
256,0,1,1024,67.4767
256,0,1,2048,96.0943
256,0,1,4096,153.48
256,0,1,8192,270.663
256,0,1,16384,499.641
256,0,2,16,40.4893
256,0,2,32,40.959
256,0,2,64,40.8953
256,0,2,128,42.794
256,0,2,256,49.2583
256,0,2,512,61.6733
256,0,2,1024,87.263
256,0,2,2048,139.241
256,0,2,4096,224.573
256,0,2,8192,345.936
256,0,2,16384,591.17
256,0,4,16,47.7863
256,0,4,32,48.1597
256,0,4,64,48.6177
256,0,4,128,53.5997
256,0,4,256,63.519
256,0,4,512,82.9537
256,0,4,1024,121.844
256,0,4,2048,203.464
256,0,4,4096,324.912
256,0,4,8192,561.582
256,0,4,16384,1039.96
256,0,8,16,62.3037
256,0,8,32,62.7613
256,0,8,64,63.455
256,0,8,128,75.935
256,0,8,256,93.407
256,0,8,512,126.708
256,0,8,1024,193.245
256,0,8,2048,323.718
256,0,8,4096,559.437
256,0,8,8192,1040
256,0,8,16384,2003.81
256,0,16,16,89.6737
256,0,16,32,90.9003
256,0,16,64,92.031
256,0,16,128,118.772
256,0,16,256,150.238
256,0,16,512,212.658
256,0,16,1024,344.859
256,0,16,2048,581.581
256,0,16,4096,1052.65
256,0,16,8192,2010.92
256,0,16,16384,3983.88
256,0,32,16,144.094
256,0,32,32,145.982
256,0,32,64,147.849
256,0,32,128,203.794
256,0,32,256,265.245
256,0,32,512,400.122
256,0,32,1024,677.368
256,0,32,2048,1186.87
256,0,32,4096,2311.57
256,0,32,8192,5246.38
256,0,32,16384,10889.3
256,0,64,16,255.431
256,0,64,32,259.591
256,0,64,64,263.314
256,0,64,128,374.214
256,0,64,256,505.124
256,0,64,512,855.519
256,0,64,1024,1584.4
256,0,64,2048,3087.06
256,0,64,4096,6122.8
256,0,64,8192,12179
256,0,64,16384,24290.1
256,0,128,16,480.591
256,0,128,32,489.337
256,0,128,64,497.743
256,0,128,128,745.611
256,0,128,256,1002.19
256,0,128,512,1633.01
256,0,128,1024,3096.08
256,0,128,2048,6114.45
256,0,128,4096,12155.9
256,0,128,8192,24227.1
256,0,128,16384,48397
256,16,0,0,33.4503
256,16,1,16,40.8417
256,16,1,32,40.607
256,16,1,64,40.7887
256,16,1,128,44.2337
256,16,1,256,46.122
256,16,1,512,55.0823
256,16,1,1024,72.1377
256,16,1,2048,100.457
256,16,1,4096,158.248
256,16,1,8192,272.839
256,16,1,16384,505.742
256,16,2,16,46.2393
256,16,2,32,46.2923
256,16,2,64,46.6343
256,16,2,128,48.8
256,16,2,256,51.6907
256,16,2,512,64.4363
256,16,2,1024,90.111
256,16,2,2048,139.838
256,16,2,4096,246.749
256,16,2,8192,368.209
256,16,2,16384,611.705
256,16,4,16,53.7167
256,16,4,32,53.8557
256,16,4,64,53.9837
256,16,4,128,59.871
256,16,4,256,66.356
256,16,4,512,86.516
256,16,4,1024,124.778
256,16,4,2048,204.488
256,16,4,4096,338.119
256,16,4,8192,578.297
256,16,4,16384,1054.24
256,16,8,16,68.1477
256,16,8,32,68.5857
256,16,8,64,69.2577
256,16,8,128,81.5137
256,16,8,256,96.479
256,16,8,512,130.334
256,16,8,1024,196.339
256,16,8,2048,332.23
256,16,8,4096,574.883
256,16,8,8192,1056.99
256,16,8,16384,2027.6
256,16,16,16,95.6467
256,16,16,32,97.0967
256,16,16,64,98.1637
256,16,16,128,123.519
256,16,16,256,153.8
256,16,16,512,216.029
256,16,16,1024,352.881
256,16,16,2048,596.91
256,16,16,4096,1072.32
256,16,16,8192,2042.03
256,16,16,16384,4198.23
256,16,32,16,150.142
256,16,32,32,152.415
256,16,32,64,153.918
256,16,32,128,206.963
256,16,32,256,268.53
256,16,32,512,400.592
256,16,32,1024,698.381
256,16,32,2048,1185.35
256,16,32,4096,2320.8
256,16,32,8192,5304.43
256,16,32,16384,10826.1
256,16,64,16,258.951
256,16,64,32,263.165
256,16,64,64,266.695
256,16,64,128,377.596
256,16,64,256,507.258
256,16,64,512,850.732
256,16,64,1024,1587.38
256,16,64,2048,3102.27
256,16,64,4096,6135.6
256,16,64,8192,12223.8
256,16,64,16384,24285.4
256,16,128,16,472.091
256,16,128,32,480.367
256,16,128,64,501.125
256,16,128,128,743.864
256,16,128,256,1004.99
256,16,128,512,1615.49
256,16,128,1024,3095.3
256,16,128,2048,6123.48
256,16,128,4096,12164
256,16,128,8192,24271.4
256,16,128,16384,48401.8
256,32,0,0,33.93
256,32,1,16,40.949
256,32,1,32,41.0337
256,32,1,64,41.4613
256,32,1,128,44.2233
256,32,1,256,46.0477
256,32,1,512,54.826
256,32,1,1024,71.999
256,32,1,2048,100.041
256,32,1,4096,157.79
256,32,1,8192,271.976
256,32,1,16384,503.717
256,32,2,16,46.325
256,32,2,32,46.4203
256,32,2,64,46.815
256,32,2,128,48.981
256,32,2,256,51.743
256,32,2,512,65.119
256,32,2,1024,90.4843
256,32,2,2048,140.542
256,32,2,4096,247.667
256,32,2,8192,369.393
256,32,2,16384,611.684
256,32,4,16,53.9723
256,32,4,32,54.2713
256,32,4,64,54.484
256,32,4,128,60.0317
256,32,4,256,66.1323
256,32,4,512,86.7193
256,32,4,1024,125.183
256,32,4,2048,203.955
256,32,4,4096,340.53
256,32,4,8192,578.085
256,32,4,16384,1061.67
256,32,8,16,67.9247
256,32,8,32,68.6603
256,32,8,64,69.3003
256,32,8,128,81.674
256,32,8,256,96.3937
256,32,8,512,130.324
256,32,8,1024,196.009
256,32,8,2048,335.346
256,32,8,4096,569.935
256,32,8,8192,1048.78
256,32,8,16384,2025.83
256,32,16,16,96.0093
256,32,16,32,97.119
256,32,16,64,98.0047
256,32,16,128,123.423
256,32,16,256,153.726
256,32,16,512,216.03
256,32,16,1024,354.354
256,32,16,2048,601.391
256,32,16,4096,1075.81
256,32,16,8192,2072.33
256,32,16,16384,3991.72
256,32,32,16,150.324
256,32,32,32,152.564
256,32,32,64,154.196
256,32,32,128,206.91
256,32,32,256,268.531
256,32,32,512,401.681
256,32,32,1024,693.892
256,32,32,2048,1214.11
256,32,32,4096,2323.85
256,32,32,8192,5403.38
256,32,32,16384,10794.1
256,32,64,16,259.133
256,32,64,32,263.346
256,32,64,64,266.664
256,32,64,128,378.097
256,32,64,256,507.504
256,32,64,512,847.351
256,32,64,1024,1580.65
256,32,64,2048,3100.98
256,32,64,4096,6143.85
256,32,64,8192,12224.9
256,32,64,16384,24304.8
256,32,128,16,456.561
256,32,128,32,464.689
256,32,128,64,501.339
256,32,128,128,744.633
256,32,128,256,1005.02
256,32,128,512,1614.94
256,32,128,1024,3095.76
256,32,128,2048,6116.87
256,32,128,4096,12168.9
256,32,128,8192,24249
256,32,128,16384,48410.8
256,64,0,0,33.845
256,64,1,16,43.061
256,64,1,32,43.1577
256,64,1,64,43.3063
256,64,1,128,44.4583
256,64,1,256,46.4103
256,64,1,512,54.645
256,64,1,1024,72.074
256,64,1,2048,100.778
256,64,1,4096,157.471
256,64,1,8192,272.958
256,64,1,16384,506.992
256,64,2,16,47.072
256,64,2,32,46.5383
256,64,2,64,46.986
256,64,2,128,49.3863
256,64,2,256,51.9997
256,64,2,512,65.3007
256,64,2,1024,90.0897
256,64,2,2048,140.457
256,64,2,4096,247.24
256,64,2,8192,369.671
256,64,2,16384,617.616
256,64,4,16,53.7597
256,64,4,32,54.3033
256,64,4,64,54.634
256,64,4,128,60.266
256,64,4,256,66.3353
256,64,4,512,87.0177
256,64,4,1024,124.959
256,64,4,2048,204.446
256,64,4,4096,339.058
256,64,4,8192,580.261
256,64,4,16384,1055.84
256,64,8,16,68.3937
256,64,8,32,69.088
256,64,8,64,69.535
256,64,8,128,81.8767
256,64,8,256,96.6387
256,64,8,512,130.73
256,64,8,1024,196.894
256,64,8,2048,334.567
256,64,8,4096,574.864
256,64,8,8192,1046.98
256,64,8,16384,2022.97
256,64,16,16,96.6173
256,64,16,32,97.3433
256,64,16,64,98.4843
256,64,16,128,123.562
256,64,16,256,154.175
256,64,16,512,216.222
256,64,16,1024,359.656
256,64,16,2048,595.611
256,64,16,4096,1068.97
256,64,16,8192,2061.89
256,64,16,16384,4100.76
256,64,32,16,150.527
256,64,32,32,152.543
256,64,32,64,154.228
256,64,32,128,206.889
256,64,32,256,268.52
256,64,32,512,401.308
256,64,32,1024,704.644
256,64,32,2048,1204.5
256,64,32,4096,2236.52
256,64,32,8192,5289.1
256,64,32,16384,10789.3
256,64,64,16,259.475
256,64,64,32,263.635
256,64,64,64,266.803
256,64,64,128,377.863
256,64,64,256,508.433
256,64,64,512,849.764
256,64,64,1024,1588.76
256,64,64,2048,3099.26
256,64,64,4096,6133.78
256,64,64,8192,12230.2
256,64,64,16384,24291.2
256,64,128,16,483.942
256,64,128,32,492.827
256,64,128,64,500.945
256,64,128,128,744.431
256,64,128,256,1005.06
256,64,128,512,1615.74
256,64,128,1024,3092.59
256,64,128,2048,6122.14
256,64,128,4096,12167.3
256,64,128,8192,24280.3
256,64,128,16384,48407.5
256,128,0,0,35.125
256,128,1,16,44.789
256,128,1,32,44.7573
256,128,1,64,44.6507
256,128,1,128,48.8423
256,128,1,256,50.3357
256,128,1,512,58.6557
256,128,1,1024,78.4093
256,128,1,2048,107.22
256,128,1,4096,164.564
256,128,1,8192,278.249
256,128,1,16384,510.353
256,128,2,16,50.1327
256,128,2,32,50.3783
256,128,2,64,50.5377
256,128,2,128,53.322
256,128,2,256,55.093
256,128,2,512,69.0343
256,128,2,1024,93.727
256,128,2,2048,141.642
256,128,2,4096,256.03
256,128,2,8192,380.872
256,128,2,16384,631.771
256,128,4,16,57.5463
256,128,4,32,58.005
256,128,4,64,58.016
256,128,4,128,65.1517
256,128,4,256,70.133
256,128,4,512,90.4953
256,128,4,1024,129.641
256,128,4,2048,206.473
256,128,4,4096,348.947
256,128,4,8192,589.979
256,128,4,16384,1076.26
256,128,8,16,72.4157
256,128,8,32,73.0977
256,128,8,64,73.7057
256,128,8,128,86.5807
256,128,8,256,101.108
256,128,8,512,134.857
256,128,8,1024,201.257
256,128,8,2048,338.152
256,128,8,4096,581.019
256,128,8,8192,1074.84
256,128,8,16384,2067.86
256,128,16,16,100.256
256,128,16,32,101.268
256,128,16,64,102.453
256,128,16,128,127.892
256,128,16,256,158.164
256,128,16,512,220.073
256,128,16,1024,357.01
256,128,16,2048,617.02
256,128,16,4096,1096.62
256,128,16,8192,2111.14
256,128,16,16384,4123.63
256,128,32,16,154.634
256,128,32,32,156.799
256,128,32,64,158.292
256,128,32,128,210.942
256,128,32,256,272.765
256,128,32,512,406.056
256,128,32,1024,728.731
256,128,32,2048,1240.06
256,128,32,4096,2354.95
256,128,32,8192,5196.15
256,128,32,16384,10928.3
256,128,64,16,263.443
256,128,64,32,267.56
256,128,64,64,270.867
256,128,64,128,382.835
256,128,64,256,513.34
256,128,64,512,847.407
256,128,64,1024,1585.55
256,128,64,2048,3106.39
256,128,64,4096,6137.41
256,128,64,8192,12221.6
256,128,64,16384,24283
256,128,128,16,488.135
256,128,128,32,496.637
256,128,128,64,505.063
256,128,128,128,748.912
256,128,128,256,1009.96
256,128,128,512,1620.54
256,128,128,1024,3099.82
256,128,128,2048,6121.14
256,128,128,4096,12168.2
256,128,128,8192,24247.7
256,128,128,16384,48426.6
256,256,0,0,41.8023
256,256,1,16,54.069
256,256,1,32,54.5167
256,256,1,64,54.4533
256,256,1,128,57.781
256,256,1,256,59.5517
256,256,1,512,65.2693
256,256,1,1024,80.661
256,256,1,2048,118.57
256,256,1,4096,175.55
256,256,1,8192,289.352
256,256,1,16384,519.367
256,256,2,16,59.946
256,256,2,32,60.341
256,256,2,64,60.0207
256,256,2,128,62.7087
256,256,2,256,64.4367
256,256,2,512,74.037
256,256,2,1024,99.5193
256,256,2,2048,152.586
256,256,2,4096,255.924
256,256,2,8192,414.878
256,256,2,16384,658.556
256,256,4,16,67.3057
256,256,4,32,67.114
256,256,4,64,67.327
256,256,4,128,73.6737
256,256,4,256,80.373
256,256,4,512,97.1943
256,256,4,1024,135.86
256,256,4,2048,211.636
256,256,4,4096,375.091
256,256,4,8192,615.986
256,256,4,16384,1095.38
256,256,8,16,82.2503
256,256,8,32,82.6023
256,256,8,64,83.093
256,256,8,128,95.85
256,256,8,256,110.229
256,256,8,512,140.447
256,256,8,1024,206.686
256,256,8,2048,346.11
256,256,8,4096,616.445
256,256,8,8192,1095.57
256,256,8,16384,2156.68
256,256,16,16,110.026
256,256,16,32,111.509
256,256,16,64,111.956
256,256,16,128,138.026
256,256,16,256,165.535
256,256,16,512,226.889
256,256,16,1024,358.706
256,256,16,2048,656.785
256,256,16,4096,1158.27
256,256,16,8192,2221.82
256,256,16,16384,4452.86
256,256,32,16,164.714
256,256,32,32,166.463
256,256,32,64,168.191
256,256,32,128,220.489
256,256,32,256,279.838
256,256,32,512,415.529
256,256,32,1024,769.115
256,256,32,2048,1324.61
256,256,32,4096,2478.89
256,256,32,8192,5311.69
256,256,32,16384,11023.6
256,256,64,16,273.843
256,256,64,32,277.812
256,256,64,64,281.267
256,256,64,128,389.747
256,256,64,256,521.746
256,256,64,512,840.795
256,256,64,1024,1595.48
256,256,64,2048,3093.68
256,256,64,4096,6130.58
256,256,64,8192,12224.2
256,256,64,16384,24301.7
256,256,128,16,467.219
256,256,128,32,475.336
256,256,128,64,512.338
256,256,128,128,756.22
256,256,128,256,1017.79
256,256,128,512,1613.98
256,256,128,1024,3104.59
256,256,128,2048,6125.68
256,256,128,4096,12172.4
256,256,128,8192,24280.4
256,256,128,16384,48438.5
256,512,0,0,55.1037
256,512,1,16,70.496
256,512,1,32,73.5467
256,512,1,64,73.3117
256,512,1,128,74.816
256,512,1,256,79.7543
256,512,1,512,81.93
256,512,1,1024,94.9327
256,512,1,2048,137.973
256,512,1,4096,196.372
256,512,1,8192,311.049
256,512,1,16384,538.909
256,512,2,16,79.5507
256,512,2,32,79.5303
256,512,2,64,79.615
256,512,2,128,82.0367
256,512,2,256,84.4793
256,512,2,512,86.9117
256,512,2,1024,114.762
256,512,2,2048,164.063
256,512,2,4096,256.661
256,512,2,8192,484.179
256,512,2,16384,735.249
256,512,4,16,86.037
256,512,4,32,85.855
256,512,4,64,85.664
256,512,4,128,92.8957
256,512,4,256,100.255
256,512,4,512,110.442
256,512,4,1024,151.54
256,512,4,2048,227.967
256,512,4,4096,380.638
256,512,4,8192,667.687
256,512,4,16384,1154.33
256,512,8,16,101.429
256,512,8,32,101.546
256,512,8,64,102.261
256,512,8,128,115.402
256,512,8,256,129.248
256,512,8,512,156.511
256,512,8,1024,221.716
256,512,8,2048,357.15
256,512,8,4096,663.378
256,512,8,8192,1159.58
256,512,8,16384,2190.61
256,512,16,16,129.247
256,512,16,32,130.133
256,512,16,64,131.391
256,512,16,128,157.93
256,512,16,256,185.866
256,512,16,512,241.63
256,512,16,1024,372.808
256,512,16,2048,714.321
256,512,16,4096,1305.11
256,512,16,8192,2532.17
256,512,16,16384,5032.06
256,512,32,16,184.202
256,512,32,32,186.559
256,512,32,64,188.33
256,512,32,128,241.396
256,512,32,256,297.385
256,512,32,512,428.424
256,512,32,1024,779.623
256,512,32,2048,1522.25
256,512,32,4096,2906.05
256,512,32,8192,5760.11
256,512,32,16384,11412.6
256,512,64,16,293.918
256,512,64,32,298.186
256,512,64,64,301.46
256,512,64,128,407.689
256,512,64,256,537.042
256,512,64,512,846.321
256,512,64,1024,1590.36
256,512,64,2048,3107.92
256,512,64,4096,6148.39
256,512,64,8192,12233.4
256,512,64,16384,24283
256,512,128,16,462.589
256,512,128,32,523.337
256,512,128,64,530.174
256,512,128,128,771.281
256,512,128,256,1032.77
256,512,128,512,1620.26
256,512,128,1024,3104.78
256,512,128,2048,6127.29
256,512,128,4096,12180.9
256,512,128,8192,24270.3
256,512,128,16384,48434
256,1024,0,0,81.28
256,1024,1,16,99.3487
256,1024,1,32,99.5623
256,1024,1,64,99.509
256,1024,1,128,115.893
256,1024,1,256,121.023
256,1024,1,512,122.709
256,1024,1,1024,124.981
256,1024,1,2048,151.914
256,1024,1,4096,240.639
256,1024,1,8192,355.337
256,1024,1,16384,586.29
256,1024,2,16,115.146
256,1024,2,32,115.391
256,1024,2,64,115.882
256,1024,2,128,121.45
256,1024,2,256,123.744
256,1024,2,512,127.541
256,1024,2,1024,130.186
256,1024,2,2048,187.807
256,1024,2,4096,292.574
256,1024,2,8192,490.973
256,1024,2,16384,875.313
256,1024,4,16,124.82
256,1024,4,32,124.351
256,1024,4,64,124.832
256,1024,4,128,129.589
256,1024,4,256,137.941
256,1024,4,512,150.89
256,1024,4,1024,168.117
256,1024,4,2048,252.49
256,1024,4,4096,417.021
256,1024,4,8192,736.53
256,1024,4,16384,1258.81
256,1024,8,16,138.292
256,1024,8,32,138.473
256,1024,8,64,139.466
256,1024,8,128,152.458
256,1024,8,256,167.797
256,1024,8,512,194.527
256,1024,8,1024,244.831
256,1024,8,2048,382.931
256,1024,8,4096,668.114
256,1024,8,8192,1313.53
256,1024,8,16384,2490.21
256,1024,16,16,166.506
256,1024,16,32,167.541
256,1024,16,64,168.448
256,1024,16,128,195.06
256,1024,16,256,224.831
256,1024,16,512,279.678
256,1024,16,1024,393.737
256,1024,16,2048,700.007
256,1024,16,4096,1413.75
256,1024,16,8192,2711.55
256,1024,16,16384,5304.79
256,1024,32,16,222.954
256,1024,32,32,224.81
256,1024,32,64,226.783
256,1024,32,128,280.085
256,1024,32,256,337.375
256,1024,32,512,456.403
256,1024,32,1024,743.122
256,1024,32,2048,1544.38
256,1024,32,4096,2994.05
256,1024,32,8192,5851.84
256,1024,32,16384,11630.5
256,1024,64,16,333.407
256,1024,64,32,337.599
256,1024,64,64,340.841
256,1024,64,128,448.691
256,1024,64,256,576.094
256,1024,64,512,873.373
256,1024,64,1024,1601.42
256,1024,64,2048,3121.1
256,1024,64,4096,6153.05
256,1024,64,8192,12232.3
256,1024,64,16384,24317.6
256,1024,128,16,522.612
256,1024,128,32,529.62
256,1024,128,64,571.177
256,1024,128,128,805
256,1024,128,256,1061.82
256,1024,128,512,1645.73
256,1024,128,1024,3118.1
256,1024,128,2048,6146.4
256,1024,128,4096,12207.6
256,1024,128,8192,24305.1
256,1024,128,16384,48433.1
256,2048,0,0,133.706
256,2048,1,16,150.432
256,2048,1,32,151.124
256,2048,1,64,151.37
256,2048,1,128,173.013
256,2048,1,256,184.811
256,2048,1,512,207.296
256,2048,1,1024,208.501
256,2048,1,2048,211.999
256,2048,1,4096,267.284
256,2048,1,8192,444.734
256,2048,1,16384,681.054
256,2048,2,16,171.935
256,2048,2,32,172.96
256,2048,2,64,172.341
256,2048,2,128,186.474
256,2048,2,256,200.223
256,2048,2,512,208.181
256,2048,2,1024,213.333
256,2048,2,2048,216.021
256,2048,2,4096,331.647
256,2048,2,8192,563.519
256,2048,2,16384,960.851
256,2048,4,16,188.64
256,2048,4,32,189.418
256,2048,4,64,190.411
256,2048,4,128,207.53
256,2048,4,256,211.764
256,2048,4,512,228.202
256,2048,4,1024,252.053
256,2048,4,2048,285.184
256,2048,4,4096,457.769
256,2048,4,8192,771.358
256,2048,4,16384,1434.73
256,2048,8,16,215.54
256,2048,8,32,215.701
256,2048,8,64,216.084
256,2048,8,128,227.925
256,2048,8,256,241.845
256,2048,8,512,273.258
256,2048,8,1024,325.524
256,2048,8,2048,420.564
256,2048,8,4096,713.715
256,2048,8,8192,1375.88
256,2048,8,16384,2621.86
256,2048,16,16,241.62
256,2048,16,32,242.41
256,2048,16,64,242.592
256,2048,16,128,269.109
256,2048,16,256,300.031
256,2048,16,512,358.986
256,2048,16,1024,471.562
256,2048,16,2048,686.921
256,2048,16,4096,1416.18
256,2048,16,8192,2881.38
256,2048,16,16384,5508.11
256,2048,32,16,298.026
256,2048,32,32,299.317
256,2048,32,64,301.311
256,2048,32,128,356.767
256,2048,32,256,414.837
256,2048,32,512,536.009
256,2048,32,1024,818.482
256,2048,32,2048,1409.72
256,2048,32,4096,3044.46
256,2048,32,8192,5975.63
256,2048,32,16384,11662.8
256,2048,64,16,412.01
256,2048,64,32,415.317
256,2048,64,64,418.666
256,2048,64,128,529.449
256,2048,64,256,660.201
256,2048,64,512,938.505
256,2048,64,1024,1636.53
256,2048,64,2048,3140.36
256,2048,64,4096,6173.97
256,2048,64,8192,12265.9
256,2048,64,16384,24339.6
256,2048,128,16,597.46
256,2048,128,32,605.471
256,2048,128,64,652.607
256,2048,128,128,889.043
256,2048,128,256,1137.81
256,2048,128,512,1690.19
256,2048,128,1024,3148.28
256,2048,128,2048,6168.66
256,2048,128,4096,12226.8
256,2048,128,8192,24353.3
256,2048,128,16384,48457
256,4096,0,0,237.707
256,4096,1,16,250.474
256,4096,1,32,254.24
256,4096,1,64,254.346
256,4096,1,128,288.565
256,4096,1,256,299.2
256,4096,1,512,320.693
256,4096,1,1024,361.866
256,4096,1,2048,379.349
256,4096,1,4096,384.703
256,4096,1,8192,500.458
256,4096,1,16384,854.227
256,4096,2,16,287.913
256,4096,2,32,286.155
256,4096,2,64,286.549
256,4096,2,128,300.448
256,4096,2,256,315.316
256,4096,2,512,342.795
256,4096,2,1024,378.581
256,4096,2,2048,384
256,4096,2,4096,392.244
256,4096,2,8192,625.79
256,4096,2,16384,1095.75
256,4096,4,16,303.125
256,4096,4,32,303.53
256,4096,4,64,303.231
256,4096,4,128,324.618
256,4096,4,256,348.138
256,4096,4,512,380.703
256,4096,4,1024,401.129
256,4096,4,2048,453.994
256,4096,4,4096,520.5
256,4096,4,8192,869.172
256,4096,4,16384,1474.76
256,4096,8,16,337.6
256,4096,8,32,340.02
256,4096,8,64,340.575
256,4096,8,128,380.565
256,4096,8,256,389.354
256,4096,8,512,414.655
256,4096,8,1024,479.156
256,4096,8,2048,587.039
256,4096,8,4096,772.852
256,4096,8,8192,1375.67
256,4096,8,16384,2861.66
256,4096,16,16,393.311
256,4096,16,32,394.729
256,4096,16,64,395.199
256,4096,16,128,418.186
256,4096,16,256,447.465
256,4096,16,512,507.753
256,4096,16,1024,630.675
256,4096,16,2048,855.444
256,4096,16,4096,1283.99
256,4096,16,8192,2917.26
256,4096,16,16384,5739.38
256,4096,32,16,444.981
256,4096,32,32,447.071
256,4096,32,64,448.671
256,4096,32,128,505.258
256,4096,32,256,567.156
256,4096,32,512,688.724
256,4096,32,1024,976.425
256,4096,32,2048,1569.03
256,4096,32,4096,3022.14
256,4096,32,8192,6050.41
256,4096,32,16384,11871.5
256,4096,64,16,561.673
256,4096,64,32,565.375
256,4096,64,64,568.692
256,4096,64,128,684.639
256,4096,64,256,818.537
256,4096,64,512,1082.98
256,4096,64,1024,1730.44
256,4096,64,2048,3194.56
256,4096,64,4096,6228.67
256,4096,64,8192,12339.4
256,4096,64,16384,24426.8
256,4096,128,16,710.687
256,4096,128,32,721.3
256,4096,128,64,812.895
256,4096,128,128,1049.44
256,4096,128,256,1301.81
256,4096,128,512,1827.3
256,4096,128,1024,3201.42
256,4096,128,2048,6212.28
256,4096,128,4096,12253.4
256,4096,128,8192,24403
256,4096,128,16384,48534.6
256,8192,0,0,444.703
256,8192,1,16,462.762
256,8192,1,32,460.309
256,8192,1,64,460.916
256,8192,1,128,512.799
256,8192,1,256,526.548
256,8192,1,512,546.41
256,8192,1,1024,589.247
256,8192,1,2048,675.411
256,8192,1,4096,719.764
256,8192,1,8192,726.025
256,8192,1,16384,964.788
256,8192,2,16,514.452
256,8192,2,32,515.348
256,8192,2,64,516.682
256,8192,2,128,528.65
256,8192,2,256,542.538
256,8192,2,512,570.399
256,8192,2,1024,627.412
256,8192,2,2048,721.855
256,8192,2,4096,725.876
256,8192,2,8192,748.382
256,8192,2,16384,1210.71
256,8192,4,16,532.811
256,8192,4,32,533.535
256,8192,4,64,533.311
256,8192,4,128,554.271
256,8192,4,256,578.719
256,8192,4,512,619.594
256,8192,4,1024,708.064
256,8192,4,2048,752.479
256,8192,4,4096,856.309
256,8192,4,8192,991.124
256,8192,4,16384,1684.37
256,8192,8,16,567.199
256,8192,8,32,568.33
256,8192,8,64,569.216
256,8192,8,128,607.018
256,8192,8,256,644.607
256,8192,8,512,723.924
256,8192,8,1024,767.679
256,8192,8,2048,890.143
256,8192,8,4096,1110.25
256,8192,8,8192,1478.72
256,8192,8,16384,2797.18
256,8192,16,16,634.101
256,8192,16,32,639.38
256,8192,16,64,640
256,8192,16,128,710.987
256,8192,16,256,751.209
256,8192,16,512,801.514
256,8192,16,1024,928.564
256,8192,16,2048,1165.03
256,8192,16,4096,1641.03
256,8192,16,8192,2643.13
256,8192,16,16384,5877.5
256,8192,32,16,751.051
256,8192,32,32,751.327
256,8192,32,64,753.739
256,8192,32,128,803.562
256,8192,32,256,862.506
256,8192,32,512,993.856
256,8192,32,1024,1258.19
256,8192,32,2048,1884.55
256,8192,32,4096,3177.28
256,8192,32,8192,6081.65
256,8192,32,16384,12105.8
256,8192,64,16,858.965
256,8192,64,32,862.56
256,8192,64,64,867.605
256,8192,64,128,987.562
256,8192,64,256,1123.1
256,8192,64,512,1390.32
256,8192,64,1024,1969.38
256,8192,64,2048,3378.13
256,8192,64,4096,6333.87
256,8192,64,8192,12470.8
256,8192,64,16384,24631.5
256,8192,128,16,1096.84
256,8192,128,32,1109.08
256,8192,128,64,1122.47
256,8192,128,128,1363.35
256,8192,128,256,1617.04
256,8192,128,512,2132.54
256,8192,128,1024,3420.19
256,8192,128,2048,6348.89
256,8192,128,4096,12362.1
256,8192,128,8192,24500.7
256,8192,128,16384,48757.1
256,16384,0,0,870.505
256,16384,1,16,875.893
256,16384,1,32,875.05
256,16384,1,64,875.391
256,16384,1,128,975.571
256,16384,1,256,982.133
256,16384,1,512,1002.78
256,16384,1,1024,1045.52
256,16384,1,2048,1137.13
256,16384,1,4096,1314.91
256,16384,1,8192,1408.92
256,16384,1,16384,1424.95
256,16384,2,16,972.842
256,16384,2,32,973.589
256,16384,2,64,972.906
256,16384,2,128,988.394
256,16384,2,256,1004.18
256,16384,2,512,1029.55
256,16384,2,1024,1084.44
256,16384,2,2048,1208.65
256,16384,2,4096,1406.32
256,16384,2,8192,1411.69
256,16384,2,16384,1467.68
256,16384,4,16,989.162
256,16384,4,32,992.053
256,16384,4,64,990.964
256,16384,4,128,1010.92
256,16384,4,256,1033
256,16384,4,512,1078.57
256,16384,4,1024,1162.43
256,16384,4,2048,1342.53
256,16384,4,4096,1450.64
256,16384,4,8192,1665.52
256,16384,4,16384,1947.96
256,16384,8,16,1023.64
256,16384,8,32,1024.14
256,16384,8,64,1026.17
256,16384,8,128,1062.35
256,16384,8,256,1102.3
256,16384,8,512,1181.25
256,16384,8,1024,1347.97
256,16384,8,2048,1481.41
256,16384,8,4096,1706.43
256,16384,8,8192,2162.53
256,16384,8,16384,3025.02
256,16384,16,16,1094.93
256,16384,16,32,1093.97
256,16384,16,64,1098.34
256,16384,16,128,1166.92
256,16384,16,256,1246.84
256,16384,16,512,1403.24
256,16384,16,1024,1526.53
256,16384,16,2048,1765.14
256,16384,16,4096,2262.43
256,16384,16,8192,3396.66
256,16384,16,16384,6007.16
256,16384,32,16,1236.64
256,16384,32,32,1239.07
256,16384,32,64,1243.33
256,16384,32,128,1390.21
256,16384,32,256,1476.82
256,16384,32,512,1587.36
256,16384,32,1024,1848.58
256,16384,32,2048,2383.61
256,16384,32,4096,3752.43
256,16384,32,8192,6457.73
256,16384,32,16384,12117.8
256,16384,64,16,1476.1
256,16384,64,32,1478.71
256,16384,64,64,1483.51
256,16384,64,128,1590.85
256,16384,64,256,1719.65
256,16384,64,512,1992.65
256,16384,64,1024,2549.81
256,16384,64,2048,3854.65
256,16384,64,4096,6719.73
256,16384,64,8192,12638.4
256,16384,64,16384,24909.3
256,16384,128,16,1702.57
256,16384,128,32,1712.06
256,16384,128,64,1723.79
256,16384,128,128,1971.98
256,16384,128,256,2234.29
256,16384,128,512,2757.37
256,16384,128,1024,3922.04
256,16384,128,2048,6770.19
256,16384,128,4096,12639.1
256,16384,128,8192,24682.3
256,16384,128,16384,49017.5
512,0,0,0,69.7067
512,0,1,16,72.7467
512,0,1,32,72.96
512,0,1,64,73.2697
512,0,1,128,80.672
512,0,1,256,82.4533
512,0,1,512,88.3947
512,0,1,1024,108
512,0,1,2048,142.453
512,0,1,4096,202.005
512,0,1,8192,315.168
512,0,1,16384,544.576
512,0,2,16,83.8187
512,0,2,32,83.4137
512,0,2,64,84.3633
512,0,2,128,86.656
512,0,2,256,90.1863
512,0,2,512,100.149
512,0,2,1024,124.736
512,0,2,2048,172.779
512,0,2,4096,272.811
512,0,2,8192,492.757
512,0,2,16384,741.578
512,0,4,16,92.6077
512,0,4,32,92.8107
512,0,4,64,92.6507
512,0,4,128,98.9333
512,0,4,256,105.792
512,0,4,512,123.317
512,0,4,1024,161.238
512,0,4,2048,237.258
512,0,4,4096,395.445
512,0,4,8192,674.219
512,0,4,16384,1165.41
512,0,8,16,110.592
512,0,8,32,111.061
512,0,8,64,111.168
512,0,8,128,123.968
512,0,8,256,137.878
512,0,8,512,170.038
512,0,8,1024,237.227
512,0,8,2048,381.312
512,0,8,4096,678.848
512,0,8,8192,1193.91
512,0,8,16384,2215.97
512,0,16,16,148.053
512,0,16,32,147.594
512,0,16,64,148.395
512,0,16,128,173.973
512,0,16,256,202.261
512,0,16,512,264.149
512,0,16,1024,411.777
512,0,16,2048,751.339
512,0,16,4096,1325.21
512,0,16,8192,2491.94
512,0,16,16384,4778.88
512,0,32,16,216.757
512,0,32,32,218.752
512,0,32,64,220.672
512,0,32,128,272.33
512,0,32,256,333.536
512,0,32,512,461.174
512,0,32,1024,824.192
512,0,32,2048,1503.46
512,0,32,4096,2614.29
512,0,32,8192,5033.51
512,0,32,16384,10870.4
512,0,64,16,357.675
512,0,64,32,361.089
512,0,64,64,364.288
512,0,64,128,475.477
512,0,64,256,605.11
512,0,64,512,904.204
512,0,64,1024,1637.56
512,0,64,2048,3117.7
512,0,64,4096,6134.73
512,0,64,8192,12222.9
512,0,64,16384,24287.3
512,0,128,16,583.798
512,0,128,32,590.87
512,0,128,64,663.905
512,0,128,128,908.032
512,0,128,256,1164.53
512,0,128,512,1706.23
512,0,128,1024,3133.29
512,0,128,2048,6141.43
512,0,128,4096,12187.2
512,0,128,8192,24286.1
512,0,128,16384,48408.7
512,16,0,0,77.8667
512,16,1,16,80.9713
512,16,1,32,80.9493
512,16,1,64,81.3867
512,16,1,128,89.3337
512,16,1,256,90.6453
512,16,1,512,94.6667
512,16,1,1024,113.845
512,16,1,2048,151.989
512,16,1,4096,211.404
512,16,1,8192,325.11
512,16,1,16384,550.923
512,16,2,16,92.32
512,16,2,32,92.672
512,16,2,64,92.6403
512,16,2,128,95.8507
512,16,2,256,98.731
512,16,2,512,105.92
512,16,2,1024,131.446
512,16,2,2048,180.32
512,16,2,4096,277.408
512,16,2,8192,498.636
512,16,2,16384,773.356
512,16,4,16,101.685
512,16,4,32,101.952
512,16,4,64,102.453
512,16,4,128,108.097
512,16,4,256,115.338
512,16,4,512,129.984
512,16,4,1024,168.96
512,16,4,2048,243.329
512,16,4,4096,400.886
512,16,4,8192,695.83
512,16,4,16384,1189.6
512,16,8,16,119.285
512,16,8,32,120.118
512,16,8,64,120.715
512,16,8,128,133.408
512,16,8,256,147.104
512,16,8,512,177.163
512,16,8,1024,244.15
512,16,8,2048,382.614
512,16,8,4096,690.262
512,16,8,8192,1208.56
512,16,8,16384,2231.64
512,16,16,16,155.477
512,16,16,32,156.661
512,16,16,64,157.344
512,16,16,128,182.785
512,16,16,256,211.585
512,16,16,512,271.457
512,16,16,1024,410.913
512,16,16,2048,764.033
512,16,16,4096,1399.22
512,16,16,8192,2633.12
512,16,16,16384,5125.66
512,16,32,16,226.229
512,16,32,32,228.096
512,16,32,64,229.878
512,16,32,128,282.07
512,16,32,256,340.331
512,16,32,512,466.39
512,16,32,1024,824.588
512,16,32,2048,1548.49
512,16,32,4096,2839.53
512,16,32,8192,5648.27
512,16,32,16384,11104
512,16,64,16,367.104
512,16,64,32,370.976
512,16,64,64,374.55
512,16,64,128,482.219
512,16,64,256,612.246
512,16,64,512,908.108
512,16,64,1024,1641.94
512,16,64,2048,3114.18
512,16,64,4096,6123.66
512,16,64,8192,12222.5
512,16,64,16384,24290
512,16,128,16,590.38
512,16,128,32,607.553
512,16,128,64,670.849
512,16,128,128,915.213
512,16,128,256,1170.83
512,16,128,512,1710.48
512,16,128,1024,3137.21
512,16,128,2048,6145.74
512,16,128,4096,12188.7
512,16,128,8192,24294.3
512,16,128,16384,48416.8
512,32,0,0,77.696
512,32,1,16,81.526
512,32,1,32,81.5573
512,32,1,64,81.2693
512,32,1,128,90.0907
512,32,1,256,91.595
512,32,1,512,94.6457
512,32,1,1024,113.579
512,32,1,2048,151.659
512,32,1,4096,211.158
512,32,1,8192,325.974
512,32,1,16384,556.076
512,32,2,16,92.4167
512,32,2,32,92.3947
512,32,2,64,93.0347
512,32,2,128,96.0967
512,32,2,256,99.5743
512,32,2,512,106.528
512,32,2,1024,132.065
512,32,2,2048,181.248
512,32,2,4096,277.173
512,32,2,8192,497.996
512,32,2,16384,776.972
512,32,4,16,101.728
512,32,4,32,101.994
512,32,4,64,102.55
512,32,4,128,108.373
512,32,4,256,115.52
512,32,4,512,129.878
512,32,4,1024,168.757
512,32,4,2048,243.51
512,32,4,4096,399.51
512,32,4,8192,696.577
512,32,4,16384,1200.16
512,32,8,16,119.67
512,32,8,32,120.512
512,32,8,64,120.544
512,32,8,128,133.557
512,32,8,256,148.619
512,32,8,512,177.259
512,32,8,1024,244.363
512,32,8,2048,384.801
512,32,8,4096,687.542
512,32,8,8192,1222.77
512,32,8,16384,2273.33
512,32,16,16,156.182
512,32,16,32,156.48
512,32,16,64,157.547
512,32,16,128,184.31
512,32,16,256,211.691
512,32,16,512,271.702
512,32,16,1024,409.121
512,32,16,2048,758.647
512,32,16,4096,1389.02
512,32,16,8192,2606.85
512,32,16,16384,5125.03
512,32,32,16,226.337
512,32,32,32,228.673
512,32,32,64,230.048
512,32,32,128,282.593
512,32,32,256,340.161
512,32,32,512,467.372
512,32,32,1024,824.706
512,32,32,2048,1547.46
512,32,32,4096,2768.27
512,32,32,8192,4928.62
512,32,32,16384,10852
512,32,64,16,366.924
512,32,64,32,370.891
512,32,64,64,374.049
512,32,64,128,482.294
512,32,64,256,612.514
512,32,64,512,909.656
512,32,64,1024,1637.72
512,32,64,2048,3130.18
512,32,64,4096,6129.37
512,32,64,8192,12174.8
512,32,64,16384,24293.6
512,32,128,16,590.413
512,32,128,32,597.122
512,32,128,64,670.572
512,32,128,128,917.506
512,32,128,256,1172.08
512,32,128,512,1711.3
512,32,128,1024,3157.36
512,32,128,2048,6144.92
512,32,128,4096,12198
512,32,128,8192,24242.9
512,32,128,16384,48419
512,64,0,0,78.3897
512,64,1,16,81.9413
512,64,1,32,81.5153
512,64,1,64,81.803
512,64,1,128,83.222
512,64,1,256,91.8727
512,64,1,512,95.0513
512,64,1,1024,114.997
512,64,1,2048,151.233
512,64,1,4096,211.2
512,64,1,8192,325.42
512,64,1,16384,553.676
512,64,2,16,92.6933
512,64,2,32,93.3227
512,64,2,64,92.5867
512,64,2,128,96.4907
512,64,2,256,99.233
512,64,2,512,106.966
512,64,2,1024,131.755
512,64,2,2048,181.259
512,64,2,4096,279.009
512,64,2,8192,494.284
512,64,2,16384,777.709
512,64,4,16,102.667
512,64,4,32,102.006
512,64,4,64,101.952
512,64,4,128,108.246
512,64,4,256,116.086
512,64,4,512,130.059
512,64,4,1024,168.993
512,64,4,2048,244.331
512,64,4,4096,400.333
512,64,4,8192,706.338
512,64,4,16384,1204.96
512,64,8,16,120.203
512,64,8,32,120.374
512,64,8,64,120.769
512,64,8,128,134.251
512,64,8,256,147.446
512,64,8,512,177.537
512,64,8,1024,244.406
512,64,8,2048,382.913
512,64,8,4096,685.058
512,64,8,8192,1223.72
512,64,8,16384,2230.66
512,64,16,16,156.182
512,64,16,32,156.854
512,64,16,64,157.43
512,64,16,128,183.637
512,64,16,256,211.147
512,64,16,512,271.83
512,64,16,1024,411.799
512,64,16,2048,759.095
512,64,16,4096,1396.08
512,64,16,8192,2660.41
512,64,16,16384,5140.41
512,64,32,16,226.731
512,64,32,32,228.374
512,64,32,64,231.222
512,64,32,128,282.337
512,64,32,256,340.438
512,64,32,512,467.5
512,64,32,1024,821.783
512,64,32,2048,1547.08
512,64,32,4096,2716
512,64,32,8192,5590.56
512,64,32,16384,10931.5
512,64,64,16,367.447
512,64,64,32,371.137
512,64,64,64,374.593
512,64,64,128,483.148
512,64,64,256,613.399
512,64,64,512,907.481
512,64,64,1024,1644.41
512,64,64,2048,3116.42
512,64,64,4096,6132.12
512,64,64,8192,12231.7
512,64,64,16384,24286.7
512,64,128,16,653.602
512,64,128,32,661.314
512,64,128,64,670.274
512,64,128,128,915.95
512,64,128,256,1172.15
512,64,128,512,1712.85
512,64,128,1024,3137.1
512,64,128,2048,6146.3
512,64,128,4096,12193.5
512,64,128,8192,24290.4
512,64,128,16384,48409.7
512,128,0,0,85.099
512,128,1,16,88.224
512,128,1,32,88.4157
512,128,1,64,87.8727
512,128,1,128,97.4513
512,128,1,256,99.1367
512,128,1,512,103.168
512,128,1,1024,121.526
512,128,1,2048,158.401
512,128,1,4096,220.918
512,128,1,8192,335.212
512,128,1,16384,564.087
512,128,2,16,99.4033
512,128,2,32,99.6803
512,128,2,64,99.6807
512,128,2,128,103.019
512,128,2,256,107.126
512,128,2,512,113.685
512,128,2,1024,139.702
512,128,2,2048,187.883
512,128,2,4096,284.62
512,128,2,8192,492.002
512,128,2,16384,800.184
512,128,4,16,109.184
512,128,4,32,108.939
512,128,4,64,109.163
512,128,4,128,115.948
512,128,4,256,122.464
512,128,4,512,136.897
512,128,4,1024,176.033
512,128,4,2048,252.3
512,128,4,4096,408.012
512,128,4,8192,720.301
512,128,4,16384,1214.85
512,128,8,16,127.275
512,128,8,32,127.616
512,128,8,64,128.235
512,128,8,128,141.387
512,128,8,256,155.061
512,128,8,512,184.566
512,128,8,1024,251.585
512,128,8,2048,388.897
512,128,8,4096,706.947
512,128,8,8192,1234.9
512,128,8,16384,2294.85
512,128,16,16,163.392
512,128,16,32,164.129
512,128,16,64,165.228
512,128,16,128,191.201
512,128,16,256,219.233
512,128,16,512,279.542
512,128,16,1024,414.551
512,128,16,2048,768.099
512,128,16,4096,1423.7
512,128,16,8192,2702.7
512,128,16,16384,5350.88
512,128,32,16,233.74
512,128,32,32,235.959
512,128,32,64,237.579
512,128,32,128,290.465
512,128,32,256,348.172
512,128,32,512,475.351
512,128,32,1024,826.819
512,128,32,2048,1572.35
512,128,32,4096,2912.83
512,128,32,8192,5666.48
512,128,32,16384,11058.5
512,128,64,16,376.14
512,128,64,32,378.572
512,128,64,64,382.114
512,128,64,128,490.434
512,128,64,256,620.984
512,128,64,512,914.649
512,128,64,1024,1643.2
512,128,64,2048,3136.53
512,128,64,4096,6134.84
512,128,64,8192,12180.3
512,128,64,16384,24293.5
512,128,128,16,661.24
512,128,128,32,669.485
512,128,128,64,678.402
512,128,128,128,924.708
512,128,128,256,1179.66
512,128,128,512,1719.97
512,128,128,1024,3146.56
512,128,128,2048,6142.48
512,128,128,4096,12198.8
512,128,128,8192,24245.3
512,128,128,16384,48409.6
512,256,0,0,98.838
512,256,1,16,102.624
512,256,1,32,102.529
512,256,1,64,112.214
512,256,1,128,114.87
512,256,1,256,116.033
512,256,1,512,119.275
512,256,1,1024,134.39
512,256,1,2048,172.939
512,256,1,4096,241.654
512,256,1,8192,355.287
512,256,1,16384,583.032
512,256,2,16,116.363
512,256,2,32,115.883
512,256,2,64,116.267
512,256,2,128,119.126
512,256,2,256,123.553
512,256,2,512,129.75
512,256,2,1024,153.537
512,256,2,2048,204.438
512,256,2,4096,298.924
512,256,2,8192,503.917
512,256,2,16384,865.432
512,256,4,16,124.853
512,256,4,32,125.43
512,256,4,64,125.729
512,256,4,128,132.726
512,256,4,256,139.318
512,256,4,512,152.566
512,256,4,1024,191.147
512,256,4,2048,267.393
512,256,4,4096,421.185
512,256,4,8192,754.531
512,256,4,16384,1269.39
512,256,8,16,143.915
512,256,8,32,144.001
512,256,8,64,143.787
512,256,8,128,157.515
512,256,8,256,171.222
512,256,8,512,198.273
512,256,8,1024,265.611
512,256,8,2048,406.551
512,256,8,4096,728.952
512,256,8,8192,1308.04
512,256,8,16384,2426.9
512,256,16,16,179.82
512,256,16,32,180.342
512,256,16,64,181.707
512,256,16,128,208.62
512,256,16,256,236.097
512,256,16,512,292.812
512,256,16,1024,424.471
512,256,16,2048,788.057
512,256,16,4096,1493.55
512,256,16,8192,2822.71
512,256,16,16384,5433.39
512,256,32,16,250.966
512,256,32,32,252.652
512,256,32,64,254.465
512,256,32,128,306.658
512,256,32,256,363.937
512,256,32,512,489.879
512,256,32,1024,830.777
512,256,32,2048,1582.24
512,256,32,4096,3035.68
512,256,32,8192,5988.1
512,256,32,16384,11622.5
512,256,64,16,392.386
512,256,64,32,395.852
512,256,64,64,398.872
512,256,64,128,505.527
512,256,64,256,636.599
512,256,64,512,919.524
512,256,64,1024,1648.52
512,256,64,2048,3133.85
512,256,64,4096,6139.76
512,256,64,8192,12240.8
512,256,64,16384,24292.2
512,256,128,16,610.189
512,256,128,32,616.793
512,256,128,64,692.867
512,256,128,128,937.55
512,256,128,256,1194.3
512,256,128,512,1727.89
512,256,128,1024,3175.07
512,256,128,2048,6153.17
512,256,128,4096,12207.4
512,256,128,8192,24303.7
512,256,128,16384,48422.6
512,512,0,0,128.577
512,512,1,16,131.659
512,512,1,32,131.531
512,512,1,64,130.912
512,512,1,128,133.782
512,512,1,256,147.34
512,512,1,512,152.192
512,512,1,1024,160.661
512,512,1,2048,197.612
512,512,1,4096,272.097
512,512,1,8192,391.81
512,512,1,16384,620.419
512,512,2,16,147.969
512,512,2,32,148.353
512,512,2,64,148.16
512,512,2,128,151.883
512,512,2,256,155.447
512,512,2,512,163.233
512,512,2,1024,179.734
512,512,2,2048,230.273
512,512,2,4096,328.855
512,512,2,8192,524.525
512,512,2,16384,981.945
512,512,4,16,157.355
512,512,4,32,158.123
512,512,4,64,157.644
512,512,4,128,164.321
512,512,4,256,172.129
512,512,4,512,185.12
512,512,4,1024,217.824
512,512,4,2048,295.276
512,512,4,4096,445.282
512,512,4,8192,771.054
512,512,4,16384,1375.89
512,512,8,16,175.873
512,512,8,32,176.096
512,512,8,64,176.577
512,512,8,128,190.294
512,512,8,256,205.089
512,512,8,512,231.756
512,512,8,1024,293.345
512,512,8,2048,430.093
512,512,8,4096,747.694
512,512,8,8192,1405.68
512,512,8,16384,2533.29
512,512,16,16,212.385
512,512,16,32,213.889
512,512,16,64,213.974
512,512,16,128,240.876
512,512,16,256,269.868
512,512,16,512,324.961
512,512,16,1024,451.063
512,512,16,2048,790.617
512,512,16,4096,1536.86
512,512,16,8192,2923.03
512,512,16,16384,5631.49
512,512,32,16,283.723
512,512,32,32,285.292
512,512,32,64,286.754
512,512,32,128,340.865
512,512,32,256,398.242
512,512,32,512,516.428
512,512,32,1024,844.153
512,512,32,2048,1593.21
512,512,32,4096,3082.84
512,512,32,8192,6055.52
512,512,32,16384,11997.7
512,512,64,16,425.762
512,512,64,32,429.655
512,512,64,64,433.698
512,512,64,128,540.205
512,512,64,256,665.923
512,512,64,512,938.255
512,512,64,1024,1650.13
512,512,64,2048,3150.59
512,512,64,4096,6146.05
512,512,64,8192,12197.3
512,512,64,16384,24304.3
512,512,128,16,690.436
512,512,128,32,702.659
512,512,128,64,725.507
512,512,128,128,967.386
512,512,128,256,1222.22
512,512,128,512,1752.42
512,512,128,1024,3162.37
512,512,128,2048,6169.08
512,512,128,4096,12220
512,512,128,8192,24273.6
512,512,128,16384,48424.8
512,1024,0,0,182.582
512,1024,1,16,190.304
512,1024,1,32,190.112
512,1024,1,64,190.305
512,1024,1,128,208.908
512,1024,1,256,213.558
512,1024,1,512,216.193
512,1024,1,1024,222.273
512,1024,1,2048,251.052
512,1024,1,4096,334.914
512,1024,1,8192,463.565
512,1024,1,16384,693.486
512,1024,2,16,211.798
512,1024,2,32,214.54
512,1024,2,64,211.127
512,1024,2,128,218.028
512,1024,2,256,221.388
512,1024,2,512,226.785
512,1024,2,1024,237.558
512,1024,2,2048,284.94
512,1024,2,4096,383.981
512,1024,2,8192,577.976
512,1024,2,16384,1023.65
512,1024,4,16,221.388
512,1024,4,32,221.836
512,1024,4,64,222.188
512,1024,4,128,228.332
512,1024,4,256,235.607
512,1024,4,512,250.838
512,1024,4,1024,274.978
512,1024,4,2048,352.514
512,1024,4,4096,513.048
512,1024,4,8192,829.775
512,1024,4,16384,1513.8
512,1024,8,16,239.82
512,1024,8,32,239.746
512,1024,8,64,240.492
512,1024,8,128,254.22
512,1024,8,256,268.77
512,1024,8,512,296.471
512,1024,8,1024,349.09
512,1024,8,2048,484.259
512,1024,8,4096,782.725
512,1024,8,8192,1492.21
512,1024,8,16384,2774.36
512,1024,16,16,276.397
512,1024,16,32,277.751
512,1024,16,64,277.846
512,1024,16,128,306.071
512,1024,16,256,335.297
512,1024,16,512,391.096
512,1024,16,1024,506.786
512,1024,16,2048,834.639
512,1024,16,4096,1569.21
512,1024,16,8192,3023.66
512,1024,16,16384,5774.91
512,1024,32,16,349.208
512,1024,32,32,351.586
512,1024,32,64,352.301
512,1024,32,128,406.893
512,1024,32,256,464.248
512,1024,32,512,580.259
512,1024,32,1024,891.365
512,1024,32,2048,1602.96
512,1024,32,4096,3118.37
512,1024,32,8192,6095.2
512,1024,32,16384,12063.4
512,1024,64,16,492.728
512,1024,64,32,495.694
512,1024,64,64,499.811
512,1024,64,128,607.918
512,1024,64,256,734.809
512,1024,64,512,992.912
512,1024,64,1024,1639.1
512,1024,64,2048,3148.67
512,1024,64,4096,6162.8
512,1024,64,8192,12254
512,1024,64,16384,24331.3
512,1024,128,16,747.812
512,1024,128,32,752.004
512,1024,128,64,793.562
512,1024,128,128,1029.76
512,1024,128,256,1278.65
512,1024,128,512,1811.26
512,1024,128,1024,3150.82
512,1024,128,2048,6187.77
512,1024,128,4096,12231
512,1024,128,8192,24361.9
512,1024,128,16384,48442.9
512,2048,0,0,291.266
512,2048,1,16,298.711
512,2048,1,32,299.959
512,2048,1,64,300.087
512,2048,1,128,330.412
512,2048,1,256,334.487
512,2048,1,512,350.455
512,2048,1,1024,357.996
512,2048,1,2048,366.242
512,2048,1,4096,422.872
512,2048,1,8192,592.419
512,2048,1,16384,833.988
512,2048,2,16,327.83
512,2048,2,32,328.781
512,2048,2,64,329.591
512,2048,2,128,337.047
512,2048,2,256,349.229
512,2048,2,512,360.065
512,2048,2,1024,369.794
512,2048,2,2048,381.218
512,2048,2,4096,487.309
512,2048,2,8192,698.66
512,2048,2,16384,1115.97
512,2048,4,16,339.213
512,2048,4,32,339.596
512,2048,4,64,338.722
512,2048,4,128,357.058
512,2048,4,256,368.397
512,2048,4,512,380.706
512,2048,4,1024,406.69
512,2048,4,2048,451.896
512,2048,4,4096,614.766
512,2048,4,8192,944.496
512,2048,4,16384,1567.86
512,2048,8,16,367.639
512,2048,8,32,367.34
512,2048,8,64,367.053
512,2048,8,128,384.151
512,2048,8,256,398.061
512,2048,8,512,427.288
512,2048,8,1024,482.647
512,2048,8,2048,584.12
512,2048,8,4096,869.305
512,2048,8,8192,1574.25
512,2048,8,16384,2936.11
512,2048,16,16,406.69
512,2048,16,32,407.117
512,2048,16,64,407.522
512,2048,16,128,435.469
512,2048,16,256,464.312
512,2048,16,512,522.104
512,2048,16,1024,640.75
512,2048,16,2048,885.381
512,2048,16,4096,1516.07
512,2048,16,8192,3111.27
512,2048,16,16384,5970.12
512,2048,32,16,478.211
512,2048,32,32,479.917
512,2048,32,64,482.146
512,2048,32,128,538.243
512,2048,32,256,595.79
512,2048,32,512,714.702
512,2048,32,1024,974.918
512,2048,32,2048,1599.03
512,2048,32,4096,3161.73
512,2048,32,8192,6195.7
512,2048,32,16384,12161.6
512,2048,64,16,623.8
512,2048,64,32,627.983
512,2048,64,64,631.267
512,2048,64,128,743.044
512,2048,64,256,871.397
512,2048,64,512,1119.87
512,2048,64,1024,1714.37
512,2048,64,2048,3189.36
512,2048,64,4096,6233.17
512,2048,64,8192,12310.4
512,2048,64,16384,24397.3
512,2048,128,16,820.666
512,2048,128,32,843.002
512,2048,128,64,929.616
512,2048,128,128,1166.16
512,2048,128,256,1409.9
512,2048,128,512,1908.5
512,2048,128,1024,3207.29
512,2048,128,2048,6205.01
512,2048,128,4096,12284.3
512,2048,128,8192,24360
512,2048,128,16384,48512.1
512,4096,0,0,504.162
512,4096,1,16,506.552
512,4096,1,32,508.109
512,4096,1,64,507.192
512,4096,1,128,512.653
512,4096,1,256,561.464
512,4096,1,512,578.201
512,4096,1,1024,605.508
512,4096,1,2048,643.15
512,4096,1,4096,649.273
512,4096,1,8192,767.738
512,4096,1,16384,1112.43
512,4096,2,16,558.52
512,4096,2,32,557.198
512,4096,2,64,558.872
512,4096,2,128,565.326
512,4096,2,256,575.714
512,4096,2,512,597.528
512,4096,2,1024,640.804
512,4096,2,2048,655.46
512,4096,2,4096,670.703
512,4096,2,8192,889.979
512,4096,2,16384,1359.11
512,4096,4,16,568.76
512,4096,4,32,570.819
512,4096,4,64,569.24
512,4096,4,128,587.704
512,4096,4,256,602.83
512,4096,4,512,637.86
512,4096,4,1024,666.521
512,4096,4,2048,722.394
512,4096,4,4096,796.132
512,4096,4,8192,1137.56
512,4096,4,16384,1754.68
512,4096,8,16,596.207
512,4096,8,32,596.579
512,4096,8,64,596.163
512,4096,8,128,624.121
512,4096,8,256,652.441
512,4096,8,512,686.223
512,4096,8,1024,740.739
512,4096,8,2048,859.28
512,4096,8,4096,1049.35
512,4096,8,8192,1640.82
512,4096,8,16384,3064.01
512,4096,16,16,651.246
512,4096,16,32,652.911
512,4096,16,64,653.849
512,4096,16,128,694.105
512,4096,16,256,723.375
512,4096,16,512,781.167
512,4096,16,1024,903.524
512,4096,16,2048,1137.77
512,4096,16,4096,1597.73
512,4096,16,8192,3088.01
512,4096,16,16384,6180.97
512,4096,32,16,737.423
512,4096,32,32,738.308
512,4096,32,64,740.101
512,4096,32,128,795.088
512,4096,32,256,857.989
512,4096,32,512,982.502
512,4096,32,1024,1226.78
512,4096,32,2048,1768.89
512,4096,32,4096,3127.07
512,4096,32,8192,6352.8
512,4096,32,16384,12336
512,4096,64,16,883.057
512,4096,64,32,888.09
512,4096,64,64,891.675
512,4096,64,128,1009.79
512,4096,64,256,1137.89
512,4096,64,512,1388.3
512,4096,64,1024,1899.45
512,4096,64,2048,3260.38
512,4096,64,4096,6351.03
512,4096,64,8192,12424.8
512,4096,64,16384,24526.1
512,4096,128,16,1061.49
512,4096,128,32,1075.94
512,4096,128,64,1199.82
512,4096,128,128,1435.25
512,4096,128,256,1680.41
512,4096,128,512,2166.74
512,4096,128,1024,3317.51
512,4096,128,2048,6255.98
512,4096,128,4096,12389.6
512,4096,128,8192,24544.2
512,4096,128,16384,48667.8
512,8192,0,0,913.936
512,8192,1,16,914.919
512,8192,1,32,916.592
512,8192,1,64,916.379
512,8192,1,128,921.904
512,8192,1,256,1020.72
512,8192,1,512,1035.96
512,8192,1,1024,1061.39
512,8192,1,2048,1118.83
512,8192,1,4096,1212.49
512,8192,1,8192,1221.29
512,8192,1,16384,1456.11
512,8192,2,16,1010.86
512,8192,2,32,1013.13
512,8192,2,64,1008.46
512,8192,2,128,1021.51
512,8192,2,256,1035.1
512,8192,2,512,1055.46
512,8192,2,1024,1098.29
512,8192,2,2048,1186.1
512,8192,2,4096,1225.41
512,8192,2,8192,1241.93
512,8192,2,16384,1696.84
512,8192,4,16,1024.97
512,8192,4,32,1022.52
512,8192,4,64,1026.53
512,8192,4,128,1044.67
512,8192,4,256,1057.42
512,8192,4,512,1094.08
512,8192,4,1024,1164.97
512,8192,4,2048,1240.22
512,8192,4,4096,1351.03
512,8192,4,8192,1495.03
512,8192,4,16384,2189.59
512,8192,8,16,1049.7
512,8192,8,32,1050.59
512,8192,8,64,1052.45
512,8192,8,128,1081.03
512,8192,8,256,1107.53
512,8192,8,512,1166.42
512,8192,8,1024,1262.65
512,8192,8,2048,1374.63
512,8192,8,4096,1606.84
512,8192,8,8192,1981.65
512,8192,8,16384,3277.06
512,8192,16,16,1109.8
512,8192,16,32,1112.99
512,8192,16,64,1111.1
512,8192,16,128,1163.55
512,8192,16,256,1216.88
512,8192,16,512,1298.47
512,8192,16,1024,1420.32
512,8192,16,2048,1668.94
512,8192,16,4096,2128.88
512,8192,16,8192,3079.29
512,8192,16,16384,6467.97
512,8192,32,16,1226.36
512,8192,32,32,1227.85
512,8192,32,64,1230.64
512,8192,32,128,1316.67
512,8192,32,256,1376.11
512,8192,32,512,1505.11
512,8192,32,1024,1755.95
512,8192,32,2048,2226.93
512,8192,32,4096,3425.64
512,8192,32,8192,6426.15
512,8192,32,16384,12658.7
512,8192,64,16,1403.83
512,8192,64,32,1407.72
512,8192,64,64,1409.19
512,8192,64,128,1530.02
512,8192,64,256,1661.08
512,8192,64,512,1914.61
512,8192,64,1024,2417.74
512,8192,64,2048,3535.67
512,8192,64,4096,6420.85
512,8192,64,8192,12691.9
512,8192,64,16384,24750.6
512,8192,128,16,1535.37
512,8192,128,32,1562.22
512,8192,128,64,1727.49
512,8192,128,128,1966.62
512,8192,128,256,2212.44
512,8192,128,512,2703.63
512,8192,128,1024,3734.65
512,8192,128,2048,6380.48
512,8192,128,4096,12450
512,8192,128,8192,24720
512,8192,128,16384,48920.4
512,16384,0,0,1743.63
512,16384,1,16,1757.66
512,16384,1,32,1740.51
512,16384,1,64,1739.85
512,16384,1,128,1931.69
512,16384,1,256,1939.77
512,16384,1,512,1954.06
512,16384,1,1024,1979.85
512,16384,1,2048,2037.25
512,16384,1,4096,2160.73
512,16384,1,8192,2349.7
512,16384,1,16384,2367.42
512,16384,2,16,1922.65
512,16384,2,32,1928.77
512,16384,2,64,1927.67
512,16384,2,128,1938.02
512,16384,2,256,1946.33
512,16384,2,512,1971.44
512,16384,2,1024,2013.96
512,16384,2,2048,2104.2
512,16384,2,4096,2283.89
512,16384,2,8192,2362.17
512,16384,2,16384,2409.85
512,16384,4,16,1941.01
512,16384,4,32,1941.91
512,16384,4,64,1942.49
512,16384,4,128,1958.48
512,16384,4,256,1976.03
512,16384,4,512,2005.4
512,16384,4,1024,2079.4
512,16384,4,2048,2234.37
512,16384,4,4096,2383.53
512,16384,4,8192,2619.09
512,16384,4,16384,2930.08
512,16384,8,16,1964.01
512,16384,8,32,1963.49
512,16384,8,64,1965.14
512,16384,8,128,1990.3
512,16384,8,256,2022.01
512,16384,8,512,2077.9
512,16384,8,1024,2188.65
512,16384,8,2048,2423.48
512,16384,8,4096,2631.62
512,16384,8,8192,3113.25
512,16384,8,16384,3919.63
512,16384,16,16,2027.09
512,16384,16,32,2028.77
512,16384,16,64,2031.39
512,16384,16,128,2077.4
512,16384,16,256,2131.4
512,16384,16,512,2237.34
512,16384,16,1024,2452.63
512,16384,16,2048,2705.8
512,16384,16,4096,3193.07
512,16384,16,8192,4151.75
512,16384,16,16384,6765.52
512,16384,32,16,2140.91
512,16384,32,32,2143.65
512,16384,32,64,2144.42
512,16384,32,128,2242
512,16384,32,256,2352.36
512,16384,32,512,2541.32
512,16384,32,1024,2779.7
512,16384,32,2048,3288.44
512,16384,32,4096,4247.95
512,16384,32,8192,6884.38
512,16384,32,16384,12896.9
512,16384,64,16,2385.09
512,16384,64,32,2390.89
512,16384,64,64,2397.66
512,16384,64,128,2570.27
512,16384,64,256,2702.52
512,16384,64,512,2960.71
512,16384,64,1024,3466.4
512,16384,64,2048,4504.17
512,16384,64,4096,6920.07
512,16384,64,8192,12915.6
512,16384,64,16384,25278.4
512,16384,128,16,2546.17
512,16384,128,32,2532.55
512,16384,128,64,2770.33
512,16384,128,128,3006.26
512,16384,128,256,3264.16
512,16384,128,512,3767.73
512,16384,128,1024,4770.31
512,16384,128,2048,7038.97
512,16384,128,4096,12688.8
512,16384,128,8192,24945.9
512,16384,128,16384,49433.5
1024,0,0,0,191.681
1024,0,1,16,191.117
1024,0,1,32,189.538
1024,0,1,64,193.281
1024,0,1,128,197.964
1024,0,1,256,213.655
1024,0,1,512,217.005
1024,0,1,1024,226.743
1024,0,1,2048,265.911
1024,0,1,4096,341.442
1024,0,1,8192,479.022
1024,0,1,16384,701.637
1024,0,2,16,216.332
1024,0,2,32,217.111
1024,0,2,64,216.044
1024,0,2,128,219.18
1024,0,2,256,223.063
1024,0,2,512,229.282
1024,0,2,1024,247.372
1024,0,2,2048,299.895
1024,0,2,4096,397.763
1024,0,2,8192,586.169
1024,0,2,16384,1017.67
1024,0,4,16,227.99
1024,0,4,32,226.956
1024,0,4,64,227.5
1024,0,4,128,235.169
1024,0,4,256,243.383
1024,0,4,512,257.282
1024,0,4,1024,291.981
1024,0,4,2048,368.493
1024,0,4,4096,527.683
1024,0,4,8192,856.497
1024,0,4,16384,1528.58
1024,0,8,16,253.783
1024,0,8,32,254.818
1024,0,8,64,254.572
1024,0,8,128,267.874
1024,0,8,256,281.933
1024,0,8,512,310.07
1024,0,8,1024,373.773
1024,0,8,2048,509.241
1024,0,8,4096,845.712
1024,0,8,8192,1584.25
1024,0,8,16384,2886.75
1024,0,16,16,303.981
1024,0,16,32,305.506
1024,0,16,64,305.303
1024,0,16,128,333.229
1024,0,16,256,361.219
1024,0,16,512,416.674
1024,0,16,1024,545.199
1024,0,16,2048,863.761
1024,0,16,4096,1623
1024,0,16,8192,3094.47
1024,0,16,16384,5970.84
1024,0,32,16,407.918
1024,0,32,32,409.795
1024,0,32,64,416.28
1024,0,32,128,465.006
1024,0,32,256,527.225
1024,0,32,512,653.253
1024,0,32,1024,927.112
1024,0,32,2048,1645.92
1024,0,32,4096,3159.38
1024,0,32,8192,6153.69
1024,0,32,16384,12145.1
1024,0,64,16,612.25
1024,0,64,32,615.557
1024,0,64,64,619.204
1024,0,64,128,725.403
1024,0,64,256,860.22
1024,0,64,512,1138.07
1024,0,64,1024,1766.2
1024,0,64,2048,3249.38
1024,0,64,4096,6238.03
1024,0,64,8192,12238.8
1024,0,64,16384,24332.3
1024,0,128,16,1024.09
1024,0,128,32,1032.95
1024,0,128,64,1052.68
1024,0,128,128,1291.45
1024,0,128,256,1576.76
1024,0,128,512,2049.53
1024,0,128,1024,3306.96
1024,0,128,2048,6238.78
1024,0,128,4096,12229.1
1024,0,128,8192,24281.6
1024,0,128,16384,48431.9
1024,16,0,0,206.178
1024,16,1,16,204.418
1024,16,1,32,205.356
1024,16,1,64,205.079
1024,16,1,128,227.329
1024,16,1,256,231.244
1024,16,1,512,233.58
1024,16,1,1024,239.799
1024,16,1,2048,279.778
1024,16,1,4096,355.224
1024,16,1,8192,499.481
1024,16,1,16384,722.415
1024,16,2,16,230.86
1024,16,2,32,231.831
1024,16,2,64,232.567
1024,16,2,128,234.476
1024,16,2,256,238.647
1024,16,2,512,245.783
1024,16,2,1024,262.2
1024,16,2,2048,314.701
1024,16,2,4096,413.582
1024,16,2,8192,606.116
1024,16,2,16384,1024.62
1024,16,4,16,243.746
1024,16,4,32,243.66
1024,16,4,64,244.609
1024,16,4,128,251.511
1024,16,4,256,258.53
1024,16,4,512,272.802
1024,16,4,1024,306.317
1024,16,4,2048,382.414
1024,16,4,4096,534.831
1024,16,4,8192,865.809
1024,16,4,16384,1557.74
1024,16,8,16,270.999
1024,16,8,32,270.818
1024,16,8,64,272.472
1024,16,8,128,284.717
1024,16,8,256,298.157
1024,16,8,512,326.658
1024,16,8,1024,388.12
1024,16,8,2048,524.559
1024,16,8,4096,852.636
1024,16,8,8192,1585.48
1024,16,8,16384,2908.71
1024,16,16,16,323.415
1024,16,16,32,322.296
1024,16,16,64,322.189
1024,16,16,128,349.091
1024,16,16,256,378.392
1024,16,16,512,433.368
1024,16,16,1024,559.311
1024,16,16,2048,887.591
1024,16,16,4096,1629.8
1024,16,16,8192,3106.36
1024,16,16,16384,5984.11
1024,16,32,16,424.227
1024,16,32,32,426.137
1024,16,32,64,428.578
1024,16,32,128,481.827
1024,16,32,256,538.116
1024,16,32,512,659.013
1024,16,32,1024,951.858
1024,16,32,2048,1647.2
1024,16,32,4096,3161
1024,16,32,8192,6164.15
1024,16,32,16384,12165.9
1024,16,64,16,628.389
1024,16,64,32,631.855
1024,16,64,64,635.727
1024,16,64,128,742.129
1024,16,64,256,873.734
1024,16,64,512,1134.78
1024,16,64,1024,1777.14
1024,16,64,2048,3258.84
1024,16,64,4096,6242.8
1024,16,64,8192,12236.7
1024,16,64,16384,24334.2
1024,16,128,16,984.936
1024,16,128,32,983.645
1024,16,128,64,1056.74
1024,16,128,128,1310.47
1024,16,128,256,1575.69
1024,16,128,512,2107.17
1024,16,128,1024,3304.32
1024,16,128,2048,6217.59
1024,16,128,4096,12240.4
1024,16,128,8192,24346.7
1024,16,128,16384,48431.1
1024,32,0,0,207.66
1024,32,1,16,205.334
1024,32,1,32,204.034
1024,32,1,64,204.129
1024,32,1,128,227.202
1024,32,1,256,230.263
1024,32,1,512,232.855
1024,32,1,1024,239.596
1024,32,1,2048,278.231
1024,32,1,4096,359.288
1024,32,1,8192,494.649
1024,32,1,16384,720.721
1024,32,2,16,231.362
1024,32,2,32,232.268
1024,32,2,64,231.426
1024,32,2,128,235.874
1024,32,2,256,239.213
1024,32,2,512,246.338
1024,32,2,1024,261.623
1024,32,2,2048,314.136
1024,32,2,4096,412.068
1024,32,2,8192,603.28
1024,32,2,16384,1021.77
1024,32,4,16,243.277
1024,32,4,32,244.29
1024,32,4,64,244.237
1024,32,4,128,252.493
1024,32,4,256,259.223
1024,32,4,512,274.669
1024,32,4,1024,302.999
1024,32,4,2048,382.265
1024,32,4,4096,537.04
1024,32,4,8192,868.242
1024,32,4,16384,1593.66
1024,32,8,16,269.677
1024,32,8,32,272.044
1024,32,8,64,271.288
1024,32,8,128,284.781
1024,32,8,256,298.701
1024,32,8,512,327.33
1024,32,8,1024,387.662
1024,32,8,2048,525.039
1024,32,8,4096,853.905
1024,32,8,8192,1595.88
1024,32,8,16384,2925.37
1024,32,16,16,320.877
1024,32,16,32,321.752
1024,32,16,64,322.018
1024,32,16,128,349.827
1024,32,16,256,378.136
1024,32,16,512,433.379
1024,32,16,1024,558.586
1024,32,16,2048,876.189
1024,32,16,4096,1629.74
1024,32,16,8192,3106.26
1024,32,16,16384,5982.39
1024,32,32,16,424.931
1024,32,32,32,425.678
1024,32,32,64,427.598
1024,32,32,128,481.487
1024,32,32,256,538.009
1024,32,32,512,658.395
1024,32,32,1024,937.757
1024,32,32,2048,1655.87
1024,32,32,4096,3167.79
1024,32,32,8192,6178.34
1024,32,32,16384,12181.1
1024,32,64,16,628.485
1024,32,64,32,632.571
1024,32,64,64,644.794
1024,32,64,128,742.651
1024,32,64,256,874.567
1024,32,64,512,1137.99
1024,32,64,1024,1786.45
1024,32,64,2048,3249.96
1024,32,64,4096,6247.23
1024,32,64,8192,12246.6
1024,32,64,16384,24334.5
1024,32,128,16,994.685
1024,32,128,32,947.304
1024,32,128,64,1063.55
1024,32,128,128,1316.36
1024,32,128,256,1556.25
1024,32,128,512,2067.31
1024,32,128,1024,3307.69
1024,32,128,2048,6244.43
1024,32,128,4096,12239
1024,32,128,8192,24355.6
1024,32,128,16384,48443.7
1024,64,0,0,207.383
1024,64,1,16,211.458
1024,64,1,32,210.754
1024,64,1,64,216.342
1024,64,1,128,212.375
1024,64,1,256,229.719
1024,64,1,512,233.41
1024,64,1,1024,239.981
1024,64,1,2048,279.331
1024,64,1,4096,355.897
1024,64,1,8192,494.927
1024,64,1,16384,728.965
1024,64,2,16,233.335
1024,64,2,32,231.681
1024,64,2,64,232.279
1024,64,2,128,233.996
1024,64,2,256,237.698
1024,64,2,512,245.581
1024,64,2,1024,261.272
1024,64,2,2048,315.01
1024,64,2,4096,412.355
1024,64,2,8192,602.298
1024,64,2,16384,1033.57
1024,64,4,16,244.77
1024,64,4,32,244.119
1024,64,4,64,245.239
1024,64,4,128,251.735
1024,64,4,256,260.14
1024,64,4,512,273.144
1024,64,4,1024,305.176
1024,64,4,2048,382.669
1024,64,4,4096,536.004
1024,64,4,8192,866.503
1024,64,4,16384,1564.98
1024,64,8,16,270.861
1024,64,8,32,271.181
1024,64,8,64,272.408
1024,64,8,128,286.935
1024,64,8,256,298.819
1024,64,8,512,327.651
1024,64,8,1024,389.88
1024,64,8,2048,524.484
1024,64,8,4096,852.743
1024,64,8,8192,1586.94
1024,64,8,16384,2916.39
1024,64,16,16,320.973
1024,64,16,32,321.975
1024,64,16,64,322.392
1024,64,16,128,349.08
1024,64,16,256,382.893
1024,64,16,512,435.129
1024,64,16,1024,558.159
1024,64,16,2048,879.09
1024,64,16,4096,1631.64
1024,64,16,8192,3105.04
1024,64,16,16384,5956.92
1024,64,32,16,424.356
1024,64,32,32,426.841
1024,64,32,64,428.398
1024,64,32,128,480.986
1024,64,32,256,538.362
1024,64,32,512,658.448
1024,64,32,1024,955.485
1024,64,32,2048,1657.46
1024,64,32,4096,3162.91
1024,64,32,8192,6179.52
1024,64,32,16384,12175.1
1024,64,64,16,628.496
1024,64,64,32,632.357
1024,64,64,64,647.066
1024,64,64,128,743.227
1024,64,64,256,874.247
1024,64,64,512,1157.69
1024,64,64,1024,1779.02
1024,64,64,2048,3244.55
1024,64,64,4096,6240.34
1024,64,64,8192,12244.6
1024,64,64,16384,24339.4
1024,64,128,16,1015.58
1024,64,128,32,1003.26
1024,64,128,64,1057.82
1024,64,128,128,1330.92
1024,64,128,256,1557.18
1024,64,128,512,2081.04
1024,64,128,1024,3294.51
1024,64,128,2048,6218.81
1024,64,128,4096,12238.4
1024,64,128,8192,24345.6
1024,64,128,16384,48439.6
1024,128,0,0,220.013
1024,128,1,16,222.946
1024,128,1,32,218.615
1024,128,1,64,222.316
1024,128,1,128,243.181
1024,128,1,256,244.013
1024,128,1,512,247.319
1024,128,1,1024,254.125
1024,128,1,2048,293.133
1024,128,1,4096,369.71
1024,128,1,8192,516.857
1024,128,1,16384,742.032
1024,128,2,16,245.901
1024,128,2,32,246.391
1024,128,2,64,247.085
1024,128,2,128,249.816
1024,128,2,256,252.675
1024,128,2,512,260.45
1024,128,2,1024,275.458
1024,128,2,2048,329.378
1024,128,2,4096,431.171
1024,128,2,8192,619.077
1024,128,2,16384,1056.13
1024,128,4,16,258.19
1024,128,4,32,258.231
1024,128,4,64,258.925
1024,128,4,128,265.709
1024,128,4,256,273.037
1024,128,4,512,286.37
1024,128,4,1024,319.832
1024,128,4,2048,397.39
1024,128,4,4096,550.437
1024,128,4,8192,877.256
1024,128,4,16384,1593.21
1024,128,8,16,284.707
1024,128,8,32,284.365
1024,128,8,64,285.891
1024,128,8,128,302.179
1024,128,8,256,313.251
1024,128,8,512,341.656
1024,128,8,1024,403.011
1024,128,8,2048,539.844
1024,128,8,4096,869.491
1024,128,8,8192,1618.2
1024,128,8,16384,2941.93
1024,128,16,16,335.48
1024,128,16,32,336.355
1024,128,16,64,338.691
1024,128,16,128,366.137
1024,128,16,256,392.111
1024,128,16,512,448.015
1024,128,16,1024,572.623
1024,128,16,2048,884.989
1024,128,16,4096,1640.58
1024,128,16,8192,3119.37
1024,128,16,16384,6021.69
1024,128,32,16,439.321
1024,128,32,32,441.038
1024,128,32,64,442.158
1024,128,32,128,496.196
1024,128,32,256,553.168
1024,128,32,512,674.236
1024,128,32,1024,950.408
1024,128,32,2048,1656.7
1024,128,32,4096,3166.51
1024,128,32,8192,6185.79
1024,128,32,16384,12168.7
1024,128,64,16,643.045
1024,128,64,32,646.449
1024,128,64,64,661.307
1024,128,64,128,779.068
1024,128,64,256,889.021
1024,128,64,512,1162.14
1024,128,64,1024,1788.67
1024,128,64,2048,3257.29
1024,128,64,4096,6259.46
1024,128,64,8192,12246.3
1024,128,64,16384,24324.9
1024,128,128,16,1008.35
1024,128,128,32,1000.43
1024,128,128,64,1071.79
1024,128,128,128,1327.57
1024,128,128,256,1579.32
1024,128,128,512,2106.23
1024,128,128,1024,3327.69
1024,128,128,2048,6236.4
1024,128,128,4096,12254.6
1024,128,128,8192,24368.7
1024,128,128,16384,48442.4
1024,256,0,0,248.045
1024,256,1,16,255.223
1024,256,1,32,246.168
1024,256,1,64,247.426
1024,256,1,128,272.301
1024,256,1,256,274.157
1024,256,1,512,278.499
1024,256,1,1024,283.415
1024,256,1,2048,321.048
1024,256,1,4096,396.708
1024,256,1,8192,538.447
1024,256,1,16384,777.927
1024,256,2,16,277.325
1024,256,2,32,278.115
1024,256,2,64,276.13
1024,256,2,128,279.202
1024,256,2,256,284.291
1024,256,2,512,290.477
1024,256,2,1024,305.016
1024,256,2,2048,356.942
1024,256,2,4096,457.316
1024,256,2,8192,648.176
1024,256,2,16384,1059.81
1024,256,4,16,288.867
1024,256,4,32,290.702
1024,256,4,64,289.186
1024,256,4,128,294.947
1024,256,4,256,303.577
1024,256,4,512,316.675
1024,256,4,1024,343.961
1024,256,4,2048,424.004
1024,256,4,4096,584.603
1024,256,4,8192,911.357
1024,256,4,16384,1648.08
1024,256,8,16,313.806
1024,256,8,32,315.193
1024,256,8,64,315.629
1024,256,8,128,328.707
1024,256,8,256,343.043
1024,256,8,512,370.872
1024,256,8,1024,430.276
1024,256,8,2048,568.101
1024,256,8,4096,890.579
1024,256,8,8192,1651.01
1024,256,8,16384,3050.02
1024,256,16,16,365.54
1024,256,16,32,365.998
1024,256,16,64,369.497
1024,256,16,128,394.286
1024,256,16,256,429.134
1024,256,16,512,477.817
1024,256,16,1024,603.557
1024,256,16,2048,908.318
1024,256,16,4096,1649.25
1024,256,16,8192,3144.12
1024,256,16,16384,6033.37
1024,256,32,16,469.669
1024,256,32,32,471.161
1024,256,32,64,473.326
1024,256,32,128,525.989
1024,256,32,256,583.301
1024,256,32,512,719.634
1024,256,32,1024,977.609
1024,256,32,2048,1665.73
1024,256,32,4096,3189.1
1024,256,32,8192,6196.65
1024,256,32,16384,12241.9
1024,256,64,16,673.329
1024,256,64,32,683.793
1024,256,64,64,684.774
1024,256,64,128,788.05
1024,256,64,256,923.412
1024,256,64,512,1203.69
1024,256,64,1024,1812.36
1024,256,64,2048,3279.75
1024,256,64,4096,6272.07
1024,256,64,8192,12255.9
1024,256,64,16384,24354.6
1024,256,128,16,990.121
1024,256,128,32,1041.28
1024,256,128,64,1113.58
1024,256,128,128,1347.92
1024,256,128,256,1608.45
1024,256,128,512,2105.76
1024,256,128,1024,3349.14
1024,256,128,2048,6238.51
1024,256,128,4096,12279.1
1024,256,128,8192,24332
1024,256,128,16384,48446.7
1024,512,0,0,307.15
1024,512,1,16,303.278
1024,512,1,32,307.843
1024,512,1,64,304.088
1024,512,1,128,333.23
1024,512,1,256,336.782
1024,512,1,512,338.286
1024,512,1,1024,347.395
1024,512,1,2048,374.084
1024,512,1,4096,455.621
1024,512,1,8192,605.605
1024,512,1,16384,857.693
1024,512,2,16,337.912
1024,512,2,32,337.176
1024,512,2,64,337.198
1024,512,2,128,342.478
1024,512,2,256,343.502
1024,512,2,512,353.369
1024,512,2,1024,364.227
1024,512,2,2048,410.575
1024,512,2,4096,515.397
1024,512,2,8192,713.713
1024,512,2,16384,1109.19
1024,512,4,16,349.273
1024,512,4,32,350.009
1024,512,4,64,349.817
1024,512,4,128,356.718
1024,512,4,256,364.835
1024,512,4,512,379.043
1024,512,4,1024,405.945
1024,512,4,2048,481.679
1024,512,4,4096,641.468
1024,512,4,8192,970.314
1024,512,4,16384,1716.67
1024,512,8,16,374.905
1024,512,8,32,375.918
1024,512,8,64,375.555
1024,512,8,128,390.926
1024,512,8,256,405.679
1024,512,8,512,432.847
1024,512,8,1024,487.77
1024,512,8,2048,627.696
1024,512,8,4096,930.28
1024,512,8,8192,1668.27
1024,512,8,16384,3132.32
1024,512,16,16,424.462
1024,512,16,32,425.444
1024,512,16,64,426.671
1024,512,16,128,454.266
1024,512,16,256,483.77
1024,512,16,512,548.688
1024,512,16,1024,655.612
1024,512,16,2048,945.833
1024,512,16,4096,1674.83
1024,512,16,8192,3200.3
1024,512,16,16384,6108.48
1024,512,32,16,530.309
1024,512,32,32,531.898
1024,512,32,64,533.37
1024,512,32,128,588.485
1024,512,32,256,646.033
1024,512,32,512,773.277
1024,512,32,1024,1034.95
1024,512,32,2048,1683.28
1024,512,32,4096,3210.06
1024,512,32,8192,6240.72
1024,512,32,16384,12267.4
1024,512,64,16,734.333
1024,512,64,32,739.655
1024,512,64,64,767.516
1024,512,64,128,863.315
1024,512,64,256,1012.89
1024,512,64,512,1243.19
1024,512,64,1024,1837.37
1024,512,64,2048,3306.7
1024,512,64,4096,6302.64
1024,512,64,8192,12279.6
1024,512,64,16384,24374.1
1024,512,128,16,1143.03
1024,512,128,32,1184.63
1024,512,128,64,1162.22
1024,512,128,128,1424.34
1024,512,128,256,1685.9
1024,512,128,512,2162.53
1024,512,128,1024,3385.65
1024,512,128,2048,6296.18
1024,512,128,4096,12297.4
1024,512,128,8192,24370.1
1024,512,128,16384,48462.5
1024,1024,0,0,421.114
1024,1024,1,16,418.799
1024,1024,1,32,421.988
1024,1024,1,64,417.977
1024,1024,1,128,455.567
1024,1024,1,256,455.674
1024,1024,1,512,459.568
1024,1024,1,1024,467.535
1024,1024,1,2048,485.424
1024,1024,1,4096,565.541
1024,1024,1,8192,718.385
1024,1024,1,16384,1006.64
1024,1024,2,16,458.02
1024,1024,2,32,457.625
1024,1024,2,64,457.402
1024,1024,2,128,462.916
1024,1024,2,256,465.615
1024,1024,2,512,475.087
1024,1024,2,1024,485.071
1024,1024,2,2048,518.96
1024,1024,2,4096,627.504
1024,1024,2,8192,832.605
1024,1024,2,16384,1238.44
1024,1024,4,16,468.857
1024,1024,4,32,468.783
1024,1024,4,64,469.85
1024,1024,4,128,478.863
1024,1024,4,256,484.1
1024,1024,4,512,499.727
1024,1024,4,1024,527.77
1024,1024,4,2048,592.272
1024,1024,4,4096,756.668
1024,1024,4,8192,1081.63
1024,1024,4,16384,1816.16
1024,1024,8,16,495.013
1024,1024,8,32,495.887
1024,1024,8,64,495.738
1024,1024,8,128,517.349
1024,1024,8,256,524.72
1024,1024,8,512,553.978
1024,1024,8,1024,615.28
1024,1024,8,2048,741.244
1024,1024,8,4096,1036.94
1024,1024,8,8192,1734.55
1024,1024,8,16384,3270.63
1024,1024,16,16,544.966
1024,1024,16,32,545.615
1024,1024,16,64,547.013
1024,1024,16,128,574.618
1024,1024,16,256,603.782
1024,1024,16,512,661.094
1024,1024,16,1024,790.556
1024,1024,16,2048,1060.47
1024,1024,16,4096,1718.24
1024,1024,16,8192,3284.15
1024,1024,16,16384,6231.08
1024,1024,32,16,656.539
1024,1024,32,32,652.934
1024,1024,32,64,654.31
1024,1024,32,128,710.043
1024,1024,32,256,777.468
1024,1024,32,512,887.88
1024,1024,32,1024,1139.59
1024,1024,32,2048,1762.06
1024,1024,32,4096,3244.08
1024,1024,32,8192,6279.11
1024,1024,32,16384,12345.3
1024,1024,64,16,855.762
1024,1024,64,32,872.946
1024,1024,64,64,863.389
1024,1024,64,128,973.449
1024,1024,64,256,1103.1
1024,1024,64,512,1343.32
1024,1024,64,1024,1913.82
1024,1024,64,2048,3337.3
1024,1024,64,4096,6348.08
1024,1024,64,8192,12342.2
1024,1024,64,16384,24416.2
1024,1024,128,16,1146.24
1024,1024,128,32,1172.15
1024,1024,128,64,1286.63
1024,1024,128,128,1548.33
1024,1024,128,256,1778.85
1024,1024,128,512,2290.39
1024,1024,128,1024,3444.44
1024,1024,128,2048,6334.23
1024,1024,128,4096,12375.4
1024,1024,128,8192,24389.8
1024,1024,128,16384,48516.9
1024,2048,0,0,647.611
1024,2048,1,16,642.897
1024,2048,1,32,642.587
1024,2048,1,64,645.147
1024,2048,1,128,695.58
1024,2048,1,256,698.802
1024,2048,1,512,701.478
1024,2048,1,1024,710.769
1024,2048,1,2048,724.049
1024,2048,1,4096,790.791
1024,2048,1,8192,950.313
1024,2048,1,16384,1254.86
1024,2048,2,16,697.905
1024,2048,2,32,698.065
1024,2048,2,64,703.004
1024,2048,2,128,703.697
1024,2048,2,256,707.217
1024,2048,2,512,721.49
1024,2048,2,1024,726.951
1024,2048,2,2048,755.623
1024,2048,2,4096,850.109
1024,2048,2,8192,1054.36
1024,2048,2,16384,1491.31
1024,2048,4,16,713.394
1024,2048,4,32,713.159
1024,2048,4,64,710.353
1024,2048,4,128,721.916
1024,2048,4,256,725.852
1024,2048,4,512,741.927
1024,2048,4,1024,770.482
1024,2048,4,2048,828.69
1024,2048,4,4096,978.932
1024,2048,4,8192,1310.12
1024,2048,4,16384,1997.82
1024,2048,8,16,738.769
1024,2048,8,32,749.596
1024,2048,8,64,738.673
1024,2048,8,128,750.546
1024,2048,8,256,765.724
1024,2048,8,512,795.441
1024,2048,8,1024,851.923
1024,2048,8,2048,968.393
1024,2048,8,4096,1257.51
1024,2048,8,8192,1866.97
1024,2048,8,16384,3384.05
1024,2048,16,16,784.53
1024,2048,16,32,792.05
1024,2048,16,64,805.671
1024,2048,16,128,815.165
1024,2048,16,256,844.595
1024,2048,16,512,906.269
1024,2048,16,1024,1022.88
1024,2048,16,2048,1258.6
1024,2048,16,4096,1839.59
1024,2048,16,8192,3361.05
1024,2048,16,16384,6473.83
1024,2048,32,16,892.498
1024,2048,32,32,894.365
1024,2048,32,64,895.784
1024,2048,32,128,951.785
1024,2048,32,256,1012.49
1024,2048,32,512,1136.29
1024,2048,32,1024,1385.46
1024,2048,32,2048,1950.46
1024,2048,32,4096,3312.02
1024,2048,32,8192,6461.76
1024,2048,32,16384,12491.7
1024,2048,64,16,1099.86
1024,2048,64,32,1101.82
1024,2048,64,64,1105.39
1024,2048,64,128,1219.83
1024,2048,64,256,1348.89
1024,2048,64,512,1589.18
1024,2048,64,1024,2118.14
1024,2048,64,2048,3377.76
1024,2048,64,4096,6405.97
1024,2048,64,8192,12434.3
1024,2048,64,16384,24496.1
1024,2048,128,16,1373.76
1024,2048,128,32,1452.77
1024,2048,128,64,1560.11
1024,2048,128,128,1791.26
1024,2048,128,256,2012.12
1024,2048,128,512,2495.64
1024,2048,128,1024,3622.34
1024,2048,128,2048,6409.77
1024,2048,128,4096,12458.6
1024,2048,128,8192,24569.3
1024,2048,128,16384,48643.4
1024,4096,0,0,1089.04
1024,4096,1,16,1098.51
1024,4096,1,32,1088.2
1024,4096,1,64,1087.7
1024,4096,1,128,1094.38
1024,4096,1,256,1182.29
1024,4096,1,512,1191.55
1024,4096,1,1024,1197.64
1024,4096,1,2048,1231.65
1024,4096,1,4096,1237.55
1024,4096,1,8192,1368.64
1024,4096,1,16384,1702.45
1024,4096,2,16,1185.71
1024,4096,2,32,1198.28
1024,4096,2,64,1204
1024,4096,2,128,1190.76
1024,4096,2,256,1190.37
1024,4096,2,512,1200.32
1024,4096,2,1024,1215.33
1024,4096,2,2048,1238.93
1024,4096,2,4096,1292.15
1024,4096,2,8192,1527.24
1024,4096,2,16384,1962.63
1024,4096,4,16,1213.53
1024,4096,4,32,1200.37
1024,4096,4,64,1203.3
1024,4096,4,128,1213.15
1024,4096,4,256,1208.19
1024,4096,4,512,1228.47
1024,4096,4,1024,1253.64
1024,4096,4,2048,1310.91
1024,4096,4,4096,1418.82
1024,4096,4,8192,1747.65
1024,4096,4,16384,2430.51
1024,4096,8,16,1204.79
1024,4096,8,32,1216.2
1024,4096,8,64,1205.57
1024,4096,8,128,1217.11
1024,4096,8,256,1237.04
1024,4096,8,512,1276.84
1024,4096,8,1024,1338.5
1024,4096,8,2048,1501.67
1024,4096,8,4096,1698.69
1024,4096,8,8192,2267.22
1024,4096,8,16384,3680.61
1024,4096,16,16,1242.71
1024,4096,16,32,1245.05
1024,4096,16,64,1245.44
1024,4096,16,128,1283.3
1024,4096,16,256,1323.14
1024,4096,16,512,1383.29
1024,4096,16,1024,1513.42
1024,4096,16,2048,1750.55
1024,4096,16,4096,2213.74
1024,4096,16,8192,3577.52
1024,4096,16,16384,6679.74
1024,4096,32,16,1413.43
1024,4096,32,32,1372.82
1024,4096,32,64,1375.35
1024,4096,32,128,1445.49
1024,4096,32,256,1495.74
1024,4096,32,512,1654.14
1024,4096,32,1024,1865.99
1024,4096,32,2048,2367.34
1024,4096,32,4096,3544.72
1024,4096,32,8192,6646.14
1024,4096,32,16384,12814.8
1024,4096,64,16,1580.74
1024,4096,64,32,1619.57
1024,4096,64,64,1635.97
1024,4096,64,128,1705.81
1024,4096,64,256,1886.58
1024,4096,64,512,2157.22
1024,4096,64,1024,2564.01
1024,4096,64,2048,3638.05
1024,4096,64,4096,6543.67
1024,4096,64,8192,12622.2
1024,4096,64,16384,24683.9
1024,4096,128,16,2031.11
1024,4096,128,32,2026.88
1024,4096,128,64,2077.28
1024,4096,128,128,2288.4
1024,4096,128,256,2501.42
1024,4096,128,512,3017.44
1024,4096,128,1024,3995.2
1024,4096,128,2048,6569.96
1024,4096,128,4096,12604
1024,4096,128,8192,24767.8
1024,4096,128,16384,48860.7
1024,8192,0,0,1941.01
1024,8192,1,16,1937.58
1024,8192,1,32,1941.99
1024,8192,1,64,1940.14
1024,8192,1,128,2104.84
1024,8192,1,256,2108.21
1024,8192,1,512,2126.88
1024,8192,1,1024,2190.85
1024,8192,1,2048,2225
1024,8192,1,4096,2250.86
1024,8192,1,8192,2304.88
1024,8192,1,16384,2522.29
1024,8192,2,16,2160.48
1024,8192,2,32,2164.5
1024,8192,2,64,2132.14
1024,8192,2,128,2112.82
1024,8192,2,256,2177.64
1024,8192,2,512,2182.77
1024,8192,2,1024,2150.87
1024,8192,2,2048,2216.89
1024,8192,2,4096,2270.62
1024,8192,2,8192,2315.02
1024,8192,2,16384,2769.77
1024,8192,4,16,2115.65
1024,8192,4,32,2165.53
1024,8192,4,64,2149.27
1024,8192,4,128,2116.92
1024,8192,4,256,2139.23
1024,8192,4,512,2206.04
1024,8192,4,1024,2180.02
1024,8192,4,2048,2327.47
1024,8192,4,4096,2429.98
1024,8192,4,8192,2637.27
1024,8192,4,16384,3359.6
1024,8192,8,16,2156.83
1024,8192,8,32,2110.64
1024,8192,8,64,2117.94
1024,8192,8,128,2145.32
1024,8192,8,256,2153.58
1024,8192,8,512,2189.93
1024,8192,8,1024,2283.99
1024,8192,8,2048,2428.4
1024,8192,8,4096,2728.51
1024,8192,8,8192,3129.48
1024,8192,8,16384,4350.21
1024,8192,16,16,2166.58
1024,8192,16,32,2156.5
1024,8192,16,64,2174.54
1024,8192,16,128,2194.61
1024,8192,16,256,2270.06
1024,8192,16,512,2381.91
1024,8192,16,1024,2472.47
1024,8192,16,2048,2809.2
1024,8192,16,4096,3205.04
1024,8192,16,8192,4257.17
1024,8192,16,16384,7224.86
1024,8192,32,16,2284.05
1024,8192,32,32,2287.32
1024,8192,32,64,2354.56
1024,8192,32,128,2395.01
1024,8192,32,256,2439.35
1024,8192,32,512,2591.35
1024,8192,32,1024,2835.96
1024,8192,32,2048,3360.79
1024,8192,32,4096,4460.95
1024,8192,32,8192,6930.01
1024,8192,32,16384,13305.1
1024,8192,64,16,2533.76
1024,8192,64,32,2540.16
1024,8192,64,64,2547.25
1024,8192,64,128,2707.77
1024,8192,64,256,2802.93
1024,8192,64,512,3135.65
1024,8192,64,1024,3670.09
1024,8192,64,2048,4558.72
1024,8192,64,4096,6947.86
1024,8192,64,8192,13141.4
1024,8192,64,16384,25221.1
1024,8192,128,16,3060.21
1024,8192,128,32,3034.05
1024,8192,128,64,3119.77
1024,8192,128,128,3235.16
1024,8192,128,256,3498.93
1024,8192,128,512,4057.62
1024,8192,128,1024,5034.63
1024,8192,128,2048,7093.45
1024,8192,128,4096,12899.2
1024,8192,128,8192,25289.7
1024,8192,128,16384,49361.9
1024,16384,0,0,3705.17
1024,16384,1,16,3849.5
1024,16384,1,32,3810.39
1024,16384,1,64,3705.29
1024,16384,1,128,3998.28
1024,16384,1,256,3945.98
1024,16384,1,512,3950.14
1024,16384,1,1024,4052.3
1024,16384,1,2048,3987.62
1024,16384,1,4096,4204.1
1024,16384,1,8192,4344.13
1024,16384,1,16384,4356.39
1024,16384,2,16,4008.36
1024,16384,2,32,3947.93
1024,16384,2,64,4014.06
1024,16384,2,128,3959.66
1024,16384,2,256,3954.7
1024,16384,2,512,3952.82
1024,16384,2,1024,4019.42
1024,16384,2,2048,4115.47
1024,16384,2,4096,4313.34
1024,16384,2,8192,4374.25
1024,16384,2,16384,4446.98
1024,16384,4,16,3992.91
1024,16384,4,32,4028.59
1024,16384,4,64,3943.47
1024,16384,4,128,4029.38
1024,16384,4,256,3995.24
1024,16384,4,512,3972.67
1024,16384,4,1024,4096.04
1024,16384,4,2048,4120.07
1024,16384,4,4096,4493.24
1024,16384,4,8192,4712.23
1024,16384,4,16384,5049.13
1024,16384,8,16,3957.82
1024,16384,8,32,4061.1
1024,16384,8,64,3977.64
1024,16384,8,128,4069.34
1024,16384,8,256,4016.72
1024,16384,8,512,4020.73
1024,16384,8,1024,4139.84
1024,16384,8,2048,4370.9
1024,16384,8,4096,4674.11
1024,16384,8,8192,5306.79
1024,16384,8,16384,6114.3
1024,16384,16,16,4050.89
1024,16384,16,32,4054.85
1024,16384,16,64,4051.3
1024,16384,16,128,4039.51
1024,16384,16,256,4081.21
1024,16384,16,512,4239.17
1024,16384,16,1024,4303.97
1024,16384,16,2048,4749.6
1024,16384,16,4096,5207.89
1024,16384,16,8192,6436.76
1024,16384,16,16384,8228.36
1024,16384,32,16,4200.9
1024,16384,32,32,4125.96
1024,16384,32,64,4119.06
1024,16384,32,128,4296.19
1024,16384,32,256,4363.09
1024,16384,32,512,4430.2
1024,16384,32,1024,4804.18
1024,16384,32,2048,5311.16
1024,16384,32,4096,6417.43
1024,16384,32,8192,8350.76
1024,16384,32,16384,13876.1
1024,16384,64,16,4469.61
1024,16384,64,32,4481.75
1024,16384,64,64,4440.92
1024,16384,64,128,4578.98
1024,16384,64,256,4740.38
1024,16384,64,512,5034.18
1024,16384,64,1024,5595.4
1024,16384,64,2048,6652.41
1024,16384,64,4096,8573.39
1024,16384,64,8192,13999.7
1024,16384,64,16384,26152.3
1024,16384,128,16,5089.1
1024,16384,128,32,5056.53
1024,16384,128,64,4982
1024,16384,128,128,5426.25
1024,16384,128,256,5548.37
1024,16384,128,512,6175.49
1024,16384,128,1024,7170.36
1024,16384,128,2048,8907.1
1024,16384,128,4096,13847.4
1024,16384,128,8192,25782.4
1024,16384,128,16384,50335.1
2048,0,0,0,590.332
2048,0,1,16,650.13
2048,0,1,32,638.077
2048,0,1,64,640.593
2048,0,1,128,635.068
2048,0,1,256,638.897
2048,0,1,512,667.911
2048,0,1,1024,657.275
2048,0,1,2048,694.983
2048,0,1,4096,772.146
2048,0,1,8192,973.215
2048,0,1,16384,1236.53
2048,0,2,16,644.155
2048,0,2,32,679.527
2048,0,2,64,667.133
2048,0,2,128,647.932
2048,0,2,256,665.949
2048,0,2,512,685.959
2048,0,2,1024,699.932
2048,0,2,2048,729.181
2048,0,2,4096,833.833
2048,0,2,8192,1065.54
2048,0,2,16384,1476.6
2048,0,4,16,690.503
2048,0,4,32,688.294
2048,0,4,64,682.993
2048,0,4,128,669.98
2048,0,4,256,701.031
2048,0,4,512,724.018
2048,0,4,1024,724.658
2048,0,4,2048,820.019
2048,0,4,4096,958.217
2048,0,4,8192,1332.29
2048,0,4,16384,2060.15
2048,0,8,16,729.041
2048,0,8,32,731.282
2048,0,8,64,728.199
2048,0,8,128,747.507
2048,0,8,256,756.498
2048,0,8,512,789.491
2048,0,8,1024,822.003
2048,0,8,2048,981.588
2048,0,8,4096,1281.27
2048,0,8,8192,1913.34
2048,0,8,16384,3532.81
2048,0,16,16,813.736
2048,0,16,32,814.216
2048,0,16,64,800.125
2048,0,16,128,842.526
2048,0,16,256,876.617
2048,0,16,512,940.095
2048,0,16,1024,1060.65
2048,0,16,2048,1337.19
2048,0,16,4096,1912.57
2048,0,16,8192,3422.16
2048,0,16,16384,6491.81
2048,0,32,16,976.949
2048,0,32,32,1013.67
2048,0,32,64,992.692
2048,0,32,128,1048.62
2048,0,32,256,1096.43
2048,0,32,512,1225.23
2048,0,32,1024,1535.84
2048,0,32,2048,2098.3
2048,0,32,4096,3379
2048,0,32,8192,6459.87
2048,0,32,16384,12448.2
2048,0,64,16,1255.88
2048,0,64,32,1276.19
2048,0,64,64,1280.18
2048,0,64,128,1467.97
2048,0,64,256,1623.65
2048,0,64,512,1863.65
2048,0,64,1024,2460.6
2048,0,64,2048,3774.86
2048,0,64,4096,6716.83
2048,0,64,8192,12682.6
2048,0,64,16384,24607.9
2048,0,128,16,1903.72
2048,0,128,32,2128.77
2048,0,128,64,2075.56
2048,0,128,128,2303.65
2048,0,128,256,2635.49
2048,0,128,512,3208.32
2048,0,128,1024,4337.08
2048,0,128,2048,6736.78
2048,0,128,4096,12650.9
2048,0,128,8192,24540.2
2048,0,128,16384,48628
2048,16,0,0,661.447
2048,16,1,16,691.623
2048,16,1,32,640.903
2048,16,1,64,669.565
2048,16,1,128,688.157
2048,16,1,256,690.567
2048,16,1,512,719.752
2048,16,1,1024,711.528
2048,16,1,2048,700.434
2048,16,1,4096,824.852
2048,16,1,8192,1005.22
2048,16,1,16384,1260.15
2048,16,2,16,675.346
2048,16,2,32,697.469
2048,16,2,64,695.976
2048,16,2,128,698.76
2048,16,2,256,710.259
2048,16,2,512,706.665
2048,16,2,1024,734.718
2048,16,2,2048,759.71
2048,16,2,4096,872.959
2048,16,2,8192,1087.14
2048,16,2,16384,1505.64
2048,16,4,16,691.74
2048,16,4,32,727.795
2048,16,4,64,715.731
2048,16,4,128,712.008
2048,16,4,256,733.886
2048,16,4,512,747.773
2048,16,4,1024,774.238
2048,16,4,2048,848.158
2048,16,4,4096,995.552
2048,16,4,8192,1404.16
2048,16,4,16384,2099.72
2048,16,8,16,778.526
2048,16,8,32,769.821
2048,16,8,64,760.499
2048,16,8,128,771.987
2048,16,8,256,767.613
2048,16,8,512,843.668
2048,16,8,1024,906.57
2048,16,8,2048,1027.16
2048,16,8,4096,1343.07
2048,16,8,8192,1964.87
2048,16,8,16384,3530.64
2048,16,16,16,847.934
2048,16,16,32,845.834
2048,16,16,64,852.116
2048,16,16,128,878.933
2048,16,16,256,891.103
2048,16,16,512,953.194
2048,16,16,1024,1095.39
2048,16,16,2048,1406.53
2048,16,16,4096,1976.7
2048,16,16,8192,3430.47
2048,16,16,16384,6517.5
2048,16,32,16,1010.54
2048,16,32,32,1009.81
2048,16,32,64,1002.6
2048,16,32,128,1104.68
2048,16,32,256,1142.01
2048,16,32,512,1276.32
2048,16,32,1024,1532.96
2048,16,32,2048,2056.06
2048,16,32,4096,3407.05
2048,16,32,8192,6445.67
2048,16,32,16384,12464.2
2048,16,64,16,1338.39
2048,16,64,32,1380.03
2048,16,64,64,1363.68
2048,16,64,128,1504.08
2048,16,64,256,1689.4
2048,16,64,512,1887.8
2048,16,64,1024,2440.99
2048,16,64,2048,3797.09
2048,16,64,4096,6733.25
2048,16,64,8192,12675.7
2048,16,64,16384,24651.2
2048,16,128,16,2022.55
2048,16,128,32,2034.57
2048,16,128,64,2072.29
2048,16,128,128,2357.45
2048,16,128,256,2601.19
2048,16,128,512,3149.83
2048,16,128,1024,4254.4
2048,16,128,2048,6755.13
2048,16,128,4096,12665.1
2048,16,128,8192,24662.9
2048,16,128,16384,48636.5
2048,32,0,0,622.001
2048,32,1,16,666.003
2048,32,1,32,659.069
2048,32,1,64,674.835
2048,32,1,128,666.983
2048,32,1,256,669.479
2048,32,1,512,695.41
2048,32,1,1024,705.107
2048,32,1,2048,712.029
2048,32,1,4096,811.187
2048,32,1,8192,966.794
2048,32,1,16384,1284.77
2048,32,2,16,680.125
2048,32,2,32,719.858
2048,32,2,64,707.613
2048,32,2,128,698.685
2048,32,2,256,701.202
2048,32,2,512,715.762
2048,32,2,1024,734.664
2048,32,2,2048,762.771
2048,32,2,4096,848.49
2048,32,2,8192,1065.07
2048,32,2,16384,1510.04
2048,32,4,16,721.575
2048,32,4,32,718.141
2048,32,4,64,715.965
2048,32,4,128,746.163
2048,32,4,256,729.949
2048,32,4,512,726.194
2048,32,4,1024,775.304
2048,32,4,2048,848.254
2048,32,4,4096,1029.38
2048,32,4,8192,1415.11
2048,32,4,16384,2119.97
2048,32,8,16,736.968
2048,32,8,32,766.675
2048,32,8,64,741.021
2048,32,8,128,778.451
2048,32,8,256,808.467
2048,32,8,512,855.059
2048,32,8,1024,878.815
2048,32,8,2048,994.24
2048,32,8,4096,1359.48
2048,32,8,8192,1935.3
2048,32,8,16384,3517.66
2048,32,16,16,848.105
2048,32,16,32,844.649
2048,32,16,64,852.02
2048,32,16,128,890.484
2048,32,16,256,904.49
2048,32,16,512,980.277
2048,32,16,1024,1088.69
2048,32,16,2048,1323.49
2048,32,16,4096,1978.44
2048,32,16,8192,3431
2048,32,16,16384,6520.45
2048,32,32,16,1041.35
2048,32,32,32,1030.26
2048,32,32,64,1052.96
2048,32,32,128,1055.32
2048,32,32,256,1173.6
2048,32,32,512,1254.86
2048,32,32,1024,1525.05
2048,32,32,2048,2056.2
2048,32,32,4096,3420.71
2048,32,32,8192,6454.65
2048,32,32,16384,12451
2048,32,64,16,1287.89
2048,32,64,32,1399.44
2048,32,64,64,1327.73
2048,32,64,128,1564.29
2048,32,64,256,1634.25
2048,32,64,512,1896.07
2048,32,64,1024,2525.45
2048,32,64,2048,3702.83
2048,32,64,4096,6739.61
2048,32,64,8192,12698.9
2048,32,64,16384,24698.7
2048,32,128,16,1959.68
2048,32,128,32,2060.05
2048,32,128,64,2160.92
2048,32,128,128,2333.09
2048,32,128,256,2605.04
2048,32,128,512,3158.11
2048,32,128,1024,4203.37
2048,32,128,2048,6697.4
2048,32,128,4096,12693.6
2048,32,128,8192,24654.6
2048,32,128,16384,48628.5
2048,64,0,0,619.099
2048,64,1,16,628.316
2048,64,1,32,671.655
2048,64,1,64,667.282
2048,64,1,128,662.696
2048,64,1,256,700.936
2048,64,1,512,670.887
2048,64,1,1024,701.938
2048,64,1,2048,718.204
2048,64,1,4096,809.897
2048,64,1,8192,942.196
2048,64,1,16384,1280.15
2048,64,2,16,722.109
2048,64,2,32,677.992
2048,64,2,64,696.338
2048,64,2,128,690.514
2048,64,2,256,702.536
2048,64,2,512,733.192
2048,64,2,1024,724.445
2048,64,2,2048,787.283
2048,64,2,4096,876.052
2048,64,2,8192,1055.94
2048,64,2,16384,1497.8
2048,64,4,16,722.759
2048,64,4,32,719.379
2048,64,4,64,721.384
2048,64,4,128,722.589
2048,64,4,256,715.41
2048,64,4,512,750.184
2048,64,4,1024,781.907
2048,64,4,2048,842.281
2048,64,4,4096,1013.72
2048,64,4,8192,1373.14
2048,64,4,16384,2083.47
2048,64,8,16,761.928
2048,64,8,32,743.859
2048,64,8,64,765.544
2048,64,8,128,748.125
2048,64,8,256,786.718
2048,64,8,512,829.352
2048,64,8,1024,886.303
2048,64,8,2048,1020.32
2048,64,8,4096,1351.6
2048,64,8,8192,1940.71
2048,64,8,16384,3546.77
2048,64,16,16,832.649
2048,64,16,32,850.665
2048,64,16,64,851.135
2048,64,16,128,889.418
2048,64,16,256,920.34
2048,64,16,512,967.552
2048,64,16,1024,1094.74
2048,64,16,2048,1375.76
2048,64,16,4096,1994.18
2048,64,16,8192,3451.45
2048,64,16,16384,6520.92
2048,64,32,16,1049.37
2048,64,32,32,1021.02
2048,64,32,64,1024.88
2048,64,32,128,1080.19
2048,64,32,256,1132.04
2048,64,32,512,1271.92
2048,64,32,1024,1540.06
2048,64,32,2048,2137.5
2048,64,32,4096,3380.79
2048,64,32,8192,6466.59
2048,64,32,16384,12473.4
2048,64,64,16,1362.83
2048,64,64,32,1441.5
2048,64,64,64,1390.45
2048,64,64,128,1506.12
2048,64,64,256,1629.69
2048,64,64,512,1892.79
2048,64,64,1024,2437.59
2048,64,64,2048,3701.52
2048,64,64,4096,6731.78
2048,64,64,8192,12689.7
2048,64,64,16384,24699
2048,64,128,16,2090.96
2048,64,128,32,2056.3
2048,64,128,64,2076.03
2048,64,128,128,2410.54
2048,64,128,256,2589.05
2048,64,128,512,3159.05
2048,64,128,1024,4317.08
2048,64,128,2048,6762.66
2048,64,128,4096,12720.6
2048,64,128,8192,24629.6
2048,64,128,16384,48641.6
2048,128,0,0,690.696
2048,128,1,16,726.493
2048,128,1,32,691.303
2048,128,1,64,690.738
2048,128,1,128,728.435
2048,128,1,256,724.744
2048,128,1,512,723.934
2048,128,1,1024,725.939
2048,128,1,2048,722.579
2048,128,1,4096,829.588
2048,128,1,8192,1030.51
2048,128,1,16384,1343.83
2048,128,2,16,724.189
2048,128,2,32,719.837
2048,128,2,64,711.997
2048,128,2,128,729.714
2048,128,2,256,736.21
2048,128,2,512,748.115
2048,128,2,1024,730.952
2048,128,2,2048,786.654
2048,128,2,4096,900.33
2048,128,2,8192,1119.63
2048,128,2,16384,1553.84
2048,128,4,16,752.573
2048,128,4,32,755.027
2048,128,4,64,746.717
2048,128,4,128,775.614
2048,128,4,256,764.702
2048,128,4,512,750.856
2048,128,4,1024,814.878
2048,128,4,2048,877.557
2048,128,4,4096,1050.9
2048,128,4,8192,1397.57
2048,128,4,16384,2070.51
2048,128,8,16,787.123
2048,128,8,32,794.462
2048,128,8,64,796.744
2048,128,8,128,807.486
2048,128,8,256,816.904
2048,128,8,512,853.758
2048,128,8,1024,893.397
2048,128,8,2048,1048.29
2048,128,8,4096,1340.62
2048,128,8,8192,1976.47
2048,128,8,16384,3536.34
2048,128,16,16,883.839
2048,128,16,32,858.826
2048,128,16,64,860.041
2048,128,16,128,932.35
2048,128,16,256,915.669
2048,128,16,512,1000.36
2048,128,16,1024,1121.42
2048,128,16,2048,1457.05
2048,128,16,4096,2016.51
2048,128,16,8192,3439.39
2048,128,16,16384,6542.16
2048,128,32,16,1072.45
2048,128,32,32,1045.35
2048,128,32,64,1035.49
2048,128,32,128,1096.21
2048,128,32,256,1205.61
2048,128,32,512,1318.7
2048,128,32,1024,1597.34
2048,128,32,2048,2162.02
2048,128,32,4096,3405.82
2048,128,32,8192,6481.72
2048,128,32,16384,12483.2
2048,128,64,16,1405.77
2048,128,64,32,1416.67
2048,128,64,64,1416.5
2048,128,64,128,1521.97
2048,128,64,256,1678.87
2048,128,64,512,1973.92
2048,128,64,1024,2502.84
2048,128,64,2048,3753.16
2048,128,64,4096,6776.39
2048,128,64,8192,12716.8
2048,128,64,16384,24664.1
2048,128,128,16,2125.8
2048,128,128,32,2018.43
2048,128,128,64,2097.62
2048,128,128,128,2346.59
2048,128,128,256,2749.59
2048,128,128,512,3179.52
2048,128,128,1024,4336.29
2048,128,128,2048,6749.92
2048,128,128,4096,12679
2048,128,128,8192,24691.3
2048,128,128,16384,48658.3
2048,256,0,0,744.691
2048,256,1,16,735.795
2048,256,1,32,753.821
2048,256,1,64,752.542
2048,256,1,128,779.518
2048,256,1,256,780.499
2048,256,1,512,764.862
2048,256,1,1024,789.844
2048,256,1,2048,815.487
2048,256,1,4096,896.735
2048,256,1,8192,1052.07
2048,256,1,16384,1374.7
2048,256,2,16,783.219
2048,256,2,32,797.439
2048,256,2,64,797.544
2048,256,2,128,794.803
2048,256,2,256,793.94
2048,256,2,512,803.38
2048,256,2,1024,827.348
2048,256,2,2048,850.239
2048,256,2,4096,965.665
2048,256,2,8192,1223.45
2048,256,2,16384,1621.94
2048,256,4,16,800.148
2048,256,4,32,806.623
2048,256,4,64,806.452
2048,256,4,128,819.123
2048,256,4,256,819.625
2048,256,4,512,850.239
2048,256,4,1024,868.852
2048,256,4,2048,929.706
2048,256,4,4096,1095.4
2048,256,4,8192,1450.4
2048,256,4,16384,2176.47
2048,256,8,16,840.255
2048,256,8,32,855.295
2048,256,8,64,845.652
2048,256,8,128,839.198
2048,256,8,256,915.967
2048,256,8,512,916.042
2048,256,8,1024,966.346
2048,256,8,2048,1105.8
2048,256,8,4096,1451.7
2048,256,8,8192,2005.62
2048,256,8,16384,3576.61
2048,256,16,16,962.272
2048,256,16,32,945.163
2048,256,16,64,917.6
2048,256,16,128,959.627
2048,256,16,256,1012.48
2048,256,16,512,1054.27
2048,256,16,1024,1232.81
2048,256,16,2048,1448.9
2048,256,16,4096,2017.64
2048,256,16,8192,3474.75
2048,256,16,16384,6580.54
2048,256,32,16,1108.02
2048,256,32,32,1098.01
2048,256,32,64,1107.37
2048,256,32,128,1167.45
2048,256,32,256,1230.83
2048,256,32,512,1357.76
2048,256,32,1024,1601.67
2048,256,32,2048,2218.97
2048,256,32,4096,3426.44
2048,256,32,8192,6492.66
2048,256,32,16384,12513.3
2048,256,64,16,1389.98
2048,256,64,32,1398.98
2048,256,64,64,1484.76
2048,256,64,128,1592.88
2048,256,64,256,1714.45
2048,256,64,512,1965.24
2048,256,64,1024,2518.78
2048,256,64,2048,3865.39
2048,256,64,4096,6775.82
2048,256,64,8192,12773.4
2048,256,64,16384,24732.9
2048,256,128,16,2020.31
2048,256,128,32,2196.48
2048,256,128,64,2191.43
2048,256,128,128,2402.72
2048,256,128,256,2676.87
2048,256,128,512,3228.96
2048,256,128,1024,4248.87
2048,256,128,2048,6799.13
2048,256,128,4096,12699.5
2048,256,128,8192,24714
2048,256,128,16384,48689.6
2048,512,0,0,812.638
2048,512,1,16,867.637
2048,512,1,32,883.904
2048,512,1,64,902.196
2048,512,1,128,913.397
2048,512,1,256,899.839
2048,512,1,512,918.496
2048,512,1,1024,948.107
2048,512,1,2048,928.171
2048,512,1,4096,1040.54
2048,512,1,8192,1157.39
2048,512,1,16384,1484.97
2048,512,2,16,918.773
2048,512,2,32,883.658
2048,512,2,64,917.685
2048,512,2,128,882.783
2048,512,2,256,925.471
2048,512,2,512,928.897
2048,512,2,1024,953.921
2048,512,2,2048,951.904
2048,512,2,4096,1124.4
2048,512,2,8192,1308.53
2048,512,2,16384,1733.51
2048,512,4,16,925.078
2048,512,4,32,933.418
2048,512,4,64,899.38
2048,512,4,128,929.578
2048,512,4,256,946.689
2048,512,4,512,967.061
2048,512,4,1024,987.201
2048,512,4,2048,1052.86
2048,512,4,4096,1222.42
2048,512,4,8192,1580.42
2048,512,4,16384,2270.06
2048,512,8,16,984.694
2048,512,8,32,950.187
2048,512,8,64,987.445
2048,512,8,128,986.795
2048,512,8,256,997.398
2048,512,8,512,1043.55
2048,512,8,1024,1085.79
2048,512,8,2048,1227.16
2048,512,8,4096,1583.81
2048,512,8,8192,2191.3
2048,512,8,16384,3632.46
2048,512,16,16,1050.39
2048,512,16,32,1073.13
2048,512,16,64,1052.65
2048,512,16,128,1091.86
2048,512,16,256,1122.62
2048,512,16,512,1186.69
2048,512,16,1024,1319.99
2048,512,16,2048,1578.33
2048,512,16,4096,2128.69
2048,512,16,8192,3513.86
2048,512,16,16384,6672.07
2048,512,32,16,1227.73
2048,512,32,32,1267.77
2048,512,32,64,1269.26
2048,512,32,128,1278.68
2048,512,32,256,1350.01
2048,512,32,512,1468.37
2048,512,32,1024,1763.62
2048,512,32,2048,2277.41
2048,512,32,4096,3485.48
2048,512,32,8192,6581.2
2048,512,32,16384,12564.1
2048,512,64,16,1612.14
2048,512,64,32,1484.81
2048,512,64,64,1549.3
2048,512,64,128,1722.74
2048,512,64,256,1887.38
2048,512,64,512,2154.08
2048,512,64,1024,2649.74
2048,512,64,2048,3956.03
2048,512,64,4096,6857.71
2048,512,64,8192,12827.6
2048,512,64,16384,24820.6
2048,512,128,16,2145.84
2048,512,128,32,2166.59
2048,512,128,64,2271.59
2048,512,128,128,2643.6
2048,512,128,256,2897.37
2048,512,128,512,3454.96
2048,512,128,1024,4438.77
2048,512,128,2048,6904.62
2048,512,128,4096,12833.6
2048,512,128,8192,24828.4
2048,512,128,16384,48767.1
2048,1024,0,0,1095.12
2048,1024,1,16,1041.38
2048,1024,1,32,1184.78
2048,1024,1,64,1139.98
2048,1024,1,128,1150.25
2048,1024,1,256,1186.63
2048,1024,1,512,1144.21
2048,1024,1,1024,1156.31
2048,1024,1,2048,1174.5
2048,1024,1,4096,1237.51
2048,1024,1,8192,1409.81
2048,1024,1,16384,1745.34
2048,1024,2,16,1158.84
2048,1024,2,32,1128.15
2048,1024,2,64,1155.2
2048,1024,2,128,1157.55
2048,1024,2,256,1164.02
2048,1024,2,512,1143.75
2048,1024,2,1024,1193.09
2048,1024,2,2048,1209.44
2048,1024,2,4096,1312.27
2048,1024,2,8192,1559.05
2048,1024,2,16384,2058.8
2048,1024,4,16,1194.36
2048,1024,4,32,1162.53
2048,1024,4,64,1172.41
2048,1024,4,128,1174.7
2048,1024,4,256,1154.09
2048,1024,4,512,1194.25
2048,1024,4,1024,1226.09
2048,1024,4,2048,1292.23
2048,1024,4,4096,1475.97
2048,1024,4,8192,1803.96
2048,1024,4,16384,2474.19
2048,1024,8,16,1205.71
2048,1024,8,32,1263.92
2048,1024,8,64,1215.69
2048,1024,8,128,1224.36
2048,1024,8,256,1236.3
2048,1024,8,512,1276.05
2048,1024,8,1024,1356.66
2048,1024,8,2048,1492.62
2048,1024,8,4096,1817.42
2048,1024,8,8192,2448.03
2048,1024,8,16384,3728.05
2048,1024,16,16,1315.29
2048,1024,16,32,1299.12
2048,1024,16,64,1297.59
2048,1024,16,128,1306.31
2048,1024,16,256,1364.82
2048,1024,16,512,1458.79
2048,1024,16,1024,1542.52
2048,1024,16,2048,1841.8
2048,1024,16,4096,2443.34
2048,1024,16,8192,3637.2
2048,1024,16,16384,6827.86
2048,1024,32,16,1456.97
2048,1024,32,32,1469.86
2048,1024,32,64,1516.33
2048,1024,32,128,1535.4
2048,1024,32,256,1586.91
2048,1024,32,512,1726.81
2048,1024,32,1024,1957.06
2048,1024,32,2048,2512.85
2048,1024,32,4096,3774.5
2048,1024,32,8192,6683.35
2048,1024,32,16384,12676.2
2048,1024,64,16,1863.7
2048,1024,64,32,1907.35
2048,1024,64,64,1835.26
2048,1024,64,128,2018.29
2048,1024,64,256,2081.39
2048,1024,64,512,2332.7
2048,1024,64,1024,2860.22
2048,1024,64,2048,4050.36
2048,1024,64,4096,7014.27
2048,1024,64,8192,12997.7
2048,1024,64,16384,24977.6
2048,1024,128,16,2555.54
2048,1024,128,32,2450.28
2048,1024,128,64,2513.42
2048,1024,128,128,2857.25
2048,1024,128,256,3141.21
2048,1024,128,512,3621.76
2048,1024,128,1024,4663.49
2048,1024,128,2048,7162.4
2048,1024,128,4096,13026.8
2048,1024,128,8192,24982.5
2048,1024,128,16384,48931.6
2048,2048,0,0,1549.48
2048,2048,1,16,1606.95
2048,2048,1,32,1575.83
2048,2048,1,64,1591.39
2048,2048,1,128,1644.49
2048,2048,1,256,1637.16
2048,2048,1,512,1717.47
2048,2048,1,1024,1657.21
2048,2048,1,2048,1676.83
2048,2048,1,4096,1707.18
2048,2048,1,8192,1808.97
2048,2048,1,16384,2266.28
2048,2048,2,16,1637.53
2048,2048,2,32,1672.71
2048,2048,2,64,1620.2
2048,2048,2,128,1635.4
2048,2048,2,256,1657.16
2048,2048,2,512,1666.33
2048,2048,2,1024,1714.56
2048,2048,2,2048,1689.5
2048,2048,2,4096,1782.79
2048,2048,2,8192,1995.13
2048,2048,2,16384,2453.19
2048,2048,4,16,1641.05
2048,2048,4,32,1677.74
2048,2048,4,64,1649.8
2048,2048,4,128,1673.57
2048,2048,4,256,1675.06
2048,2048,4,512,1779.63
2048,2048,4,1024,1763.69
2048,2048,4,2048,1787.62
2048,2048,4,4096,1913.35
2048,2048,4,8192,2355.47
2048,2048,4,16384,2953.92
2048,2048,8,16,1714.63
2048,2048,8,32,1727.51
2048,2048,8,64,1730.49
2048,2048,8,128,1728.27
2048,2048,8,256,1725.99
2048,2048,8,512,1774.33
2048,2048,8,1024,1847.42
2048,2048,8,2048,1944.83
2048,2048,8,4096,2299.35
2048,2048,8,8192,2845.41
2048,2048,8,16384,4208.36
2048,2048,16,16,1778.59
2048,2048,16,32,1799.7
2048,2048,16,64,1802.56
2048,2048,16,128,1881.81
2048,2048,16,256,1839.06
2048,2048,16,512,1916.46
2048,2048,16,1024,2022.05
2048,2048,16,2048,2280.16
2048,2048,16,4096,2935.68
2048,2048,16,8192,4028.72
2048,2048,16,16384,7018.74
2048,2048,32,16,1957.47
2048,2048,32,32,1958.88
2048,2048,32,64,1958.64
2048,2048,32,128,2014.13
2048,2048,32,256,2116.5
2048,2048,32,512,2183.17
2048,2048,32,1024,2561.11
2048,2048,32,2048,2974.58
2048,2048,32,4096,4148.48
2048,2048,32,8192,6887.02
2048,2048,32,16384,13011.9
2048,2048,64,16,2284.37
2048,2048,64,32,2303.62
2048,2048,64,64,2309.62
2048,2048,64,128,2438.2
2048,2048,64,256,2548.47
2048,2048,64,512,2909.72
2048,2048,64,1024,3415.28
2048,2048,64,2048,4619.66
2048,2048,64,4096,7365.68
2048,2048,64,8192,13293.4
2048,2048,64,16384,25223.5
2048,2048,128,16,2852.6
2048,2048,128,32,3004.32
2048,2048,128,64,3071.38
2048,2048,128,128,3284.91
2048,2048,128,256,3496.65
2048,2048,128,512,4030.05
2048,2048,128,1024,5246.02
2048,2048,128,2048,7582.89
2048,2048,128,4096,13217
2048,2048,128,8192,25260.3
2048,2048,128,16384,49212.2
2048,4096,0,0,2440.49
2048,4096,1,16,2599.49
2048,4096,1,32,2584.24
2048,4096,1,64,2592.42
2048,4096,1,128,2602.41
2048,4096,1,256,2691.52
2048,4096,1,512,2625.01
2048,4096,1,1024,2717.53
2048,4096,1,2048,2639.95
2048,4096,1,4096,2674.04
2048,4096,1,8192,2899.1
2048,4096,1,16384,3124.1
2048,4096,2,16,2649.58
2048,4096,2,32,2620.47
2048,4096,2,64,2608.02
2048,4096,2,128,2630.8
2048,4096,2,256,2629.95
2048,4096,2,512,2650.34
2048,4096,2,1024,2790.42
2048,4096,2,2048,2815.15
2048,4096,2,4096,2753.01
2048,4096,2,8192,2927.26
2048,4096,2,16384,3410.13
2048,4096,4,16,2668.57
2048,4096,4,32,2622.14
2048,4096,4,64,2670.32
2048,4096,4,128,2658.98
2048,4096,4,256,2635.53
2048,4096,4,512,2726.88
2048,4096,4,1024,2800.69
2048,4096,4,2048,2756.44
2048,4096,4,4096,2871.48
2048,4096,4,8192,3202.8
2048,4096,4,16384,4056.96
2048,4096,8,16,2700.84
2048,4096,8,32,2662.47
2048,4096,8,64,2661.81
2048,4096,8,128,2734.44
2048,4096,8,256,2699.17
2048,4096,8,512,2821.06
2048,4096,8,1024,2838.5
2048,4096,8,2048,3021.3
2048,4096,8,4096,3255.28
2048,4096,8,8192,3761.09
2048,4096,8,16384,5157.35
2048,4096,16,16,2883.7
2048,4096,16,32,2870.92
2048,4096,16,64,2804.12
2048,4096,16,128,2787.76
2048,4096,16,256,2954.83
2048,4096,16,512,2907.21
2048,4096,16,1024,3123.97
2048,4096,16,2048,3387.35
2048,4096,16,4096,3857.86
2048,4096,16,8192,4954.16
2048,4096,16,16384,7765.67
2048,4096,32,16,3004.64
2048,4096,32,32,3058.61
2048,4096,32,64,3003.03
2048,4096,32,128,3072.64
2048,4096,32,256,3005.68
2048,4096,32,512,3166.93
2048,4096,32,1024,3401.53
2048,4096,32,2048,4041.15
2048,4096,32,4096,4982.52
2048,4096,32,8192,7592.12
2048,4096,32,16384,13732.2
2048,4096,64,16,3319.49
2048,4096,64,32,3381.46
2048,4096,64,64,3342.43
2048,4096,64,128,3479.61
2048,4096,64,256,3553.33
2048,4096,64,512,3822.98
2048,4096,64,1024,4280.58
2048,4096,64,2048,5476.17
2048,4096,64,4096,8004.72
2048,4096,64,8192,13998.2
2048,4096,64,16384,25775.1
2048,4096,128,16,3883.44
2048,4096,128,32,4044.21
2048,4096,128,64,3991.11
2048,4096,128,128,4487.55
2048,4096,128,256,4491.44
2048,4096,128,512,5106.9
2048,4096,128,1024,6198.42
2048,4096,128,2048,8562.59
2048,4096,128,4096,13925.7
2048,4096,128,8192,25847.6
2048,4096,128,16384,49745.5
2048,8192,0,0,4616.31
2048,8192,1,16,4445.67
2048,8192,1,32,4612.69
2048,8192,1,64,4492.62
2048,8192,1,128,4614.08
2048,8192,1,256,4694.02
2048,8192,1,512,4541.55
2048,8192,1,1024,4676.81
2048,8192,1,2048,4581.01
2048,8192,1,4096,4836.67
2048,8192,1,8192,4894.11
2048,8192,1,16384,5102.88
2048,8192,2,16,4712.63
2048,8192,2,32,4572.48
2048,8192,2,64,4708.29
2048,8192,2,128,4605.9
2048,8192,2,256,4672.72
2048,8192,2,512,4657.99
2048,8192,2,1024,4684.65
2048,8192,2,2048,4652.75
2048,8192,2,4096,4786.55
2048,8192,2,8192,4836.08
2048,8192,2,16384,5256.67
2048,8192,4,16,4574.36
2048,8192,4,32,4679.52
2048,8192,4,64,4589.89
2048,8192,4,128,4630.56
2048,8192,4,256,4658.96
2048,8192,4,512,4615.7
2048,8192,4,1024,4782.72
2048,8192,4,2048,4886.48
2048,8192,4,4096,4803.31
2048,8192,4,8192,5229.45
2048,8192,4,16384,5985.59
2048,8192,8,16,4834.18
2048,8192,8,32,4765.65
2048,8192,8,64,4738.44
2048,8192,8,128,4637.85
2048,8192,8,256,4686.64
2048,8192,8,512,4825.63
2048,8192,8,1024,4971.26
2048,8192,8,2048,5026.46
2048,8192,8,4096,5257.71
2048,8192,8,8192,5896.12
2048,8192,8,16384,7017.17
2048,8192,16,16,4946.39
2048,8192,16,32,4886.7
2048,8192,16,64,4854.23
2048,8192,16,128,4905.51
2048,8192,16,256,4807.97
2048,8192,16,512,5076.42
2048,8192,16,1024,5032.43
2048,8192,16,2048,5367.5
2048,8192,16,4096,5925.01
2048,8192,16,8192,7006.08
2048,8192,16,16384,9225.03
2048,8192,32,16,4767.07
2048,8192,32,32,4781.84
2048,8192,32,64,4881.56
2048,8192,32,128,4790.41
2048,8192,32,256,4883.16
2048,8192,32,512,5136.63
2048,8192,32,1024,5495.63
2048,8192,32,2048,6066.7
2048,8192,32,4096,7037.91
2048,8192,32,8192,9438.82
2048,8192,32,16384,14827.5
2048,8192,64,16,5127.92
2048,8192,64,32,5068.59
2048,8192,64,64,5388.47
2048,8192,64,128,5324.47
2048,8192,64,256,5655
2048,8192,64,512,5892.65
2048,8192,64,1024,6499.57
2048,8192,64,2048,7496.09
2048,8192,64,4096,9681.76
2048,8192,64,8192,15038.8
2048,8192,64,16384,27049.1
2048,8192,128,16,5849.73
2048,8192,128,32,5917.89
2048,8192,128,64,6047.99
2048,8192,128,128,6336.28
2048,8192,128,256,6599.81
2048,8192,128,512,7152.32
2048,8192,128,1024,8142.62
2048,8192,128,2048,10375
2048,8192,128,4096,15339.8
2048,8192,128,8192,27157.6
2048,8192,128,16384,50951.4
2048,16384,0,0,8526.52
2048,16384,1,16,8566.6
2048,16384,1,32,8553.24
2048,16384,1,64,8643.52
2048,16384,1,128,8560.79
2048,16384,1,256,8586.38
2048,16384,1,512,8793.94
2048,16384,1,1024,8636.04
2048,16384,1,2048,8765.43
2048,16384,1,4096,8884.2
2048,16384,1,8192,8804.42
2048,16384,1,16384,8832.58
2048,16384,2,16,8636.51
2048,16384,2,32,8638.11
2048,16384,2,64,8706.26
2048,16384,2,128,8716.33
2048,16384,2,256,8678.68
2048,16384,2,512,8731.94
2048,16384,2,1024,8839.83
2048,16384,2,2048,8813.83
2048,16384,2,4096,8853.58
2048,16384,2,8192,8930.46
2048,16384,2,16384,9026.74
2048,16384,4,16,8675.31
2048,16384,4,32,8653.57
2048,16384,4,64,8772.23
2048,16384,4,128,8727.38
2048,16384,4,256,8783.65
2048,16384,4,512,8759.88
2048,16384,4,1024,8775.21
2048,16384,4,2048,8901.45
2048,16384,4,4096,9041.79
2048,16384,4,8192,9415.52
2048,16384,4,16384,9514.52
2048,16384,8,16,8668.91
2048,16384,8,32,8676.31
2048,16384,8,64,8773.36
2048,16384,8,128,8820.19
2048,16384,8,256,8793.75
2048,16384,8,512,8831.58
2048,16384,8,1024,8795.83
2048,16384,8,2048,8881.14
2048,16384,8,4096,9127.96
2048,16384,8,8192,9698.71
2048,16384,8,16384,10810.3
2048,16384,16,16,8656.09
2048,16384,16,32,8675.86
2048,16384,16,64,8619.42
2048,16384,16,128,8671.68
2048,16384,16,256,8659.51
2048,16384,16,512,8682.44
2048,16384,16,1024,8857.83
2048,16384,16,2048,9268.47
2048,16384,16,4096,9905.41
2048,16384,16,8192,11146.9
2048,16384,16,16384,13173.9
2048,16384,32,16,8497.2
2048,16384,32,32,8582.87
2048,16384,32,64,8599.22
2048,16384,32,128,8620.15
2048,16384,32,256,8787.72
2048,16384,32,512,9011.42
2048,16384,32,1024,9144.31
2048,16384,32,2048,9901.06
2048,16384,32,4096,11088.1
2048,16384,32,8192,13440.2
2048,16384,32,16384,17869.9
2048,16384,64,16,8969.29
2048,16384,64,32,8846.87
2048,16384,64,64,8956.12
2048,16384,64,128,9141.22
2048,16384,64,256,9214.39
2048,16384,64,512,9619.26
2048,16384,64,1024,10221.8
2048,16384,64,2048,11491.6
2048,16384,64,4096,13731.1
2048,16384,64,8192,18522.2
2048,16384,64,16384,29723.5
2048,16384,128,16,9724.32
2048,16384,128,32,9697.79
2048,16384,128,64,9720.84
2048,16384,128,128,10069.7
2048,16384,128,256,10251.6
2048,16384,128,512,11068.4
2048,16384,128,1024,12070.5
2048,16384,128,2048,14343.3
2048,16384,128,4096,18696
2048,16384,128,8192,29239.4
2048,16384,128,16384,53331.4
