pc,n_label,skew_rate_label,kv_big_label,kp_label,alpha,n_samples
0,n<=128,sr<=15%,kvB<=16k,kp=0,0.0068,4
0,n<=128,sr<=15%,kvB<=1k,kp=0,0.0459,4
0,n<=128,sr<=15%,kvB<=4k,kp=0,0.0064,4
0,n<=128,sr<=40%,kvB<=16k,kp=0,-0.0015,2
0,n<=128,sr<=40%,kvB<=1k,kp=0,0.0569,2
0,n<=128,sr<=40%,kvB<=4k,kp=0,-0.0023,2
0,n<=128,sr<=5%,kvB<=16k,kp=0,0.0117,8
0,n<=128,sr<=5%,kvB<=1k,kp=0,0.0213,8
0,n<=128,sr<=5%,kvB<=4k,kp=0,0.0132,8
0,n<=128,sr<=70%,kvB<=16k,kp=0,-0.0042,2
0,n<=128,sr<=70%,kvB<=1k,kp=0,0.0661,2
0,n<=128,sr<=70%,kvB<=4k,kp=0,-0.0046,2
0,n<=128,sr>70%,kvB<=16k,kp=0,0.0194,4
0,n<=128,sr>70%,kvB<=1k,kp=0,0.1376,4
0,n<=128,sr>70%,kvB<=4k,kp=0,0.0095,4
0,n<=16,sr<=15%,kvB<=16k,kp=0,0.2354,4
0,n<=16,sr<=15%,kvB<=1k,kp=0,0.2642,4
0,n<=16,sr<=15%,kvB<=4k,kp=0,0.2328,4
0,n<=16,sr<=40%,kvB<=16k,kp=0,0.1947,4
0,n<=16,sr<=40%,kvB<=1k,kp=0,0.2526,4
0,n<=16,sr<=40%,kvB<=4k,kp=0,0.1974,4
0,n<=16,sr<=70%,kvB<=16k,kp=0,0.3288,2
0,n<=16,sr<=70%,kvB<=1k,kp=0,0.3936,2
0,n<=16,sr<=70%,kvB<=4k,kp=0,0.3468,2
0,n<=16,sr>70%,kvB<=16k,kp=0,0.2168,4
0,n<=16,sr>70%,kvB<=1k,kp=0,0.2791,4
0,n<=16,sr>70%,kvB<=4k,kp=0,0.1797,4
0,n<=2,sr<=70%,kvB<=16k,kp=0,0.0847,2
0,n<=2,sr<=70%,kvB<=1k,kp=0,-0.1847,2
0,n<=2,sr<=70%,kvB<=4k,kp=0,-0.3886,2
0,n<=256,sr<=15%,kvB<=16k,kp=0,0.0002,4
0,n<=256,sr<=15%,kvB<=1k,kp=0,0.0477,4
0,n<=256,sr<=15%,kvB<=4k,kp=0,0.0022,4
0,n<=256,sr<=40%,kvB<=16k,kp=0,-0.0011,2
0,n<=256,sr<=40%,kvB<=1k,kp=0,0.0712,2
0,n<=256,sr<=40%,kvB<=4k,kp=0,-0.0013,2
0,n<=256,sr<=5%,kvB<=16k,kp=0,0.001,8
0,n<=256,sr<=5%,kvB<=1k,kp=0,0.0078,8
0,n<=256,sr<=5%,kvB<=4k,kp=0,0.0021,8
0,n<=256,sr<=70%,kvB<=16k,kp=0,-0.0041,2
0,n<=256,sr<=70%,kvB<=1k,kp=0,0.0684,2
0,n<=256,sr<=70%,kvB<=4k,kp=0,-0.0045,2
0,n<=256,sr>70%,kvB<=16k,kp=0,-0.0056,4
0,n<=256,sr>70%,kvB<=1k,kp=0,0.1347,4
0,n<=256,sr>70%,kvB<=4k,kp=0,-0.0087,4
0,n<=32,sr<=15%,kvB<=16k,kp=0,0.1204,6
0,n<=32,sr<=15%,kvB<=1k,kp=0,0.1445,6
0,n<=32,sr<=15%,kvB<=4k,kp=0,0.122,6
0,n<=32,sr<=40%,kvB<=16k,kp=0,0.1083,2
0,n<=32,sr<=40%,kvB<=1k,kp=0,0.1052,2
0,n<=32,sr<=40%,kvB<=4k,kp=0,0.0763,2
0,n<=32,sr<=5%,kvB<=16k,kp=0,0.1245,2
0,n<=32,sr<=5%,kvB<=1k,kp=0,0.1317,2
0,n<=32,sr<=5%,kvB<=4k,kp=0,0.1329,2
0,n<=32,sr<=70%,kvB<=16k,kp=0,0.1502,2
0,n<=32,sr<=70%,kvB<=1k,kp=0,-0.0143,2
0,n<=32,sr<=70%,kvB<=4k,kp=0,0.1119,2
0,n<=32,sr>70%,kvB<=16k,kp=0,0.1552,4
0,n<=32,sr>70%,kvB<=1k,kp=0,0.3048,4
0,n<=32,sr>70%,kvB<=4k,kp=0,0.154,4
0,n<=4,sr<=40%,kvB<=16k,kp=0,0.0222,2
0,n<=4,sr<=40%,kvB<=1k,kp=0,0.0368,4
0,n<=4,sr<=40%,kvB<=4k,kp=0,0.0072,3
0,n<=4,sr<=70%,kvB<=16k,kp=0,-0.0205,2
0,n<=4,sr<=70%,kvB<=1k,kp=0,-0.204,2
0,n<=4,sr<=70%,kvB<=4k,kp=0,0.0054,2
0,n<=4,sr>70%,kvB<=16k,kp=0,0.2009,2
0,n<=4,sr>70%,kvB<=1k,kp=0,0.341,2
0,n<=4,sr>70%,kvB<=4k,kp=0,0.4468,2
0,n<=64,sr<=15%,kvB<=16k,kp=0,0.0457,4
0,n<=64,sr<=15%,kvB<=1k,kp=0,0.0591,4
0,n<=64,sr<=15%,kvB<=4k,kp=0,0.0443,4
0,n<=64,sr<=40%,kvB<=16k,kp=0,0.0235,2
0,n<=64,sr<=40%,kvB<=1k,kp=0,0.0347,2
0,n<=64,sr<=40%,kvB<=4k,kp=0,0.0211,2
0,n<=64,sr<=5%,kvB<=16k,kp=0,0.0511,6
0,n<=64,sr<=5%,kvB<=1k,kp=0,0.0422,6
0,n<=64,sr<=5%,kvB<=4k,kp=0,0.0519,6
0,n<=64,sr<=70%,kvB<=16k,kp=0,-0.0094,2
0,n<=64,sr<=70%,kvB<=1k,kp=0,-0.0182,2
0,n<=64,sr<=70%,kvB<=4k,kp=0,-0.0073,2
0,n<=64,sr>70%,kvB<=16k,kp=0,0.0235,4
0,n<=64,sr>70%,kvB<=1k,kp=0,0.0941,4
0,n<=64,sr>70%,kvB<=4k,kp=0,0.0096,4
0,n<=8,sr<=15%,kvB<=16k,kp=0,0.0933,2
0,n<=8,sr<=15%,kvB<=1k,kp=0,0.0664,2
0,n<=8,sr<=15%,kvB<=4k,kp=0,0.0658,2
0,n<=8,sr<=40%,kvB<=16k,kp=0,0.0494,4
0,n<=8,sr<=40%,kvB<=1k,kp=0,0.0691,4
0,n<=8,sr<=40%,kvB<=4k,kp=0,0.0142,4
0,n<=8,sr<=70%,kvB<=16k,kp=0,0.0027,2
0,n<=8,sr<=70%,kvB<=1k,kp=0,0.08,2
0,n<=8,sr<=70%,kvB<=4k,kp=0,0.0043,2
0,n<=8,sr>70%,kvB<=16k,kp=0,0.2248,4
0,n<=8,sr>70%,kvB<=1k,kp=0,0.162,4
0,n<=8,sr>70%,kvB<=4k,kp=0,0.1942,4
16,n<=128,sr<=15%,kvB<=16k,kp<=1k,0.0007,4
16,n<=128,sr<=15%,kvB<=16k,kp<=2k,0.0008,4
16,n<=128,sr<=15%,kvB<=16k,kp<=4k,0.0009,4
16,n<=128,sr<=15%,kvB<=16k,kp<=512,0.0004,4
16,n<=128,sr<=15%,kvB<=16k,kp<=8k,0.0007,4
16,n<=128,sr<=15%,kvB<=16k,kp=0,0.0006,4
16,n<=128,sr<=15%,kvB<=1k,kp<=1k,0.0326,4
16,n<=128,sr<=15%,kvB<=1k,kp<=2k,0.0254,4
16,n<=128,sr<=15%,kvB<=1k,kp<=4k,0.0273,4
16,n<=128,sr<=15%,kvB<=1k,kp<=512,0.0327,4
16,n<=128,sr<=15%,kvB<=1k,kp<=8k,0.0295,4
16,n<=128,sr<=15%,kvB<=1k,kp=0,0.0334,4
16,n<=128,sr<=15%,kvB<=4k,kp<=1k,0.0017,4
16,n<=128,sr<=15%,kvB<=4k,kp<=2k,0.0014,4
16,n<=128,sr<=15%,kvB<=4k,kp<=4k,0.0007,4
16,n<=128,sr<=15%,kvB<=4k,kp<=512,0.0017,4
16,n<=128,sr<=15%,kvB<=4k,kp<=8k,0.0009,4
16,n<=128,sr<=15%,kvB<=4k,kp=0,0.0016,4
16,n<=128,sr<=40%,kvB<=16k,kp<=1k,-0.0015,2
16,n<=128,sr<=40%,kvB<=16k,kp<=2k,-0.0012,2
16,n<=128,sr<=40%,kvB<=16k,kp<=4k,-0.0011,2
16,n<=128,sr<=40%,kvB<=16k,kp<=512,-0.0016,2
16,n<=128,sr<=40%,kvB<=16k,kp<=8k,-0.0014,2
16,n<=128,sr<=40%,kvB<=16k,kp=0,-0.0008,2
16,n<=128,sr<=40%,kvB<=1k,kp<=1k,0.0625,2
16,n<=128,sr<=40%,kvB<=1k,kp<=2k,0.0618,2
16,n<=128,sr<=40%,kvB<=1k,kp<=4k,0.0607,2
16,n<=128,sr<=40%,kvB<=1k,kp<=512,0.0633,2
16,n<=128,sr<=40%,kvB<=1k,kp<=8k,0.0555,2
16,n<=128,sr<=40%,kvB<=1k,kp=0,0.0654,2
16,n<=128,sr<=40%,kvB<=4k,kp<=1k,-0.0013,2
16,n<=128,sr<=40%,kvB<=4k,kp<=2k,-0.0015,2
16,n<=128,sr<=40%,kvB<=4k,kp<=4k,-0.0014,2
16,n<=128,sr<=40%,kvB<=4k,kp<=512,-0.001,2
16,n<=128,sr<=40%,kvB<=4k,kp<=8k,0.0007,2
16,n<=128,sr<=40%,kvB<=4k,kp=0,-0.0008,2
16,n<=128,sr<=5%,kvB<=16k,kp<=1k,0.0022,8
16,n<=128,sr<=5%,kvB<=16k,kp<=2k,0.0024,8
16,n<=128,sr<=5%,kvB<=16k,kp<=4k,0.0024,8
16,n<=128,sr<=5%,kvB<=16k,kp<=512,0.0022,8
16,n<=128,sr<=5%,kvB<=16k,kp<=8k,0.0021,8
16,n<=128,sr<=5%,kvB<=16k,kp=0,0.0024,8
16,n<=128,sr<=5%,kvB<=1k,kp<=1k,0.0053,8
16,n<=128,sr<=5%,kvB<=1k,kp<=2k,0.0032,8
16,n<=128,sr<=5%,kvB<=1k,kp<=4k,0.0021,8
16,n<=128,sr<=5%,kvB<=1k,kp<=512,0.0068,8
16,n<=128,sr<=5%,kvB<=1k,kp<=8k,0.0015,8
16,n<=128,sr<=5%,kvB<=1k,kp=0,0.0101,8
16,n<=128,sr<=5%,kvB<=4k,kp<=1k,0.0028,8
16,n<=128,sr<=5%,kvB<=4k,kp<=2k,0.0024,8
16,n<=128,sr<=5%,kvB<=4k,kp<=4k,0.0023,8
16,n<=128,sr<=5%,kvB<=4k,kp<=512,0.003,8
16,n<=128,sr<=5%,kvB<=4k,kp<=8k,0.0012,8
16,n<=128,sr<=5%,kvB<=4k,kp=0,0.0031,8
16,n<=128,sr<=70%,kvB<=16k,kp<=1k,-0.0041,2
16,n<=128,sr<=70%,kvB<=16k,kp<=2k,-0.0033,2
16,n<=128,sr<=70%,kvB<=16k,kp<=4k,-0.0029,2
16,n<=128,sr<=70%,kvB<=16k,kp<=512,-0.0041,2
16,n<=128,sr<=70%,kvB<=16k,kp<=8k,-0.0002,2
16,n<=128,sr<=70%,kvB<=16k,kp=0,-0.0044,2
16,n<=128,sr<=70%,kvB<=1k,kp<=1k,0.0831,2
16,n<=128,sr<=70%,kvB<=1k,kp<=2k,0.0724,2
16,n<=128,sr<=70%,kvB<=1k,kp<=4k,0.0739,2
16,n<=128,sr<=70%,kvB<=1k,kp<=512,0.0842,2
16,n<=128,sr<=70%,kvB<=1k,kp<=8k,0.0574,2
16,n<=128,sr<=70%,kvB<=1k,kp=0,0.0929,2
16,n<=128,sr<=70%,kvB<=4k,kp<=1k,-0.0033,2
16,n<=128,sr<=70%,kvB<=4k,kp<=2k,-0.0015,2
16,n<=128,sr<=70%,kvB<=4k,kp<=4k,0.0045,2
16,n<=128,sr<=70%,kvB<=4k,kp<=512,-0.0031,2
16,n<=128,sr<=70%,kvB<=4k,kp<=8k,0.0041,2
16,n<=128,sr<=70%,kvB<=4k,kp=0,-0.0041,2
16,n<=128,sr>70%,kvB<=16k,kp<=1k,-0.0037,4
16,n<=128,sr>70%,kvB<=16k,kp<=2k,-0.0042,4
16,n<=128,sr>70%,kvB<=16k,kp<=4k,-0.0001,4
16,n<=128,sr>70%,kvB<=16k,kp<=512,-0.0034,4
16,n<=128,sr>70%,kvB<=16k,kp<=8k,0.0022,4
16,n<=128,sr>70%,kvB<=16k,kp=0,-0.0022,4
16,n<=128,sr>70%,kvB<=1k,kp<=1k,0.0605,4
16,n<=128,sr>70%,kvB<=1k,kp<=2k,0.0637,4
16,n<=128,sr>70%,kvB<=1k,kp<=4k,0.0987,4
16,n<=128,sr>70%,kvB<=1k,kp<=512,0.0703,4
16,n<=128,sr>70%,kvB<=1k,kp<=8k,0.1085,4
16,n<=128,sr>70%,kvB<=1k,kp=0,0.0556,4
16,n<=128,sr>70%,kvB<=4k,kp<=1k,-0.0021,4
16,n<=128,sr>70%,kvB<=4k,kp<=2k,-0.0033,4
16,n<=128,sr>70%,kvB<=4k,kp<=4k,-0.0056,4
16,n<=128,sr>70%,kvB<=4k,kp<=512,-0.0037,4
16,n<=128,sr>70%,kvB<=4k,kp<=8k,-0.0007,4
16,n<=128,sr>70%,kvB<=4k,kp=0,-0.0035,4
16,n<=16,sr<=15%,kvB<=16k,kp<=1k,0.1165,4
16,n<=16,sr<=15%,kvB<=16k,kp<=2k,0.0955,4
16,n<=16,sr<=15%,kvB<=16k,kp<=4k,0.0484,4
16,n<=16,sr<=15%,kvB<=16k,kp<=512,0.1342,4
16,n<=16,sr<=15%,kvB<=16k,kp<=8k,0.0129,4
16,n<=16,sr<=15%,kvB<=16k,kp=0,0.1099,4
16,n<=16,sr<=15%,kvB<=1k,kp<=1k,0.0463,4
16,n<=16,sr<=15%,kvB<=1k,kp<=2k,0.067,4
16,n<=16,sr<=15%,kvB<=1k,kp<=4k,0.0687,4
16,n<=16,sr<=15%,kvB<=1k,kp<=512,0.1234,4
16,n<=16,sr<=15%,kvB<=1k,kp<=8k,0.0599,4
16,n<=16,sr<=15%,kvB<=1k,kp=0,0.1432,4
16,n<=16,sr<=15%,kvB<=4k,kp<=1k,0.1008,4
16,n<=16,sr<=15%,kvB<=4k,kp<=2k,0.056,4
16,n<=16,sr<=15%,kvB<=4k,kp<=4k,0.0145,4
16,n<=16,sr<=15%,kvB<=4k,kp<=512,0.1151,4
16,n<=16,sr<=15%,kvB<=4k,kp<=8k,0.0262,4
16,n<=16,sr<=15%,kvB<=4k,kp=0,0.134,4
16,n<=16,sr<=40%,kvB<=16k,kp<=1k,0.159,4
16,n<=16,sr<=40%,kvB<=16k,kp<=2k,0.1121,4
16,n<=16,sr<=40%,kvB<=16k,kp<=4k,0.0765,4
16,n<=16,sr<=40%,kvB<=16k,kp<=512,0.2002,4
16,n<=16,sr<=40%,kvB<=16k,kp<=8k,0.0324,4
16,n<=16,sr<=40%,kvB<=16k,kp=0,0.1709,4
16,n<=16,sr<=40%,kvB<=1k,kp<=1k,0.0725,4
16,n<=16,sr<=40%,kvB<=1k,kp<=2k,0.0707,4
16,n<=16,sr<=40%,kvB<=1k,kp<=4k,0.0598,4
16,n<=16,sr<=40%,kvB<=1k,kp<=512,0.1294,4
16,n<=16,sr<=40%,kvB<=1k,kp<=8k,0.0627,4
16,n<=16,sr<=40%,kvB<=1k,kp=0,0.154,4
16,n<=16,sr<=40%,kvB<=4k,kp<=1k,0.1069,4
16,n<=16,sr<=40%,kvB<=4k,kp<=2k,0.085,4
16,n<=16,sr<=40%,kvB<=4k,kp<=4k,0.0729,4
16,n<=16,sr<=40%,kvB<=4k,kp<=512,0.1272,4
16,n<=16,sr<=40%,kvB<=4k,kp<=8k,0.1016,4
16,n<=16,sr<=40%,kvB<=4k,kp=0,0.1771,4
16,n<=16,sr<=70%,kvB<=16k,kp<=1k,0.3506,2
16,n<=16,sr<=70%,kvB<=16k,kp<=2k,0.282,2
16,n<=16,sr<=70%,kvB<=16k,kp<=4k,0.2476,2
16,n<=16,sr<=70%,kvB<=16k,kp<=512,0.4986,2
16,n<=16,sr<=70%,kvB<=16k,kp<=8k,0.2522,2
16,n<=16,sr<=70%,kvB<=16k,kp=0,0.4186,2
16,n<=16,sr<=70%,kvB<=1k,kp<=1k,0.0303,2
16,n<=16,sr<=70%,kvB<=1k,kp<=2k,0.0214,2
16,n<=16,sr<=70%,kvB<=1k,kp<=4k,0.0429,2
16,n<=16,sr<=70%,kvB<=1k,kp<=512,0.0991,2
16,n<=16,sr<=70%,kvB<=1k,kp<=8k,0.1776,2
16,n<=16,sr<=70%,kvB<=1k,kp=0,0.1487,2
16,n<=16,sr<=70%,kvB<=4k,kp<=1k,0.3494,2
16,n<=16,sr<=70%,kvB<=4k,kp<=2k,0.397,2
16,n<=16,sr<=70%,kvB<=4k,kp<=4k,0.2616,2
16,n<=16,sr<=70%,kvB<=4k,kp<=512,0.373,2
16,n<=16,sr<=70%,kvB<=4k,kp<=8k,0.3923,2
16,n<=16,sr<=70%,kvB<=4k,kp=0,0.3509,2
16,n<=16,sr>70%,kvB<=16k,kp<=1k,0.914,4
16,n<=16,sr>70%,kvB<=16k,kp<=2k,0.7155,4
16,n<=16,sr>70%,kvB<=16k,kp<=4k,0.4874,4
16,n<=16,sr>70%,kvB<=16k,kp<=512,1.2388,4
16,n<=16,sr>70%,kvB<=16k,kp<=8k,0.4491,3
16,n<=16,sr>70%,kvB<=16k,kp=0,1.2139,4
16,n<=16,sr>70%,kvB<=1k,kp<=1k,0.174,4
16,n<=16,sr>70%,kvB<=1k,kp<=2k,0.1547,4
16,n<=16,sr>70%,kvB<=1k,kp<=4k,0.2504,4
16,n<=16,sr>70%,kvB<=1k,kp<=512,0.2022,4
16,n<=16,sr>70%,kvB<=1k,kp<=8k,0.2914,4
16,n<=16,sr>70%,kvB<=1k,kp=0,0.3871,4
16,n<=16,sr>70%,kvB<=4k,kp<=1k,0.7636,4
16,n<=16,sr>70%,kvB<=4k,kp<=2k,0.7304,4
16,n<=16,sr>70%,kvB<=4k,kp<=4k,1.2407,4
16,n<=16,sr>70%,kvB<=4k,kp<=512,1.2438,4
16,n<=16,sr>70%,kvB<=4k,kp<=8k,1.0852,3
16,n<=16,sr>70%,kvB<=4k,kp=0,1.4721,4
16,n<=2,sr<=70%,kvB<=16k,kp<=1k,0.6097,2
16,n<=2,sr<=70%,kvB<=16k,kp<=2k,0.1562,2
16,n<=2,sr<=70%,kvB<=16k,kp<=4k,0.0723,2
16,n<=2,sr<=70%,kvB<=16k,kp<=512,0.741,2
16,n<=2,sr<=70%,kvB<=16k,kp<=8k,0.3464,2
16,n<=2,sr<=70%,kvB<=16k,kp=0,0.9527,2
16,n<=2,sr<=70%,kvB<=1k,kp<=1k,0.693,2
16,n<=2,sr<=70%,kvB<=1k,kp<=2k,0.5837,2
16,n<=2,sr<=70%,kvB<=1k,kp<=4k,0.5325,2
16,n<=2,sr<=70%,kvB<=1k,kp<=512,0.352,2
16,n<=2,sr<=70%,kvB<=1k,kp<=8k,0.455,2
16,n<=2,sr<=70%,kvB<=1k,kp=0,0.1259,2
16,n<=2,sr<=70%,kvB<=4k,kp<=1k,0.0899,2
16,n<=2,sr<=70%,kvB<=4k,kp<=2k,0.3455,2
16,n<=2,sr<=70%,kvB<=4k,kp<=4k,0.7137,2
16,n<=2,sr<=70%,kvB<=4k,kp<=512,-0.0011,2
16,n<=2,sr<=70%,kvB<=4k,kp<=8k,0.4305,2
16,n<=2,sr<=70%,kvB<=4k,kp=0,0.8169,2
16,n<=32,sr<=15%,kvB<=16k,kp<=1k,0.0619,6
16,n<=32,sr<=15%,kvB<=16k,kp<=2k,0.0514,6
16,n<=32,sr<=15%,kvB<=16k,kp<=4k,0.0389,6
16,n<=32,sr<=15%,kvB<=16k,kp<=512,0.0796,6
16,n<=32,sr<=15%,kvB<=16k,kp<=8k,0.0349,6
16,n<=32,sr<=15%,kvB<=16k,kp=0,0.0764,6
16,n<=32,sr<=15%,kvB<=1k,kp<=1k,0.0583,6
16,n<=32,sr<=15%,kvB<=1k,kp<=2k,0.0525,6
16,n<=32,sr<=15%,kvB<=1k,kp<=4k,0.0403,6
16,n<=32,sr<=15%,kvB<=1k,kp<=512,0.0761,6
16,n<=32,sr<=15%,kvB<=1k,kp<=8k,0.0597,6
16,n<=32,sr<=15%,kvB<=1k,kp=0,0.1044,6
16,n<=32,sr<=15%,kvB<=4k,kp<=1k,0.0727,6
16,n<=32,sr<=15%,kvB<=4k,kp<=2k,0.0558,6
16,n<=32,sr<=15%,kvB<=4k,kp<=4k,0.0704,6
16,n<=32,sr<=15%,kvB<=4k,kp<=512,0.085,6
16,n<=32,sr<=15%,kvB<=4k,kp<=8k,0.0547,6
16,n<=32,sr<=15%,kvB<=4k,kp=0,0.1287,6
16,n<=32,sr<=40%,kvB<=16k,kp<=1k,0.0805,2
16,n<=32,sr<=40%,kvB<=16k,kp<=2k,0.0743,2
16,n<=32,sr<=40%,kvB<=16k,kp<=4k,0.0707,2
16,n<=32,sr<=40%,kvB<=16k,kp<=512,0.1023,2
16,n<=32,sr<=40%,kvB<=16k,kp<=8k,0.0552,2
16,n<=32,sr<=40%,kvB<=16k,kp=0,0.1033,2
16,n<=32,sr<=40%,kvB<=1k,kp<=1k,0.0717,2
16,n<=32,sr<=40%,kvB<=1k,kp<=2k,0.0707,2
16,n<=32,sr<=40%,kvB<=1k,kp<=4k,0.1224,2
16,n<=32,sr<=40%,kvB<=1k,kp<=512,0.0927,2
16,n<=32,sr<=40%,kvB<=1k,kp<=8k,0.1449,2
16,n<=32,sr<=40%,kvB<=1k,kp=0,0.1524,2
16,n<=32,sr<=40%,kvB<=4k,kp<=1k,0.1208,2
16,n<=32,sr<=40%,kvB<=4k,kp<=2k,0.1356,2
16,n<=32,sr<=40%,kvB<=4k,kp<=4k,0.114,2
16,n<=32,sr<=40%,kvB<=4k,kp<=512,0.1872,2
16,n<=32,sr<=40%,kvB<=4k,kp<=8k,0.0805,2
16,n<=32,sr<=40%,kvB<=4k,kp=0,0.2331,2
16,n<=32,sr<=5%,kvB<=16k,kp<=1k,0.0481,2
16,n<=32,sr<=5%,kvB<=16k,kp<=2k,0.0431,2
16,n<=32,sr<=5%,kvB<=16k,kp<=4k,0.0435,2
16,n<=32,sr<=5%,kvB<=16k,kp<=512,0.0623,2
16,n<=32,sr<=5%,kvB<=16k,kp<=8k,0.0182,2
16,n<=32,sr<=5%,kvB<=16k,kp=0,0.0621,2
16,n<=32,sr<=5%,kvB<=1k,kp<=1k,0.0146,2
16,n<=32,sr<=5%,kvB<=1k,kp<=2k,0.0084,2
16,n<=32,sr<=5%,kvB<=1k,kp<=4k,-0.005,2
16,n<=32,sr<=5%,kvB<=1k,kp<=512,0.0386,2
16,n<=32,sr<=5%,kvB<=1k,kp<=8k,0.0144,2
16,n<=32,sr<=5%,kvB<=1k,kp=0,0.0559,2
16,n<=32,sr<=5%,kvB<=4k,kp<=1k,0.0567,2
16,n<=32,sr<=5%,kvB<=4k,kp<=2k,0.0397,2
16,n<=32,sr<=5%,kvB<=4k,kp<=4k,0.0184,2
16,n<=32,sr<=5%,kvB<=4k,kp<=512,0.0546,2
16,n<=32,sr<=5%,kvB<=4k,kp<=8k,0.0098,2
16,n<=32,sr<=5%,kvB<=4k,kp=0,0.0909,2
16,n<=32,sr<=70%,kvB<=16k,kp<=1k,0.1936,2
16,n<=32,sr<=70%,kvB<=16k,kp<=2k,0.1609,2
16,n<=32,sr<=70%,kvB<=16k,kp<=4k,0.126,2
16,n<=32,sr<=70%,kvB<=16k,kp<=512,0.18,2
16,n<=32,sr<=70%,kvB<=16k,kp<=8k,0.1315,2
16,n<=32,sr<=70%,kvB<=16k,kp=0,0.1881,2
16,n<=32,sr<=70%,kvB<=1k,kp<=1k,0.1849,2
16,n<=32,sr<=70%,kvB<=1k,kp<=2k,0.2532,2
16,n<=32,sr<=70%,kvB<=1k,kp<=4k,0.2516,2
16,n<=32,sr<=70%,kvB<=1k,kp<=512,0.1948,2
16,n<=32,sr<=70%,kvB<=1k,kp<=8k,0.1787,2
16,n<=32,sr<=70%,kvB<=1k,kp=0,0.3031,2
16,n<=32,sr<=70%,kvB<=4k,kp<=1k,0.2262,2
16,n<=32,sr<=70%,kvB<=4k,kp<=2k,0.2463,2
16,n<=32,sr<=70%,kvB<=4k,kp<=4k,0.2308,2
16,n<=32,sr<=70%,kvB<=4k,kp<=512,0.4101,2
16,n<=32,sr<=70%,kvB<=4k,kp<=8k,0.2524,2
16,n<=32,sr<=70%,kvB<=4k,kp=0,0.4784,2
16,n<=32,sr>70%,kvB<=16k,kp<=1k,0.3804,4
16,n<=32,sr>70%,kvB<=16k,kp<=2k,0.4242,4
16,n<=32,sr>70%,kvB<=16k,kp<=4k,0.2919,4
16,n<=32,sr>70%,kvB<=16k,kp<=512,0.4429,4
16,n<=32,sr>70%,kvB<=16k,kp<=8k,0.2739,4
16,n<=32,sr>70%,kvB<=16k,kp=0,0.4348,4
16,n<=32,sr>70%,kvB<=1k,kp<=1k,0.5726,4
16,n<=32,sr>70%,kvB<=1k,kp<=2k,0.3951,4
16,n<=32,sr>70%,kvB<=1k,kp<=4k,0.4204,4
16,n<=32,sr>70%,kvB<=1k,kp<=512,0.5045,4
16,n<=32,sr>70%,kvB<=1k,kp<=8k,0.5579,4
16,n<=32,sr>70%,kvB<=1k,kp=0,1.0148,4
16,n<=32,sr>70%,kvB<=4k,kp<=1k,0.524,4
16,n<=32,sr>70%,kvB<=4k,kp<=2k,0.4974,4
16,n<=32,sr>70%,kvB<=4k,kp<=4k,0.5869,4
16,n<=32,sr>70%,kvB<=4k,kp<=512,1.0742,4
16,n<=32,sr>70%,kvB<=4k,kp<=8k,0.445,4
16,n<=32,sr>70%,kvB<=4k,kp=0,1.3026,4
16,n<=4,sr<=40%,kvB<=16k,kp<=1k,0.3102,2
16,n<=4,sr<=40%,kvB<=16k,kp<=2k,0.2193,2
16,n<=4,sr<=40%,kvB<=16k,kp<=4k,0.285,2
16,n<=4,sr<=40%,kvB<=16k,kp<=512,0.4223,2
16,n<=4,sr<=40%,kvB<=16k,kp<=8k,0.2172,2
16,n<=4,sr<=40%,kvB<=16k,kp=0,0.519,2
16,n<=4,sr<=40%,kvB<=1k,kp<=1k,0.1672,2
16,n<=4,sr<=40%,kvB<=1k,kp<=2k,0.312,2
16,n<=4,sr<=40%,kvB<=1k,kp<=4k,0.3004,2
16,n<=4,sr<=40%,kvB<=1k,kp<=512,0.2786,2
16,n<=4,sr<=40%,kvB<=1k,kp<=8k,0.2891,2
16,n<=4,sr<=40%,kvB<=1k,kp=0,0.2852,5
16,n<=4,sr<=40%,kvB<=4k,kp<=1k,0.2925,2
16,n<=4,sr<=40%,kvB<=4k,kp<=2k,0.2096,2
16,n<=4,sr<=40%,kvB<=4k,kp<=4k,0.0856,2
16,n<=4,sr<=40%,kvB<=4k,kp<=512,0.226,2
16,n<=4,sr<=40%,kvB<=4k,kp<=8k,0.1475,2
16,n<=4,sr<=40%,kvB<=4k,kp=0,0.3829,3
16,n<=4,sr<=70%,kvB<=16k,kp<=1k,0.6267,2
16,n<=4,sr<=70%,kvB<=16k,kp<=2k,0.3679,2
16,n<=4,sr<=70%,kvB<=16k,kp<=4k,0.184,2
16,n<=4,sr<=70%,kvB<=16k,kp<=512,0.8059,2
16,n<=4,sr<=70%,kvB<=16k,kp<=8k,0.1176,2
16,n<=4,sr<=70%,kvB<=16k,kp=0,0.9554,2
16,n<=4,sr<=70%,kvB<=1k,kp<=1k,0.0595,2
16,n<=4,sr<=70%,kvB<=1k,kp<=2k,0.5274,2
16,n<=4,sr<=70%,kvB<=1k,kp<=4k,0.5027,2
16,n<=4,sr<=70%,kvB<=1k,kp<=512,0.2963,2
16,n<=4,sr<=70%,kvB<=1k,kp<=8k,0.4475,2
16,n<=4,sr<=70%,kvB<=1k,kp=0,0.2249,4
16,n<=4,sr<=70%,kvB<=4k,kp<=1k,0.1226,2
16,n<=4,sr<=70%,kvB<=4k,kp<=2k,0.1599,2
16,n<=4,sr<=70%,kvB<=4k,kp<=4k,0.0602,2
16,n<=4,sr<=70%,kvB<=4k,kp<=512,0.2226,2
16,n<=4,sr<=70%,kvB<=4k,kp<=8k,0.3757,2
16,n<=4,sr<=70%,kvB<=4k,kp=0,0.7584,2
16,n<=4,sr>70%,kvB<=16k,kp<=1k,0.5561,2
16,n<=4,sr>70%,kvB<=16k,kp<=2k,0.2857,2
16,n<=4,sr>70%,kvB<=16k,kp<=4k,-0.072,2
16,n<=4,sr>70%,kvB<=16k,kp<=512,0.7506,2
16,n<=4,sr>70%,kvB<=16k,kp<=8k,0.1957,2
16,n<=4,sr>70%,kvB<=16k,kp=0,0.9636,2
16,n<=4,sr>70%,kvB<=1k,kp<=1k,0.6402,2
16,n<=4,sr>70%,kvB<=1k,kp<=2k,0.6458,2
16,n<=4,sr>70%,kvB<=1k,kp<=4k,0.7281,2
16,n<=4,sr>70%,kvB<=1k,kp<=512,0.3613,2
16,n<=4,sr>70%,kvB<=1k,kp<=8k,0.7679,2
16,n<=4,sr>70%,kvB<=1k,kp=0,0.0883,2
16,n<=4,sr>70%,kvB<=4k,kp<=1k,-0.1325,2
16,n<=4,sr>70%,kvB<=4k,kp<=2k,0.2267,2
16,n<=4,sr>70%,kvB<=4k,kp<=4k,0.5886,2
16,n<=4,sr>70%,kvB<=4k,kp<=512,-0.0336,2
16,n<=4,sr>70%,kvB<=4k,kp<=8k,0.725,2
16,n<=4,sr>70%,kvB<=4k,kp=0,0.7462,2
16,n<=64,sr<=15%,kvB<=16k,kp<=1k,0.0088,4
16,n<=64,sr<=15%,kvB<=16k,kp<=2k,0.0089,4
16,n<=64,sr<=15%,kvB<=16k,kp<=4k,0.0092,4
16,n<=64,sr<=15%,kvB<=16k,kp<=512,0.0089,4
16,n<=64,sr<=15%,kvB<=16k,kp<=8k,0.0073,4
16,n<=64,sr<=15%,kvB<=16k,kp=0,0.0082,4
16,n<=64,sr<=15%,kvB<=1k,kp<=1k,0.0323,4
16,n<=64,sr<=15%,kvB<=1k,kp<=2k,0.0306,4
16,n<=64,sr<=15%,kvB<=1k,kp<=4k,0.0267,4
16,n<=64,sr<=15%,kvB<=1k,kp<=512,0.0396,4
16,n<=64,sr<=15%,kvB<=1k,kp<=8k,0.0286,4
16,n<=64,sr<=15%,kvB<=1k,kp=0,0.0377,4
16,n<=64,sr<=15%,kvB<=4k,kp<=1k,0.011,4
16,n<=64,sr<=15%,kvB<=4k,kp<=2k,0.0082,4
16,n<=64,sr<=15%,kvB<=4k,kp<=4k,0.0018,4
16,n<=64,sr<=15%,kvB<=4k,kp<=512,0.0099,4
16,n<=64,sr<=15%,kvB<=4k,kp<=8k,-0.0008,4
16,n<=64,sr<=15%,kvB<=4k,kp=0,0.0091,4
16,n<=64,sr<=40%,kvB<=16k,kp<=1k,0.004,2
16,n<=64,sr<=40%,kvB<=16k,kp<=2k,0.0047,2
16,n<=64,sr<=40%,kvB<=16k,kp<=4k,0.0058,2
16,n<=64,sr<=40%,kvB<=16k,kp<=512,0.0042,2
16,n<=64,sr<=40%,kvB<=16k,kp<=8k,0.0022,2
16,n<=64,sr<=40%,kvB<=16k,kp=0,0.0037,2
16,n<=64,sr<=40%,kvB<=1k,kp<=1k,0.0358,2
16,n<=64,sr<=40%,kvB<=1k,kp<=2k,0.0245,2
16,n<=64,sr<=40%,kvB<=1k,kp<=4k,0.019,2
16,n<=64,sr<=40%,kvB<=1k,kp<=512,0.0418,2
16,n<=64,sr<=40%,kvB<=1k,kp<=8k,0.0232,2
16,n<=64,sr<=40%,kvB<=1k,kp=0,0.0377,2
16,n<=64,sr<=40%,kvB<=4k,kp<=1k,0.0006,2
16,n<=64,sr<=40%,kvB<=4k,kp<=2k,0.0003,2
16,n<=64,sr<=40%,kvB<=4k,kp<=4k,-0.0017,2
16,n<=64,sr<=40%,kvB<=4k,kp<=512,-0.0004,2
16,n<=64,sr<=40%,kvB<=4k,kp<=8k,-0.0033,2
16,n<=64,sr<=40%,kvB<=4k,kp=0,-0.0011,2
16,n<=64,sr<=5%,kvB<=16k,kp<=1k,0.0113,6
16,n<=64,sr<=5%,kvB<=16k,kp<=2k,0.0105,6
16,n<=64,sr<=5%,kvB<=16k,kp<=4k,0.0112,6
16,n<=64,sr<=5%,kvB<=16k,kp<=512,0.0109,6
16,n<=64,sr<=5%,kvB<=16k,kp<=8k,0.0088,6
16,n<=64,sr<=5%,kvB<=16k,kp=0,0.0115,6
16,n<=64,sr<=5%,kvB<=1k,kp<=1k,0.0151,6
16,n<=64,sr<=5%,kvB<=1k,kp<=2k,0.0084,6
16,n<=64,sr<=5%,kvB<=1k,kp<=4k,0.0109,6
16,n<=64,sr<=5%,kvB<=1k,kp<=512,0.0175,6
16,n<=64,sr<=5%,kvB<=1k,kp<=8k,0.0105,6
16,n<=64,sr<=5%,kvB<=1k,kp=0,0.0121,6
16,n<=64,sr<=5%,kvB<=4k,kp<=1k,0.0119,6
16,n<=64,sr<=5%,kvB<=4k,kp<=2k,0.0107,6
16,n<=64,sr<=5%,kvB<=4k,kp<=4k,0.0016,6
16,n<=64,sr<=5%,kvB<=4k,kp<=512,0.0117,6
16,n<=64,sr<=5%,kvB<=4k,kp<=8k,0.0019,6
16,n<=64,sr<=5%,kvB<=4k,kp=0,0.0109,6
16,n<=64,sr<=70%,kvB<=16k,kp<=1k,-0.0024,2
16,n<=64,sr<=70%,kvB<=16k,kp<=2k,-0.0031,2
16,n<=64,sr<=70%,kvB<=16k,kp<=4k,-0.0023,2
16,n<=64,sr<=70%,kvB<=16k,kp<=512,-0.0013,2
16,n<=64,sr<=70%,kvB<=16k,kp<=8k,0.0026,2
16,n<=64,sr<=70%,kvB<=16k,kp=0,-0.0019,2
16,n<=64,sr<=70%,kvB<=1k,kp<=1k,0.0035,2
16,n<=64,sr<=70%,kvB<=1k,kp<=2k,0.0061,2
16,n<=64,sr<=70%,kvB<=1k,kp<=4k,-0.0001,2
16,n<=64,sr<=70%,kvB<=1k,kp<=512,-0.0015,2
16,n<=64,sr<=70%,kvB<=1k,kp<=8k,-0.004,2
16,n<=64,sr<=70%,kvB<=1k,kp=0,-0.0013,2
16,n<=64,sr<=70%,kvB<=4k,kp<=1k,-0.0012,2
16,n<=64,sr<=70%,kvB<=4k,kp<=2k,0.0002,2
16,n<=64,sr<=70%,kvB<=4k,kp<=4k,-0.0013,2
16,n<=64,sr<=70%,kvB<=4k,kp<=512,-0.0018,2
16,n<=64,sr<=70%,kvB<=4k,kp<=8k,-0.002,2
16,n<=64,sr<=70%,kvB<=4k,kp=0,-0.0006,2
16,n<=64,sr>70%,kvB<=16k,kp<=1k,-0.0081,4
16,n<=64,sr>70%,kvB<=16k,kp<=2k,-0.0036,4
16,n<=64,sr>70%,kvB<=16k,kp<=4k,-0.0007,4
16,n<=64,sr>70%,kvB<=16k,kp<=512,-0.0091,4
16,n<=64,sr>70%,kvB<=16k,kp<=8k,0.0037,4
16,n<=64,sr>70%,kvB<=16k,kp=0,-0.0001,4
16,n<=64,sr>70%,kvB<=1k,kp<=1k,0.0358,4
16,n<=64,sr>70%,kvB<=1k,kp<=2k,0.0714,4
16,n<=64,sr>70%,kvB<=1k,kp<=4k,0.0775,4
16,n<=64,sr>70%,kvB<=1k,kp<=512,0.0401,4
16,n<=64,sr>70%,kvB<=1k,kp<=8k,0.0884,4
16,n<=64,sr>70%,kvB<=1k,kp=0,0.0375,4
16,n<=64,sr>70%,kvB<=4k,kp<=1k,-0.0123,4
16,n<=64,sr>70%,kvB<=4k,kp<=2k,-0.0073,4
16,n<=64,sr>70%,kvB<=4k,kp<=4k,-0.0079,4
16,n<=64,sr>70%,kvB<=4k,kp<=512,-0.0144,4
16,n<=64,sr>70%,kvB<=4k,kp<=8k,0.018,4
16,n<=64,sr>70%,kvB<=4k,kp=0,-0.0106,4
16,n<=8,sr<=15%,kvB<=16k,kp<=1k,0.1819,2
16,n<=8,sr<=15%,kvB<=16k,kp<=2k,0.172,2
16,n<=8,sr<=15%,kvB<=16k,kp<=4k,0.1615,2
16,n<=8,sr<=15%,kvB<=16k,kp<=512,0.1958,2
16,n<=8,sr<=15%,kvB<=16k,kp<=8k,0.0867,2
16,n<=8,sr<=15%,kvB<=16k,kp=0,0.2242,2
16,n<=8,sr<=15%,kvB<=1k,kp<=1k,0.0499,2
16,n<=8,sr<=15%,kvB<=1k,kp<=2k,0.1254,2
16,n<=8,sr<=15%,kvB<=1k,kp<=4k,0.1074,2
16,n<=8,sr<=15%,kvB<=1k,kp<=512,0.1904,2
16,n<=8,sr<=15%,kvB<=1k,kp<=8k,0.109,2
16,n<=8,sr<=15%,kvB<=1k,kp=0,0.2391,5
16,n<=8,sr<=15%,kvB<=4k,kp<=1k,0.1891,2
16,n<=8,sr<=15%,kvB<=4k,kp<=2k,0.1005,2
16,n<=8,sr<=15%,kvB<=4k,kp<=4k,-0.0487,2
16,n<=8,sr<=15%,kvB<=4k,kp<=512,0.1834,2
16,n<=8,sr<=15%,kvB<=4k,kp<=8k,0.0037,2
16,n<=8,sr<=15%,kvB<=4k,kp=0,0.2131,3
16,n<=8,sr<=40%,kvB<=16k,kp<=1k,0.2624,4
16,n<=8,sr<=40%,kvB<=16k,kp<=2k,0.2013,4
16,n<=8,sr<=40%,kvB<=16k,kp<=4k,0.1115,4
16,n<=8,sr<=40%,kvB<=16k,kp<=512,0.2927,4
16,n<=8,sr<=40%,kvB<=16k,kp<=8k,0.1364,4
16,n<=8,sr<=40%,kvB<=16k,kp=0,0.3216,4
16,n<=8,sr<=40%,kvB<=1k,kp<=1k,0.0783,4
16,n<=8,sr<=40%,kvB<=1k,kp<=2k,0.0463,4
16,n<=8,sr<=40%,kvB<=1k,kp<=4k,0.1048,4
16,n<=8,sr<=40%,kvB<=1k,kp<=512,0.1938,4
16,n<=8,sr<=40%,kvB<=1k,kp<=8k,0.0898,4
16,n<=8,sr<=40%,kvB<=1k,kp=0,0.223,4
16,n<=8,sr<=40%,kvB<=4k,kp<=1k,0.1217,4
16,n<=8,sr<=40%,kvB<=4k,kp<=2k,0.133,4
16,n<=8,sr<=40%,kvB<=4k,kp<=4k,-0.0039,4
16,n<=8,sr<=40%,kvB<=4k,kp<=512,0.1516,4
16,n<=8,sr<=40%,kvB<=4k,kp<=8k,-0.0303,4
16,n<=8,sr<=40%,kvB<=4k,kp=0,0.273,4
16,n<=8,sr<=70%,kvB<=16k,kp<=1k,0.4157,2
16,n<=8,sr<=70%,kvB<=16k,kp<=2k,0.3046,2
16,n<=8,sr<=70%,kvB<=16k,kp<=4k,0.1639,2
16,n<=8,sr<=70%,kvB<=16k,kp<=512,0.382,2
16,n<=8,sr<=70%,kvB<=16k,kp<=8k,0.1569,2
16,n<=8,sr<=70%,kvB<=16k,kp=0,0.3417,2
16,n<=8,sr<=70%,kvB<=1k,kp<=1k,0.0287,2
16,n<=8,sr<=70%,kvB<=1k,kp<=2k,-0.0526,2
16,n<=8,sr<=70%,kvB<=1k,kp<=4k,0.1068,2
16,n<=8,sr<=70%,kvB<=1k,kp<=512,0.1472,2
16,n<=8,sr<=70%,kvB<=1k,kp<=8k,0.0963,2
16,n<=8,sr<=70%,kvB<=1k,kp=0,0.1992,2
16,n<=8,sr<=70%,kvB<=4k,kp<=1k,0.0897,2
16,n<=8,sr<=70%,kvB<=4k,kp<=2k,0.1169,2
16,n<=8,sr<=70%,kvB<=4k,kp<=4k,-0.0163,2
16,n<=8,sr<=70%,kvB<=4k,kp<=512,0.2033,2
16,n<=8,sr<=70%,kvB<=4k,kp<=8k,-0.1261,2
16,n<=8,sr<=70%,kvB<=4k,kp=0,0.3365,2
16,n<=8,sr>70%,kvB<=16k,kp<=1k,0.9105,4
16,n<=8,sr>70%,kvB<=16k,kp<=2k,0.5737,4
16,n<=8,sr>70%,kvB<=16k,kp<=4k,0.2841,4
16,n<=8,sr>70%,kvB<=16k,kp<=512,1.0922,4
16,n<=8,sr>70%,kvB<=16k,kp<=8k,0.2819,4
16,n<=8,sr>70%,kvB<=16k,kp=0,1.1119,4
16,n<=8,sr>70%,kvB<=1k,kp<=1k,0.2515,4
16,n<=8,sr>70%,kvB<=1k,kp<=2k,0.247,4
16,n<=8,sr>70%,kvB<=1k,kp<=4k,0.1038,4
16,n<=8,sr>70%,kvB<=1k,kp<=512,0.188,4
16,n<=8,sr>70%,kvB<=1k,kp<=8k,0.4064,4
16,n<=8,sr>70%,kvB<=1k,kp=0,0.4143,4
16,n<=8,sr>70%,kvB<=4k,kp<=1k,0.1025,4
16,n<=8,sr>70%,kvB<=4k,kp<=2k,-0.0335,4
16,n<=8,sr>70%,kvB<=4k,kp<=4k,0.1943,4
16,n<=8,sr>70%,kvB<=4k,kp<=512,0.3997,4
16,n<=8,sr>70%,kvB<=4k,kp<=8k,0.0758,4
16,n<=8,sr>70%,kvB<=4k,kp=0,0.8015,4
32,n<=128,sr<=15%,kvB<=16k,kp<=1k,0.0005,4
32,n<=128,sr<=15%,kvB<=16k,kp<=2k,0.0011,4
32,n<=128,sr<=15%,kvB<=16k,kp<=4k,0.0011,4
32,n<=128,sr<=15%,kvB<=16k,kp<=512,0.001,4
32,n<=128,sr<=15%,kvB<=16k,kp<=8k,0.0006,4
32,n<=128,sr<=15%,kvB<=16k,kp=0,0.0005,4
32,n<=128,sr<=15%,kvB<=1k,kp<=1k,0.0271,4
32,n<=128,sr<=15%,kvB<=1k,kp<=2k,0.0277,4
32,n<=128,sr<=15%,kvB<=1k,kp<=4k,0.0248,4
32,n<=128,sr<=15%,kvB<=1k,kp<=512,0.0305,4
32,n<=128,sr<=15%,kvB<=1k,kp<=8k,0.0297,4
32,n<=128,sr<=15%,kvB<=1k,kp=0,0.0329,4
32,n<=128,sr<=15%,kvB<=4k,kp<=1k,0.0015,4
32,n<=128,sr<=15%,kvB<=4k,kp<=2k,0.0015,4
32,n<=128,sr<=15%,kvB<=4k,kp<=4k,0.0006,4
32,n<=128,sr<=15%,kvB<=4k,kp<=512,0.0018,4
32,n<=128,sr<=15%,kvB<=4k,kp<=8k,-0.0005,4
32,n<=128,sr<=15%,kvB<=4k,kp=0,0.0015,4
32,n<=128,sr<=40%,kvB<=16k,kp<=1k,-0.0012,2
32,n<=128,sr<=40%,kvB<=16k,kp<=2k,-0.001,2
32,n<=128,sr<=40%,kvB<=16k,kp<=4k,-0.0011,2
32,n<=128,sr<=40%,kvB<=16k,kp<=512,-0.0007,2
32,n<=128,sr<=40%,kvB<=16k,kp<=8k,-0.0013,2
32,n<=128,sr<=40%,kvB<=16k,kp=0,-0.0011,2
32,n<=128,sr<=40%,kvB<=1k,kp<=1k,0.0619,2
32,n<=128,sr<=40%,kvB<=1k,kp<=2k,0.0622,2
32,n<=128,sr<=40%,kvB<=1k,kp<=4k,0.0603,2
32,n<=128,sr<=40%,kvB<=1k,kp<=512,0.0658,2
32,n<=128,sr<=40%,kvB<=1k,kp<=8k,0.0509,2
32,n<=128,sr<=40%,kvB<=1k,kp=0,0.0654,2
32,n<=128,sr<=40%,kvB<=4k,kp<=1k,-0.0011,2
32,n<=128,sr<=40%,kvB<=4k,kp<=2k,-0.0014,2
32,n<=128,sr<=40%,kvB<=4k,kp<=4k,-0.002,2
32,n<=128,sr<=40%,kvB<=4k,kp<=512,0.0,2
32,n<=128,sr<=40%,kvB<=4k,kp<=8k,0.0024,2
32,n<=128,sr<=40%,kvB<=4k,kp=0,-0.0001,2
32,n<=128,sr<=5%,kvB<=16k,kp<=1k,0.0023,8
32,n<=128,sr<=5%,kvB<=16k,kp<=2k,0.0022,8
32,n<=128,sr<=5%,kvB<=16k,kp<=4k,0.0021,8
32,n<=128,sr<=5%,kvB<=16k,kp<=512,0.0022,8
32,n<=128,sr<=5%,kvB<=16k,kp<=8k,0.0019,8
32,n<=128,sr<=5%,kvB<=16k,kp=0,0.0022,8
32,n<=128,sr<=5%,kvB<=1k,kp<=1k,0.0043,8
32,n<=128,sr<=5%,kvB<=1k,kp<=2k,0.0015,8
32,n<=128,sr<=5%,kvB<=1k,kp<=4k,0.0023,8
32,n<=128,sr<=5%,kvB<=1k,kp<=512,0.0102,8
32,n<=128,sr<=5%,kvB<=1k,kp<=8k,0.003,8
32,n<=128,sr<=5%,kvB<=1k,kp=0,0.0092,8
32,n<=128,sr<=5%,kvB<=4k,kp<=1k,0.0029,8
32,n<=128,sr<=5%,kvB<=4k,kp<=2k,0.002,8
32,n<=128,sr<=5%,kvB<=4k,kp<=4k,0.0018,8
32,n<=128,sr<=5%,kvB<=4k,kp<=512,0.0032,8
32,n<=128,sr<=5%,kvB<=4k,kp<=8k,0.0016,8
32,n<=128,sr<=5%,kvB<=4k,kp=0,0.0028,8
32,n<=128,sr<=70%,kvB<=16k,kp<=1k,-0.0038,2
32,n<=128,sr<=70%,kvB<=16k,kp<=2k,-0.0034,2
32,n<=128,sr<=70%,kvB<=16k,kp<=4k,-0.0026,2
32,n<=128,sr<=70%,kvB<=16k,kp<=512,-0.0031,2
32,n<=128,sr<=70%,kvB<=16k,kp<=8k,-0.0002,2
32,n<=128,sr<=70%,kvB<=16k,kp=0,-0.0039,2
32,n<=128,sr<=70%,kvB<=1k,kp<=1k,0.0798,2
32,n<=128,sr<=70%,kvB<=1k,kp<=2k,0.0735,2
32,n<=128,sr<=70%,kvB<=1k,kp<=4k,0.0743,2
32,n<=128,sr<=70%,kvB<=1k,kp<=512,0.0812,2
32,n<=128,sr<=70%,kvB<=1k,kp<=8k,0.0664,2
32,n<=128,sr<=70%,kvB<=1k,kp=0,0.0961,2
32,n<=128,sr<=70%,kvB<=4k,kp<=1k,-0.003,2
32,n<=128,sr<=70%,kvB<=4k,kp<=2k,0.0012,2
32,n<=128,sr<=70%,kvB<=4k,kp<=4k,0.0055,2
32,n<=128,sr<=70%,kvB<=4k,kp<=512,-0.0047,2
32,n<=128,sr<=70%,kvB<=4k,kp<=8k,0.0055,2
32,n<=128,sr<=70%,kvB<=4k,kp=0,-0.0047,2
32,n<=128,sr>70%,kvB<=16k,kp<=1k,-0.0031,4
32,n<=128,sr>70%,kvB<=16k,kp<=2k,-0.004,4
32,n<=128,sr>70%,kvB<=16k,kp<=4k,-0.0007,4
32,n<=128,sr>70%,kvB<=16k,kp<=512,-0.0009,4
32,n<=128,sr>70%,kvB<=16k,kp<=8k,0.0024,4
32,n<=128,sr>70%,kvB<=16k,kp=0,-0.0036,4
32,n<=128,sr>70%,kvB<=1k,kp<=1k,0.0592,4
32,n<=128,sr>70%,kvB<=1k,kp<=2k,0.0616,4
32,n<=128,sr>70%,kvB<=1k,kp<=4k,0.0692,4
32,n<=128,sr>70%,kvB<=1k,kp<=512,0.0774,4
32,n<=128,sr>70%,kvB<=1k,kp<=8k,0.0869,4
32,n<=128,sr>70%,kvB<=1k,kp=0,0.0788,4
32,n<=128,sr>70%,kvB<=4k,kp<=1k,-0.0023,4
32,n<=128,sr>70%,kvB<=4k,kp<=2k,-0.0004,4
32,n<=128,sr>70%,kvB<=4k,kp<=4k,-0.0058,4
32,n<=128,sr>70%,kvB<=4k,kp<=512,-0.0027,4
32,n<=128,sr>70%,kvB<=4k,kp<=8k,-0.0011,4
32,n<=128,sr>70%,kvB<=4k,kp=0,-0.0039,4
32,n<=16,sr<=15%,kvB<=16k,kp<=1k,0.1165,4
32,n<=16,sr<=15%,kvB<=16k,kp<=2k,0.0913,4
32,n<=16,sr<=15%,kvB<=16k,kp<=4k,0.0537,4
32,n<=16,sr<=15%,kvB<=16k,kp<=512,0.1322,4
32,n<=16,sr<=15%,kvB<=16k,kp<=8k,0.0208,4
32,n<=16,sr<=15%,kvB<=16k,kp=0,0.113,4
32,n<=16,sr<=15%,kvB<=1k,kp<=1k,0.047,4
32,n<=16,sr<=15%,kvB<=1k,kp<=2k,0.0684,4
32,n<=16,sr<=15%,kvB<=1k,kp<=4k,0.0735,4
32,n<=16,sr<=15%,kvB<=1k,kp<=512,0.1204,4
32,n<=16,sr<=15%,kvB<=1k,kp<=8k,0.0605,4
32,n<=16,sr<=15%,kvB<=1k,kp=0,0.1411,4
32,n<=16,sr<=15%,kvB<=4k,kp<=1k,0.1009,4
32,n<=16,sr<=15%,kvB<=4k,kp<=2k,0.0575,4
32,n<=16,sr<=15%,kvB<=4k,kp<=4k,0.0108,4
32,n<=16,sr<=15%,kvB<=4k,kp<=512,0.1114,4
32,n<=16,sr<=15%,kvB<=4k,kp<=8k,0.0279,4
32,n<=16,sr<=15%,kvB<=4k,kp=0,0.13,4
32,n<=16,sr<=40%,kvB<=16k,kp<=1k,0.1532,4
32,n<=16,sr<=40%,kvB<=16k,kp<=2k,0.1099,4
32,n<=16,sr<=40%,kvB<=16k,kp<=4k,0.0832,4
32,n<=16,sr<=40%,kvB<=16k,kp<=512,0.2023,4
32,n<=16,sr<=40%,kvB<=16k,kp<=8k,0.0284,4
32,n<=16,sr<=40%,kvB<=16k,kp=0,0.1718,4
32,n<=16,sr<=40%,kvB<=1k,kp<=1k,0.0741,4
32,n<=16,sr<=40%,kvB<=1k,kp<=2k,0.0662,4
32,n<=16,sr<=40%,kvB<=1k,kp<=4k,0.0592,4
32,n<=16,sr<=40%,kvB<=1k,kp<=512,0.1297,4
32,n<=16,sr<=40%,kvB<=1k,kp<=8k,0.0602,4
32,n<=16,sr<=40%,kvB<=1k,kp=0,0.152,4
32,n<=16,sr<=40%,kvB<=4k,kp<=1k,0.1069,4
32,n<=16,sr<=40%,kvB<=4k,kp<=2k,0.0905,4
32,n<=16,sr<=40%,kvB<=4k,kp<=4k,0.0666,4
32,n<=16,sr<=40%,kvB<=4k,kp<=512,0.1319,4
32,n<=16,sr<=40%,kvB<=4k,kp<=8k,0.0903,4
32,n<=16,sr<=40%,kvB<=4k,kp=0,0.1713,4
32,n<=16,sr<=70%,kvB<=16k,kp<=1k,0.3994,2
32,n<=16,sr<=70%,kvB<=16k,kp<=2k,0.2847,2
32,n<=16,sr<=70%,kvB<=16k,kp<=4k,0.2221,2
32,n<=16,sr<=70%,kvB<=16k,kp<=512,0.5094,2
32,n<=16,sr<=70%,kvB<=16k,kp<=8k,0.2912,2
32,n<=16,sr<=70%,kvB<=16k,kp=0,0.4317,2
32,n<=16,sr<=70%,kvB<=1k,kp<=1k,0.0343,2
32,n<=16,sr<=70%,kvB<=1k,kp<=2k,0.0172,2
32,n<=16,sr<=70%,kvB<=1k,kp<=4k,0.0574,2
32,n<=16,sr<=70%,kvB<=1k,kp<=512,0.0965,2
32,n<=16,sr<=70%,kvB<=1k,kp<=8k,0.1581,2
32,n<=16,sr<=70%,kvB<=1k,kp=0,0.1296,2
32,n<=16,sr<=70%,kvB<=4k,kp<=1k,0.3241,2
32,n<=16,sr<=70%,kvB<=4k,kp<=2k,0.4057,2
32,n<=16,sr<=70%,kvB<=4k,kp<=4k,0.2917,2
32,n<=16,sr<=70%,kvB<=4k,kp<=512,0.3379,2
32,n<=16,sr<=70%,kvB<=4k,kp<=8k,0.4481,2
32,n<=16,sr<=70%,kvB<=4k,kp=0,0.3831,2
32,n<=16,sr>70%,kvB<=16k,kp<=1k,0.9205,4
32,n<=16,sr>70%,kvB<=16k,kp<=2k,0.6642,4
32,n<=16,sr>70%,kvB<=16k,kp<=4k,0.485,4
32,n<=16,sr>70%,kvB<=16k,kp<=512,1.3635,4
32,n<=16,sr>70%,kvB<=16k,kp<=8k,0.4915,4
32,n<=16,sr>70%,kvB<=16k,kp=0,1.1829,4
32,n<=16,sr>70%,kvB<=1k,kp<=1k,0.1737,4
32,n<=16,sr>70%,kvB<=1k,kp<=2k,0.1939,4
32,n<=16,sr>70%,kvB<=1k,kp<=4k,0.2953,4
32,n<=16,sr>70%,kvB<=1k,kp<=512,0.1891,4
32,n<=16,sr>70%,kvB<=1k,kp<=8k,0.3026,4
32,n<=16,sr>70%,kvB<=1k,kp=0,0.3707,4
32,n<=16,sr>70%,kvB<=4k,kp<=1k,0.7025,4
32,n<=16,sr>70%,kvB<=4k,kp<=2k,0.7999,4
32,n<=16,sr>70%,kvB<=4k,kp<=4k,1.1646,4
32,n<=16,sr>70%,kvB<=4k,kp<=512,1.1779,4
32,n<=16,sr>70%,kvB<=4k,kp<=8k,0.9084,3
32,n<=16,sr>70%,kvB<=4k,kp=0,1.4228,4
32,n<=2,sr<=70%,kvB<=16k,kp<=1k,0.5862,2
32,n<=2,sr<=70%,kvB<=16k,kp<=2k,0.1488,2
32,n<=2,sr<=70%,kvB<=16k,kp<=4k,0.0787,2
32,n<=2,sr<=70%,kvB<=16k,kp<=512,0.7447,2
32,n<=2,sr<=70%,kvB<=16k,kp<=8k,0.3465,2
32,n<=2,sr<=70%,kvB<=16k,kp=0,0.9401,2
32,n<=2,sr<=70%,kvB<=1k,kp<=1k,0.7214,2
32,n<=2,sr<=70%,kvB<=1k,kp<=2k,0.6005,2
32,n<=2,sr<=70%,kvB<=1k,kp<=4k,0.5593,2
32,n<=2,sr<=70%,kvB<=1k,kp<=512,0.39,2
32,n<=2,sr<=70%,kvB<=1k,kp<=8k,0.2947,2
32,n<=2,sr<=70%,kvB<=1k,kp=0,0.1029,2
32,n<=2,sr<=70%,kvB<=4k,kp<=1k,0.0874,2
32,n<=2,sr<=70%,kvB<=4k,kp<=2k,0.3476,2
32,n<=2,sr<=70%,kvB<=4k,kp<=4k,0.7044,2
32,n<=2,sr<=70%,kvB<=4k,kp<=512,-0.0128,2
32,n<=2,sr<=70%,kvB<=4k,kp<=8k,0.4335,2
32,n<=2,sr<=70%,kvB<=4k,kp=0,0.8183,2
32,n<=32,sr<=15%,kvB<=16k,kp<=1k,0.0594,6
32,n<=32,sr<=15%,kvB<=16k,kp<=2k,0.0498,6
32,n<=32,sr<=15%,kvB<=16k,kp<=4k,0.0395,6
32,n<=32,sr<=15%,kvB<=16k,kp<=512,0.0742,6
32,n<=32,sr<=15%,kvB<=16k,kp<=8k,0.0324,6
32,n<=32,sr<=15%,kvB<=16k,kp=0,0.0759,6
32,n<=32,sr<=15%,kvB<=1k,kp<=1k,0.058,6
32,n<=32,sr<=15%,kvB<=1k,kp<=2k,0.0562,6
32,n<=32,sr<=15%,kvB<=1k,kp<=4k,0.0431,6
32,n<=32,sr<=15%,kvB<=1k,kp<=512,0.077,6
32,n<=32,sr<=15%,kvB<=1k,kp<=8k,0.0647,6
32,n<=32,sr<=15%,kvB<=1k,kp=0,0.1031,6
32,n<=32,sr<=15%,kvB<=4k,kp<=1k,0.0773,6
32,n<=32,sr<=15%,kvB<=4k,kp<=2k,0.0606,6
32,n<=32,sr<=15%,kvB<=4k,kp<=4k,0.0723,6
32,n<=32,sr<=15%,kvB<=4k,kp<=512,0.0816,6
32,n<=32,sr<=15%,kvB<=4k,kp<=8k,0.0534,6
32,n<=32,sr<=15%,kvB<=4k,kp=0,0.1298,6
32,n<=32,sr<=40%,kvB<=16k,kp<=1k,0.0775,2
32,n<=32,sr<=40%,kvB<=16k,kp<=2k,0.0703,2
32,n<=32,sr<=40%,kvB<=16k,kp<=4k,0.0629,2
32,n<=32,sr<=40%,kvB<=16k,kp<=512,0.0935,2
32,n<=32,sr<=40%,kvB<=16k,kp<=8k,0.0549,2
32,n<=32,sr<=40%,kvB<=16k,kp=0,0.0931,2
32,n<=32,sr<=40%,kvB<=1k,kp<=1k,0.0733,2
32,n<=32,sr<=40%,kvB<=1k,kp<=2k,0.0809,2
32,n<=32,sr<=40%,kvB<=1k,kp<=4k,0.1157,2
32,n<=32,sr<=40%,kvB<=1k,kp<=512,0.0945,2
32,n<=32,sr<=40%,kvB<=1k,kp<=8k,0.1392,2
32,n<=32,sr<=40%,kvB<=1k,kp=0,0.1541,2
32,n<=32,sr<=40%,kvB<=4k,kp<=1k,0.1117,2
32,n<=32,sr<=40%,kvB<=4k,kp<=2k,0.1429,2
32,n<=32,sr<=40%,kvB<=4k,kp<=4k,0.1135,2
32,n<=32,sr<=40%,kvB<=4k,kp<=512,0.186,2
32,n<=32,sr<=40%,kvB<=4k,kp<=8k,0.0784,2
32,n<=32,sr<=40%,kvB<=4k,kp=0,0.2313,2
32,n<=32,sr<=5%,kvB<=16k,kp<=1k,0.0483,2
32,n<=32,sr<=5%,kvB<=16k,kp<=2k,0.0449,2
32,n<=32,sr<=5%,kvB<=16k,kp<=4k,0.0393,2
32,n<=32,sr<=5%,kvB<=16k,kp<=512,0.0637,2
32,n<=32,sr<=5%,kvB<=16k,kp<=8k,0.0158,2
32,n<=32,sr<=5%,kvB<=16k,kp=0,0.0627,2
32,n<=32,sr<=5%,kvB<=1k,kp<=1k,0.0175,2
32,n<=32,sr<=5%,kvB<=1k,kp<=2k,0.0118,2
32,n<=32,sr<=5%,kvB<=1k,kp<=4k,0.0047,2
32,n<=32,sr<=5%,kvB<=1k,kp<=512,0.0398,2
32,n<=32,sr<=5%,kvB<=1k,kp<=8k,0.0129,2
32,n<=32,sr<=5%,kvB<=1k,kp=0,0.0545,2
32,n<=32,sr<=5%,kvB<=4k,kp<=1k,0.0582,2
32,n<=32,sr<=5%,kvB<=4k,kp<=2k,0.0406,2
32,n<=32,sr<=5%,kvB<=4k,kp<=4k,0.0248,2
32,n<=32,sr<=5%,kvB<=4k,kp<=512,0.0493,2
32,n<=32,sr<=5%,kvB<=4k,kp<=8k,0.018,2
32,n<=32,sr<=5%,kvB<=4k,kp=0,0.0925,2
32,n<=32,sr<=70%,kvB<=16k,kp<=1k,0.1781,2
32,n<=32,sr<=70%,kvB<=16k,kp<=2k,0.1512,2
32,n<=32,sr<=70%,kvB<=16k,kp<=4k,0.1264,2
32,n<=32,sr<=70%,kvB<=16k,kp<=512,0.1948,2
32,n<=32,sr<=70%,kvB<=16k,kp<=8k,0.1268,2
32,n<=32,sr<=70%,kvB<=16k,kp=0,0.2006,2
32,n<=32,sr<=70%,kvB<=1k,kp<=1k,0.176,2
32,n<=32,sr<=70%,kvB<=1k,kp<=2k,0.2226,2
32,n<=32,sr<=70%,kvB<=1k,kp<=4k,0.2191,2
32,n<=32,sr<=70%,kvB<=1k,kp<=512,0.1776,2
32,n<=32,sr<=70%,kvB<=1k,kp<=8k,0.1739,2
32,n<=32,sr<=70%,kvB<=1k,kp=0,0.2667,2
32,n<=32,sr<=70%,kvB<=4k,kp<=1k,0.2283,2
32,n<=32,sr<=70%,kvB<=4k,kp<=2k,0.2564,2
32,n<=32,sr<=70%,kvB<=4k,kp<=4k,0.2389,2
32,n<=32,sr<=70%,kvB<=4k,kp<=512,0.3797,2
32,n<=32,sr<=70%,kvB<=4k,kp<=8k,0.2318,2
32,n<=32,sr<=70%,kvB<=4k,kp=0,0.4451,2
32,n<=32,sr>70%,kvB<=16k,kp<=1k,0.3872,4
32,n<=32,sr>70%,kvB<=16k,kp<=2k,0.4187,4
32,n<=32,sr>70%,kvB<=16k,kp<=4k,0.3033,4
32,n<=32,sr>70%,kvB<=16k,kp<=512,0.4148,4
32,n<=32,sr>70%,kvB<=16k,kp<=8k,0.2529,4
32,n<=32,sr>70%,kvB<=16k,kp=0,0.4326,4
32,n<=32,sr>70%,kvB<=1k,kp<=1k,0.5457,4
32,n<=32,sr>70%,kvB<=1k,kp<=2k,0.3807,4
32,n<=32,sr>70%,kvB<=1k,kp<=4k,0.4247,4
32,n<=32,sr>70%,kvB<=1k,kp<=512,0.4713,4
32,n<=32,sr>70%,kvB<=1k,kp<=8k,0.5114,4
32,n<=32,sr>70%,kvB<=1k,kp=0,1.0116,4
32,n<=32,sr>70%,kvB<=4k,kp<=1k,0.4889,4
32,n<=32,sr>70%,kvB<=4k,kp<=2k,0.4931,4
32,n<=32,sr>70%,kvB<=4k,kp<=4k,0.6012,4
32,n<=32,sr>70%,kvB<=4k,kp<=512,1.0331,4
32,n<=32,sr>70%,kvB<=4k,kp<=8k,0.4262,4
32,n<=32,sr>70%,kvB<=4k,kp=0,1.1435,4
32,n<=4,sr<=40%,kvB<=16k,kp<=1k,0.3073,2
32,n<=4,sr<=40%,kvB<=16k,kp<=2k,0.2242,2
32,n<=4,sr<=40%,kvB<=16k,kp<=4k,0.2916,2
32,n<=4,sr<=40%,kvB<=16k,kp<=512,0.4095,2
32,n<=4,sr<=40%,kvB<=16k,kp<=8k,0.2182,2
32,n<=4,sr<=40%,kvB<=16k,kp=0,0.5165,2
32,n<=4,sr<=40%,kvB<=1k,kp<=1k,0.1695,2
32,n<=4,sr<=40%,kvB<=1k,kp<=2k,0.3021,2
32,n<=4,sr<=40%,kvB<=1k,kp<=4k,0.2914,2
32,n<=4,sr<=40%,kvB<=1k,kp<=512,0.2783,2
32,n<=4,sr<=40%,kvB<=1k,kp<=8k,0.3168,2
32,n<=4,sr<=40%,kvB<=1k,kp=0,0.2916,2
32,n<=4,sr<=40%,kvB<=4k,kp<=1k,0.2884,2
32,n<=4,sr<=40%,kvB<=4k,kp<=2k,0.2058,2
32,n<=4,sr<=40%,kvB<=4k,kp<=4k,0.0792,2
32,n<=4,sr<=40%,kvB<=4k,kp<=512,0.2175,2
32,n<=4,sr<=40%,kvB<=4k,kp<=8k,0.1547,2
32,n<=4,sr<=40%,kvB<=4k,kp=0,0.4253,2
32,n<=4,sr<=70%,kvB<=16k,kp<=1k,0.6377,2
32,n<=4,sr<=70%,kvB<=16k,kp<=2k,0.3617,2
32,n<=4,sr<=70%,kvB<=16k,kp<=4k,0.1798,2
32,n<=4,sr<=70%,kvB<=16k,kp<=512,0.7976,2
32,n<=4,sr<=70%,kvB<=16k,kp<=8k,0.1211,2
32,n<=4,sr<=70%,kvB<=16k,kp=0,0.9537,2
32,n<=4,sr<=70%,kvB<=1k,kp<=1k,0.0731,2
32,n<=4,sr<=70%,kvB<=1k,kp<=2k,0.5084,2
32,n<=4,sr<=70%,kvB<=1k,kp<=4k,0.5385,2
32,n<=4,sr<=70%,kvB<=1k,kp<=512,0.2962,2
32,n<=4,sr<=70%,kvB<=1k,kp<=8k,0.4506,2
32,n<=4,sr<=70%,kvB<=1k,kp=0,0.1979,2
32,n<=4,sr<=70%,kvB<=4k,kp<=1k,0.1264,2
32,n<=4,sr<=70%,kvB<=4k,kp<=2k,0.1615,2
32,n<=4,sr<=70%,kvB<=4k,kp<=4k,0.0645,2
32,n<=4,sr<=70%,kvB<=4k,kp<=512,0.1956,2
32,n<=4,sr<=70%,kvB<=4k,kp<=8k,0.3618,2
32,n<=4,sr<=70%,kvB<=4k,kp=0,0.7399,2
32,n<=4,sr>70%,kvB<=16k,kp<=1k,0.5208,2
32,n<=4,sr>70%,kvB<=16k,kp<=2k,0.1914,2
32,n<=4,sr>70%,kvB<=16k,kp<=4k,-0.0983,2
32,n<=4,sr>70%,kvB<=16k,kp<=512,0.7082,2
32,n<=4,sr>70%,kvB<=16k,kp<=8k,0.1944,2
32,n<=4,sr>70%,kvB<=16k,kp=0,0.9633,2
32,n<=4,sr>70%,kvB<=1k,kp<=1k,0.6131,2
32,n<=4,sr>70%,kvB<=1k,kp<=2k,0.6069,2
32,n<=4,sr>70%,kvB<=1k,kp<=4k,0.7196,2
32,n<=4,sr>70%,kvB<=1k,kp<=512,0.3811,2
32,n<=4,sr>70%,kvB<=1k,kp<=8k,0.8646,2
32,n<=4,sr>70%,kvB<=1k,kp=0,0.0892,2
32,n<=4,sr>70%,kvB<=4k,kp<=1k,-0.141,2
32,n<=4,sr>70%,kvB<=4k,kp<=2k,0.2936,2
32,n<=4,sr>70%,kvB<=4k,kp<=4k,0.5598,2
32,n<=4,sr>70%,kvB<=4k,kp<=512,-0.0174,2
32,n<=4,sr>70%,kvB<=4k,kp<=8k,0.7494,2
32,n<=4,sr>70%,kvB<=4k,kp=0,0.6804,2
32,n<=64,sr<=15%,kvB<=16k,kp<=1k,0.0077,4
32,n<=64,sr<=15%,kvB<=16k,kp<=2k,0.0087,4
32,n<=64,sr<=15%,kvB<=16k,kp<=4k,0.0091,4
32,n<=64,sr<=15%,kvB<=16k,kp<=512,0.0092,4
32,n<=64,sr<=15%,kvB<=16k,kp<=8k,0.0078,4
32,n<=64,sr<=15%,kvB<=16k,kp=0,0.0076,4
32,n<=64,sr<=15%,kvB<=1k,kp<=1k,0.0317,4
32,n<=64,sr<=15%,kvB<=1k,kp<=2k,0.0401,4
32,n<=64,sr<=15%,kvB<=1k,kp<=4k,0.0269,4
32,n<=64,sr<=15%,kvB<=1k,kp<=512,0.0448,4
32,n<=64,sr<=15%,kvB<=1k,kp<=8k,0.0271,4
32,n<=64,sr<=15%,kvB<=1k,kp=0,0.0387,4
32,n<=64,sr<=15%,kvB<=4k,kp<=1k,0.0099,4
32,n<=64,sr<=15%,kvB<=4k,kp<=2k,0.0071,4
32,n<=64,sr<=15%,kvB<=4k,kp<=4k,0.0017,4
32,n<=64,sr<=15%,kvB<=4k,kp<=512,0.0094,4
32,n<=64,sr<=15%,kvB<=4k,kp<=8k,-0.0006,4
32,n<=64,sr<=15%,kvB<=4k,kp=0,0.0106,4
32,n<=64,sr<=40%,kvB<=16k,kp<=1k,0.0045,2
32,n<=64,sr<=40%,kvB<=16k,kp<=2k,0.0055,2
32,n<=64,sr<=40%,kvB<=16k,kp<=4k,0.0037,2
32,n<=64,sr<=40%,kvB<=16k,kp<=512,0.0028,2
32,n<=64,sr<=40%,kvB<=16k,kp<=8k,0.0042,2
32,n<=64,sr<=40%,kvB<=16k,kp=0,0.0026,2
32,n<=64,sr<=40%,kvB<=1k,kp<=1k,0.0375,2
32,n<=64,sr<=40%,kvB<=1k,kp<=2k,0.0333,2
32,n<=64,sr<=40%,kvB<=1k,kp<=4k,0.0307,2
32,n<=64,sr<=40%,kvB<=1k,kp<=512,0.0414,2
32,n<=64,sr<=40%,kvB<=1k,kp<=8k,0.0377,2
32,n<=64,sr<=40%,kvB<=1k,kp=0,0.0469,2
32,n<=64,sr<=40%,kvB<=4k,kp<=1k,0.0003,2
32,n<=64,sr<=40%,kvB<=4k,kp<=2k,0.0001,2
32,n<=64,sr<=40%,kvB<=4k,kp<=4k,-0.002,2
32,n<=64,sr<=40%,kvB<=4k,kp<=512,0.0027,2
32,n<=64,sr<=40%,kvB<=4k,kp<=8k,-0.0054,2
32,n<=64,sr<=40%,kvB<=4k,kp=0,0.0,2
32,n<=64,sr<=5%,kvB<=16k,kp<=1k,0.01,6
32,n<=64,sr<=5%,kvB<=16k,kp<=2k,0.0109,6
32,n<=64,sr<=5%,kvB<=16k,kp<=4k,0.0107,6
32,n<=64,sr<=5%,kvB<=16k,kp<=512,0.0105,6
32,n<=64,sr<=5%,kvB<=16k,kp<=8k,0.0094,6
32,n<=64,sr<=5%,kvB<=16k,kp=0,0.0103,6
32,n<=64,sr<=5%,kvB<=1k,kp<=1k,0.0153,6
32,n<=64,sr<=5%,kvB<=1k,kp<=2k,0.0212,6
32,n<=64,sr<=5%,kvB<=1k,kp<=4k,0.0115,6
32,n<=64,sr<=5%,kvB<=1k,kp<=512,0.0197,6
32,n<=64,sr<=5%,kvB<=1k,kp<=8k,0.0183,6
32,n<=64,sr<=5%,kvB<=1k,kp=0,0.0139,6
32,n<=64,sr<=5%,kvB<=4k,kp<=1k,0.0118,6
32,n<=64,sr<=5%,kvB<=4k,kp<=2k,0.0104,6
32,n<=64,sr<=5%,kvB<=4k,kp<=4k,0.0018,6
32,n<=64,sr<=5%,kvB<=4k,kp<=512,0.0121,6
32,n<=64,sr<=5%,kvB<=4k,kp<=8k,0.001,6
32,n<=64,sr<=5%,kvB<=4k,kp=0,0.012,6
32,n<=64,sr<=70%,kvB<=16k,kp<=1k,-0.0015,2
32,n<=64,sr<=70%,kvB<=16k,kp<=2k,-0.0012,2
32,n<=64,sr<=70%,kvB<=16k,kp<=4k,0.0007,2
32,n<=64,sr<=70%,kvB<=16k,kp<=512,-0.0036,2
32,n<=64,sr<=70%,kvB<=16k,kp<=8k,0.0032,2
32,n<=64,sr<=70%,kvB<=16k,kp=0,-0.0014,2
32,n<=64,sr<=70%,kvB<=1k,kp<=1k,0.0051,2
32,n<=64,sr<=70%,kvB<=1k,kp<=2k,-0.0086,2
32,n<=64,sr<=70%,kvB<=1k,kp<=4k,0.0067,2
32,n<=64,sr<=70%,kvB<=1k,kp<=512,-0.0011,2
32,n<=64,sr<=70%,kvB<=1k,kp<=8k,-0.007,2
32,n<=64,sr<=70%,kvB<=1k,kp=0,0.0031,2
32,n<=64,sr<=70%,kvB<=4k,kp<=1k,0.0004,2
32,n<=64,sr<=70%,kvB<=4k,kp<=2k,-0.0002,2
32,n<=64,sr<=70%,kvB<=4k,kp<=4k,0.001,2
32,n<=64,sr<=70%,kvB<=4k,kp<=512,-0.0035,2
32,n<=64,sr<=70%,kvB<=4k,kp<=8k,-0.002,2
32,n<=64,sr<=70%,kvB<=4k,kp=0,-0.0052,2
32,n<=64,sr>70%,kvB<=16k,kp<=1k,-0.0091,4
32,n<=64,sr>70%,kvB<=16k,kp<=2k,-0.0029,4
32,n<=64,sr>70%,kvB<=16k,kp<=4k,0.0008,4
32,n<=64,sr>70%,kvB<=16k,kp<=512,-0.0061,4
32,n<=64,sr>70%,kvB<=16k,kp<=8k,-0.004,4
32,n<=64,sr>70%,kvB<=16k,kp=0,-0.0112,4
32,n<=64,sr>70%,kvB<=1k,kp<=1k,0.0619,4
32,n<=64,sr>70%,kvB<=1k,kp<=2k,0.0464,4
32,n<=64,sr>70%,kvB<=1k,kp<=4k,0.0389,4
32,n<=64,sr>70%,kvB<=1k,kp<=512,0.0371,4
32,n<=64,sr>70%,kvB<=1k,kp<=8k,0.1423,4
32,n<=64,sr>70%,kvB<=1k,kp=0,0.0553,4
32,n<=64,sr>70%,kvB<=4k,kp<=1k,-0.0118,4
32,n<=64,sr>70%,kvB<=4k,kp<=2k,-0.0053,4
32,n<=64,sr>70%,kvB<=4k,kp<=4k,-0.0029,4
32,n<=64,sr>70%,kvB<=4k,kp<=512,-0.0158,4
32,n<=64,sr>70%,kvB<=4k,kp<=8k,0.0146,4
32,n<=64,sr>70%,kvB<=4k,kp=0,-0.0166,4
32,n<=8,sr<=15%,kvB<=16k,kp<=1k,0.1846,2
32,n<=8,sr<=15%,kvB<=16k,kp<=2k,0.1688,2
32,n<=8,sr<=15%,kvB<=16k,kp<=4k,0.1566,2
32,n<=8,sr<=15%,kvB<=16k,kp<=512,0.2035,2
32,n<=8,sr<=15%,kvB<=16k,kp<=8k,0.0893,2
32,n<=8,sr<=15%,kvB<=16k,kp=0,0.2249,2
32,n<=8,sr<=15%,kvB<=1k,kp<=1k,0.0437,2
32,n<=8,sr<=15%,kvB<=1k,kp<=2k,0.124,2
32,n<=8,sr<=15%,kvB<=1k,kp<=4k,0.1,2
32,n<=8,sr<=15%,kvB<=1k,kp<=512,0.1892,2
32,n<=8,sr<=15%,kvB<=1k,kp<=8k,0.1021,2
32,n<=8,sr<=15%,kvB<=1k,kp=0,0.2228,2
32,n<=8,sr<=15%,kvB<=4k,kp<=1k,0.1892,2
32,n<=8,sr<=15%,kvB<=4k,kp<=2k,0.1,2
32,n<=8,sr<=15%,kvB<=4k,kp<=4k,-0.05,2
32,n<=8,sr<=15%,kvB<=4k,kp<=512,0.1794,2
32,n<=8,sr<=15%,kvB<=4k,kp<=8k,0.0114,2
32,n<=8,sr<=15%,kvB<=4k,kp=0,0.2205,2
32,n<=8,sr<=40%,kvB<=16k,kp<=1k,0.2625,4
32,n<=8,sr<=40%,kvB<=16k,kp<=2k,0.1963,4
32,n<=8,sr<=40%,kvB<=16k,kp<=4k,0.1131,4
32,n<=8,sr<=40%,kvB<=16k,kp<=512,0.3043,4
32,n<=8,sr<=40%,kvB<=16k,kp<=8k,0.1372,4
32,n<=8,sr<=40%,kvB<=16k,kp=0,0.3238,4
32,n<=8,sr<=40%,kvB<=1k,kp<=1k,0.0703,4
32,n<=8,sr<=40%,kvB<=1k,kp<=2k,0.0489,4
32,n<=8,sr<=40%,kvB<=1k,kp<=4k,0.0979,4
32,n<=8,sr<=40%,kvB<=1k,kp<=512,0.1936,4
32,n<=8,sr<=40%,kvB<=1k,kp<=8k,0.1128,4
32,n<=8,sr<=40%,kvB<=1k,kp=0,0.2229,4
32,n<=8,sr<=40%,kvB<=4k,kp<=1k,0.1208,4
32,n<=8,sr<=40%,kvB<=4k,kp<=2k,0.1381,4
32,n<=8,sr<=40%,kvB<=4k,kp<=4k,-0.0006,4
32,n<=8,sr<=40%,kvB<=4k,kp<=512,0.1379,4
32,n<=8,sr<=40%,kvB<=4k,kp<=8k,-0.024,4
32,n<=8,sr<=40%,kvB<=4k,kp=0,0.2758,4
32,n<=8,sr<=70%,kvB<=16k,kp<=1k,0.3748,2
32,n<=8,sr<=70%,kvB<=16k,kp<=2k,0.2922,2
32,n<=8,sr<=70%,kvB<=16k,kp<=4k,0.1966,2
32,n<=8,sr<=70%,kvB<=16k,kp<=512,0.3582,2
32,n<=8,sr<=70%,kvB<=16k,kp<=8k,0.1421,2
32,n<=8,sr<=70%,kvB<=16k,kp=0,0.3399,2
32,n<=8,sr<=70%,kvB<=1k,kp<=1k,0.026,2
32,n<=8,sr<=70%,kvB<=1k,kp<=2k,-0.044,2
32,n<=8,sr<=70%,kvB<=1k,kp<=4k,0.1084,2
32,n<=8,sr<=70%,kvB<=1k,kp<=512,0.1419,2
32,n<=8,sr<=70%,kvB<=1k,kp<=8k,0.0828,2
32,n<=8,sr<=70%,kvB<=1k,kp=0,0.202,2
32,n<=8,sr<=70%,kvB<=4k,kp<=1k,0.0884,2
32,n<=8,sr<=70%,kvB<=4k,kp<=2k,0.1112,2
32,n<=8,sr<=70%,kvB<=4k,kp<=4k,-0.0117,2
32,n<=8,sr<=70%,kvB<=4k,kp<=512,0.2124,2
32,n<=8,sr<=70%,kvB<=4k,kp<=8k,-0.1262,2
32,n<=8,sr<=70%,kvB<=4k,kp=0,0.3356,2
32,n<=8,sr>70%,kvB<=16k,kp<=1k,0.9129,4
32,n<=8,sr>70%,kvB<=16k,kp<=2k,0.6665,4
32,n<=8,sr>70%,kvB<=16k,kp<=4k,0.2308,4
32,n<=8,sr>70%,kvB<=16k,kp<=512,1.0176,4
32,n<=8,sr>70%,kvB<=16k,kp<=8k,0.3395,4
32,n<=8,sr>70%,kvB<=16k,kp=0,1.0349,4
32,n<=8,sr>70%,kvB<=1k,kp<=1k,0.2685,4
32,n<=8,sr>70%,kvB<=1k,kp<=2k,0.2331,4
32,n<=8,sr>70%,kvB<=1k,kp<=4k,0.0981,4
32,n<=8,sr>70%,kvB<=1k,kp<=512,0.176,4
32,n<=8,sr>70%,kvB<=1k,kp<=8k,0.3728,4
32,n<=8,sr>70%,kvB<=1k,kp=0,0.3915,4
32,n<=8,sr>70%,kvB<=4k,kp<=1k,0.0218,4
32,n<=8,sr>70%,kvB<=4k,kp<=2k,-0.0266,4
32,n<=8,sr>70%,kvB<=4k,kp<=4k,0.2256,4
32,n<=8,sr>70%,kvB<=4k,kp<=512,0.4426,4
32,n<=8,sr>70%,kvB<=4k,kp<=8k,0.0747,4
32,n<=8,sr>70%,kvB<=4k,kp=0,0.7985,4
64,n<=128,sr<=15%,kvB<=16k,kp<=1k,0.0009,4
64,n<=128,sr<=15%,kvB<=16k,kp<=2k,0.0008,4
64,n<=128,sr<=15%,kvB<=16k,kp<=4k,0.0007,4
64,n<=128,sr<=15%,kvB<=16k,kp<=512,0.0006,4
64,n<=128,sr<=15%,kvB<=16k,kp<=8k,0.0008,4
64,n<=128,sr<=15%,kvB<=16k,kp=0,0.0013,4
64,n<=128,sr<=15%,kvB<=1k,kp<=1k,0.0309,4
64,n<=128,sr<=15%,kvB<=1k,kp<=2k,0.034,4
64,n<=128,sr<=15%,kvB<=1k,kp<=4k,0.0299,4
64,n<=128,sr<=15%,kvB<=1k,kp<=512,0.0311,4
64,n<=128,sr<=15%,kvB<=1k,kp<=8k,0.0243,4
64,n<=128,sr<=15%,kvB<=1k,kp=0,0.0373,4
64,n<=128,sr<=15%,kvB<=4k,kp<=1k,0.0012,4
64,n<=128,sr<=15%,kvB<=4k,kp<=2k,0.0009,4
64,n<=128,sr<=15%,kvB<=4k,kp<=4k,0.0004,4
64,n<=128,sr<=15%,kvB<=4k,kp<=512,0.0014,4
64,n<=128,sr<=15%,kvB<=4k,kp<=8k,0.0005,4
64,n<=128,sr<=15%,kvB<=4k,kp=0,0.0014,4
64,n<=128,sr<=40%,kvB<=16k,kp<=1k,-0.0016,2
64,n<=128,sr<=40%,kvB<=16k,kp<=2k,-0.001,2
64,n<=128,sr<=40%,kvB<=16k,kp<=4k,-0.0007,2
64,n<=128,sr<=40%,kvB<=16k,kp<=512,-0.0011,2
64,n<=128,sr<=40%,kvB<=16k,kp<=8k,-0.0011,2
64,n<=128,sr<=40%,kvB<=16k,kp=0,-0.0017,2
64,n<=128,sr<=40%,kvB<=1k,kp<=1k,0.0653,2
64,n<=128,sr<=40%,kvB<=1k,kp<=2k,0.0615,2
64,n<=128,sr<=40%,kvB<=1k,kp<=4k,0.0575,2
64,n<=128,sr<=40%,kvB<=1k,kp<=512,0.0663,2
64,n<=128,sr<=40%,kvB<=1k,kp<=8k,0.0591,2
64,n<=128,sr<=40%,kvB<=1k,kp=0,0.0663,2
64,n<=128,sr<=40%,kvB<=4k,kp<=1k,-0.0013,2
64,n<=128,sr<=40%,kvB<=4k,kp<=2k,-0.0018,2
64,n<=128,sr<=40%,kvB<=4k,kp<=4k,-0.0012,2
64,n<=128,sr<=40%,kvB<=4k,kp<=512,-0.002,2
64,n<=128,sr<=40%,kvB<=4k,kp<=8k,0.0014,2
64,n<=128,sr<=40%,kvB<=4k,kp=0,-0.0006,2
64,n<=128,sr<=5%,kvB<=16k,kp<=1k,0.0024,8
64,n<=128,sr<=5%,kvB<=16k,kp<=2k,0.0022,8
64,n<=128,sr<=5%,kvB<=16k,kp<=4k,0.0024,8
64,n<=128,sr<=5%,kvB<=16k,kp<=512,0.0023,8
64,n<=128,sr<=5%,kvB<=16k,kp<=8k,0.0019,8
64,n<=128,sr<=5%,kvB<=16k,kp=0,0.0023,8
64,n<=128,sr<=5%,kvB<=1k,kp<=1k,0.0017,8
64,n<=128,sr<=5%,kvB<=1k,kp<=2k,0.0029,8
64,n<=128,sr<=5%,kvB<=1k,kp<=4k,0.0049,8
64,n<=128,sr<=5%,kvB<=1k,kp<=512,0.0066,8
64,n<=128,sr<=5%,kvB<=1k,kp<=8k,0.0047,8
64,n<=128,sr<=5%,kvB<=1k,kp=0,0.0106,8
64,n<=128,sr<=5%,kvB<=4k,kp<=1k,0.0027,8
64,n<=128,sr<=5%,kvB<=4k,kp<=2k,0.0027,8
64,n<=128,sr<=5%,kvB<=4k,kp<=4k,0.001,8
64,n<=128,sr<=5%,kvB<=4k,kp<=512,0.003,8
64,n<=128,sr<=5%,kvB<=4k,kp<=8k,0.001,8
64,n<=128,sr<=5%,kvB<=4k,kp=0,0.0032,8
64,n<=128,sr<=70%,kvB<=16k,kp<=1k,-0.0035,2
64,n<=128,sr<=70%,kvB<=16k,kp<=2k,-0.0033,2
64,n<=128,sr<=70%,kvB<=16k,kp<=4k,-0.003,2
64,n<=128,sr<=70%,kvB<=16k,kp<=512,-0.0039,2
64,n<=128,sr<=70%,kvB<=16k,kp<=8k,-0.0,2
64,n<=128,sr<=70%,kvB<=16k,kp=0,-0.0034,2
64,n<=128,sr<=70%,kvB<=1k,kp<=1k,0.0826,2
64,n<=128,sr<=70%,kvB<=1k,kp<=2k,0.0767,2
64,n<=128,sr<=70%,kvB<=1k,kp<=4k,0.0738,2
64,n<=128,sr<=70%,kvB<=1k,kp<=512,0.0839,2
64,n<=128,sr<=70%,kvB<=1k,kp<=8k,0.0714,2
64,n<=128,sr<=70%,kvB<=1k,kp=0,0.0957,2
64,n<=128,sr<=70%,kvB<=4k,kp<=1k,-0.0041,2
64,n<=128,sr<=70%,kvB<=4k,kp<=2k,-0.0018,2
64,n<=128,sr<=70%,kvB<=4k,kp<=4k,0.0039,2
64,n<=128,sr<=70%,kvB<=4k,kp<=512,-0.0045,2
64,n<=128,sr<=70%,kvB<=4k,kp<=8k,0.0046,2
64,n<=128,sr<=70%,kvB<=4k,kp=0,-0.0041,2
64,n<=128,sr>70%,kvB<=16k,kp<=1k,-0.0035,4
64,n<=128,sr>70%,kvB<=16k,kp<=2k,-0.002,4
64,n<=128,sr>70%,kvB<=16k,kp<=4k,-0.0024,4
64,n<=128,sr>70%,kvB<=16k,kp<=512,-0.0038,4
64,n<=128,sr>70%,kvB<=16k,kp<=8k,0.0024,4
64,n<=128,sr>70%,kvB<=16k,kp=0,-0.0028,4
64,n<=128,sr>70%,kvB<=1k,kp<=1k,0.064,4
64,n<=128,sr>70%,kvB<=1k,kp<=2k,0.0567,4
64,n<=128,sr>70%,kvB<=1k,kp<=4k,0.0853,4
64,n<=128,sr>70%,kvB<=1k,kp<=512,0.0684,4
64,n<=128,sr>70%,kvB<=1k,kp<=8k,0.0854,4
64,n<=128,sr>70%,kvB<=1k,kp=0,0.071,4
64,n<=128,sr>70%,kvB<=4k,kp<=1k,-0.0042,4
64,n<=128,sr>70%,kvB<=4k,kp<=2k,-0.0054,4
64,n<=128,sr>70%,kvB<=4k,kp<=4k,-0.0112,4
64,n<=128,sr>70%,kvB<=4k,kp<=512,-0.0056,4
64,n<=128,sr>70%,kvB<=4k,kp<=8k,-0.0033,4
64,n<=128,sr>70%,kvB<=4k,kp=0,-0.0065,4
64,n<=16,sr<=15%,kvB<=16k,kp<=1k,0.126,4
64,n<=16,sr<=15%,kvB<=16k,kp<=2k,0.0946,4
64,n<=16,sr<=15%,kvB<=16k,kp<=4k,0.0515,4
64,n<=16,sr<=15%,kvB<=16k,kp<=512,0.134,4
64,n<=16,sr<=15%,kvB<=16k,kp<=8k,0.0092,4
64,n<=16,sr<=15%,kvB<=16k,kp=0,0.1137,4
64,n<=16,sr<=15%,kvB<=1k,kp<=1k,0.043,4
64,n<=16,sr<=15%,kvB<=1k,kp<=2k,0.072,4
64,n<=16,sr<=15%,kvB<=1k,kp<=4k,0.069,4
64,n<=16,sr<=15%,kvB<=1k,kp<=512,0.1188,4
64,n<=16,sr<=15%,kvB<=1k,kp<=8k,0.057,4
64,n<=16,sr<=15%,kvB<=1k,kp=0,0.1365,4
64,n<=16,sr<=15%,kvB<=4k,kp<=1k,0.1,4
64,n<=16,sr<=15%,kvB<=4k,kp<=2k,0.0557,4
64,n<=16,sr<=15%,kvB<=4k,kp<=4k,0.0079,4
64,n<=16,sr<=15%,kvB<=4k,kp<=512,0.1124,4
64,n<=16,sr<=15%,kvB<=4k,kp<=8k,0.0359,4
64,n<=16,sr<=15%,kvB<=4k,kp=0,0.1302,4
64,n<=16,sr<=40%,kvB<=16k,kp<=1k,0.1672,4
64,n<=16,sr<=40%,kvB<=16k,kp<=2k,0.1127,4
64,n<=16,sr<=40%,kvB<=16k,kp<=4k,0.0813,4
64,n<=16,sr<=40%,kvB<=16k,kp<=512,0.2106,4
64,n<=16,sr<=40%,kvB<=16k,kp<=8k,0.0321,4
64,n<=16,sr<=40%,kvB<=16k,kp=0,0.1717,4
64,n<=16,sr<=40%,kvB<=1k,kp<=1k,0.071,4
64,n<=16,sr<=40%,kvB<=1k,kp<=2k,0.0662,4
64,n<=16,sr<=40%,kvB<=1k,kp<=4k,0.0608,4
64,n<=16,sr<=40%,kvB<=1k,kp<=512,0.1251,4
64,n<=16,sr<=40%,kvB<=1k,kp<=8k,0.0617,4
64,n<=16,sr<=40%,kvB<=1k,kp=0,0.1486,4
64,n<=16,sr<=40%,kvB<=4k,kp<=1k,0.1127,4
64,n<=16,sr<=40%,kvB<=4k,kp<=2k,0.0902,4
64,n<=16,sr<=40%,kvB<=4k,kp<=4k,0.0693,4
64,n<=16,sr<=40%,kvB<=4k,kp<=512,0.1276,4
64,n<=16,sr<=40%,kvB<=4k,kp<=8k,0.1088,4
64,n<=16,sr<=40%,kvB<=4k,kp=0,0.17,4
64,n<=16,sr<=70%,kvB<=16k,kp<=1k,0.3343,2
64,n<=16,sr<=70%,kvB<=16k,kp<=2k,0.2471,2
64,n<=16,sr<=70%,kvB<=16k,kp<=4k,0.2383,2
64,n<=16,sr<=70%,kvB<=16k,kp<=512,0.5067,2
64,n<=16,sr<=70%,kvB<=16k,kp<=8k,0.2728,2
64,n<=16,sr<=70%,kvB<=16k,kp=0,0.4871,2
64,n<=16,sr<=70%,kvB<=1k,kp<=1k,0.0322,2
64,n<=16,sr<=70%,kvB<=1k,kp<=2k,0.0084,2
64,n<=16,sr<=70%,kvB<=1k,kp<=4k,0.0612,2
64,n<=16,sr<=70%,kvB<=1k,kp<=512,0.0912,2
64,n<=16,sr<=70%,kvB<=1k,kp<=8k,0.1713,2
64,n<=16,sr<=70%,kvB<=1k,kp=0,0.1183,2
64,n<=16,sr<=70%,kvB<=4k,kp<=1k,0.3424,2
64,n<=16,sr<=70%,kvB<=4k,kp<=2k,0.392,2
64,n<=16,sr<=70%,kvB<=4k,kp<=4k,0.2784,2
64,n<=16,sr<=70%,kvB<=4k,kp<=512,0.3633,2
64,n<=16,sr<=70%,kvB<=4k,kp<=8k,0.4217,2
64,n<=16,sr<=70%,kvB<=4k,kp=0,0.3594,2
64,n<=16,sr>70%,kvB<=16k,kp<=1k,0.9415,4
64,n<=16,sr>70%,kvB<=16k,kp<=2k,0.6721,4
64,n<=16,sr>70%,kvB<=16k,kp<=4k,0.4602,4
64,n<=16,sr>70%,kvB<=16k,kp<=512,1.1694,4
64,n<=16,sr>70%,kvB<=16k,kp<=8k,0.4144,3
64,n<=16,sr>70%,kvB<=16k,kp=0,1.2664,4
64,n<=16,sr>70%,kvB<=1k,kp<=1k,0.1671,4
64,n<=16,sr>70%,kvB<=1k,kp<=2k,0.1763,4
64,n<=16,sr>70%,kvB<=1k,kp<=4k,0.312,4
64,n<=16,sr>70%,kvB<=1k,kp<=512,0.1922,4
64,n<=16,sr>70%,kvB<=1k,kp<=8k,0.3017,4
64,n<=16,sr>70%,kvB<=1k,kp=0,0.3458,4
64,n<=16,sr>70%,kvB<=4k,kp<=1k,0.717,4
64,n<=16,sr>70%,kvB<=4k,kp<=2k,0.8191,4
64,n<=16,sr>70%,kvB<=4k,kp<=4k,1.1939,4
64,n<=16,sr>70%,kvB<=4k,kp<=512,1.1512,4
64,n<=16,sr>70%,kvB<=4k,kp<=8k,0.8839,3
64,n<=16,sr>70%,kvB<=4k,kp=0,1.5156,4
64,n<=2,sr<=70%,kvB<=16k,kp<=1k,0.5791,2
64,n<=2,sr<=70%,kvB<=16k,kp<=2k,0.1399,2
64,n<=2,sr<=70%,kvB<=16k,kp<=4k,0.0719,2
64,n<=2,sr<=70%,kvB<=16k,kp<=512,0.7525,2
64,n<=2,sr<=70%,kvB<=16k,kp<=8k,0.3412,2
64,n<=2,sr<=70%,kvB<=16k,kp=0,0.948,2
64,n<=2,sr<=70%,kvB<=1k,kp<=1k,0.7295,2
64,n<=2,sr<=70%,kvB<=1k,kp<=2k,0.5937,2
64,n<=2,sr<=70%,kvB<=1k,kp<=4k,0.6224,2
64,n<=2,sr<=70%,kvB<=1k,kp<=512,0.3782,2
64,n<=2,sr<=70%,kvB<=1k,kp<=8k,0.3456,2
64,n<=2,sr<=70%,kvB<=1k,kp=0,0.0854,2
64,n<=2,sr<=70%,kvB<=4k,kp<=1k,0.0877,2
64,n<=2,sr<=70%,kvB<=4k,kp<=2k,0.3407,2
64,n<=2,sr<=70%,kvB<=4k,kp<=4k,0.7056,2
64,n<=2,sr<=70%,kvB<=4k,kp<=512,-0.005,2
64,n<=2,sr<=70%,kvB<=4k,kp<=8k,0.4308,2
64,n<=2,sr<=70%,kvB<=4k,kp=0,0.7636,2
64,n<=32,sr<=15%,kvB<=16k,kp<=1k,0.058,6
64,n<=32,sr<=15%,kvB<=16k,kp<=2k,0.0475,6
64,n<=32,sr<=15%,kvB<=16k,kp<=4k,0.0393,6
64,n<=32,sr<=15%,kvB<=16k,kp<=512,0.0743,6
64,n<=32,sr<=15%,kvB<=16k,kp<=8k,0.0305,6
64,n<=32,sr<=15%,kvB<=16k,kp=0,0.0805,6
64,n<=32,sr<=15%,kvB<=1k,kp<=1k,0.0576,6
64,n<=32,sr<=15%,kvB<=1k,kp<=2k,0.0546,6
64,n<=32,sr<=15%,kvB<=1k,kp<=4k,0.0411,6
64,n<=32,sr<=15%,kvB<=1k,kp<=512,0.0765,6
64,n<=32,sr<=15%,kvB<=1k,kp<=8k,0.0613,6
64,n<=32,sr<=15%,kvB<=1k,kp=0,0.1039,6
64,n<=32,sr<=15%,kvB<=4k,kp<=1k,0.0725,6
64,n<=32,sr<=15%,kvB<=4k,kp<=2k,0.0543,6
64,n<=32,sr<=15%,kvB<=4k,kp<=4k,0.0671,6
64,n<=32,sr<=15%,kvB<=4k,kp<=512,0.0766,6
64,n<=32,sr<=15%,kvB<=4k,kp<=8k,0.0515,6
64,n<=32,sr<=15%,kvB<=4k,kp=0,0.1354,6
64,n<=32,sr<=40%,kvB<=16k,kp<=1k,0.0806,2
64,n<=32,sr<=40%,kvB<=16k,kp<=2k,0.0675,2
64,n<=32,sr<=40%,kvB<=16k,kp<=4k,0.0679,2
64,n<=32,sr<=40%,kvB<=16k,kp<=512,0.0916,2
64,n<=32,sr<=40%,kvB<=16k,kp<=8k,0.0615,2
64,n<=32,sr<=40%,kvB<=16k,kp=0,0.1099,2
64,n<=32,sr<=40%,kvB<=1k,kp<=1k,0.0714,2
64,n<=32,sr<=40%,kvB<=1k,kp<=2k,0.0791,2
64,n<=32,sr<=40%,kvB<=1k,kp<=4k,0.1245,2
64,n<=32,sr<=40%,kvB<=1k,kp<=512,0.0906,2
64,n<=32,sr<=40%,kvB<=1k,kp<=8k,0.1204,2
64,n<=32,sr<=40%,kvB<=1k,kp=0,0.1529,2
64,n<=32,sr<=40%,kvB<=4k,kp<=1k,0.1113,2
64,n<=32,sr<=40%,kvB<=4k,kp<=2k,0.142,2
64,n<=32,sr<=40%,kvB<=4k,kp<=4k,0.1075,2
64,n<=32,sr<=40%,kvB<=4k,kp<=512,0.1898,2
64,n<=32,sr<=40%,kvB<=4k,kp<=8k,0.0771,2
64,n<=32,sr<=40%,kvB<=4k,kp=0,0.2509,2
64,n<=32,sr<=5%,kvB<=16k,kp<=1k,0.0463,2
64,n<=32,sr<=5%,kvB<=16k,kp<=2k,0.0428,2
64,n<=32,sr<=5%,kvB<=16k,kp<=4k,0.0458,2
64,n<=32,sr<=5%,kvB<=16k,kp<=512,0.068,2
64,n<=32,sr<=5%,kvB<=16k,kp<=8k,0.0208,2
64,n<=32,sr<=5%,kvB<=16k,kp=0,0.067,2
64,n<=32,sr<=5%,kvB<=1k,kp<=1k,0.0152,2
64,n<=32,sr<=5%,kvB<=1k,kp<=2k,0.0134,2
64,n<=32,sr<=5%,kvB<=1k,kp<=4k,0.0043,2
64,n<=32,sr<=5%,kvB<=1k,kp<=512,0.0389,2
64,n<=32,sr<=5%,kvB<=1k,kp<=8k,0.0124,2
64,n<=32,sr<=5%,kvB<=1k,kp=0,0.0565,2
64,n<=32,sr<=5%,kvB<=4k,kp<=1k,0.0566,2
64,n<=32,sr<=5%,kvB<=4k,kp<=2k,0.0359,2
64,n<=32,sr<=5%,kvB<=4k,kp<=4k,0.0127,2
64,n<=32,sr<=5%,kvB<=4k,kp<=512,0.0496,2
64,n<=32,sr<=5%,kvB<=4k,kp<=8k,0.0154,2
64,n<=32,sr<=5%,kvB<=4k,kp=0,0.0844,2
64,n<=32,sr<=70%,kvB<=16k,kp<=1k,0.1841,2
64,n<=32,sr<=70%,kvB<=16k,kp<=2k,0.1439,2
64,n<=32,sr<=70%,kvB<=16k,kp<=4k,0.1353,2
64,n<=32,sr<=70%,kvB<=16k,kp<=512,0.1851,2
64,n<=32,sr<=70%,kvB<=16k,kp<=8k,0.1238,2
64,n<=32,sr<=70%,kvB<=16k,kp=0,0.1991,2
64,n<=32,sr<=70%,kvB<=1k,kp<=1k,0.186,2
64,n<=32,sr<=70%,kvB<=1k,kp<=2k,0.2386,2
64,n<=32,sr<=70%,kvB<=1k,kp<=4k,0.2485,2
64,n<=32,sr<=70%,kvB<=1k,kp<=512,0.1858,2
64,n<=32,sr<=70%,kvB<=1k,kp<=8k,0.1745,2
64,n<=32,sr<=70%,kvB<=1k,kp=0,0.3317,2
64,n<=32,sr<=70%,kvB<=4k,kp<=1k,0.228,2
64,n<=32,sr<=70%,kvB<=4k,kp<=2k,0.2508,2
64,n<=32,sr<=70%,kvB<=4k,kp<=4k,0.2273,2
64,n<=32,sr<=70%,kvB<=4k,kp<=512,0.3932,2
64,n<=32,sr<=70%,kvB<=4k,kp<=8k,0.2361,2
64,n<=32,sr<=70%,kvB<=4k,kp=0,0.4638,2
64,n<=32,sr>70%,kvB<=16k,kp<=1k,0.4257,4
64,n<=32,sr>70%,kvB<=16k,kp<=2k,0.3916,4
64,n<=32,sr>70%,kvB<=16k,kp<=4k,0.2878,4
64,n<=32,sr>70%,kvB<=16k,kp<=512,0.4099,4
64,n<=32,sr>70%,kvB<=16k,kp<=8k,0.2626,4
64,n<=32,sr>70%,kvB<=16k,kp=0,0.4424,4
64,n<=32,sr>70%,kvB<=1k,kp<=1k,0.5549,4
64,n<=32,sr>70%,kvB<=1k,kp<=2k,0.311,4
64,n<=32,sr>70%,kvB<=1k,kp<=4k,0.45,4
64,n<=32,sr>70%,kvB<=1k,kp<=512,0.5181,4
64,n<=32,sr>70%,kvB<=1k,kp<=8k,0.5523,4
64,n<=32,sr>70%,kvB<=1k,kp=0,1.0418,4
64,n<=32,sr>70%,kvB<=4k,kp<=1k,0.4812,4
64,n<=32,sr>70%,kvB<=4k,kp<=2k,0.4608,4
64,n<=32,sr>70%,kvB<=4k,kp<=4k,0.584,4
64,n<=32,sr>70%,kvB<=4k,kp<=512,1.0056,4
64,n<=32,sr>70%,kvB<=4k,kp<=8k,0.3899,4
64,n<=32,sr>70%,kvB<=4k,kp=0,1.2573,4
64,n<=4,sr<=40%,kvB<=16k,kp<=1k,0.2971,2
64,n<=4,sr<=40%,kvB<=16k,kp<=2k,0.2125,2
64,n<=4,sr<=40%,kvB<=16k,kp<=4k,0.2836,2
64,n<=4,sr<=40%,kvB<=16k,kp<=512,0.4,2
64,n<=4,sr<=40%,kvB<=16k,kp<=8k,0.2208,2
64,n<=4,sr<=40%,kvB<=16k,kp=0,0.515,2
64,n<=4,sr<=40%,kvB<=1k,kp<=1k,0.1611,2
64,n<=4,sr<=40%,kvB<=1k,kp<=2k,0.318,2
64,n<=4,sr<=40%,kvB<=1k,kp<=4k,0.2925,2
64,n<=4,sr<=40%,kvB<=1k,kp<=512,0.2685,2
64,n<=4,sr<=40%,kvB<=1k,kp<=8k,0.2743,2
64,n<=4,sr<=40%,kvB<=1k,kp=0,0.2786,2
64,n<=4,sr<=40%,kvB<=4k,kp<=1k,0.2896,2
64,n<=4,sr<=40%,kvB<=4k,kp<=2k,0.2059,2
64,n<=4,sr<=40%,kvB<=4k,kp<=4k,0.0876,2
64,n<=4,sr<=40%,kvB<=4k,kp<=512,0.2091,2
64,n<=4,sr<=40%,kvB<=4k,kp<=8k,0.1583,2
64,n<=4,sr<=40%,kvB<=4k,kp=0,0.4055,2
64,n<=4,sr<=70%,kvB<=16k,kp<=1k,0.6087,2
64,n<=4,sr<=70%,kvB<=16k,kp<=2k,0.3523,2
64,n<=4,sr<=70%,kvB<=16k,kp<=4k,0.1903,2
64,n<=4,sr<=70%,kvB<=16k,kp<=512,0.7535,2
64,n<=4,sr<=70%,kvB<=16k,kp<=8k,0.1247,2
64,n<=4,sr<=70%,kvB<=16k,kp=0,0.9587,2
64,n<=4,sr<=70%,kvB<=1k,kp<=1k,0.0674,2
64,n<=4,sr<=70%,kvB<=1k,kp<=2k,0.5169,2
64,n<=4,sr<=70%,kvB<=1k,kp<=4k,0.5177,2
64,n<=4,sr<=70%,kvB<=1k,kp<=512,0.2833,2
64,n<=4,sr<=70%,kvB<=1k,kp<=8k,0.5029,2
64,n<=4,sr<=70%,kvB<=1k,kp=0,0.1281,2
64,n<=4,sr<=70%,kvB<=4k,kp<=1k,0.118,2
64,n<=4,sr<=70%,kvB<=4k,kp<=2k,0.1537,2
64,n<=4,sr<=70%,kvB<=4k,kp<=4k,0.0644,2
64,n<=4,sr<=70%,kvB<=4k,kp<=512,0.1555,2
64,n<=4,sr<=70%,kvB<=4k,kp<=8k,0.3732,2
64,n<=4,sr<=70%,kvB<=4k,kp=0,0.6997,2
64,n<=4,sr>70%,kvB<=16k,kp<=1k,0.5114,2
64,n<=4,sr>70%,kvB<=16k,kp<=2k,0.1675,2
64,n<=4,sr>70%,kvB<=16k,kp<=4k,-0.0559,2
64,n<=4,sr>70%,kvB<=16k,kp<=512,0.6721,2
64,n<=4,sr>70%,kvB<=16k,kp<=8k,0.2005,2
64,n<=4,sr>70%,kvB<=16k,kp=0,0.9399,2
64,n<=4,sr>70%,kvB<=1k,kp<=1k,0.6205,2
64,n<=4,sr>70%,kvB<=1k,kp<=2k,0.6356,2
64,n<=4,sr>70%,kvB<=1k,kp<=4k,0.7598,2
64,n<=4,sr>70%,kvB<=1k,kp<=512,0.3575,2
64,n<=4,sr>70%,kvB<=1k,kp<=8k,0.654,2
64,n<=4,sr>70%,kvB<=1k,kp=0,-0.0149,2
64,n<=4,sr>70%,kvB<=4k,kp<=1k,-0.125,2
64,n<=4,sr>70%,kvB<=4k,kp<=2k,0.2632,2
64,n<=4,sr>70%,kvB<=4k,kp<=4k,0.5569,2
64,n<=4,sr>70%,kvB<=4k,kp<=512,-0.0537,2
64,n<=4,sr>70%,kvB<=4k,kp<=8k,0.7306,2
64,n<=4,sr>70%,kvB<=4k,kp=0,0.6344,2
64,n<=64,sr<=15%,kvB<=16k,kp<=1k,0.0098,4
64,n<=64,sr<=15%,kvB<=16k,kp<=2k,0.0087,4
64,n<=64,sr<=15%,kvB<=16k,kp<=4k,0.0093,4
64,n<=64,sr<=15%,kvB<=16k,kp<=512,0.0087,4
64,n<=64,sr<=15%,kvB<=16k,kp<=8k,0.0067,4
64,n<=64,sr<=15%,kvB<=16k,kp=0,0.0092,4
64,n<=64,sr<=15%,kvB<=1k,kp<=1k,0.0369,4
64,n<=64,sr<=15%,kvB<=1k,kp<=2k,0.0318,4
64,n<=64,sr<=15%,kvB<=1k,kp<=4k,0.0319,4
64,n<=64,sr<=15%,kvB<=1k,kp<=512,0.0354,4
64,n<=64,sr<=15%,kvB<=1k,kp<=8k,0.0244,4
64,n<=64,sr<=15%,kvB<=1k,kp=0,0.0411,4
64,n<=64,sr<=15%,kvB<=4k,kp<=1k,0.0097,4
64,n<=64,sr<=15%,kvB<=4k,kp<=2k,0.008,4
64,n<=64,sr<=15%,kvB<=4k,kp<=4k,0.0006,4
64,n<=64,sr<=15%,kvB<=4k,kp<=512,0.0102,4
64,n<=64,sr<=15%,kvB<=4k,kp<=8k,0.0004,4
64,n<=64,sr<=15%,kvB<=4k,kp=0,0.0086,4
64,n<=64,sr<=40%,kvB<=16k,kp<=1k,0.0034,2
64,n<=64,sr<=40%,kvB<=16k,kp<=2k,0.0041,2
64,n<=64,sr<=40%,kvB<=16k,kp<=4k,0.0055,2
64,n<=64,sr<=40%,kvB<=16k,kp<=512,0.0052,2
64,n<=64,sr<=40%,kvB<=16k,kp<=8k,0.0023,2
64,n<=64,sr<=40%,kvB<=16k,kp=0,0.0035,2
64,n<=64,sr<=40%,kvB<=1k,kp<=1k,0.0341,2
64,n<=64,sr<=40%,kvB<=1k,kp<=2k,0.0267,2
64,n<=64,sr<=40%,kvB<=1k,kp<=4k,0.0242,2
64,n<=64,sr<=40%,kvB<=1k,kp<=512,0.0383,2
64,n<=64,sr<=40%,kvB<=1k,kp<=8k,0.0148,2
64,n<=64,sr<=40%,kvB<=1k,kp=0,0.0422,2
64,n<=64,sr<=40%,kvB<=4k,kp<=1k,0.0013,2
64,n<=64,sr<=40%,kvB<=4k,kp<=2k,0.0006,2
64,n<=64,sr<=40%,kvB<=4k,kp<=4k,0.0003,2
64,n<=64,sr<=40%,kvB<=4k,kp<=512,0.0008,2
64,n<=64,sr<=40%,kvB<=4k,kp<=8k,-0.0049,2
64,n<=64,sr<=40%,kvB<=4k,kp=0,0.0016,2
64,n<=64,sr<=5%,kvB<=16k,kp<=1k,0.0112,6
64,n<=64,sr<=5%,kvB<=16k,kp<=2k,0.0118,6
64,n<=64,sr<=5%,kvB<=16k,kp<=4k,0.0114,6
64,n<=64,sr<=5%,kvB<=16k,kp<=512,0.0105,6
64,n<=64,sr<=5%,kvB<=16k,kp<=8k,0.0096,6
64,n<=64,sr<=5%,kvB<=16k,kp=0,0.011,6
64,n<=64,sr<=5%,kvB<=1k,kp<=1k,0.0182,6
64,n<=64,sr<=5%,kvB<=1k,kp<=2k,0.0082,6
64,n<=64,sr<=5%,kvB<=1k,kp<=4k,0.0068,6
64,n<=64,sr<=5%,kvB<=1k,kp<=512,0.0182,6
64,n<=64,sr<=5%,kvB<=1k,kp<=8k,0.0034,6
64,n<=64,sr<=5%,kvB<=1k,kp=0,0.016,6
64,n<=64,sr<=5%,kvB<=4k,kp<=1k,0.0117,6
64,n<=64,sr<=5%,kvB<=4k,kp<=2k,0.0098,6
64,n<=64,sr<=5%,kvB<=4k,kp<=4k,0.0009,6
64,n<=64,sr<=5%,kvB<=4k,kp<=512,0.0119,6
64,n<=64,sr<=5%,kvB<=4k,kp<=8k,0.0012,6
64,n<=64,sr<=5%,kvB<=4k,kp=0,0.0121,6
64,n<=64,sr<=70%,kvB<=16k,kp<=1k,-0.003,2
64,n<=64,sr<=70%,kvB<=16k,kp<=2k,-0.0024,2
64,n<=64,sr<=70%,kvB<=16k,kp<=4k,0.0002,2
64,n<=64,sr<=70%,kvB<=16k,kp<=512,-0.0022,2
64,n<=64,sr<=70%,kvB<=16k,kp<=8k,0.0039,2
64,n<=64,sr<=70%,kvB<=16k,kp=0,-0.0033,2
64,n<=64,sr<=70%,kvB<=1k,kp<=1k,-0.0015,2
64,n<=64,sr<=70%,kvB<=1k,kp<=2k,-0.0078,2
64,n<=64,sr<=70%,kvB<=1k,kp<=4k,-0.0044,2
64,n<=64,sr<=70%,kvB<=1k,kp<=512,0.0033,2
64,n<=64,sr<=70%,kvB<=1k,kp<=8k,-0.0039,2
64,n<=64,sr<=70%,kvB<=1k,kp=0,0.008,2
64,n<=64,sr<=70%,kvB<=4k,kp<=1k,-0.0024,2
64,n<=64,sr<=70%,kvB<=4k,kp<=2k,0.0006,2
64,n<=64,sr<=70%,kvB<=4k,kp<=4k,0.0002,2
64,n<=64,sr<=70%,kvB<=4k,kp<=512,-0.0035,2
64,n<=64,sr<=70%,kvB<=4k,kp<=8k,-0.0023,2
64,n<=64,sr<=70%,kvB<=4k,kp=0,-0.0038,2
64,n<=64,sr>70%,kvB<=16k,kp<=1k,-0.0123,4
64,n<=64,sr>70%,kvB<=16k,kp<=2k,-0.0027,4
64,n<=64,sr>70%,kvB<=16k,kp<=4k,-0.0017,4
64,n<=64,sr>70%,kvB<=16k,kp<=512,-0.0102,4
64,n<=64,sr>70%,kvB<=16k,kp<=8k,-0.0016,4
64,n<=64,sr>70%,kvB<=16k,kp=0,-0.0078,4
64,n<=64,sr>70%,kvB<=1k,kp<=1k,0.0687,4
64,n<=64,sr>70%,kvB<=1k,kp<=2k,0.0741,4
64,n<=64,sr>70%,kvB<=1k,kp<=4k,0.0576,4
64,n<=64,sr>70%,kvB<=1k,kp<=512,0.0429,4
64,n<=64,sr>70%,kvB<=1k,kp<=8k,0.0816,4
64,n<=64,sr>70%,kvB<=1k,kp=0,0.0256,4
64,n<=64,sr>70%,kvB<=4k,kp<=1k,-0.0101,4
64,n<=64,sr>70%,kvB<=4k,kp<=2k,-0.0061,4
64,n<=64,sr>70%,kvB<=4k,kp<=4k,-0.0099,4
64,n<=64,sr>70%,kvB<=4k,kp<=512,-0.0192,4
64,n<=64,sr>70%,kvB<=4k,kp<=8k,0.0133,4
64,n<=64,sr>70%,kvB<=4k,kp=0,-0.0082,4
64,n<=8,sr<=15%,kvB<=16k,kp<=1k,0.1866,2
64,n<=8,sr<=15%,kvB<=16k,kp<=2k,0.1658,2
64,n<=8,sr<=15%,kvB<=16k,kp<=4k,0.1483,2
64,n<=8,sr<=15%,kvB<=16k,kp<=512,0.2018,2
64,n<=8,sr<=15%,kvB<=16k,kp<=8k,0.0882,2
64,n<=8,sr<=15%,kvB<=16k,kp=0,0.2239,2
64,n<=8,sr<=15%,kvB<=1k,kp<=1k,0.0407,2
64,n<=8,sr<=15%,kvB<=1k,kp<=2k,0.122,2
64,n<=8,sr<=15%,kvB<=1k,kp<=4k,0.0917,2
64,n<=8,sr<=15%,kvB<=1k,kp<=512,0.1827,2
64,n<=8,sr<=15%,kvB<=1k,kp<=8k,0.0884,2
64,n<=8,sr<=15%,kvB<=1k,kp=0,0.2171,2
64,n<=8,sr<=15%,kvB<=4k,kp<=1k,0.1882,2
64,n<=8,sr<=15%,kvB<=4k,kp<=2k,0.0985,2
64,n<=8,sr<=15%,kvB<=4k,kp<=4k,-0.0537,2
64,n<=8,sr<=15%,kvB<=4k,kp<=512,0.1801,2
64,n<=8,sr<=15%,kvB<=4k,kp<=8k,0.0037,2
64,n<=8,sr<=15%,kvB<=4k,kp=0,0.2164,2
64,n<=8,sr<=40%,kvB<=16k,kp<=1k,0.2648,4
64,n<=8,sr<=40%,kvB<=16k,kp<=2k,0.1935,4
64,n<=8,sr<=40%,kvB<=16k,kp<=4k,0.114,4
64,n<=8,sr<=40%,kvB<=16k,kp<=512,0.3044,4
64,n<=8,sr<=40%,kvB<=16k,kp<=8k,0.1476,4
64,n<=8,sr<=40%,kvB<=16k,kp=0,0.3212,4
64,n<=8,sr<=40%,kvB<=1k,kp<=1k,0.07,4
64,n<=8,sr<=40%,kvB<=1k,kp<=2k,0.0465,4
64,n<=8,sr<=40%,kvB<=1k,kp<=4k,0.0992,4
64,n<=8,sr<=40%,kvB<=1k,kp<=512,0.1858,4
64,n<=8,sr<=40%,kvB<=1k,kp<=8k,0.1041,4
64,n<=8,sr<=40%,kvB<=1k,kp=0,0.212,4
64,n<=8,sr<=40%,kvB<=4k,kp<=1k,0.1184,4
64,n<=8,sr<=40%,kvB<=4k,kp<=2k,0.1352,4
64,n<=8,sr<=40%,kvB<=4k,kp<=4k,-0.0032,4
64,n<=8,sr<=40%,kvB<=4k,kp<=512,0.1297,4
64,n<=8,sr<=40%,kvB<=4k,kp<=8k,-0.0185,4
64,n<=8,sr<=40%,kvB<=4k,kp=0,0.2659,4
64,n<=8,sr<=70%,kvB<=16k,kp<=1k,0.3896,2
64,n<=8,sr<=70%,kvB<=16k,kp<=2k,0.3174,2
64,n<=8,sr<=70%,kvB<=16k,kp<=4k,0.1711,2
64,n<=8,sr<=70%,kvB<=16k,kp<=512,0.3513,2
64,n<=8,sr<=70%,kvB<=16k,kp<=8k,0.1634,2
64,n<=8,sr<=70%,kvB<=16k,kp=0,0.3508,2
64,n<=8,sr<=70%,kvB<=1k,kp<=1k,0.0223,2
64,n<=8,sr<=70%,kvB<=1k,kp<=2k,-0.0777,2
64,n<=8,sr<=70%,kvB<=1k,kp<=4k,0.1193,2
64,n<=8,sr<=70%,kvB<=1k,kp<=512,0.1468,2
64,n<=8,sr<=70%,kvB<=1k,kp<=8k,0.0685,2
64,n<=8,sr<=70%,kvB<=1k,kp=0,0.1782,2
64,n<=8,sr<=70%,kvB<=4k,kp<=1k,0.0774,2
64,n<=8,sr<=70%,kvB<=4k,kp<=2k,0.1121,2
64,n<=8,sr<=70%,kvB<=4k,kp<=4k,-0.014,2
64,n<=8,sr<=70%,kvB<=4k,kp<=512,0.1759,2
64,n<=8,sr<=70%,kvB<=4k,kp<=8k,-0.1345,2
64,n<=8,sr<=70%,kvB<=4k,kp=0,0.3377,2
64,n<=8,sr>70%,kvB<=16k,kp<=1k,0.8677,4
64,n<=8,sr>70%,kvB<=16k,kp<=2k,0.6491,4
64,n<=8,sr>70%,kvB<=16k,kp<=4k,0.3159,4
64,n<=8,sr>70%,kvB<=16k,kp<=512,1.0429,4
64,n<=8,sr>70%,kvB<=16k,kp<=8k,0.3178,4
64,n<=8,sr>70%,kvB<=16k,kp=0,1.0598,4
64,n<=8,sr>70%,kvB<=1k,kp<=1k,0.2328,4
64,n<=8,sr>70%,kvB<=1k,kp<=2k,0.2254,4
64,n<=8,sr>70%,kvB<=1k,kp<=4k,0.0735,4
64,n<=8,sr>70%,kvB<=1k,kp<=512,0.1781,4
64,n<=8,sr>70%,kvB<=1k,kp<=8k,0.359,4
64,n<=8,sr>70%,kvB<=1k,kp=0,0.3735,4
64,n<=8,sr>70%,kvB<=4k,kp<=1k,0.0418,4
64,n<=8,sr>70%,kvB<=4k,kp<=2k,0.0048,4
64,n<=8,sr>70%,kvB<=4k,kp<=4k,0.1853,4
64,n<=8,sr>70%,kvB<=4k,kp<=512,0.3699,4
64,n<=8,sr>70%,kvB<=4k,kp<=8k,0.0672,4
64,n<=8,sr>70%,kvB<=4k,kp=0,0.7763,4
128,n<=128,sr<=15%,kvB<=16k,kp<=1k,0.0004,4
128,n<=128,sr<=15%,kvB<=16k,kp<=2k,0.0004,4
128,n<=128,sr<=15%,kvB<=16k,kp<=4k,0.0009,4
128,n<=128,sr<=15%,kvB<=16k,kp<=512,0.0002,4
128,n<=128,sr<=15%,kvB<=16k,kp<=8k,0.0004,4
128,n<=128,sr<=15%,kvB<=16k,kp=0,0.0007,4
128,n<=128,sr<=15%,kvB<=1k,kp<=1k,0.0398,4
128,n<=128,sr<=15%,kvB<=1k,kp<=2k,0.038,4
128,n<=128,sr<=15%,kvB<=1k,kp<=4k,0.0389,4
128,n<=128,sr<=15%,kvB<=1k,kp<=512,0.0398,4
128,n<=128,sr<=15%,kvB<=1k,kp<=8k,0.0595,4
128,n<=128,sr<=15%,kvB<=1k,kp=0,0.0379,4
128,n<=128,sr<=15%,kvB<=4k,kp<=1k,0.0009,4
128,n<=128,sr<=15%,kvB<=4k,kp<=2k,0.0008,4
128,n<=128,sr<=15%,kvB<=4k,kp<=4k,0.0001,4
128,n<=128,sr<=15%,kvB<=4k,kp<=512,0.001,4
128,n<=128,sr<=15%,kvB<=4k,kp<=8k,0.0011,4
128,n<=128,sr<=15%,kvB<=4k,kp=0,0.001,4
128,n<=128,sr<=40%,kvB<=16k,kp<=1k,-0.002,2
128,n<=128,sr<=40%,kvB<=16k,kp<=2k,-0.0017,2
128,n<=128,sr<=40%,kvB<=16k,kp<=4k,-0.0009,2
128,n<=128,sr<=40%,kvB<=16k,kp<=512,-0.0022,2
128,n<=128,sr<=40%,kvB<=16k,kp<=8k,-0.002,2
128,n<=128,sr<=40%,kvB<=16k,kp=0,-0.0021,2
128,n<=128,sr<=40%,kvB<=1k,kp<=1k,0.0795,2
128,n<=128,sr<=40%,kvB<=1k,kp<=2k,0.0789,2
128,n<=128,sr<=40%,kvB<=1k,kp<=4k,0.0933,2
128,n<=128,sr<=40%,kvB<=1k,kp<=512,0.08,2
128,n<=128,sr<=40%,kvB<=1k,kp<=8k,0.1034,2
128,n<=128,sr<=40%,kvB<=1k,kp=0,0.078,2
128,n<=128,sr<=40%,kvB<=4k,kp<=1k,-0.0007,2
128,n<=128,sr<=40%,kvB<=4k,kp<=2k,-0.0014,2
128,n<=128,sr<=40%,kvB<=4k,kp<=4k,-0.0009,2
128,n<=128,sr<=40%,kvB<=4k,kp<=512,0.0005,2
128,n<=128,sr<=40%,kvB<=4k,kp<=8k,-0.0,2
128,n<=128,sr<=40%,kvB<=4k,kp=0,-0.0015,2
128,n<=128,sr<=5%,kvB<=16k,kp<=1k,0.0021,8
128,n<=128,sr<=5%,kvB<=16k,kp<=2k,0.0025,8
128,n<=128,sr<=5%,kvB<=16k,kp<=4k,0.0023,8
128,n<=128,sr<=5%,kvB<=16k,kp<=512,0.0022,8
128,n<=128,sr<=5%,kvB<=16k,kp<=8k,0.0017,8
128,n<=128,sr<=5%,kvB<=16k,kp=0,0.0021,8
128,n<=128,sr<=5%,kvB<=1k,kp<=1k,0.0058,8
128,n<=128,sr<=5%,kvB<=1k,kp<=2k,0.0051,8
128,n<=128,sr<=5%,kvB<=1k,kp<=4k,0.0075,8
128,n<=128,sr<=5%,kvB<=1k,kp<=512,0.0084,8
128,n<=128,sr<=5%,kvB<=1k,kp<=8k,0.005,8
128,n<=128,sr<=5%,kvB<=1k,kp=0,0.0085,8
128,n<=128,sr<=5%,kvB<=4k,kp<=1k,0.0027,8
128,n<=128,sr<=5%,kvB<=4k,kp<=2k,0.0025,8
128,n<=128,sr<=5%,kvB<=4k,kp<=4k,0.0017,8
128,n<=128,sr<=5%,kvB<=4k,kp<=512,0.0029,8
128,n<=128,sr<=5%,kvB<=4k,kp<=8k,0.001,8
128,n<=128,sr<=5%,kvB<=4k,kp=0,0.0027,8
128,n<=128,sr<=70%,kvB<=16k,kp<=1k,-0.0047,2
128,n<=128,sr<=70%,kvB<=16k,kp<=2k,-0.0049,2
128,n<=128,sr<=70%,kvB<=16k,kp<=4k,-0.0047,2
128,n<=128,sr<=70%,kvB<=16k,kp<=512,-0.0046,2
128,n<=128,sr<=70%,kvB<=16k,kp<=8k,-0.0022,2
128,n<=128,sr<=70%,kvB<=16k,kp=0,-0.0048,2
128,n<=128,sr<=70%,kvB<=1k,kp<=1k,0.0951,2
128,n<=128,sr<=70%,kvB<=1k,kp<=2k,0.1012,2
128,n<=128,sr<=70%,kvB<=1k,kp<=4k,0.0938,2
128,n<=128,sr<=70%,kvB<=1k,kp<=512,0.111,2
128,n<=128,sr<=70%,kvB<=1k,kp<=8k,0.084,2
128,n<=128,sr<=70%,kvB<=1k,kp=0,0.1146,2
128,n<=128,sr<=70%,kvB<=4k,kp<=1k,-0.0039,2
128,n<=128,sr<=70%,kvB<=4k,kp<=2k,-0.0035,2
128,n<=128,sr<=70%,kvB<=4k,kp<=4k,0.0058,2
128,n<=128,sr<=70%,kvB<=4k,kp<=512,-0.0033,2
128,n<=128,sr<=70%,kvB<=4k,kp<=8k,0.0031,2
128,n<=128,sr<=70%,kvB<=4k,kp=0,-0.0042,2
128,n<=128,sr>70%,kvB<=16k,kp<=1k,-0.0069,4
128,n<=128,sr>70%,kvB<=16k,kp<=2k,-0.0059,4
128,n<=128,sr>70%,kvB<=16k,kp<=4k,-0.0054,4
128,n<=128,sr>70%,kvB<=16k,kp<=512,-0.0065,4
128,n<=128,sr>70%,kvB<=16k,kp<=8k,-0.0097,4
128,n<=128,sr>70%,kvB<=16k,kp=0,-0.0092,4
128,n<=128,sr>70%,kvB<=1k,kp<=1k,0.0944,4
128,n<=128,sr>70%,kvB<=1k,kp<=2k,0.1082,4
128,n<=128,sr>70%,kvB<=1k,kp<=4k,0.1614,4
128,n<=128,sr>70%,kvB<=1k,kp<=512,0.0994,4
128,n<=128,sr>70%,kvB<=1k,kp<=8k,0.2204,4
128,n<=128,sr>70%,kvB<=1k,kp=0,0.0896,4
128,n<=128,sr>70%,kvB<=4k,kp<=1k,-0.01,4
128,n<=128,sr>70%,kvB<=4k,kp<=2k,-0.0076,4
128,n<=128,sr>70%,kvB<=4k,kp<=4k,-0.0076,4
128,n<=128,sr>70%,kvB<=4k,kp<=512,-0.0052,4
128,n<=128,sr>70%,kvB<=4k,kp<=8k,-0.0001,4
128,n<=128,sr>70%,kvB<=4k,kp=0,-0.0105,4
128,n<=16,sr<=15%,kvB<=16k,kp<=1k,0.1043,4
128,n<=16,sr<=15%,kvB<=16k,kp<=2k,0.0792,4
128,n<=16,sr<=15%,kvB<=16k,kp<=4k,0.0201,4
128,n<=16,sr<=15%,kvB<=16k,kp<=512,0.14,4
128,n<=16,sr<=15%,kvB<=16k,kp<=8k,-0.0045,4
128,n<=16,sr<=15%,kvB<=16k,kp=0,0.1181,4
128,n<=16,sr<=15%,kvB<=1k,kp<=1k,0.073,4
128,n<=16,sr<=15%,kvB<=1k,kp<=2k,0.0696,4
128,n<=16,sr<=15%,kvB<=1k,kp<=4k,0.0815,4
128,n<=16,sr<=15%,kvB<=1k,kp<=512,0.1215,4
128,n<=16,sr<=15%,kvB<=1k,kp<=8k,0.0429,4
128,n<=16,sr<=15%,kvB<=1k,kp=0,0.1538,4
128,n<=16,sr<=15%,kvB<=4k,kp<=1k,0.0991,4
128,n<=16,sr<=15%,kvB<=4k,kp<=2k,0.0562,4
128,n<=16,sr<=15%,kvB<=4k,kp<=4k,0.0328,4
128,n<=16,sr<=15%,kvB<=4k,kp<=512,0.1116,4
128,n<=16,sr<=15%,kvB<=4k,kp<=8k,0.0293,4
128,n<=16,sr<=15%,kvB<=4k,kp=0,0.1361,4
128,n<=16,sr<=40%,kvB<=16k,kp<=1k,0.1564,4
128,n<=16,sr<=40%,kvB<=16k,kp<=2k,0.0762,4
128,n<=16,sr<=40%,kvB<=16k,kp<=4k,0.0142,4
128,n<=16,sr<=40%,kvB<=16k,kp<=512,0.1865,4
128,n<=16,sr<=40%,kvB<=16k,kp<=8k,0.0022,4
128,n<=16,sr<=40%,kvB<=16k,kp=0,0.1994,4
128,n<=16,sr<=40%,kvB<=1k,kp<=1k,0.0804,4
128,n<=16,sr<=40%,kvB<=1k,kp<=2k,0.0658,4
128,n<=16,sr<=40%,kvB<=1k,kp<=4k,0.0589,4
128,n<=16,sr<=40%,kvB<=1k,kp<=512,0.13,4
128,n<=16,sr<=40%,kvB<=1k,kp<=8k,0.0816,4
128,n<=16,sr<=40%,kvB<=1k,kp=0,0.1574,4
128,n<=16,sr<=40%,kvB<=4k,kp<=1k,0.0944,4
128,n<=16,sr<=40%,kvB<=4k,kp<=2k,0.0894,4
128,n<=16,sr<=40%,kvB<=4k,kp<=4k,0.0472,4
128,n<=16,sr<=40%,kvB<=4k,kp<=512,0.1043,4
128,n<=16,sr<=40%,kvB<=4k,kp<=8k,0.0568,4
128,n<=16,sr<=40%,kvB<=4k,kp=0,0.1738,4
128,n<=16,sr<=70%,kvB<=16k,kp<=1k,0.3027,2
128,n<=16,sr<=70%,kvB<=16k,kp<=2k,0.2005,2
128,n<=16,sr<=70%,kvB<=16k,kp<=4k,0.1792,2
128,n<=16,sr<=70%,kvB<=16k,kp<=512,0.3818,2
128,n<=16,sr<=70%,kvB<=16k,kp<=8k,0.1872,2
128,n<=16,sr<=70%,kvB<=16k,kp=0,0.4968,2
128,n<=16,sr<=70%,kvB<=1k,kp<=1k,0.066,2
128,n<=16,sr<=70%,kvB<=1k,kp<=2k,0.0312,2
128,n<=16,sr<=70%,kvB<=1k,kp<=4k,0.1079,2
128,n<=16,sr<=70%,kvB<=1k,kp<=512,0.131,2
128,n<=16,sr<=70%,kvB<=1k,kp<=8k,-0.0448,2
128,n<=16,sr<=70%,kvB<=1k,kp=0,0.1293,2
128,n<=16,sr<=70%,kvB<=4k,kp<=1k,0.2498,2
128,n<=16,sr<=70%,kvB<=4k,kp<=2k,0.3111,2
128,n<=16,sr<=70%,kvB<=4k,kp<=4k,0.1619,2
128,n<=16,sr<=70%,kvB<=4k,kp<=512,0.346,2
128,n<=16,sr<=70%,kvB<=4k,kp<=8k,0.2502,2
128,n<=16,sr<=70%,kvB<=4k,kp=0,0.4104,2
128,n<=16,sr>70%,kvB<=16k,kp<=1k,0.8155,4
128,n<=16,sr>70%,kvB<=16k,kp<=2k,0.556,4
128,n<=16,sr>70%,kvB<=16k,kp<=4k,0.2042,4
128,n<=16,sr>70%,kvB<=16k,kp<=512,1.1104,4
128,n<=16,sr>70%,kvB<=16k,kp<=8k,0.2883,3
128,n<=16,sr>70%,kvB<=16k,kp=0,1.4682,4
128,n<=16,sr>70%,kvB<=1k,kp<=1k,0.3188,4
128,n<=16,sr>70%,kvB<=1k,kp<=2k,0.2361,4
128,n<=16,sr>70%,kvB<=1k,kp<=4k,0.1063,4
128,n<=16,sr>70%,kvB<=1k,kp<=512,0.2882,4
128,n<=16,sr>70%,kvB<=1k,kp<=8k,0.2023,4
128,n<=16,sr>70%,kvB<=1k,kp=0,0.3001,4
128,n<=16,sr>70%,kvB<=4k,kp<=1k,0.484,4
128,n<=16,sr>70%,kvB<=4k,kp<=2k,0.5496,4
128,n<=16,sr>70%,kvB<=4k,kp<=4k,1.5188,3
128,n<=16,sr>70%,kvB<=4k,kp<=512,1.0223,4
128,n<=16,sr>70%,kvB<=4k,kp<=8k,0.4475,4
128,n<=16,sr>70%,kvB<=4k,kp=0,1.539,4
128,n<=2,sr<=70%,kvB<=16k,kp<=1k,0.2611,2
128,n<=2,sr<=70%,kvB<=16k,kp<=2k,0.1142,2
128,n<=2,sr<=70%,kvB<=16k,kp<=4k,0.3951,2
128,n<=2,sr<=70%,kvB<=16k,kp<=512,0.7244,2
128,n<=2,sr<=70%,kvB<=16k,kp<=8k,0.6823,2
128,n<=2,sr<=70%,kvB<=16k,kp=0,0.9641,2
128,n<=2,sr<=70%,kvB<=1k,kp<=1k,0.1506,2
128,n<=2,sr<=70%,kvB<=1k,kp<=2k,-0.0355,2
128,n<=2,sr<=70%,kvB<=1k,kp<=4k,0.3137,2
128,n<=2,sr<=70%,kvB<=1k,kp<=512,0.8706,2
128,n<=2,sr<=70%,kvB<=1k,kp<=8k,0.266,2
128,n<=2,sr<=70%,kvB<=1k,kp=0,0.2182,2
128,n<=2,sr<=70%,kvB<=4k,kp<=1k,0.4694,2
128,n<=2,sr<=70%,kvB<=4k,kp<=2k,0.7191,2
128,n<=2,sr<=70%,kvB<=4k,kp<=4k,0.6319,2
128,n<=2,sr<=70%,kvB<=4k,kp<=512,0.1649,2
128,n<=2,sr<=70%,kvB<=4k,kp<=8k,0.8619,2
128,n<=2,sr<=70%,kvB<=4k,kp=0,0.6186,2
128,n<=32,sr<=15%,kvB<=16k,kp<=1k,0.0506,6
128,n<=32,sr<=15%,kvB<=16k,kp<=2k,0.0371,6
128,n<=32,sr<=15%,kvB<=16k,kp<=4k,0.0303,6
128,n<=32,sr<=15%,kvB<=16k,kp<=512,0.0693,6
128,n<=32,sr<=15%,kvB<=16k,kp<=8k,0.0264,6
128,n<=32,sr<=15%,kvB<=16k,kp=0,0.0867,6
128,n<=32,sr<=15%,kvB<=1k,kp<=1k,0.0574,6
128,n<=32,sr<=15%,kvB<=1k,kp<=2k,0.0581,6
128,n<=32,sr<=15%,kvB<=1k,kp<=4k,0.059,6
128,n<=32,sr<=15%,kvB<=1k,kp<=512,0.0759,6
128,n<=32,sr<=15%,kvB<=1k,kp<=8k,0.0584,6
128,n<=32,sr<=15%,kvB<=1k,kp=0,0.1032,6
128,n<=32,sr<=15%,kvB<=4k,kp<=1k,0.0635,6
128,n<=32,sr<=15%,kvB<=4k,kp<=2k,0.0424,6
128,n<=32,sr<=15%,kvB<=4k,kp<=4k,0.0487,6
128,n<=32,sr<=15%,kvB<=4k,kp<=512,0.0559,6
128,n<=32,sr<=15%,kvB<=4k,kp<=8k,0.0267,6
128,n<=32,sr<=15%,kvB<=4k,kp=0,0.1457,6
128,n<=32,sr<=40%,kvB<=16k,kp<=1k,0.0753,2
128,n<=32,sr<=40%,kvB<=16k,kp<=2k,0.0505,2
128,n<=32,sr<=40%,kvB<=16k,kp<=4k,0.0505,2
128,n<=32,sr<=40%,kvB<=16k,kp<=512,0.091,2
128,n<=32,sr<=40%,kvB<=16k,kp<=8k,0.039,2
128,n<=32,sr<=40%,kvB<=16k,kp=0,0.1276,2
128,n<=32,sr<=40%,kvB<=1k,kp<=1k,0.0796,2
128,n<=32,sr<=40%,kvB<=1k,kp<=2k,0.0863,2
128,n<=32,sr<=40%,kvB<=1k,kp<=4k,0.1012,2
128,n<=32,sr<=40%,kvB<=1k,kp<=512,0.0836,2
128,n<=32,sr<=40%,kvB<=1k,kp<=8k,0.0876,2
128,n<=32,sr<=40%,kvB<=1k,kp=0,0.1411,2
128,n<=32,sr<=40%,kvB<=4k,kp<=1k,0.0672,2
128,n<=32,sr<=40%,kvB<=4k,kp<=2k,0.1144,2
128,n<=32,sr<=40%,kvB<=4k,kp<=4k,0.0843,2
128,n<=32,sr<=40%,kvB<=4k,kp<=512,0.1052,2
128,n<=32,sr<=40%,kvB<=4k,kp<=8k,0.0294,2
128,n<=32,sr<=40%,kvB<=4k,kp=0,0.2393,2
128,n<=32,sr<=5%,kvB<=16k,kp<=1k,0.0409,2
128,n<=32,sr<=5%,kvB<=16k,kp<=2k,0.0314,2
128,n<=32,sr<=5%,kvB<=16k,kp<=4k,0.0318,2
128,n<=32,sr<=5%,kvB<=16k,kp<=512,0.0659,2
128,n<=32,sr<=5%,kvB<=16k,kp<=8k,0.0138,2
128,n<=32,sr<=5%,kvB<=16k,kp=0,0.0672,2
128,n<=32,sr<=5%,kvB<=1k,kp<=1k,0.0137,2
128,n<=32,sr<=5%,kvB<=1k,kp<=2k,0.0147,2
128,n<=32,sr<=5%,kvB<=1k,kp<=4k,0.0153,2
128,n<=32,sr<=5%,kvB<=1k,kp<=512,0.0398,2
128,n<=32,sr<=5%,kvB<=1k,kp<=8k,0.0055,2
128,n<=32,sr<=5%,kvB<=1k,kp=0,0.0549,2
128,n<=32,sr<=5%,kvB<=4k,kp<=1k,0.0491,2
128,n<=32,sr<=5%,kvB<=4k,kp<=2k,0.0373,2
128,n<=32,sr<=5%,kvB<=4k,kp<=4k,0.0147,2
128,n<=32,sr<=5%,kvB<=4k,kp<=512,0.0377,2
128,n<=32,sr<=5%,kvB<=4k,kp<=8k,0.0234,2
128,n<=32,sr<=5%,kvB<=4k,kp=0,0.0997,2
128,n<=32,sr<=70%,kvB<=16k,kp<=1k,0.1564,2
128,n<=32,sr<=70%,kvB<=16k,kp<=2k,0.1188,2
128,n<=32,sr<=70%,kvB<=16k,kp<=4k,0.0986,2
128,n<=32,sr<=70%,kvB<=16k,kp<=512,0.164,2
128,n<=32,sr<=70%,kvB<=16k,kp<=8k,0.0855,2
128,n<=32,sr<=70%,kvB<=16k,kp=0,0.1922,2
128,n<=32,sr<=70%,kvB<=1k,kp<=1k,0.1395,2
128,n<=32,sr<=70%,kvB<=1k,kp<=2k,0.1401,2
128,n<=32,sr<=70%,kvB<=1k,kp<=4k,0.1523,2
128,n<=32,sr<=70%,kvB<=1k,kp<=512,0.1589,2
128,n<=32,sr<=70%,kvB<=1k,kp<=8k,-0.008,2
128,n<=32,sr<=70%,kvB<=1k,kp=0,0.241,2
128,n<=32,sr<=70%,kvB<=4k,kp<=1k,0.1383,2
128,n<=32,sr<=70%,kvB<=4k,kp<=2k,0.1739,2
128,n<=32,sr<=70%,kvB<=4k,kp<=4k,0.1198,2
128,n<=32,sr<=70%,kvB<=4k,kp<=512,0.2745,2
128,n<=32,sr<=70%,kvB<=4k,kp<=8k,0.11,2
128,n<=32,sr<=70%,kvB<=4k,kp=0,0.5539,2
128,n<=32,sr>70%,kvB<=16k,kp<=1k,0.3275,4
128,n<=32,sr>70%,kvB<=16k,kp<=2k,0.3072,4
128,n<=32,sr>70%,kvB<=16k,kp<=4k,0.1884,4
128,n<=32,sr>70%,kvB<=16k,kp<=512,0.3997,4
128,n<=32,sr>70%,kvB<=16k,kp<=8k,0.1525,4
128,n<=32,sr>70%,kvB<=16k,kp=0,0.5009,4
128,n<=32,sr>70%,kvB<=1k,kp<=1k,0.3383,4
128,n<=32,sr>70%,kvB<=1k,kp<=2k,0.3691,4
128,n<=32,sr>70%,kvB<=1k,kp<=4k,0.2714,4
128,n<=32,sr>70%,kvB<=1k,kp<=512,0.3235,4
128,n<=32,sr>70%,kvB<=1k,kp<=8k,0.2183,4
128,n<=32,sr>70%,kvB<=1k,kp=0,1.0151,4
128,n<=32,sr>70%,kvB<=4k,kp<=1k,0.2537,4
128,n<=32,sr>70%,kvB<=4k,kp<=2k,0.1917,4
128,n<=32,sr>70%,kvB<=4k,kp<=4k,0.1996,4
128,n<=32,sr>70%,kvB<=4k,kp<=512,0.7168,4
128,n<=32,sr>70%,kvB<=4k,kp<=8k,0.1343,4
128,n<=32,sr>70%,kvB<=4k,kp=0,1.4955,4
128,n<=4,sr<=40%,kvB<=16k,kp<=1k,0.2947,2
128,n<=4,sr<=40%,kvB<=16k,kp<=2k,0.2609,2
128,n<=4,sr<=40%,kvB<=16k,kp<=4k,0.2788,2
128,n<=4,sr<=40%,kvB<=16k,kp<=512,0.3609,2
128,n<=4,sr<=40%,kvB<=16k,kp<=8k,0.3123,2
128,n<=4,sr<=40%,kvB<=16k,kp=0,0.4943,2
128,n<=4,sr<=40%,kvB<=1k,kp<=1k,0.1926,2
128,n<=4,sr<=40%,kvB<=1k,kp<=2k,-0.0544,2
128,n<=4,sr<=40%,kvB<=1k,kp<=4k,0.2511,2
128,n<=4,sr<=40%,kvB<=1k,kp<=512,0.4361,2
128,n<=4,sr<=40%,kvB<=1k,kp<=8k,0.1893,2
128,n<=4,sr<=40%,kvB<=1k,kp=0,0.3569,2
128,n<=4,sr<=40%,kvB<=4k,kp<=1k,0.3141,2
128,n<=4,sr<=40%,kvB<=4k,kp<=2k,0.3494,2
128,n<=4,sr<=40%,kvB<=4k,kp<=4k,-0.107,2
128,n<=4,sr<=40%,kvB<=4k,kp<=512,0.2762,2
128,n<=4,sr<=40%,kvB<=4k,kp<=8k,-0.0736,2
128,n<=4,sr<=40%,kvB<=4k,kp=0,0.3718,2
128,n<=4,sr<=70%,kvB<=16k,kp<=1k,0.4657,2
128,n<=4,sr<=70%,kvB<=16k,kp<=2k,0.2943,2
128,n<=4,sr<=70%,kvB<=16k,kp<=4k,0.3599,2
128,n<=4,sr<=70%,kvB<=16k,kp<=512,0.6708,2
128,n<=4,sr<=70%,kvB<=16k,kp<=8k,0.3224,2
128,n<=4,sr<=70%,kvB<=16k,kp=0,0.9142,2
128,n<=4,sr<=70%,kvB<=1k,kp<=1k,0.1033,2
128,n<=4,sr<=70%,kvB<=1k,kp<=2k,-0.0468,2
128,n<=4,sr<=70%,kvB<=1k,kp<=4k,-0.0003,2
128,n<=4,sr<=70%,kvB<=1k,kp<=512,0.5081,2
128,n<=4,sr<=70%,kvB<=1k,kp<=8k,0.0876,1
128,n<=4,sr<=70%,kvB<=1k,kp=0,0.2572,2
128,n<=4,sr<=70%,kvB<=4k,kp<=1k,0.3734,2
128,n<=4,sr<=70%,kvB<=4k,kp<=2k,0.4058,2
128,n<=4,sr<=70%,kvB<=4k,kp<=4k,-0.5809,2
128,n<=4,sr<=70%,kvB<=4k,kp<=512,0.1899,2
128,n<=4,sr<=70%,kvB<=4k,kp<=8k,-0.3347,2
128,n<=4,sr<=70%,kvB<=4k,kp=0,0.5639,2
128,n<=4,sr>70%,kvB<=16k,kp<=1k,0.4661,2
128,n<=4,sr>70%,kvB<=16k,kp<=2k,0.2322,2
128,n<=4,sr>70%,kvB<=16k,kp<=4k,0.3065,2
128,n<=4,sr>70%,kvB<=16k,kp<=512,0.5782,2
128,n<=4,sr>70%,kvB<=16k,kp<=8k,0.5789,2
128,n<=4,sr>70%,kvB<=16k,kp=0,0.8832,2
128,n<=4,sr>70%,kvB<=1k,kp<=1k,0.2458,2
128,n<=4,sr>70%,kvB<=1k,kp<=2k,0.2761,2
128,n<=4,sr>70%,kvB<=1k,kp<=4k,-0.2217,2
128,n<=4,sr>70%,kvB<=1k,kp<=512,0.822,2
128,n<=4,sr>70%,kvB<=1k,kp<=8k,-0.0426,2
128,n<=4,sr>70%,kvB<=1k,kp=0,0.1126,2
128,n<=4,sr>70%,kvB<=4k,kp<=1k,0.3206,2
128,n<=4,sr>70%,kvB<=4k,kp<=2k,0.6013,2
128,n<=4,sr>70%,kvB<=4k,kp<=4k,0.6667,2
128,n<=4,sr>70%,kvB<=4k,kp<=512,-0.0801,2
128,n<=4,sr>70%,kvB<=4k,kp<=8k,0.2107,2
128,n<=4,sr>70%,kvB<=4k,kp=0,0.6039,2
128,n<=64,sr<=15%,kvB<=16k,kp<=1k,0.0086,4
128,n<=64,sr<=15%,kvB<=16k,kp<=2k,0.0091,4
128,n<=64,sr<=15%,kvB<=16k,kp<=4k,0.0105,4
128,n<=64,sr<=15%,kvB<=16k,kp<=512,0.0079,4
128,n<=64,sr<=15%,kvB<=16k,kp<=8k,0.0056,4
128,n<=64,sr<=15%,kvB<=16k,kp=0,0.0087,4
128,n<=64,sr<=15%,kvB<=1k,kp<=1k,0.0361,4
128,n<=64,sr<=15%,kvB<=1k,kp<=2k,0.0362,4
128,n<=64,sr<=15%,kvB<=1k,kp<=4k,0.0345,4
128,n<=64,sr<=15%,kvB<=1k,kp<=512,0.0395,4
128,n<=64,sr<=15%,kvB<=1k,kp<=8k,0.0461,4
128,n<=64,sr<=15%,kvB<=1k,kp=0,0.0371,4
128,n<=64,sr<=15%,kvB<=4k,kp<=1k,0.0107,4
128,n<=64,sr<=15%,kvB<=4k,kp<=2k,0.008,4
128,n<=64,sr<=15%,kvB<=4k,kp<=4k,0.0005,4
128,n<=64,sr<=15%,kvB<=4k,kp<=512,0.0112,4
128,n<=64,sr<=15%,kvB<=4k,kp<=8k,0.0007,4
128,n<=64,sr<=15%,kvB<=4k,kp=0,0.0088,4
128,n<=64,sr<=40%,kvB<=16k,kp<=1k,0.004,2
128,n<=64,sr<=40%,kvB<=16k,kp<=2k,0.0037,2
128,n<=64,sr<=40%,kvB<=16k,kp<=4k,0.0048,2
128,n<=64,sr<=40%,kvB<=16k,kp<=512,0.0024,2
128,n<=64,sr<=40%,kvB<=16k,kp<=8k,0.0051,2
128,n<=64,sr<=40%,kvB<=16k,kp=0,0.0038,2
128,n<=64,sr<=40%,kvB<=1k,kp<=1k,0.0481,2
128,n<=64,sr<=40%,kvB<=1k,kp<=2k,0.0337,2
128,n<=64,sr<=40%,kvB<=1k,kp<=4k,0.0518,2
128,n<=64,sr<=40%,kvB<=1k,kp<=512,0.0398,2
128,n<=64,sr<=40%,kvB<=1k,kp<=8k,0.0548,2
128,n<=64,sr<=40%,kvB<=1k,kp=0,0.0374,2
128,n<=64,sr<=40%,kvB<=4k,kp<=1k,0.0021,2
128,n<=64,sr<=40%,kvB<=4k,kp<=2k,0.001,2
128,n<=64,sr<=40%,kvB<=4k,kp<=4k,-0.0011,2
128,n<=64,sr<=40%,kvB<=4k,kp<=512,0.003,2
128,n<=64,sr<=40%,kvB<=4k,kp<=8k,-0.007,2
128,n<=64,sr<=40%,kvB<=4k,kp=0,0.0011,2
128,n<=64,sr<=5%,kvB<=16k,kp<=1k,0.0107,6
128,n<=64,sr<=5%,kvB<=16k,kp<=2k,0.0111,6
128,n<=64,sr<=5%,kvB<=16k,kp<=4k,0.0116,6
128,n<=64,sr<=5%,kvB<=16k,kp<=512,0.012,6
128,n<=64,sr<=5%,kvB<=16k,kp<=8k,0.0083,6
128,n<=64,sr<=5%,kvB<=16k,kp=0,0.0104,6
128,n<=64,sr<=5%,kvB<=1k,kp<=1k,0.0088,6
128,n<=64,sr<=5%,kvB<=1k,kp<=2k,0.0178,6
128,n<=64,sr<=5%,kvB<=1k,kp<=4k,0.0155,6
128,n<=64,sr<=5%,kvB<=1k,kp<=512,0.021,6
128,n<=64,sr<=5%,kvB<=1k,kp<=8k,0.0164,6
128,n<=64,sr<=5%,kvB<=1k,kp=0,0.0161,6
128,n<=64,sr<=5%,kvB<=4k,kp<=1k,0.0119,6
128,n<=64,sr<=5%,kvB<=4k,kp<=2k,0.01,6
128,n<=64,sr<=5%,kvB<=4k,kp<=4k,0.0023,6
128,n<=64,sr<=5%,kvB<=4k,kp<=512,0.0121,6
128,n<=64,sr<=5%,kvB<=4k,kp<=8k,0.0023,6
128,n<=64,sr<=5%,kvB<=4k,kp=0,0.0126,6
128,n<=64,sr<=70%,kvB<=16k,kp<=1k,-0.0035,2
128,n<=64,sr<=70%,kvB<=16k,kp<=2k,-0.0016,2
128,n<=64,sr<=70%,kvB<=16k,kp<=4k,-0.0019,2
128,n<=64,sr<=70%,kvB<=16k,kp<=512,-0.0019,2
128,n<=64,sr<=70%,kvB<=16k,kp<=8k,0.0022,2
128,n<=64,sr<=70%,kvB<=16k,kp=0,-0.0029,2
128,n<=64,sr<=70%,kvB<=1k,kp<=1k,0.0118,2
128,n<=64,sr<=70%,kvB<=1k,kp<=2k,0.0177,2
128,n<=64,sr<=70%,kvB<=1k,kp<=4k,0.024,2
128,n<=64,sr<=70%,kvB<=1k,kp<=512,0.0256,2
128,n<=64,sr<=70%,kvB<=1k,kp<=8k,0.0777,2
128,n<=64,sr<=70%,kvB<=1k,kp=0,0.0014,2
128,n<=64,sr<=70%,kvB<=4k,kp<=1k,0.0031,2
128,n<=64,sr<=70%,kvB<=4k,kp<=2k,-0.0012,2
128,n<=64,sr<=70%,kvB<=4k,kp<=4k,-0.0019,2
128,n<=64,sr<=70%,kvB<=4k,kp<=512,0.0002,2
128,n<=64,sr<=70%,kvB<=4k,kp<=8k,-0.0115,2
128,n<=64,sr<=70%,kvB<=4k,kp=0,-0.0049,2
128,n<=64,sr>70%,kvB<=16k,kp<=1k,-0.0053,4
128,n<=64,sr>70%,kvB<=16k,kp<=2k,0.0013,4
128,n<=64,sr>70%,kvB<=16k,kp<=4k,-0.0021,4
128,n<=64,sr>70%,kvB<=16k,kp<=512,-0.0004,4
128,n<=64,sr>70%,kvB<=16k,kp<=8k,-0.007,4
128,n<=64,sr>70%,kvB<=16k,kp=0,-0.0081,4
128,n<=64,sr>70%,kvB<=1k,kp<=1k,0.0697,4
128,n<=64,sr>70%,kvB<=1k,kp<=2k,0.1149,4
128,n<=64,sr>70%,kvB<=1k,kp<=4k,0.161,4
128,n<=64,sr>70%,kvB<=1k,kp<=512,0.0982,4
128,n<=64,sr>70%,kvB<=1k,kp<=8k,0.2393,4
128,n<=64,sr>70%,kvB<=1k,kp=0,0.073,4
128,n<=64,sr>70%,kvB<=4k,kp<=1k,-0.015,4
128,n<=64,sr>70%,kvB<=4k,kp<=2k,-0.0075,4
128,n<=64,sr>70%,kvB<=4k,kp<=4k,0.0033,4
128,n<=64,sr>70%,kvB<=4k,kp<=512,-0.0168,4
128,n<=64,sr>70%,kvB<=4k,kp<=8k,0.0141,4
128,n<=64,sr>70%,kvB<=4k,kp=0,-0.0058,4
128,n<=8,sr<=15%,kvB<=16k,kp<=1k,0.1923,2
128,n<=8,sr<=15%,kvB<=16k,kp<=2k,0.1577,2
128,n<=8,sr<=15%,kvB<=16k,kp<=4k,0.1321,2
128,n<=8,sr<=15%,kvB<=16k,kp<=512,0.2098,2
128,n<=8,sr<=15%,kvB<=16k,kp<=8k,0.0918,2
128,n<=8,sr<=15%,kvB<=16k,kp=0,0.2228,2
128,n<=8,sr<=15%,kvB<=1k,kp<=1k,0.1019,2
128,n<=8,sr<=15%,kvB<=1k,kp<=2k,0.0905,2
128,n<=8,sr<=15%,kvB<=1k,kp<=4k,0.0997,2
128,n<=8,sr<=15%,kvB<=1k,kp<=512,0.2124,2
128,n<=8,sr<=15%,kvB<=1k,kp<=8k,0.0554,2
128,n<=8,sr<=15%,kvB<=1k,kp=0,0.2573,2
128,n<=8,sr<=15%,kvB<=4k,kp<=1k,0.1752,2
128,n<=8,sr<=15%,kvB<=4k,kp<=2k,0.1164,2
128,n<=8,sr<=15%,kvB<=4k,kp<=4k,0.0256,2
128,n<=8,sr<=15%,kvB<=4k,kp<=512,0.1902,2
128,n<=8,sr<=15%,kvB<=4k,kp<=8k,0.0442,2
128,n<=8,sr<=15%,kvB<=4k,kp=0,0.2122,2
128,n<=8,sr<=40%,kvB<=16k,kp<=1k,0.2122,4
128,n<=8,sr<=40%,kvB<=16k,kp<=2k,0.1314,4
128,n<=8,sr<=40%,kvB<=16k,kp<=4k,0.1614,4
128,n<=8,sr<=40%,kvB<=16k,kp<=512,0.2804,4
128,n<=8,sr<=40%,kvB<=16k,kp<=8k,0.2005,4
128,n<=8,sr<=40%,kvB<=16k,kp=0,0.3277,4
128,n<=8,sr<=40%,kvB<=1k,kp<=1k,0.0973,4
128,n<=8,sr<=40%,kvB<=1k,kp<=2k,0.0354,4
128,n<=8,sr<=40%,kvB<=1k,kp<=4k,-0.0091,4
128,n<=8,sr<=40%,kvB<=1k,kp<=512,0.2372,4
128,n<=8,sr<=40%,kvB<=1k,kp<=8k,0.189,4
128,n<=8,sr<=40%,kvB<=1k,kp=0,0.2216,4
128,n<=8,sr<=40%,kvB<=4k,kp<=1k,0.1902,4
128,n<=8,sr<=40%,kvB<=4k,kp<=2k,0.2053,4
128,n<=8,sr<=40%,kvB<=4k,kp<=4k,0.0193,4
128,n<=8,sr<=40%,kvB<=4k,kp<=512,0.1554,4
128,n<=8,sr<=40%,kvB<=4k,kp<=8k,-0.0784,4
128,n<=8,sr<=40%,kvB<=4k,kp=0,0.2238,4
128,n<=8,sr<=70%,kvB<=16k,kp<=1k,0.4165,2
128,n<=8,sr<=70%,kvB<=16k,kp<=2k,0.2832,2
128,n<=8,sr<=70%,kvB<=16k,kp<=4k,0.1012,2
128,n<=8,sr<=70%,kvB<=16k,kp<=512,0.4269,2
128,n<=8,sr<=70%,kvB<=16k,kp<=8k,0.1714,2
128,n<=8,sr<=70%,kvB<=16k,kp=0,0.3623,2
128,n<=8,sr<=70%,kvB<=1k,kp<=1k,0.0192,2
128,n<=8,sr<=70%,kvB<=1k,kp<=2k,0.0691,2
128,n<=8,sr<=70%,kvB<=1k,kp<=4k,0.0306,2
128,n<=8,sr<=70%,kvB<=1k,kp<=512,0.2543,2
128,n<=8,sr<=70%,kvB<=1k,kp<=8k,-0.2618,1
128,n<=8,sr<=70%,kvB<=1k,kp=0,0.1602,2
128,n<=8,sr<=70%,kvB<=4k,kp<=1k,0.1784,2
128,n<=8,sr<=70%,kvB<=4k,kp<=2k,0.2619,2
128,n<=8,sr<=70%,kvB<=4k,kp<=4k,-0.0351,2
128,n<=8,sr<=70%,kvB<=4k,kp<=512,0.1281,2
128,n<=8,sr<=70%,kvB<=4k,kp<=8k,-0.0414,2
128,n<=8,sr<=70%,kvB<=4k,kp=0,0.3013,2
128,n<=8,sr>70%,kvB<=16k,kp<=1k,1.0426,4
128,n<=8,sr>70%,kvB<=16k,kp<=2k,0.6128,4
128,n<=8,sr>70%,kvB<=16k,kp<=4k,0.0976,4
128,n<=8,sr>70%,kvB<=16k,kp<=512,0.9411,4
128,n<=8,sr>70%,kvB<=16k,kp<=8k,0.8085,4
128,n<=8,sr>70%,kvB<=16k,kp=0,1.1303,4
128,n<=8,sr>70%,kvB<=1k,kp<=1k,0.4714,4
128,n<=8,sr>70%,kvB<=1k,kp<=2k,0.2413,4
128,n<=8,sr>70%,kvB<=1k,kp<=4k,-0.0867,4
128,n<=8,sr>70%,kvB<=1k,kp<=512,0.4973,4
128,n<=8,sr>70%,kvB<=1k,kp<=8k,0.0783,4
128,n<=8,sr>70%,kvB<=1k,kp=0,0.2387,4
128,n<=8,sr>70%,kvB<=4k,kp<=1k,0.149,4
128,n<=8,sr>70%,kvB<=4k,kp<=2k,0.3664,4
128,n<=8,sr>70%,kvB<=4k,kp<=4k,0.4347,4
128,n<=8,sr>70%,kvB<=4k,kp<=512,0.2545,4
128,n<=8,sr>70%,kvB<=4k,kp<=8k,0.0758,4
128,n<=8,sr>70%,kvB<=4k,kp=0,0.6909,4
256,n<=128,sr<=15%,kvB<=16k,kp<=1k,-0.0004,4
256,n<=128,sr<=15%,kvB<=16k,kp<=2k,-0.0004,4
256,n<=128,sr<=15%,kvB<=16k,kp<=4k,-0.0001,4
256,n<=128,sr<=15%,kvB<=16k,kp<=512,0.0001,4
256,n<=128,sr<=15%,kvB<=16k,kp<=8k,0.0,4
256,n<=128,sr<=15%,kvB<=16k,kp=0,0.0006,4
256,n<=128,sr<=15%,kvB<=1k,kp<=1k,0.0497,4
256,n<=128,sr<=15%,kvB<=1k,kp<=2k,0.057,4
256,n<=128,sr<=15%,kvB<=1k,kp<=4k,0.0649,4
256,n<=128,sr<=15%,kvB<=1k,kp<=512,0.0511,4
256,n<=128,sr<=15%,kvB<=1k,kp<=8k,0.0703,4
256,n<=128,sr<=15%,kvB<=1k,kp=0,0.0475,4
256,n<=128,sr<=15%,kvB<=4k,kp<=1k,0.0012,4
256,n<=128,sr<=15%,kvB<=4k,kp<=2k,0.0009,4
256,n<=128,sr<=15%,kvB<=4k,kp<=4k,0.0017,4
256,n<=128,sr<=15%,kvB<=4k,kp<=512,0.0009,4
256,n<=128,sr<=15%,kvB<=4k,kp<=8k,0.0059,4
256,n<=128,sr<=15%,kvB<=4k,kp=0,0.0006,4
256,n<=128,sr<=40%,kvB<=16k,kp<=1k,-0.0018,2
256,n<=128,sr<=40%,kvB<=16k,kp<=2k,-0.0024,2
256,n<=128,sr<=40%,kvB<=16k,kp<=4k,-0.002,2
256,n<=128,sr<=40%,kvB<=16k,kp<=512,-0.0015,2
256,n<=128,sr<=40%,kvB<=16k,kp<=8k,-0.0012,2
256,n<=128,sr<=40%,kvB<=16k,kp=0,-0.0016,2
256,n<=128,sr<=40%,kvB<=1k,kp<=1k,0.0955,2
256,n<=128,sr<=40%,kvB<=1k,kp<=2k,0.1041,2
256,n<=128,sr<=40%,kvB<=1k,kp<=4k,0.113,2
256,n<=128,sr<=40%,kvB<=1k,kp<=512,0.0951,2
256,n<=128,sr<=40%,kvB<=1k,kp<=8k,0.1116,2
256,n<=128,sr<=40%,kvB<=1k,kp=0,0.0931,2
256,n<=128,sr<=40%,kvB<=4k,kp<=1k,0.0008,2
256,n<=128,sr<=40%,kvB<=4k,kp<=2k,0.0012,2
256,n<=128,sr<=40%,kvB<=4k,kp<=4k,0.0009,2
256,n<=128,sr<=40%,kvB<=4k,kp<=512,0.0019,2
256,n<=128,sr<=40%,kvB<=4k,kp<=8k,0.0018,2
256,n<=128,sr<=40%,kvB<=4k,kp=0,-0.0006,2
256,n<=128,sr<=5%,kvB<=16k,kp<=1k,0.0019,8
256,n<=128,sr<=5%,kvB<=16k,kp<=2k,0.0016,8
256,n<=128,sr<=5%,kvB<=16k,kp<=4k,0.002,8
256,n<=128,sr<=5%,kvB<=16k,kp<=512,0.0018,8
256,n<=128,sr<=5%,kvB<=16k,kp<=8k,0.0018,8
256,n<=128,sr<=5%,kvB<=16k,kp=0,0.0022,8
256,n<=128,sr<=5%,kvB<=1k,kp<=1k,0.006,8
256,n<=128,sr<=5%,kvB<=1k,kp<=2k,0.0059,8
256,n<=128,sr<=5%,kvB<=1k,kp<=4k,0.0062,8
256,n<=128,sr<=5%,kvB<=1k,kp<=512,0.0056,8
256,n<=128,sr<=5%,kvB<=1k,kp<=8k,0.0072,8
256,n<=128,sr<=5%,kvB<=1k,kp=0,0.0062,8
256,n<=128,sr<=5%,kvB<=4k,kp<=1k,0.0022,8
256,n<=128,sr<=5%,kvB<=4k,kp<=2k,0.0019,8
256,n<=128,sr<=5%,kvB<=4k,kp<=4k,0.0026,8
256,n<=128,sr<=5%,kvB<=4k,kp<=512,0.0023,8
256,n<=128,sr<=5%,kvB<=4k,kp<=8k,0.0023,8
256,n<=128,sr<=5%,kvB<=4k,kp=0,0.0023,8
256,n<=128,sr<=70%,kvB<=16k,kp<=1k,-0.0054,2
256,n<=128,sr<=70%,kvB<=16k,kp<=2k,-0.0059,2
256,n<=128,sr<=70%,kvB<=16k,kp<=4k,-0.0071,2
256,n<=128,sr<=70%,kvB<=16k,kp<=512,-0.0047,2
256,n<=128,sr<=70%,kvB<=16k,kp<=8k,-0.0084,2
256,n<=128,sr<=70%,kvB<=16k,kp=0,-0.0039,2
256,n<=128,sr<=70%,kvB<=1k,kp<=1k,0.1363,2
256,n<=128,sr<=70%,kvB<=1k,kp<=2k,0.1433,2
256,n<=128,sr<=70%,kvB<=1k,kp<=4k,0.1648,2
256,n<=128,sr<=70%,kvB<=1k,kp<=512,0.1531,2
256,n<=128,sr<=70%,kvB<=1k,kp<=8k,0.1349,2
256,n<=128,sr<=70%,kvB<=1k,kp=0,0.1595,2
256,n<=128,sr<=70%,kvB<=4k,kp<=1k,-0.0054,2
256,n<=128,sr<=70%,kvB<=4k,kp<=2k,-0.0031,2
256,n<=128,sr<=70%,kvB<=4k,kp<=4k,0.0062,2
256,n<=128,sr<=70%,kvB<=4k,kp<=512,-0.0048,2
256,n<=128,sr<=70%,kvB<=4k,kp<=8k,0.0054,2
256,n<=128,sr<=70%,kvB<=4k,kp=0,-0.0032,2
256,n<=128,sr>70%,kvB<=16k,kp<=1k,-0.0076,4
256,n<=128,sr>70%,kvB<=16k,kp<=2k,-0.0065,4
256,n<=128,sr>70%,kvB<=16k,kp<=4k,-0.0091,4
256,n<=128,sr>70%,kvB<=16k,kp<=512,-0.0068,4
256,n<=128,sr>70%,kvB<=16k,kp<=8k,-0.0148,4
256,n<=128,sr>70%,kvB<=16k,kp=0,-0.0062,4
256,n<=128,sr>70%,kvB<=1k,kp<=1k,0.1909,4
256,n<=128,sr>70%,kvB<=1k,kp<=2k,0.2307,4
256,n<=128,sr>70%,kvB<=1k,kp<=4k,0.3659,4
256,n<=128,sr>70%,kvB<=1k,kp<=512,0.1562,4
256,n<=128,sr>70%,kvB<=1k,kp<=8k,0.3984,4
256,n<=128,sr>70%,kvB<=1k,kp=0,0.1489,4
256,n<=128,sr>70%,kvB<=4k,kp<=1k,-0.015,4
256,n<=128,sr>70%,kvB<=4k,kp<=2k,-0.0093,4
256,n<=128,sr>70%,kvB<=4k,kp<=4k,-0.0004,4
256,n<=128,sr>70%,kvB<=4k,kp<=512,-0.0055,4
256,n<=128,sr>70%,kvB<=4k,kp<=8k,0.0055,4
256,n<=128,sr>70%,kvB<=4k,kp=0,-0.0041,4
256,n<=16,sr<=15%,kvB<=16k,kp<=1k,0.0879,4
256,n<=16,sr<=15%,kvB<=16k,kp<=2k,0.0608,4
256,n<=16,sr<=15%,kvB<=16k,kp<=4k,0.0221,4
256,n<=16,sr<=15%,kvB<=16k,kp<=512,0.1118,4
256,n<=16,sr<=15%,kvB<=16k,kp<=8k,0.0086,4
256,n<=16,sr<=15%,kvB<=16k,kp=0,0.1663,4
256,n<=16,sr<=15%,kvB<=1k,kp<=1k,0.0659,4
256,n<=16,sr<=15%,kvB<=1k,kp<=2k,0.0722,4
256,n<=16,sr<=15%,kvB<=1k,kp<=4k,0.0678,4
256,n<=16,sr<=15%,kvB<=1k,kp<=512,0.1018,4
256,n<=16,sr<=15%,kvB<=1k,kp<=8k,0.0942,4
256,n<=16,sr<=15%,kvB<=1k,kp=0,0.149,4
256,n<=16,sr<=15%,kvB<=4k,kp<=1k,0.0885,4
256,n<=16,sr<=15%,kvB<=4k,kp<=2k,0.0552,4
256,n<=16,sr<=15%,kvB<=4k,kp<=4k,0.0187,4
256,n<=16,sr<=15%,kvB<=4k,kp<=512,0.0853,4
256,n<=16,sr<=15%,kvB<=4k,kp<=8k,0.0166,4
256,n<=16,sr<=15%,kvB<=4k,kp=0,0.1661,4
256,n<=16,sr<=40%,kvB<=16k,kp<=1k,0.1108,4
256,n<=16,sr<=40%,kvB<=16k,kp<=2k,0.0587,4
256,n<=16,sr<=40%,kvB<=16k,kp<=4k,0.0104,4
256,n<=16,sr<=40%,kvB<=16k,kp<=512,0.1583,4
256,n<=16,sr<=40%,kvB<=16k,kp<=8k,0.0825,4
256,n<=16,sr<=40%,kvB<=16k,kp=0,0.248,4
256,n<=16,sr<=40%,kvB<=1k,kp<=1k,0.0764,4
256,n<=16,sr<=40%,kvB<=1k,kp<=2k,0.0908,4
256,n<=16,sr<=40%,kvB<=1k,kp<=4k,0.0732,4
256,n<=16,sr<=40%,kvB<=1k,kp<=512,0.1142,4
256,n<=16,sr<=40%,kvB<=1k,kp<=8k,0.0826,4
256,n<=16,sr<=40%,kvB<=1k,kp=0,0.145,4
256,n<=16,sr<=40%,kvB<=4k,kp<=1k,0.0736,4
256,n<=16,sr<=40%,kvB<=4k,kp<=2k,0.086,4
256,n<=16,sr<=40%,kvB<=4k,kp<=4k,0.0246,4
256,n<=16,sr<=40%,kvB<=4k,kp<=512,0.0819,4
256,n<=16,sr<=40%,kvB<=4k,kp<=8k,0.0303,4
256,n<=16,sr<=40%,kvB<=4k,kp=0,0.1852,4
256,n<=16,sr<=70%,kvB<=16k,kp<=1k,0.2286,2
256,n<=16,sr<=70%,kvB<=16k,kp<=2k,0.141,2
256,n<=16,sr<=70%,kvB<=16k,kp<=4k,0.076,2
256,n<=16,sr<=70%,kvB<=16k,kp<=512,0.3185,2
256,n<=16,sr<=70%,kvB<=16k,kp<=8k,0.0735,2
256,n<=16,sr<=70%,kvB<=16k,kp=0,0.625,2
256,n<=16,sr<=70%,kvB<=1k,kp<=1k,0.0418,2
256,n<=16,sr<=70%,kvB<=1k,kp<=2k,0.0379,2
256,n<=16,sr<=70%,kvB<=1k,kp<=4k,0.0311,2
256,n<=16,sr<=70%,kvB<=1k,kp<=512,0.0737,2
256,n<=16,sr<=70%,kvB<=1k,kp<=8k,0.0756,2
256,n<=16,sr<=70%,kvB<=1k,kp=0,0.1109,2
256,n<=16,sr<=70%,kvB<=4k,kp<=1k,0.0701,2
256,n<=16,sr<=70%,kvB<=4k,kp<=2k,0.2294,2
256,n<=16,sr<=70%,kvB<=4k,kp<=4k,0.1467,2
256,n<=16,sr<=70%,kvB<=4k,kp<=512,0.101,2
256,n<=16,sr<=70%,kvB<=4k,kp<=8k,0.0889,2
256,n<=16,sr<=70%,kvB<=4k,kp=0,0.4863,2
256,n<=16,sr>70%,kvB<=16k,kp<=1k,0.5337,4
256,n<=16,sr>70%,kvB<=16k,kp<=2k,0.4221,4
256,n<=16,sr>70%,kvB<=16k,kp<=4k,0.1937,4
256,n<=16,sr>70%,kvB<=16k,kp<=512,0.749,4
256,n<=16,sr>70%,kvB<=16k,kp<=8k,0.2094,3
256,n<=16,sr>70%,kvB<=16k,kp=0,2.0051,4
256,n<=16,sr>70%,kvB<=1k,kp<=1k,0.2785,4
256,n<=16,sr>70%,kvB<=1k,kp<=2k,0.2387,4
256,n<=16,sr>70%,kvB<=1k,kp<=4k,0.2527,4
256,n<=16,sr>70%,kvB<=1k,kp<=512,0.2385,4
256,n<=16,sr>70%,kvB<=1k,kp<=8k,0.1996,4
256,n<=16,sr>70%,kvB<=1k,kp=0,0.2302,4
256,n<=16,sr>70%,kvB<=4k,kp<=1k,0.2048,4
256,n<=16,sr>70%,kvB<=4k,kp<=2k,0.1901,4
256,n<=16,sr>70%,kvB<=4k,kp<=4k,0.8757,4
256,n<=16,sr>70%,kvB<=4k,kp<=512,0.3761,4
256,n<=16,sr>70%,kvB<=4k,kp<=8k,0.5354,4
256,n<=16,sr>70%,kvB<=4k,kp=0,1.3995,4
256,n<=2,sr<=70%,kvB<=16k,kp<=1k,0.1478,2
256,n<=2,sr<=70%,kvB<=16k,kp<=2k,0.3346,2
256,n<=2,sr<=70%,kvB<=16k,kp<=4k,0.3593,2
256,n<=2,sr<=70%,kvB<=16k,kp<=512,0.2862,2
256,n<=2,sr<=70%,kvB<=16k,kp<=8k,0.5936,2
256,n<=2,sr<=70%,kvB<=16k,kp=0,0.7965,2
256,n<=2,sr<=70%,kvB<=1k,kp<=1k,0.2005,2
256,n<=2,sr<=70%,kvB<=1k,kp<=2k,0.5675,2
256,n<=2,sr<=70%,kvB<=1k,kp<=4k,0.4981,2
256,n<=2,sr<=70%,kvB<=1k,kp<=512,0.5889,2
256,n<=2,sr<=70%,kvB<=1k,kp<=8k,0.3572,2
256,n<=2,sr<=70%,kvB<=1k,kp=0,0.5475,2
256,n<=2,sr<=70%,kvB<=4k,kp<=1k,0.5024,2
256,n<=2,sr<=70%,kvB<=4k,kp<=2k,0.6527,2
256,n<=2,sr<=70%,kvB<=4k,kp<=4k,0.1845,2
256,n<=2,sr<=70%,kvB<=4k,kp<=512,0.4035,2
256,n<=2,sr<=70%,kvB<=4k,kp<=8k,0.2832,2
256,n<=2,sr<=70%,kvB<=4k,kp=0,0.2024,2
256,n<=32,sr<=15%,kvB<=16k,kp<=1k,0.0325,6
256,n<=32,sr<=15%,kvB<=16k,kp<=2k,0.0263,6
256,n<=32,sr<=15%,kvB<=16k,kp<=4k,0.0218,6
256,n<=32,sr<=15%,kvB<=16k,kp<=512,0.0429,6
256,n<=32,sr<=15%,kvB<=16k,kp<=8k,0.0235,6
256,n<=32,sr<=15%,kvB<=16k,kp=0,0.1088,6
256,n<=32,sr<=15%,kvB<=1k,kp<=1k,0.0608,6
256,n<=32,sr<=15%,kvB<=1k,kp<=2k,0.061,6
256,n<=32,sr<=15%,kvB<=1k,kp<=4k,0.0644,6
256,n<=32,sr<=15%,kvB<=1k,kp<=512,0.0715,6
256,n<=32,sr<=15%,kvB<=1k,kp<=8k,0.0638,6
256,n<=32,sr<=15%,kvB<=1k,kp=0,0.0923,6
256,n<=32,sr<=15%,kvB<=4k,kp<=1k,0.0546,6
256,n<=32,sr<=15%,kvB<=4k,kp<=2k,0.025,6
256,n<=32,sr<=15%,kvB<=4k,kp<=4k,0.0174,6
256,n<=32,sr<=15%,kvB<=4k,kp<=512,0.0297,6
256,n<=32,sr<=15%,kvB<=4k,kp<=8k,0.0138,6
256,n<=32,sr<=15%,kvB<=4k,kp=0,0.1193,6
256,n<=32,sr<=40%,kvB<=16k,kp<=1k,0.0419,2
256,n<=32,sr<=40%,kvB<=16k,kp<=2k,0.0342,2
256,n<=32,sr<=40%,kvB<=16k,kp<=4k,0.0325,2
256,n<=32,sr<=40%,kvB<=16k,kp<=512,0.0598,2
256,n<=32,sr<=40%,kvB<=16k,kp<=8k,0.0343,2
256,n<=32,sr<=40%,kvB<=16k,kp=0,0.1437,2
256,n<=32,sr<=40%,kvB<=1k,kp<=1k,0.0853,2
256,n<=32,sr<=40%,kvB<=1k,kp<=2k,0.0886,2
256,n<=32,sr<=40%,kvB<=1k,kp<=4k,0.1005,2
256,n<=32,sr<=40%,kvB<=1k,kp<=512,0.0885,2
256,n<=32,sr<=40%,kvB<=1k,kp<=8k,0.0982,2
256,n<=32,sr<=40%,kvB<=1k,kp=0,0.1134,2
256,n<=32,sr<=40%,kvB<=4k,kp<=1k,0.0322,2
256,n<=32,sr<=40%,kvB<=4k,kp<=2k,0.0803,2
256,n<=32,sr<=40%,kvB<=4k,kp<=4k,0.0551,2
256,n<=32,sr<=40%,kvB<=4k,kp<=512,0.0351,2
256,n<=32,sr<=40%,kvB<=4k,kp<=8k,0.0143,2
256,n<=32,sr<=40%,kvB<=4k,kp=0,0.2262,2
256,n<=32,sr<=5%,kvB<=16k,kp<=1k,0.0331,2
256,n<=32,sr<=5%,kvB<=16k,kp<=2k,0.0291,2
256,n<=32,sr<=5%,kvB<=16k,kp<=4k,0.0284,2
256,n<=32,sr<=5%,kvB<=16k,kp<=512,0.0386,2
256,n<=32,sr<=5%,kvB<=16k,kp<=8k,0.013,2
256,n<=32,sr<=5%,kvB<=16k,kp=0,0.0895,2
256,n<=32,sr<=5%,kvB<=1k,kp<=1k,0.0151,2
256,n<=32,sr<=5%,kvB<=1k,kp<=2k,0.0155,2
256,n<=32,sr<=5%,kvB<=1k,kp<=4k,0.0138,2
256,n<=32,sr<=5%,kvB<=1k,kp<=512,0.0324,2
256,n<=32,sr<=5%,kvB<=1k,kp<=8k,0.0147,2
256,n<=32,sr<=5%,kvB<=1k,kp=0,0.0488,2
256,n<=32,sr<=5%,kvB<=4k,kp<=1k,0.0499,2
256,n<=32,sr<=5%,kvB<=4k,kp<=2k,0.0324,2
256,n<=32,sr<=5%,kvB<=4k,kp<=4k,0.0099,2
256,n<=32,sr<=5%,kvB<=4k,kp<=512,0.0345,2
256,n<=32,sr<=5%,kvB<=4k,kp<=8k,0.0134,2
256,n<=32,sr<=5%,kvB<=4k,kp=0,0.0884,2
256,n<=32,sr<=70%,kvB<=16k,kp<=1k,0.0683,2
256,n<=32,sr<=70%,kvB<=16k,kp<=2k,0.0548,2
256,n<=32,sr<=70%,kvB<=16k,kp<=4k,0.0379,2
256,n<=32,sr<=70%,kvB<=16k,kp<=512,0.0786,2
256,n<=32,sr<=70%,kvB<=16k,kp<=8k,0.0431,2
256,n<=32,sr<=70%,kvB<=16k,kp=0,0.2096,2
256,n<=32,sr<=70%,kvB<=1k,kp<=1k,0.0785,2
256,n<=32,sr<=70%,kvB<=1k,kp<=2k,0.1019,2
256,n<=32,sr<=70%,kvB<=1k,kp<=4k,0.032,2
256,n<=32,sr<=70%,kvB<=1k,kp<=512,0.0939,2
256,n<=32,sr<=70%,kvB<=1k,kp<=8k,0.0356,2
256,n<=32,sr<=70%,kvB<=1k,kp=0,0.106,2
256,n<=32,sr<=70%,kvB<=4k,kp<=1k,0.0701,2
256,n<=32,sr<=70%,kvB<=4k,kp<=2k,0.0577,2
256,n<=32,sr<=70%,kvB<=4k,kp<=4k,0.0462,2
256,n<=32,sr<=70%,kvB<=4k,kp<=512,0.0689,2
256,n<=32,sr<=70%,kvB<=4k,kp<=8k,0.062,2
256,n<=32,sr<=70%,kvB<=4k,kp=0,0.5347,2
256,n<=32,sr>70%,kvB<=16k,kp<=1k,0.1097,4
256,n<=32,sr>70%,kvB<=16k,kp<=2k,0.1132,4
256,n<=32,sr>70%,kvB<=16k,kp<=4k,0.0334,4
256,n<=32,sr>70%,kvB<=16k,kp<=512,0.1636,4
256,n<=32,sr>70%,kvB<=16k,kp<=8k,0.026,4
256,n<=32,sr>70%,kvB<=16k,kp=0,0.5045,4
256,n<=32,sr>70%,kvB<=1k,kp<=1k,0.1419,4
256,n<=32,sr>70%,kvB<=1k,kp<=2k,0.301,4
256,n<=32,sr>70%,kvB<=1k,kp<=4k,0.1794,4
256,n<=32,sr>70%,kvB<=1k,kp<=512,0.188,4
256,n<=32,sr>70%,kvB<=1k,kp<=8k,0.2529,4
256,n<=32,sr>70%,kvB<=1k,kp=0,0.5528,4
256,n<=32,sr>70%,kvB<=4k,kp<=1k,0.0096,4
256,n<=32,sr>70%,kvB<=4k,kp<=2k,0.0489,4
256,n<=32,sr>70%,kvB<=4k,kp<=4k,0.1189,4
256,n<=32,sr>70%,kvB<=4k,kp<=512,0.1073,4
256,n<=32,sr>70%,kvB<=4k,kp<=8k,0.0683,4
256,n<=32,sr>70%,kvB<=4k,kp=0,1.6387,4
256,n<=4,sr<=40%,kvB<=16k,kp<=1k,0.2525,2
256,n<=4,sr<=40%,kvB<=16k,kp<=2k,0.2316,2
256,n<=4,sr<=40%,kvB<=16k,kp<=4k,0.2736,2
256,n<=4,sr<=40%,kvB<=16k,kp<=512,0.2896,2
256,n<=4,sr<=40%,kvB<=16k,kp<=8k,0.31,2
256,n<=4,sr<=40%,kvB<=16k,kp=0,0.4269,2
256,n<=4,sr<=40%,kvB<=1k,kp<=1k,0.0731,2
256,n<=4,sr<=40%,kvB<=1k,kp<=2k,0.1746,2
256,n<=4,sr<=40%,kvB<=1k,kp<=4k,0.2653,2
256,n<=4,sr<=40%,kvB<=1k,kp<=512,0.2778,2
256,n<=4,sr<=40%,kvB<=1k,kp<=8k,0.1948,2
256,n<=4,sr<=40%,kvB<=1k,kp=0,0.3915,2
256,n<=4,sr<=40%,kvB<=4k,kp<=1k,0.2665,2
256,n<=4,sr<=40%,kvB<=4k,kp<=2k,0.3149,2
256,n<=4,sr<=40%,kvB<=4k,kp<=4k,-0.0263,2
256,n<=4,sr<=40%,kvB<=4k,kp<=512,0.2871,2
256,n<=4,sr<=40%,kvB<=4k,kp<=8k,0.1796,2
256,n<=4,sr<=40%,kvB<=4k,kp=0,0.2954,2
256,n<=4,sr<=70%,kvB<=16k,kp<=1k,0.3215,2
256,n<=4,sr<=70%,kvB<=16k,kp<=2k,0.2422,2
256,n<=4,sr<=70%,kvB<=16k,kp<=4k,0.414,2
256,n<=4,sr<=70%,kvB<=16k,kp<=512,0.4587,2
256,n<=4,sr<=70%,kvB<=16k,kp<=8k,0.4696,2
256,n<=4,sr<=70%,kvB<=16k,kp=0,0.7822,2
256,n<=4,sr<=70%,kvB<=1k,kp<=1k,0.0921,2
256,n<=4,sr<=70%,kvB<=1k,kp<=2k,-0.1233,2
256,n<=4,sr<=70%,kvB<=1k,kp<=4k,0.2767,2
256,n<=4,sr<=70%,kvB<=1k,kp<=512,0.3504,2
256,n<=4,sr<=70%,kvB<=1k,kp<=8k,0.1674,2
256,n<=4,sr<=70%,kvB<=1k,kp=0,0.3074,2
256,n<=4,sr<=70%,kvB<=4k,kp<=1k,0.3326,2
256,n<=4,sr<=70%,kvB<=4k,kp<=2k,0.3796,2
256,n<=4,sr<=70%,kvB<=4k,kp<=4k,0.3551,2
256,n<=4,sr<=70%,kvB<=4k,kp<=512,0.2327,2
256,n<=4,sr<=70%,kvB<=4k,kp<=8k,-0.5877,2
256,n<=4,sr<=70%,kvB<=4k,kp=0,0.3323,2
256,n<=4,sr>70%,kvB<=16k,kp<=1k,0.1212,2
256,n<=4,sr>70%,kvB<=16k,kp<=2k,-0.0086,2
256,n<=4,sr>70%,kvB<=16k,kp<=4k,0.3397,2
256,n<=4,sr>70%,kvB<=16k,kp<=512,0.4708,2
256,n<=4,sr>70%,kvB<=16k,kp<=8k,0.4084,2
256,n<=4,sr>70%,kvB<=16k,kp=0,0.6973,2
256,n<=4,sr>70%,kvB<=1k,kp<=1k,0.3827,2
256,n<=4,sr>70%,kvB<=1k,kp<=2k,0.3219,2
256,n<=4,sr>70%,kvB<=1k,kp<=4k,0.1873,2
256,n<=4,sr>70%,kvB<=1k,kp<=512,0.4866,2
256,n<=4,sr>70%,kvB<=1k,kp<=8k,0.3701,2
256,n<=4,sr>70%,kvB<=1k,kp=0,0.378,2
256,n<=4,sr>70%,kvB<=4k,kp<=1k,0.2862,2
256,n<=4,sr>70%,kvB<=4k,kp<=2k,0.3606,2
256,n<=4,sr>70%,kvB<=4k,kp<=4k,0.543,2
256,n<=4,sr>70%,kvB<=4k,kp<=512,0.1557,2
256,n<=4,sr>70%,kvB<=4k,kp<=8k,0.3966,2
256,n<=4,sr>70%,kvB<=4k,kp=0,0.1905,2
256,n<=64,sr<=15%,kvB<=16k,kp<=1k,0.0087,4
256,n<=64,sr<=15%,kvB<=16k,kp<=2k,0.0074,4
256,n<=64,sr<=15%,kvB<=16k,kp<=4k,0.0078,4
256,n<=64,sr<=15%,kvB<=16k,kp<=512,0.0088,4
256,n<=64,sr<=15%,kvB<=16k,kp<=8k,0.007,4
256,n<=64,sr<=15%,kvB<=16k,kp=0,0.0081,4
256,n<=64,sr<=15%,kvB<=1k,kp<=1k,0.0514,4
256,n<=64,sr<=15%,kvB<=1k,kp<=2k,0.057,4
256,n<=64,sr<=15%,kvB<=1k,kp<=4k,0.0748,4
256,n<=64,sr<=15%,kvB<=1k,kp<=512,0.058,4
256,n<=64,sr<=15%,kvB<=1k,kp<=8k,0.0653,4
256,n<=64,sr<=15%,kvB<=1k,kp=0,0.0487,4
256,n<=64,sr<=15%,kvB<=4k,kp<=1k,0.0102,4
256,n<=64,sr<=15%,kvB<=4k,kp<=2k,0.0078,4
256,n<=64,sr<=15%,kvB<=4k,kp<=4k,0.0044,4
256,n<=64,sr<=15%,kvB<=4k,kp<=512,0.0098,4
256,n<=64,sr<=15%,kvB<=4k,kp<=8k,0.0038,4
256,n<=64,sr<=15%,kvB<=4k,kp=0,0.0093,4
256,n<=64,sr<=40%,kvB<=16k,kp<=1k,0.005,2
256,n<=64,sr<=40%,kvB<=16k,kp<=2k,0.0052,2
256,n<=64,sr<=40%,kvB<=16k,kp<=4k,0.0028,2
256,n<=64,sr<=40%,kvB<=16k,kp<=512,0.0027,2
256,n<=64,sr<=40%,kvB<=16k,kp<=8k,0.0027,2
256,n<=64,sr<=40%,kvB<=16k,kp=0,0.0023,2
256,n<=64,sr<=40%,kvB<=1k,kp<=1k,0.0592,2
256,n<=64,sr<=40%,kvB<=1k,kp<=2k,0.0732,2
256,n<=64,sr<=40%,kvB<=1k,kp<=4k,0.0879,2
256,n<=64,sr<=40%,kvB<=1k,kp<=512,0.0637,2
256,n<=64,sr<=40%,kvB<=1k,kp<=8k,0.134,2
256,n<=64,sr<=40%,kvB<=1k,kp=0,0.0549,2
256,n<=64,sr<=40%,kvB<=4k,kp<=1k,0.0023,2
256,n<=64,sr<=40%,kvB<=4k,kp<=2k,0.0014,2
256,n<=64,sr<=40%,kvB<=4k,kp<=4k,0.0002,2
256,n<=64,sr<=40%,kvB<=4k,kp<=512,0.003,2
256,n<=64,sr<=40%,kvB<=4k,kp<=8k,-0.0025,2
256,n<=64,sr<=40%,kvB<=4k,kp=0,-0.0001,2
256,n<=64,sr<=5%,kvB<=16k,kp<=1k,0.0113,6
256,n<=64,sr<=5%,kvB<=16k,kp<=2k,0.0107,6
256,n<=64,sr<=5%,kvB<=16k,kp<=4k,0.0096,6
256,n<=64,sr<=5%,kvB<=16k,kp<=512,0.011,6
256,n<=64,sr<=5%,kvB<=16k,kp<=8k,0.0081,6
256,n<=64,sr<=5%,kvB<=16k,kp=0,0.0105,6
256,n<=64,sr<=5%,kvB<=1k,kp<=1k,0.0172,6
256,n<=64,sr<=5%,kvB<=1k,kp<=2k,0.0242,6
256,n<=64,sr<=5%,kvB<=1k,kp<=4k,0.028,6
256,n<=64,sr<=5%,kvB<=1k,kp<=512,0.0263,6
256,n<=64,sr<=5%,kvB<=1k,kp<=8k,0.0351,6
256,n<=64,sr<=5%,kvB<=1k,kp=0,0.0254,6
256,n<=64,sr<=5%,kvB<=4k,kp<=1k,0.0126,6
256,n<=64,sr<=5%,kvB<=4k,kp<=2k,0.0102,6
256,n<=64,sr<=5%,kvB<=4k,kp<=4k,0.0035,6
256,n<=64,sr<=5%,kvB<=4k,kp<=512,0.0124,6
256,n<=64,sr<=5%,kvB<=4k,kp<=8k,0.0045,6
256,n<=64,sr<=5%,kvB<=4k,kp=0,0.0128,6
256,n<=64,sr<=70%,kvB<=16k,kp<=1k,-0.0017,2
256,n<=64,sr<=70%,kvB<=16k,kp<=2k,-0.0024,2
256,n<=64,sr<=70%,kvB<=16k,kp<=4k,-0.0001,2
256,n<=64,sr<=70%,kvB<=16k,kp<=512,-0.0039,2
256,n<=64,sr<=70%,kvB<=16k,kp<=8k,-0.0063,2
256,n<=64,sr<=70%,kvB<=16k,kp=0,-0.0026,2
256,n<=64,sr<=70%,kvB<=1k,kp<=1k,0.0498,2
256,n<=64,sr<=70%,kvB<=1k,kp<=2k,0.08,2
256,n<=64,sr<=70%,kvB<=1k,kp<=4k,0.1222,2
256,n<=64,sr<=70%,kvB<=1k,kp<=512,0.0456,2
256,n<=64,sr<=70%,kvB<=1k,kp<=8k,0.0768,2
256,n<=64,sr<=70%,kvB<=1k,kp=0,0.0017,2
256,n<=64,sr<=70%,kvB<=4k,kp<=1k,-0.003,2
256,n<=64,sr<=70%,kvB<=4k,kp<=2k,-0.0008,2
256,n<=64,sr<=70%,kvB<=4k,kp<=4k,-0.0047,2
256,n<=64,sr<=70%,kvB<=4k,kp<=512,-0.0037,2
256,n<=64,sr<=70%,kvB<=4k,kp<=8k,-0.0005,2
256,n<=64,sr<=70%,kvB<=4k,kp=0,-0.0091,2
256,n<=64,sr>70%,kvB<=16k,kp<=1k,-0.0067,4
256,n<=64,sr>70%,kvB<=16k,kp<=2k,-0.0024,4
256,n<=64,sr>70%,kvB<=16k,kp<=4k,-0.0069,4
256,n<=64,sr>70%,kvB<=16k,kp<=512,-0.0095,4
256,n<=64,sr>70%,kvB<=16k,kp<=8k,-0.0139,4
256,n<=64,sr>70%,kvB<=16k,kp=0,-0.0077,4
256,n<=64,sr>70%,kvB<=1k,kp<=1k,0.1961,4
256,n<=64,sr>70%,kvB<=1k,kp<=2k,0.2582,4
256,n<=64,sr>70%,kvB<=1k,kp<=4k,0.3419,4
256,n<=64,sr>70%,kvB<=1k,kp<=512,0.1318,4
256,n<=64,sr>70%,kvB<=1k,kp<=8k,0.3758,4
256,n<=64,sr>70%,kvB<=1k,kp=0,0.1625,4
256,n<=64,sr>70%,kvB<=4k,kp<=1k,-0.0063,4
256,n<=64,sr>70%,kvB<=4k,kp<=2k,-0.0118,4
256,n<=64,sr>70%,kvB<=4k,kp<=4k,0.0047,4
256,n<=64,sr>70%,kvB<=4k,kp<=512,-0.0129,4
256,n<=64,sr>70%,kvB<=4k,kp<=8k,0.0509,4
256,n<=64,sr>70%,kvB<=4k,kp=0,-0.0189,4
256,n<=8,sr<=15%,kvB<=16k,kp<=1k,0.1458,2
256,n<=8,sr<=15%,kvB<=16k,kp<=2k,0.1153,2
256,n<=8,sr<=15%,kvB<=16k,kp<=4k,0.1023,2
256,n<=8,sr<=15%,kvB<=16k,kp<=512,0.2109,2
256,n<=8,sr<=15%,kvB<=16k,kp<=8k,0.095,2
256,n<=8,sr<=15%,kvB<=16k,kp=0,0.2183,2
256,n<=8,sr<=15%,kvB<=1k,kp<=1k,0.0869,2
256,n<=8,sr<=15%,kvB<=1k,kp<=2k,0.083,2
256,n<=8,sr<=15%,kvB<=1k,kp<=4k,0.093,2
256,n<=8,sr<=15%,kvB<=1k,kp<=512,0.1652,2
256,n<=8,sr<=15%,kvB<=1k,kp<=8k,0.1973,2
256,n<=8,sr<=15%,kvB<=1k,kp=0,0.2516,2
256,n<=8,sr<=15%,kvB<=4k,kp<=1k,0.1687,2
256,n<=8,sr<=15%,kvB<=4k,kp<=2k,0.1243,2
256,n<=8,sr<=15%,kvB<=4k,kp<=4k,-0.0207,2
256,n<=8,sr<=15%,kvB<=4k,kp<=512,0.171,2
256,n<=8,sr<=15%,kvB<=4k,kp<=8k,-0.0317,2
256,n<=8,sr<=15%,kvB<=4k,kp=0,0.1873,2
256,n<=8,sr<=40%,kvB<=16k,kp<=1k,0.1711,4
256,n<=8,sr<=40%,kvB<=16k,kp<=2k,0.1104,4
256,n<=8,sr<=40%,kvB<=16k,kp<=4k,0.1334,4
256,n<=8,sr<=40%,kvB<=16k,kp<=512,0.2706,4
256,n<=8,sr<=40%,kvB<=16k,kp<=8k,0.198,4
256,n<=8,sr<=40%,kvB<=16k,kp=0,0.3271,4
256,n<=8,sr<=40%,kvB<=1k,kp<=1k,0.0768,4
256,n<=8,sr<=40%,kvB<=1k,kp<=2k,0.056,4
256,n<=8,sr<=40%,kvB<=1k,kp<=4k,0.0896,4
256,n<=8,sr<=40%,kvB<=1k,kp<=512,0.1751,4
256,n<=8,sr<=40%,kvB<=1k,kp<=8k,0.1938,4
256,n<=8,sr<=40%,kvB<=1k,kp=0,0.2358,4
256,n<=8,sr<=40%,kvB<=4k,kp<=1k,0.1684,4
256,n<=8,sr<=40%,kvB<=4k,kp<=2k,0.1856,4
256,n<=8,sr<=40%,kvB<=4k,kp<=4k,-0.022,4
256,n<=8,sr<=40%,kvB<=4k,kp<=512,0.1561,4
256,n<=8,sr<=40%,kvB<=4k,kp<=8k,-0.0129,4
256,n<=8,sr<=40%,kvB<=4k,kp=0,0.1808,4
256,n<=8,sr<=70%,kvB<=16k,kp<=1k,0.2819,2
256,n<=8,sr<=70%,kvB<=16k,kp<=2k,0.1135,2
256,n<=8,sr<=70%,kvB<=16k,kp<=4k,-0.0541,2
256,n<=8,sr<=70%,kvB<=16k,kp<=512,0.4618,2
256,n<=8,sr<=70%,kvB<=16k,kp<=8k,0.1433,2
256,n<=8,sr<=70%,kvB<=16k,kp=0,0.3925,2
256,n<=8,sr<=70%,kvB<=1k,kp<=1k,0.0216,2
256,n<=8,sr<=70%,kvB<=1k,kp<=2k,-0.0081,2
256,n<=8,sr<=70%,kvB<=1k,kp<=4k,0.0015,2
256,n<=8,sr<=70%,kvB<=1k,kp<=512,0.1878,2
256,n<=8,sr<=70%,kvB<=1k,kp<=8k,0.154,2
256,n<=8,sr<=70%,kvB<=1k,kp=0,0.1833,2
256,n<=8,sr<=70%,kvB<=4k,kp<=1k,0.1903,2
256,n<=8,sr<=70%,kvB<=4k,kp<=2k,0.1976,2
256,n<=8,sr<=70%,kvB<=4k,kp<=4k,-0.034,2
256,n<=8,sr<=70%,kvB<=4k,kp<=512,0.2018,2
256,n<=8,sr<=70%,kvB<=4k,kp<=8k,-0.1533,2
256,n<=8,sr<=70%,kvB<=4k,kp=0,0.2768,2
256,n<=8,sr>70%,kvB<=16k,kp<=1k,0.5888,4
256,n<=8,sr>70%,kvB<=16k,kp<=2k,0.2412,4
256,n<=8,sr>70%,kvB<=16k,kp<=4k,-0.2793,4
256,n<=8,sr>70%,kvB<=16k,kp<=512,1.1276,4
256,n<=8,sr>70%,kvB<=16k,kp<=8k,0.387,4
256,n<=8,sr>70%,kvB<=16k,kp=0,1.0617,4
256,n<=8,sr>70%,kvB<=1k,kp<=1k,0.2991,4
256,n<=8,sr>70%,kvB<=1k,kp<=2k,0.2824,4
256,n<=8,sr>70%,kvB<=1k,kp<=4k,0.2742,4
256,n<=8,sr>70%,kvB<=1k,kp<=512,0.3317,4
256,n<=8,sr>70%,kvB<=1k,kp<=8k,0.3311,4
256,n<=8,sr>70%,kvB<=1k,kp=0,0.3349,4
256,n<=8,sr>70%,kvB<=4k,kp<=1k,0.1063,4
256,n<=8,sr>70%,kvB<=4k,kp<=2k,0.3754,4
256,n<=8,sr>70%,kvB<=4k,kp<=4k,0.5185,4
256,n<=8,sr>70%,kvB<=4k,kp<=512,0.1503,4
256,n<=8,sr>70%,kvB<=4k,kp<=8k,0.1766,4
256,n<=8,sr>70%,kvB<=4k,kp=0,0.4791,4
512,n<=128,sr<=15%,kvB<=16k,kp<=1k,0.0002,4
512,n<=128,sr<=15%,kvB<=16k,kp<=2k,-0.0003,4
512,n<=128,sr<=15%,kvB<=16k,kp<=4k,-0.0013,4
512,n<=128,sr<=15%,kvB<=16k,kp<=512,0.0003,4
512,n<=128,sr<=15%,kvB<=16k,kp<=8k,0.0007,4
512,n<=128,sr<=15%,kvB<=16k,kp=0,0.0003,4
512,n<=128,sr<=15%,kvB<=1k,kp<=1k,0.068,4
512,n<=128,sr<=15%,kvB<=1k,kp<=2k,0.0602,4
512,n<=128,sr<=15%,kvB<=1k,kp<=4k,0.0689,4
512,n<=128,sr<=15%,kvB<=1k,kp<=512,0.0638,4
512,n<=128,sr<=15%,kvB<=1k,kp<=8k,0.0743,4
512,n<=128,sr<=15%,kvB<=1k,kp=0,0.0623,4
512,n<=128,sr<=15%,kvB<=4k,kp<=1k,0.0045,4
512,n<=128,sr<=15%,kvB<=4k,kp<=2k,0.0053,4
512,n<=128,sr<=15%,kvB<=4k,kp<=4k,0.0088,4
512,n<=128,sr<=15%,kvB<=4k,kp<=512,0.0008,4
512,n<=128,sr<=15%,kvB<=4k,kp<=8k,0.0169,4
512,n<=128,sr<=15%,kvB<=4k,kp=0,0.0029,4
512,n<=128,sr<=40%,kvB<=16k,kp<=1k,-0.0016,2
512,n<=128,sr<=40%,kvB<=16k,kp<=2k,-0.0017,2
512,n<=128,sr<=40%,kvB<=16k,kp<=4k,-0.0034,2
512,n<=128,sr<=40%,kvB<=16k,kp<=512,-0.0016,2
512,n<=128,sr<=40%,kvB<=16k,kp<=8k,-0.0046,2
512,n<=128,sr<=40%,kvB<=16k,kp=0,-0.0015,2
512,n<=128,sr<=40%,kvB<=1k,kp<=1k,0.1214,2
512,n<=128,sr<=40%,kvB<=1k,kp<=2k,0.1109,2
512,n<=128,sr<=40%,kvB<=1k,kp<=4k,0.1078,2
512,n<=128,sr<=40%,kvB<=1k,kp<=512,0.1184,2
512,n<=128,sr<=40%,kvB<=1k,kp<=8k,0.1561,2
512,n<=128,sr<=40%,kvB<=1k,kp=0,0.1128,2
512,n<=128,sr<=40%,kvB<=4k,kp<=1k,0.0089,2
512,n<=128,sr<=40%,kvB<=4k,kp<=2k,0.0063,2
512,n<=128,sr<=40%,kvB<=4k,kp<=4k,0.0032,2
512,n<=128,sr<=40%,kvB<=4k,kp<=512,0.008,2
512,n<=128,sr<=40%,kvB<=4k,kp<=8k,0.009,2
512,n<=128,sr<=40%,kvB<=4k,kp=0,0.0077,2
512,n<=128,sr<=5%,kvB<=16k,kp<=1k,0.0017,8
512,n<=128,sr<=5%,kvB<=16k,kp<=2k,0.0014,8
512,n<=128,sr<=5%,kvB<=16k,kp<=4k,0.001,8
512,n<=128,sr<=5%,kvB<=16k,kp<=512,0.0019,8
512,n<=128,sr<=5%,kvB<=16k,kp<=8k,0.0011,8
512,n<=128,sr<=5%,kvB<=16k,kp=0,0.0018,8
512,n<=128,sr<=5%,kvB<=1k,kp<=1k,0.0119,8
512,n<=128,sr<=5%,kvB<=1k,kp<=2k,0.0069,8
512,n<=128,sr<=5%,kvB<=1k,kp<=4k,0.0067,8
512,n<=128,sr<=5%,kvB<=1k,kp<=512,0.0104,8
512,n<=128,sr<=5%,kvB<=1k,kp<=8k,0.0077,8
512,n<=128,sr<=5%,kvB<=1k,kp=0,0.0101,8
512,n<=128,sr<=5%,kvB<=4k,kp<=1k,0.0029,8
512,n<=128,sr<=5%,kvB<=4k,kp<=2k,0.0033,8
512,n<=128,sr<=5%,kvB<=4k,kp<=4k,0.004,8
512,n<=128,sr<=5%,kvB<=4k,kp<=512,0.0029,8
512,n<=128,sr<=5%,kvB<=4k,kp<=8k,0.0095,8
512,n<=128,sr<=5%,kvB<=4k,kp=0,0.0038,8
512,n<=128,sr<=70%,kvB<=16k,kp<=1k,-0.0036,2
512,n<=128,sr<=70%,kvB<=16k,kp<=2k,-0.0032,2
512,n<=128,sr<=70%,kvB<=16k,kp<=4k,-0.009,2
512,n<=128,sr<=70%,kvB<=16k,kp<=512,-0.0034,2
512,n<=128,sr<=70%,kvB<=16k,kp<=8k,-0.0121,2
512,n<=128,sr<=70%,kvB<=16k,kp=0,-0.0042,2
512,n<=128,sr<=70%,kvB<=1k,kp<=1k,0.1405,2
512,n<=128,sr<=70%,kvB<=1k,kp<=2k,0.1762,2
512,n<=128,sr<=70%,kvB<=1k,kp<=4k,0.1083,2
512,n<=128,sr<=70%,kvB<=1k,kp<=512,0.1464,2
512,n<=128,sr<=70%,kvB<=1k,kp<=8k,0.1538,2
512,n<=128,sr<=70%,kvB<=1k,kp=0,0.2095,2
512,n<=128,sr<=70%,kvB<=4k,kp<=1k,0.0007,2
512,n<=128,sr<=70%,kvB<=4k,kp<=2k,-0.0014,2
512,n<=128,sr<=70%,kvB<=4k,kp<=4k,0.0087,2
512,n<=128,sr<=70%,kvB<=4k,kp<=512,0.0019,2
512,n<=128,sr<=70%,kvB<=4k,kp<=8k,0.0153,2
512,n<=128,sr<=70%,kvB<=4k,kp=0,0.0024,2
512,n<=128,sr>70%,kvB<=16k,kp<=1k,0.0003,4
512,n<=128,sr>70%,kvB<=16k,kp<=2k,0.0016,4
512,n<=128,sr>70%,kvB<=16k,kp<=4k,-0.0045,4
512,n<=128,sr>70%,kvB<=16k,kp<=512,-0.0008,4
512,n<=128,sr>70%,kvB<=16k,kp<=8k,-0.0152,4
512,n<=128,sr>70%,kvB<=16k,kp=0,-0.0052,4
512,n<=128,sr>70%,kvB<=1k,kp<=1k,0.2508,4
512,n<=128,sr>70%,kvB<=1k,kp<=2k,0.4091,4
512,n<=128,sr>70%,kvB<=1k,kp<=4k,0.4486,4
512,n<=128,sr>70%,kvB<=1k,kp<=512,0.3039,4
512,n<=128,sr>70%,kvB<=1k,kp<=8k,0.4166,4
512,n<=128,sr>70%,kvB<=1k,kp=0,0.2877,4
512,n<=128,sr>70%,kvB<=4k,kp<=1k,-0.0179,4
512,n<=128,sr>70%,kvB<=4k,kp<=2k,-0.0145,4
512,n<=128,sr>70%,kvB<=4k,kp<=4k,-0.0051,4
512,n<=128,sr>70%,kvB<=4k,kp<=512,-0.0176,4
512,n<=128,sr>70%,kvB<=4k,kp<=8k,0.023,4
512,n<=128,sr>70%,kvB<=4k,kp=0,-0.0109,4
512,n<=16,sr<=15%,kvB<=16k,kp<=1k,0.0679,4
512,n<=16,sr<=15%,kvB<=16k,kp<=2k,0.0584,4
512,n<=16,sr<=15%,kvB<=16k,kp<=4k,0.0238,4
512,n<=16,sr<=15%,kvB<=16k,kp<=512,0.0676,4
512,n<=16,sr<=15%,kvB<=16k,kp<=8k,0.0494,4
512,n<=16,sr<=15%,kvB<=16k,kp=0,0.122,4
512,n<=16,sr<=15%,kvB<=1k,kp<=1k,0.0706,4
512,n<=16,sr<=15%,kvB<=1k,kp<=2k,0.0673,4
512,n<=16,sr<=15%,kvB<=1k,kp<=4k,0.0642,4
512,n<=16,sr<=15%,kvB<=1k,kp<=512,0.0789,4
512,n<=16,sr<=15%,kvB<=1k,kp<=8k,0.103,4
512,n<=16,sr<=15%,kvB<=1k,kp=0,0.1287,4
512,n<=16,sr<=15%,kvB<=4k,kp<=1k,0.0617,4
512,n<=16,sr<=15%,kvB<=4k,kp<=2k,0.056,4
512,n<=16,sr<=15%,kvB<=4k,kp<=4k,0.0128,4
512,n<=16,sr<=15%,kvB<=4k,kp<=512,0.0602,4
512,n<=16,sr<=15%,kvB<=4k,kp<=8k,0.0237,4
512,n<=16,sr<=15%,kvB<=4k,kp=0,0.0795,4
512,n<=16,sr<=40%,kvB<=16k,kp<=1k,0.0608,4
512,n<=16,sr<=40%,kvB<=16k,kp<=2k,0.0477,4
512,n<=16,sr<=40%,kvB<=16k,kp<=4k,-0.0092,4
512,n<=16,sr<=40%,kvB<=16k,kp<=512,0.0681,4
512,n<=16,sr<=40%,kvB<=16k,kp<=8k,0.0691,4
512,n<=16,sr<=40%,kvB<=16k,kp=0,0.1605,4
512,n<=16,sr<=40%,kvB<=1k,kp<=1k,0.0795,4
512,n<=16,sr<=40%,kvB<=1k,kp<=2k,0.0746,4
512,n<=16,sr<=40%,kvB<=1k,kp<=4k,0.0704,4
512,n<=16,sr<=40%,kvB<=1k,kp<=512,0.0966,4
512,n<=16,sr<=40%,kvB<=1k,kp<=8k,0.1136,4
512,n<=16,sr<=40%,kvB<=1k,kp=0,0.1264,4
512,n<=16,sr<=40%,kvB<=4k,kp<=1k,0.0594,4
512,n<=16,sr<=40%,kvB<=4k,kp<=2k,0.0617,4
512,n<=16,sr<=40%,kvB<=4k,kp<=4k,0.0001,4
512,n<=16,sr<=40%,kvB<=4k,kp<=512,0.0546,4
512,n<=16,sr<=40%,kvB<=4k,kp<=8k,0.0091,4
512,n<=16,sr<=40%,kvB<=4k,kp=0,0.0459,4
512,n<=16,sr<=70%,kvB<=16k,kp<=1k,0.0819,2
512,n<=16,sr<=70%,kvB<=16k,kp<=2k,0.0566,2
512,n<=16,sr<=70%,kvB<=16k,kp<=4k,-0.0187,2
512,n<=16,sr<=70%,kvB<=16k,kp<=512,0.1151,2
512,n<=16,sr<=70%,kvB<=16k,kp<=8k,0.0131,2
512,n<=16,sr<=70%,kvB<=16k,kp=0,0.3068,2
512,n<=16,sr<=70%,kvB<=1k,kp<=1k,0.0457,2
512,n<=16,sr<=70%,kvB<=1k,kp<=2k,0.0353,2
512,n<=16,sr<=70%,kvB<=1k,kp<=4k,0.0604,2
512,n<=16,sr<=70%,kvB<=1k,kp<=512,0.0918,2
512,n<=16,sr<=70%,kvB<=1k,kp<=8k,0.0881,2
512,n<=16,sr<=70%,kvB<=1k,kp=0,0.0997,2
512,n<=16,sr<=70%,kvB<=4k,kp<=1k,0.0936,2
512,n<=16,sr<=70%,kvB<=4k,kp<=2k,0.0953,2
512,n<=16,sr<=70%,kvB<=4k,kp<=4k,0.0234,2
512,n<=16,sr<=70%,kvB<=4k,kp<=512,-0.0195,2
512,n<=16,sr<=70%,kvB<=4k,kp<=8k,0.0481,2
512,n<=16,sr<=70%,kvB<=4k,kp=0,0.1485,2
512,n<=16,sr>70%,kvB<=16k,kp<=1k,0.1647,4
512,n<=16,sr>70%,kvB<=16k,kp<=2k,0.071,4
512,n<=16,sr>70%,kvB<=16k,kp<=4k,0.0073,4
512,n<=16,sr>70%,kvB<=16k,kp<=512,0.2495,4
512,n<=16,sr>70%,kvB<=16k,kp<=8k,0.1526,4
512,n<=16,sr>70%,kvB<=16k,kp=0,0.7865,4
512,n<=16,sr>70%,kvB<=1k,kp<=1k,0.2221,4
512,n<=16,sr>70%,kvB<=1k,kp<=2k,0.1949,4
512,n<=16,sr>70%,kvB<=1k,kp<=4k,0.2717,4
512,n<=16,sr>70%,kvB<=1k,kp<=512,0.2636,4
512,n<=16,sr>70%,kvB<=1k,kp<=8k,0.2261,4
512,n<=16,sr>70%,kvB<=1k,kp=0,0.2059,4
512,n<=16,sr>70%,kvB<=4k,kp<=1k,-0.127,4
512,n<=16,sr>70%,kvB<=4k,kp<=2k,0.0133,4
512,n<=16,sr>70%,kvB<=4k,kp<=4k,0.1055,4
512,n<=16,sr>70%,kvB<=4k,kp<=512,-0.0121,4
512,n<=16,sr>70%,kvB<=4k,kp<=8k,-0.0066,4
512,n<=16,sr>70%,kvB<=4k,kp=0,0.3079,4
512,n<=2,sr<=70%,kvB<=16k,kp<=1k,0.2747,2
512,n<=2,sr<=70%,kvB<=16k,kp<=2k,0.4599,2
512,n<=2,sr<=70%,kvB<=16k,kp<=4k,0.5895,2
512,n<=2,sr<=70%,kvB<=16k,kp<=512,0.22,2
512,n<=2,sr<=70%,kvB<=16k,kp<=8k,0.6159,2
512,n<=2,sr<=70%,kvB<=16k,kp=0,0.2868,2
512,n<=2,sr<=70%,kvB<=1k,kp<=1k,-0.04,2
512,n<=2,sr<=70%,kvB<=1k,kp<=2k,0.4128,2
512,n<=2,sr<=70%,kvB<=1k,kp<=4k,0.2736,2
512,n<=2,sr<=70%,kvB<=1k,kp<=512,0.1776,2
512,n<=2,sr<=70%,kvB<=1k,kp<=8k,0.3311,2
512,n<=2,sr<=70%,kvB<=1k,kp=0,0.4381,2
512,n<=2,sr<=70%,kvB<=4k,kp<=1k,0.4939,2
512,n<=2,sr<=70%,kvB<=4k,kp<=2k,0.6611,2
512,n<=2,sr<=70%,kvB<=4k,kp<=4k,-0.0675,2
512,n<=2,sr<=70%,kvB<=4k,kp<=512,0.4572,2
512,n<=2,sr<=70%,kvB<=4k,kp<=8k,0.2606,2
512,n<=2,sr<=70%,kvB<=4k,kp=0,0.3997,2
512,n<=32,sr<=15%,kvB<=16k,kp<=1k,0.0249,6
512,n<=32,sr<=15%,kvB<=16k,kp<=2k,0.0237,6
512,n<=32,sr<=15%,kvB<=16k,kp<=4k,0.0222,6
512,n<=32,sr<=15%,kvB<=16k,kp<=512,0.0266,6
512,n<=32,sr<=15%,kvB<=16k,kp<=8k,0.0219,6
512,n<=32,sr<=15%,kvB<=16k,kp=0,0.0862,6
512,n<=32,sr<=15%,kvB<=1k,kp<=1k,0.0569,6
512,n<=32,sr<=15%,kvB<=1k,kp<=2k,0.0664,6
512,n<=32,sr<=15%,kvB<=1k,kp<=4k,0.0708,6
512,n<=32,sr<=15%,kvB<=1k,kp<=512,0.063,6
512,n<=32,sr<=15%,kvB<=1k,kp<=8k,0.066,6
512,n<=32,sr<=15%,kvB<=1k,kp=0,0.0742,6
512,n<=32,sr<=15%,kvB<=4k,kp<=1k,0.0293,6
512,n<=32,sr<=15%,kvB<=4k,kp<=2k,0.0252,6
512,n<=32,sr<=15%,kvB<=4k,kp<=4k,0.0157,6
512,n<=32,sr<=15%,kvB<=4k,kp<=512,0.027,6
512,n<=32,sr<=15%,kvB<=4k,kp<=8k,0.0089,6
512,n<=32,sr<=15%,kvB<=4k,kp=0,0.0292,6
512,n<=32,sr<=40%,kvB<=16k,kp<=1k,0.021,2
512,n<=32,sr<=40%,kvB<=16k,kp<=2k,0.016,2
512,n<=32,sr<=40%,kvB<=16k,kp<=4k,0.0207,2
512,n<=32,sr<=40%,kvB<=16k,kp<=512,0.0214,2
512,n<=32,sr<=40%,kvB<=16k,kp<=8k,0.048,2
512,n<=32,sr<=40%,kvB<=16k,kp=0,0.1294,2
512,n<=32,sr<=40%,kvB<=1k,kp<=1k,0.0883,2
512,n<=32,sr<=40%,kvB<=1k,kp<=2k,0.112,2
512,n<=32,sr<=40%,kvB<=1k,kp<=4k,0.1161,2
512,n<=32,sr<=40%,kvB<=1k,kp<=512,0.1009,2
512,n<=32,sr<=40%,kvB<=1k,kp<=8k,0.1193,2
512,n<=32,sr<=40%,kvB<=1k,kp=0,0.095,2
512,n<=32,sr<=40%,kvB<=4k,kp<=1k,0.0185,2
512,n<=32,sr<=40%,kvB<=4k,kp<=2k,0.021,2
512,n<=32,sr<=40%,kvB<=4k,kp<=4k,0.0142,2
512,n<=32,sr<=40%,kvB<=4k,kp<=512,0.0163,2
512,n<=32,sr<=40%,kvB<=4k,kp<=8k,0.0092,2
512,n<=32,sr<=40%,kvB<=4k,kp=0,0.029,2
512,n<=32,sr<=5%,kvB<=16k,kp<=1k,0.0286,2
512,n<=32,sr<=5%,kvB<=16k,kp<=2k,0.0289,2
512,n<=32,sr<=5%,kvB<=16k,kp<=4k,0.0243,2
512,n<=32,sr<=5%,kvB<=16k,kp<=512,0.0305,2
512,n<=32,sr<=5%,kvB<=16k,kp<=8k,0.023,2
512,n<=32,sr<=5%,kvB<=16k,kp=0,0.0772,2
512,n<=32,sr<=5%,kvB<=1k,kp<=1k,0.0143,2
512,n<=32,sr<=5%,kvB<=1k,kp<=2k,0.0147,2
512,n<=32,sr<=5%,kvB<=1k,kp<=4k,0.0162,2
512,n<=32,sr<=5%,kvB<=1k,kp<=512,0.0188,2
512,n<=32,sr<=5%,kvB<=1k,kp<=8k,0.015,2
512,n<=32,sr<=5%,kvB<=1k,kp=0,0.0349,2
512,n<=32,sr<=5%,kvB<=4k,kp<=1k,0.0346,2
512,n<=32,sr<=5%,kvB<=4k,kp<=2k,0.0321,2
512,n<=32,sr<=5%,kvB<=4k,kp<=4k,0.0218,2
512,n<=32,sr<=5%,kvB<=4k,kp<=512,0.0313,2
512,n<=32,sr<=5%,kvB<=4k,kp<=8k,0.0213,2
512,n<=32,sr<=5%,kvB<=4k,kp=0,0.036,2
512,n<=32,sr<=70%,kvB<=16k,kp<=1k,0.0105,2
512,n<=32,sr<=70%,kvB<=16k,kp<=2k,0.0075,2
512,n<=32,sr<=70%,kvB<=16k,kp<=4k,0.0117,2
512,n<=32,sr<=70%,kvB<=16k,kp<=512,0.0144,2
512,n<=32,sr<=70%,kvB<=16k,kp<=8k,0.0006,2
512,n<=32,sr<=70%,kvB<=16k,kp=0,0.2366,2
512,n<=32,sr<=70%,kvB<=1k,kp<=1k,0.0364,2
512,n<=32,sr<=70%,kvB<=1k,kp<=2k,0.0468,2
512,n<=32,sr<=70%,kvB<=1k,kp<=4k,0.0563,2
512,n<=32,sr<=70%,kvB<=1k,kp<=512,0.0973,2
512,n<=32,sr<=70%,kvB<=1k,kp<=8k,0.0552,2
512,n<=32,sr<=70%,kvB<=1k,kp=0,0.0805,2
512,n<=32,sr<=70%,kvB<=4k,kp<=1k,0.0089,2
512,n<=32,sr<=70%,kvB<=4k,kp<=2k,0.0408,2
512,n<=32,sr<=70%,kvB<=4k,kp<=4k,0.0154,2
512,n<=32,sr<=70%,kvB<=4k,kp<=512,0.0102,2
512,n<=32,sr<=70%,kvB<=4k,kp<=8k,-0.0003,2
512,n<=32,sr<=70%,kvB<=4k,kp=0,0.159,2
512,n<=32,sr>70%,kvB<=16k,kp<=1k,0.0446,4
512,n<=32,sr>70%,kvB<=16k,kp<=2k,0.0386,4
512,n<=32,sr>70%,kvB<=16k,kp<=4k,0.0225,4
512,n<=32,sr>70%,kvB<=16k,kp<=512,0.049,4
512,n<=32,sr>70%,kvB<=16k,kp<=8k,0.0473,4
512,n<=32,sr>70%,kvB<=16k,kp=0,0.4474,4
512,n<=32,sr>70%,kvB<=1k,kp<=1k,0.1327,4
512,n<=32,sr>70%,kvB<=1k,kp<=2k,0.2287,4
512,n<=32,sr>70%,kvB<=1k,kp<=4k,0.2995,4
512,n<=32,sr>70%,kvB<=1k,kp<=512,0.1543,4
512,n<=32,sr>70%,kvB<=1k,kp<=8k,0.2955,4
512,n<=32,sr>70%,kvB<=1k,kp=0,0.1187,4
512,n<=32,sr>70%,kvB<=4k,kp<=1k,0.0098,4
512,n<=32,sr>70%,kvB<=4k,kp<=2k,0.0388,4
512,n<=32,sr>70%,kvB<=4k,kp<=4k,0.0684,4
512,n<=32,sr>70%,kvB<=4k,kp<=512,0.0192,4
512,n<=32,sr>70%,kvB<=4k,kp<=8k,0.0373,4
512,n<=32,sr>70%,kvB<=4k,kp=0,0.6763,4
512,n<=4,sr<=40%,kvB<=16k,kp<=1k,0.2592,2
512,n<=4,sr<=40%,kvB<=16k,kp<=2k,0.3031,2
512,n<=4,sr<=40%,kvB<=16k,kp<=4k,0.3745,2
512,n<=4,sr<=40%,kvB<=16k,kp<=512,0.2719,2
512,n<=4,sr<=40%,kvB<=16k,kp<=8k,0.3058,2
512,n<=4,sr<=40%,kvB<=16k,kp=0,0.3091,2
512,n<=4,sr<=40%,kvB<=1k,kp<=1k,0.0696,2
512,n<=4,sr<=40%,kvB<=1k,kp<=2k,0.1407,2
512,n<=4,sr<=40%,kvB<=1k,kp<=4k,0.3296,2
512,n<=4,sr<=40%,kvB<=1k,kp<=512,0.1547,2
512,n<=4,sr<=40%,kvB<=1k,kp<=8k,0.228,2
512,n<=4,sr<=40%,kvB<=1k,kp=0,0.3335,2
512,n<=4,sr<=40%,kvB<=4k,kp<=1k,0.2806,2
512,n<=4,sr<=40%,kvB<=4k,kp<=2k,0.2598,2
512,n<=4,sr<=40%,kvB<=4k,kp<=4k,-0.0722,2
512,n<=4,sr<=40%,kvB<=4k,kp<=512,0.3235,2
512,n<=4,sr<=40%,kvB<=4k,kp<=8k,0.1183,2
512,n<=4,sr<=40%,kvB<=4k,kp=0,0.2996,2
512,n<=4,sr<=70%,kvB<=16k,kp<=1k,0.2343,2
512,n<=4,sr<=70%,kvB<=16k,kp<=2k,0.3283,2
512,n<=4,sr<=70%,kvB<=16k,kp<=4k,0.3705,2
512,n<=4,sr<=70%,kvB<=16k,kp<=512,0.2334,2
512,n<=4,sr<=70%,kvB<=16k,kp<=8k,0.4321,2
512,n<=4,sr<=70%,kvB<=16k,kp=0,0.4798,2
512,n<=4,sr<=70%,kvB<=1k,kp<=1k,0.0828,2
512,n<=4,sr<=70%,kvB<=1k,kp<=2k,0.0901,2
512,n<=4,sr<=70%,kvB<=1k,kp<=4k,0.2272,2
512,n<=4,sr<=70%,kvB<=1k,kp<=512,0.1182,2
512,n<=4,sr<=70%,kvB<=1k,kp<=8k,0.1449,2
512,n<=4,sr<=70%,kvB<=1k,kp=0,0.3066,2
512,n<=4,sr<=70%,kvB<=4k,kp<=1k,0.2873,2
512,n<=4,sr<=70%,kvB<=4k,kp<=2k,0.3419,2
512,n<=4,sr<=70%,kvB<=4k,kp<=4k,0.1196,2
512,n<=4,sr<=70%,kvB<=4k,kp<=512,0.2956,2
512,n<=4,sr<=70%,kvB<=4k,kp<=8k,0.141,2
512,n<=4,sr<=70%,kvB<=4k,kp=0,0.2651,2
512,n<=4,sr>70%,kvB<=16k,kp<=1k,0.0574,2
512,n<=4,sr>70%,kvB<=16k,kp<=2k,0.2552,2
512,n<=4,sr>70%,kvB<=16k,kp<=4k,0.2515,2
512,n<=4,sr>70%,kvB<=16k,kp<=512,0.0483,2
512,n<=4,sr>70%,kvB<=16k,kp<=8k,0.4277,2
512,n<=4,sr>70%,kvB<=16k,kp=0,0.4899,2
512,n<=4,sr>70%,kvB<=1k,kp<=1k,0.0896,2
512,n<=4,sr>70%,kvB<=1k,kp<=2k,0.1328,2
512,n<=4,sr>70%,kvB<=1k,kp<=4k,0.2475,2
512,n<=4,sr>70%,kvB<=1k,kp<=512,0.3468,2
512,n<=4,sr>70%,kvB<=1k,kp<=8k,0.3434,2
512,n<=4,sr>70%,kvB<=1k,kp=0,0.4252,2
512,n<=4,sr>70%,kvB<=4k,kp<=1k,0.2869,2
512,n<=4,sr>70%,kvB<=4k,kp<=2k,0.3103,2
512,n<=4,sr>70%,kvB<=4k,kp<=4k,0.2618,2
512,n<=4,sr>70%,kvB<=4k,kp<=512,0.3201,2
512,n<=4,sr>70%,kvB<=4k,kp<=8k,0.4256,2
512,n<=4,sr>70%,kvB<=4k,kp=0,0.1095,2
512,n<=64,sr<=15%,kvB<=16k,kp<=1k,0.0106,4
512,n<=64,sr<=15%,kvB<=16k,kp<=2k,0.0086,4
512,n<=64,sr<=15%,kvB<=16k,kp<=4k,0.006,4
512,n<=64,sr<=15%,kvB<=16k,kp<=512,0.0096,4
512,n<=64,sr<=15%,kvB<=16k,kp<=8k,0.0078,4
512,n<=64,sr<=15%,kvB<=16k,kp=0,0.0092,4
512,n<=64,sr<=15%,kvB<=1k,kp<=1k,0.0677,4
512,n<=64,sr<=15%,kvB<=1k,kp<=2k,0.0629,4
512,n<=64,sr<=15%,kvB<=1k,kp<=4k,0.0906,4
512,n<=64,sr<=15%,kvB<=1k,kp<=512,0.0646,4
512,n<=64,sr<=15%,kvB<=1k,kp<=8k,0.1222,4
512,n<=64,sr<=15%,kvB<=1k,kp=0,0.0677,4
512,n<=64,sr<=15%,kvB<=4k,kp<=1k,0.0118,4
512,n<=64,sr<=15%,kvB<=4k,kp<=2k,0.0114,4
512,n<=64,sr<=15%,kvB<=4k,kp<=4k,0.0086,4
512,n<=64,sr<=15%,kvB<=4k,kp<=512,0.0084,4
512,n<=64,sr<=15%,kvB<=4k,kp<=8k,0.0052,4
512,n<=64,sr<=15%,kvB<=4k,kp=0,0.0086,4
512,n<=64,sr<=40%,kvB<=16k,kp<=1k,0.0054,2
512,n<=64,sr<=40%,kvB<=16k,kp<=2k,0.0049,2
512,n<=64,sr<=40%,kvB<=16k,kp<=4k,0.0004,2
512,n<=64,sr<=40%,kvB<=16k,kp<=512,0.0056,2
512,n<=64,sr<=40%,kvB<=16k,kp<=8k,-0.0024,2
512,n<=64,sr<=40%,kvB<=16k,kp=0,0.0053,2
512,n<=64,sr<=40%,kvB<=1k,kp<=1k,0.1088,2
512,n<=64,sr<=40%,kvB<=1k,kp<=2k,0.1235,2
512,n<=64,sr<=40%,kvB<=1k,kp<=4k,0.1252,2
512,n<=64,sr<=40%,kvB<=1k,kp<=512,0.0946,2
512,n<=64,sr<=40%,kvB<=1k,kp<=8k,0.1164,2
512,n<=64,sr<=40%,kvB<=1k,kp=0,0.0892,2
512,n<=64,sr<=40%,kvB<=4k,kp<=1k,-0.0018,2
512,n<=64,sr<=40%,kvB<=4k,kp<=2k,-0.003,2
512,n<=64,sr<=40%,kvB<=4k,kp<=4k,-0.0053,2
512,n<=64,sr<=40%,kvB<=4k,kp<=512,-0.008,2
512,n<=64,sr<=40%,kvB<=4k,kp<=8k,-0.0066,2
512,n<=64,sr<=40%,kvB<=4k,kp=0,-0.0053,2
512,n<=64,sr<=5%,kvB<=16k,kp<=1k,0.0109,6
512,n<=64,sr<=5%,kvB<=16k,kp<=2k,0.0103,6
512,n<=64,sr<=5%,kvB<=16k,kp<=4k,0.0096,6
512,n<=64,sr<=5%,kvB<=16k,kp<=512,0.0124,6
512,n<=64,sr<=5%,kvB<=16k,kp<=8k,0.0092,6
512,n<=64,sr<=5%,kvB<=16k,kp=0,0.0118,6
512,n<=64,sr<=5%,kvB<=1k,kp<=1k,0.0216,6
512,n<=64,sr<=5%,kvB<=1k,kp<=2k,0.0431,6
512,n<=64,sr<=5%,kvB<=1k,kp<=4k,0.0434,6
512,n<=64,sr<=5%,kvB<=1k,kp<=512,0.027,6
512,n<=64,sr<=5%,kvB<=1k,kp<=8k,0.0255,6
512,n<=64,sr<=5%,kvB<=1k,kp=0,0.0247,6
512,n<=64,sr<=5%,kvB<=4k,kp<=1k,0.013,6
512,n<=64,sr<=5%,kvB<=4k,kp<=2k,0.0122,6
512,n<=64,sr<=5%,kvB<=4k,kp<=4k,0.0085,6
512,n<=64,sr<=5%,kvB<=4k,kp<=512,0.0121,6
512,n<=64,sr<=5%,kvB<=4k,kp<=8k,0.0103,6
512,n<=64,sr<=5%,kvB<=4k,kp=0,0.0127,6
512,n<=64,sr<=70%,kvB<=16k,kp<=1k,0.0001,2
512,n<=64,sr<=70%,kvB<=16k,kp<=2k,0.0042,2
512,n<=64,sr<=70%,kvB<=16k,kp<=4k,-0.0005,2
512,n<=64,sr<=70%,kvB<=16k,kp<=512,-0.0007,2
512,n<=64,sr<=70%,kvB<=16k,kp<=8k,-0.0111,2
512,n<=64,sr<=70%,kvB<=16k,kp=0,0.0009,2
512,n<=64,sr<=70%,kvB<=1k,kp<=1k,0.0735,2
512,n<=64,sr<=70%,kvB<=1k,kp<=2k,0.1121,2
512,n<=64,sr<=70%,kvB<=1k,kp<=4k,0.0569,2
512,n<=64,sr<=70%,kvB<=1k,kp<=512,0.0641,2
512,n<=64,sr<=70%,kvB<=1k,kp<=8k,0.1544,2
512,n<=64,sr<=70%,kvB<=1k,kp=0,0.0319,2
512,n<=64,sr<=70%,kvB<=4k,kp<=1k,-0.0071,2
512,n<=64,sr<=70%,kvB<=4k,kp<=2k,-0.0097,2
512,n<=64,sr<=70%,kvB<=4k,kp<=4k,0.0104,2
512,n<=64,sr<=70%,kvB<=4k,kp<=512,-0.0131,2
512,n<=64,sr<=70%,kvB<=4k,kp<=8k,0.0199,2
512,n<=64,sr<=70%,kvB<=4k,kp=0,-0.007,2
512,n<=64,sr>70%,kvB<=16k,kp<=1k,0.0081,4
512,n<=64,sr>70%,kvB<=16k,kp<=2k,0.0133,4
512,n<=64,sr>70%,kvB<=16k,kp<=4k,0.0213,4
512,n<=64,sr>70%,kvB<=16k,kp<=512,0.0027,4
512,n<=64,sr>70%,kvB<=16k,kp<=8k,0.0245,4
512,n<=64,sr>70%,kvB<=16k,kp=0,-0.0042,4
512,n<=64,sr>70%,kvB<=1k,kp<=1k,0.3514,4
512,n<=64,sr>70%,kvB<=1k,kp<=2k,0.342,4
512,n<=64,sr>70%,kvB<=1k,kp<=4k,0.3327,4
512,n<=64,sr>70%,kvB<=1k,kp<=512,0.297,4
512,n<=64,sr>70%,kvB<=1k,kp<=8k,0.2884,4
512,n<=64,sr>70%,kvB<=1k,kp=0,0.2693,4
512,n<=64,sr>70%,kvB<=4k,kp<=1k,-0.0008,4
512,n<=64,sr>70%,kvB<=4k,kp<=2k,0.0109,4
512,n<=64,sr>70%,kvB<=4k,kp<=4k,0.0338,4
512,n<=64,sr>70%,kvB<=4k,kp<=512,-0.0104,4
512,n<=64,sr>70%,kvB<=4k,kp<=8k,0.063,4
512,n<=64,sr>70%,kvB<=4k,kp=0,-0.0021,4
512,n<=8,sr<=15%,kvB<=16k,kp<=1k,0.1504,2
512,n<=8,sr<=15%,kvB<=16k,kp<=2k,0.1189,2
512,n<=8,sr<=15%,kvB<=16k,kp<=4k,0.1434,2
512,n<=8,sr<=15%,kvB<=16k,kp<=512,0.149,2
512,n<=8,sr<=15%,kvB<=16k,kp<=8k,0.1135,2
512,n<=8,sr<=15%,kvB<=16k,kp=0,0.2081,2
512,n<=8,sr<=15%,kvB<=1k,kp<=1k,0.1056,2
512,n<=8,sr<=15%,kvB<=1k,kp<=2k,0.0943,2
512,n<=8,sr<=15%,kvB<=1k,kp<=4k,0.1281,2
512,n<=8,sr<=15%,kvB<=1k,kp<=512,0.1162,2
512,n<=8,sr<=15%,kvB<=1k,kp<=8k,0.1063,2
512,n<=8,sr<=15%,kvB<=1k,kp=0,0.2241,2
512,n<=8,sr<=15%,kvB<=4k,kp<=1k,0.1567,2
512,n<=8,sr<=15%,kvB<=4k,kp<=2k,0.1186,2
512,n<=8,sr<=15%,kvB<=4k,kp<=4k,-0.0192,2
512,n<=8,sr<=15%,kvB<=4k,kp<=512,0.1635,2
512,n<=8,sr<=15%,kvB<=4k,kp<=8k,0.0501,2
512,n<=8,sr<=15%,kvB<=4k,kp=0,0.1673,2
512,n<=8,sr<=40%,kvB<=16k,kp<=1k,0.1335,4
512,n<=8,sr<=40%,kvB<=16k,kp<=2k,0.1204,4
512,n<=8,sr<=40%,kvB<=16k,kp<=4k,0.147,4
512,n<=8,sr<=40%,kvB<=16k,kp<=512,0.1669,4
512,n<=8,sr<=40%,kvB<=16k,kp<=8k,0.1908,4
512,n<=8,sr<=40%,kvB<=16k,kp=0,0.2397,4
512,n<=8,sr<=40%,kvB<=1k,kp<=1k,0.0939,4
512,n<=8,sr<=40%,kvB<=1k,kp<=2k,0.0648,4
512,n<=8,sr<=40%,kvB<=1k,kp<=4k,0.1288,4
512,n<=8,sr<=40%,kvB<=1k,kp<=512,0.1179,4
512,n<=8,sr<=40%,kvB<=1k,kp<=8k,0.1295,4
512,n<=8,sr<=40%,kvB<=1k,kp=0,0.211,4
512,n<=8,sr<=40%,kvB<=4k,kp<=1k,0.1549,4
512,n<=8,sr<=40%,kvB<=4k,kp<=2k,0.1667,4
512,n<=8,sr<=40%,kvB<=4k,kp<=4k,-0.0305,4
512,n<=8,sr<=40%,kvB<=4k,kp<=512,0.1462,4
512,n<=8,sr<=40%,kvB<=4k,kp<=8k,0.0116,4
512,n<=8,sr<=40%,kvB<=4k,kp=0,0.1493,4
512,n<=8,sr<=70%,kvB<=16k,kp<=1k,0.1405,2
512,n<=8,sr<=70%,kvB<=16k,kp<=2k,0.1024,2
512,n<=8,sr<=70%,kvB<=16k,kp<=4k,-0.06,2
512,n<=8,sr<=70%,kvB<=16k,kp<=512,0.2457,2
512,n<=8,sr<=70%,kvB<=16k,kp<=8k,0.1301,2
512,n<=8,sr<=70%,kvB<=16k,kp=0,0.4382,2
512,n<=8,sr<=70%,kvB<=1k,kp<=1k,0.0671,2
512,n<=8,sr<=70%,kvB<=1k,kp<=2k,0.0312,2
512,n<=8,sr<=70%,kvB<=1k,kp<=4k,0.0196,2
512,n<=8,sr<=70%,kvB<=1k,kp<=512,0.1042,2
512,n<=8,sr<=70%,kvB<=1k,kp<=8k,0.0949,2
512,n<=8,sr<=70%,kvB<=1k,kp=0,0.196,2
512,n<=8,sr<=70%,kvB<=4k,kp<=1k,0.1774,2
512,n<=8,sr<=70%,kvB<=4k,kp<=2k,0.1791,2
512,n<=8,sr<=70%,kvB<=4k,kp<=4k,-0.0227,2
512,n<=8,sr<=70%,kvB<=4k,kp<=512,0.1262,2
512,n<=8,sr<=70%,kvB<=4k,kp<=8k,-0.0561,2
512,n<=8,sr<=70%,kvB<=4k,kp=0,0.1208,2
512,n<=8,sr>70%,kvB<=16k,kp<=1k,0.2176,4
512,n<=8,sr>70%,kvB<=16k,kp<=2k,0.1646,4
512,n<=8,sr>70%,kvB<=16k,kp<=4k,-0.1424,4
512,n<=8,sr>70%,kvB<=16k,kp<=512,0.635,4
512,n<=8,sr>70%,kvB<=16k,kp<=8k,0.3229,4
512,n<=8,sr>70%,kvB<=16k,kp=0,1.0184,4
512,n<=8,sr>70%,kvB<=1k,kp<=1k,0.2738,4
512,n<=8,sr>70%,kvB<=1k,kp<=2k,0.2227,4
512,n<=8,sr>70%,kvB<=1k,kp<=4k,0.1952,4
512,n<=8,sr>70%,kvB<=1k,kp<=512,0.326,4
512,n<=8,sr>70%,kvB<=1k,kp<=8k,0.2956,4
512,n<=8,sr>70%,kvB<=1k,kp=0,0.3434,4
512,n<=8,sr>70%,kvB<=4k,kp<=1k,0.0761,4
512,n<=8,sr>70%,kvB<=4k,kp<=2k,0.2184,4
512,n<=8,sr>70%,kvB<=4k,kp<=4k,0.3965,4
512,n<=8,sr>70%,kvB<=4k,kp<=512,0.2643,4
512,n<=8,sr>70%,kvB<=4k,kp<=8k,0.1029,4
512,n<=8,sr>70%,kvB<=4k,kp=0,0.1979,4
1024,n<=128,sr<=15%,kvB<=16k,kp<=1k,-0.0013,4
1024,n<=128,sr<=15%,kvB<=16k,kp<=2k,-0.0016,4
1024,n<=128,sr<=15%,kvB<=16k,kp<=4k,-0.0022,4
1024,n<=128,sr<=15%,kvB<=16k,kp<=512,-0.0004,4
1024,n<=128,sr<=15%,kvB<=16k,kp<=8k,0.0043,4
1024,n<=128,sr<=15%,kvB<=16k,kp=0,0.0008,4
1024,n<=128,sr<=15%,kvB<=1k,kp<=1k,0.0927,4
1024,n<=128,sr<=15%,kvB<=1k,kp<=2k,0.0803,4
1024,n<=128,sr<=15%,kvB<=1k,kp<=4k,0.0984,4
1024,n<=128,sr<=15%,kvB<=1k,kp<=512,0.0756,4
1024,n<=128,sr<=15%,kvB<=1k,kp<=8k,0.0846,4
1024,n<=128,sr<=15%,kvB<=1k,kp=0,0.0682,4
1024,n<=128,sr<=15%,kvB<=4k,kp<=1k,0.0098,4
1024,n<=128,sr<=15%,kvB<=4k,kp<=2k,0.0097,4
1024,n<=128,sr<=15%,kvB<=4k,kp<=4k,0.0057,4
1024,n<=128,sr<=15%,kvB<=4k,kp<=512,0.009,4
1024,n<=128,sr<=15%,kvB<=4k,kp<=8k,0.0081,4
1024,n<=128,sr<=15%,kvB<=4k,kp=0,0.0094,4
1024,n<=128,sr<=40%,kvB<=16k,kp<=1k,0.0002,2
1024,n<=128,sr<=40%,kvB<=16k,kp<=2k,-0.0021,2
1024,n<=128,sr<=40%,kvB<=16k,kp<=4k,-0.0026,2
1024,n<=128,sr<=40%,kvB<=16k,kp<=512,-0.0008,2
1024,n<=128,sr<=40%,kvB<=16k,kp<=8k,-0.0152,2
1024,n<=128,sr<=40%,kvB<=16k,kp=0,-0.0008,2
1024,n<=128,sr<=40%,kvB<=1k,kp<=1k,0.1423,2
1024,n<=128,sr<=40%,kvB<=1k,kp<=2k,0.1188,2
1024,n<=128,sr<=40%,kvB<=1k,kp<=4k,0.1687,2
1024,n<=128,sr<=40%,kvB<=1k,kp<=512,0.1055,2
1024,n<=128,sr<=40%,kvB<=1k,kp<=8k,0.1523,2
1024,n<=128,sr<=40%,kvB<=1k,kp=0,0.1348,2
1024,n<=128,sr<=40%,kvB<=4k,kp<=1k,0.0014,2
1024,n<=128,sr<=40%,kvB<=4k,kp<=2k,-0.0008,2
1024,n<=128,sr<=40%,kvB<=4k,kp<=4k,-0.0106,2
1024,n<=128,sr<=40%,kvB<=4k,kp<=512,0.0138,2
1024,n<=128,sr<=40%,kvB<=4k,kp<=8k,-0.0194,2
1024,n<=128,sr<=40%,kvB<=4k,kp=0,0.0165,2
1024,n<=128,sr<=5%,kvB<=16k,kp<=1k,0.0014,8
1024,n<=128,sr<=5%,kvB<=16k,kp<=2k,0.001,8
1024,n<=128,sr<=5%,kvB<=16k,kp<=4k,0.0007,8
1024,n<=128,sr<=5%,kvB<=16k,kp<=512,0.0021,8
1024,n<=128,sr<=5%,kvB<=16k,kp<=8k,-0.0001,8
1024,n<=128,sr<=5%,kvB<=16k,kp=0,0.0026,8
1024,n<=128,sr<=5%,kvB<=1k,kp<=1k,0.0326,8
1024,n<=128,sr<=5%,kvB<=1k,kp<=2k,0.0189,8
1024,n<=128,sr<=5%,kvB<=1k,kp<=4k,0.031,8
1024,n<=128,sr<=5%,kvB<=1k,kp<=512,0.0161,8
1024,n<=128,sr<=5%,kvB<=1k,kp<=8k,0.0639,8
1024,n<=128,sr<=5%,kvB<=1k,kp=0,0.0104,8
1024,n<=128,sr<=5%,kvB<=4k,kp<=1k,0.0035,8
1024,n<=128,sr<=5%,kvB<=4k,kp<=2k,0.0062,8
1024,n<=128,sr<=5%,kvB<=4k,kp<=4k,0.0038,8
1024,n<=128,sr<=5%,kvB<=4k,kp<=512,0.006,8
1024,n<=128,sr<=5%,kvB<=4k,kp<=8k,-0.0066,8
1024,n<=128,sr<=5%,kvB<=4k,kp=0,0.0038,8
1024,n<=128,sr<=70%,kvB<=16k,kp<=1k,0.0002,2
1024,n<=128,sr<=70%,kvB<=16k,kp<=2k,-0.0026,2
1024,n<=128,sr<=70%,kvB<=16k,kp<=4k,-0.0097,2
1024,n<=128,sr<=70%,kvB<=16k,kp<=512,0.0004,2
1024,n<=128,sr<=70%,kvB<=16k,kp<=8k,-0.0206,2
1024,n<=128,sr<=70%,kvB<=16k,kp=0,-0.0024,2
1024,n<=128,sr<=70%,kvB<=1k,kp<=1k,0.1358,2
1024,n<=128,sr<=70%,kvB<=1k,kp<=2k,-0.0337,2
1024,n<=128,sr<=70%,kvB<=1k,kp<=4k,0.199,2
1024,n<=128,sr<=70%,kvB<=1k,kp<=512,0.0991,2
1024,n<=128,sr<=70%,kvB<=1k,kp<=8k,0.3284,2
1024,n<=128,sr<=70%,kvB<=1k,kp=0,0.1246,2
1024,n<=128,sr<=70%,kvB<=4k,kp<=1k,0.0066,2
1024,n<=128,sr<=70%,kvB<=4k,kp<=2k,0.0017,2
1024,n<=128,sr<=70%,kvB<=4k,kp<=4k,0.0028,2
1024,n<=128,sr<=70%,kvB<=4k,kp<=512,0.02,2
1024,n<=128,sr<=70%,kvB<=4k,kp<=8k,0.018,2
1024,n<=128,sr<=70%,kvB<=4k,kp=0,0.0212,2
1024,n<=128,sr>70%,kvB<=16k,kp<=1k,0.0075,4
1024,n<=128,sr>70%,kvB<=16k,kp<=2k,0.0095,4
1024,n<=128,sr>70%,kvB<=16k,kp<=4k,0.0132,4
1024,n<=128,sr>70%,kvB<=16k,kp<=512,0.005,4
1024,n<=128,sr>70%,kvB<=16k,kp<=8k,-0.0069,4
1024,n<=128,sr>70%,kvB<=16k,kp=0,0.0027,4
1024,n<=128,sr>70%,kvB<=1k,kp<=1k,0.3887,4
1024,n<=128,sr>70%,kvB<=1k,kp<=2k,0.3723,4
1024,n<=128,sr>70%,kvB<=1k,kp<=4k,0.4293,4
1024,n<=128,sr>70%,kvB<=1k,kp<=512,0.3748,4
1024,n<=128,sr>70%,kvB<=1k,kp<=8k,0.5149,4
1024,n<=128,sr>70%,kvB<=1k,kp=0,0.3841,4
1024,n<=128,sr>70%,kvB<=4k,kp<=1k,-0.0072,4
1024,n<=128,sr>70%,kvB<=4k,kp<=2k,-0.0002,4
1024,n<=128,sr>70%,kvB<=4k,kp<=4k,0.0301,4
1024,n<=128,sr>70%,kvB<=4k,kp<=512,-0.0107,4
1024,n<=128,sr>70%,kvB<=4k,kp<=8k,0.0406,4
1024,n<=128,sr>70%,kvB<=4k,kp=0,-0.0013,4
1024,n<=16,sr<=15%,kvB<=16k,kp<=1k,0.0575,4
1024,n<=16,sr<=15%,kvB<=16k,kp<=2k,0.0556,4
1024,n<=16,sr<=15%,kvB<=16k,kp<=4k,0.0655,4
1024,n<=16,sr<=15%,kvB<=16k,kp<=512,0.0586,4
1024,n<=16,sr<=15%,kvB<=16k,kp<=8k,0.0636,4
1024,n<=16,sr<=15%,kvB<=16k,kp=0,0.0604,4
1024,n<=16,sr<=15%,kvB<=1k,kp<=1k,0.0774,4
1024,n<=16,sr<=15%,kvB<=1k,kp<=2k,0.0875,4
1024,n<=16,sr<=15%,kvB<=1k,kp<=4k,0.1062,4
1024,n<=16,sr<=15%,kvB<=1k,kp<=512,0.0813,4
1024,n<=16,sr<=15%,kvB<=1k,kp<=8k,0.116,4
1024,n<=16,sr<=15%,kvB<=1k,kp=0,0.087,4
1024,n<=16,sr<=15%,kvB<=4k,kp<=1k,0.0731,4
1024,n<=16,sr<=15%,kvB<=4k,kp<=2k,0.0485,4
1024,n<=16,sr<=15%,kvB<=4k,kp<=4k,-0.0037,4
1024,n<=16,sr<=15%,kvB<=4k,kp<=512,0.0732,4
1024,n<=16,sr<=15%,kvB<=4k,kp<=8k,0.0724,4
1024,n<=16,sr<=15%,kvB<=4k,kp=0,0.0713,4
1024,n<=16,sr<=40%,kvB<=16k,kp<=1k,0.0587,4
1024,n<=16,sr<=40%,kvB<=16k,kp<=2k,0.0558,4
1024,n<=16,sr<=40%,kvB<=16k,kp<=4k,0.0515,4
1024,n<=16,sr<=40%,kvB<=16k,kp<=512,0.0517,4
1024,n<=16,sr<=40%,kvB<=16k,kp<=8k,0.0629,4
1024,n<=16,sr<=40%,kvB<=16k,kp=0,0.0577,4
1024,n<=16,sr<=40%,kvB<=1k,kp<=1k,0.0657,4
1024,n<=16,sr<=40%,kvB<=1k,kp<=2k,0.1056,4
1024,n<=16,sr<=40%,kvB<=1k,kp<=4k,0.1047,4
1024,n<=16,sr<=40%,kvB<=1k,kp<=512,0.1121,4
1024,n<=16,sr<=40%,kvB<=1k,kp<=8k,0.0393,4
1024,n<=16,sr<=40%,kvB<=1k,kp=0,0.0948,4
1024,n<=16,sr<=40%,kvB<=4k,kp<=1k,0.0693,4
1024,n<=16,sr<=40%,kvB<=4k,kp<=2k,0.0632,4
1024,n<=16,sr<=40%,kvB<=4k,kp<=4k,0.0162,4
1024,n<=16,sr<=40%,kvB<=4k,kp<=512,0.0648,4
1024,n<=16,sr<=40%,kvB<=4k,kp<=8k,0.0688,4
1024,n<=16,sr<=40%,kvB<=4k,kp=0,0.0481,4
1024,n<=16,sr<=70%,kvB<=16k,kp<=1k,0.0307,2
1024,n<=16,sr<=70%,kvB<=16k,kp<=2k,0.0462,2
1024,n<=16,sr<=70%,kvB<=16k,kp<=4k,-0.002,2
1024,n<=16,sr<=70%,kvB<=16k,kp<=512,0.0535,2
1024,n<=16,sr<=70%,kvB<=16k,kp<=8k,0.0902,2
1024,n<=16,sr<=70%,kvB<=16k,kp=0,0.0653,2
1024,n<=16,sr<=70%,kvB<=1k,kp<=1k,0.0616,2
1024,n<=16,sr<=70%,kvB<=1k,kp<=2k,0.2161,2
1024,n<=16,sr<=70%,kvB<=1k,kp<=4k,0.2025,2
1024,n<=16,sr<=70%,kvB<=1k,kp<=512,-0.0191,2
1024,n<=16,sr<=70%,kvB<=1k,kp<=8k,0.1677,2
1024,n<=16,sr<=70%,kvB<=1k,kp=0,0.0806,2
1024,n<=16,sr<=70%,kvB<=4k,kp<=1k,0.0564,2
1024,n<=16,sr<=70%,kvB<=4k,kp<=2k,0.0888,2
1024,n<=16,sr<=70%,kvB<=4k,kp<=4k,0.0921,2
1024,n<=16,sr<=70%,kvB<=4k,kp<=512,0.0313,2
1024,n<=16,sr<=70%,kvB<=4k,kp<=8k,-0.0464,2
1024,n<=16,sr<=70%,kvB<=4k,kp=0,0.0381,2
1024,n<=16,sr>70%,kvB<=16k,kp<=1k,0.0725,4
1024,n<=16,sr>70%,kvB<=16k,kp<=2k,-0.0056,4
1024,n<=16,sr>70%,kvB<=16k,kp<=4k,0.1113,4
1024,n<=16,sr>70%,kvB<=16k,kp<=512,0.1017,4
1024,n<=16,sr>70%,kvB<=16k,kp<=8k,-0.0384,4
1024,n<=16,sr>70%,kvB<=16k,kp=0,0.1616,4
1024,n<=16,sr>70%,kvB<=1k,kp<=1k,0.1698,4
1024,n<=16,sr>70%,kvB<=1k,kp<=2k,0.26,4
1024,n<=16,sr>70%,kvB<=1k,kp<=4k,0.3371,3
1024,n<=16,sr>70%,kvB<=1k,kp<=512,0.2526,4
1024,n<=16,sr>70%,kvB<=1k,kp<=8k,0.4621,4
1024,n<=16,sr>70%,kvB<=1k,kp=0,0.261,4
1024,n<=16,sr>70%,kvB<=4k,kp<=1k,0.0988,4
1024,n<=16,sr>70%,kvB<=4k,kp<=2k,-0.036,4
1024,n<=16,sr>70%,kvB<=4k,kp<=4k,0.3528,4
1024,n<=16,sr>70%,kvB<=4k,kp<=512,-0.0099,4
1024,n<=16,sr>70%,kvB<=4k,kp<=8k,0.2654,2
1024,n<=16,sr>70%,kvB<=4k,kp=0,0.0504,4
1024,n<=2,sr<=70%,kvB<=16k,kp<=1k,0.5005,2
1024,n<=2,sr<=70%,kvB<=16k,kp<=2k,0.4914,2
1024,n<=2,sr<=70%,kvB<=16k,kp<=4k,0.4117,2
1024,n<=2,sr<=70%,kvB<=16k,kp<=512,0.4767,2
1024,n<=2,sr<=70%,kvB<=16k,kp<=8k,0.7259,2
1024,n<=2,sr<=70%,kvB<=16k,kp=0,0.354,2
1024,n<=2,sr<=70%,kvB<=1k,kp<=1k,0.1624,2
1024,n<=2,sr<=70%,kvB<=1k,kp<=2k,0.1213,2
1024,n<=2,sr<=70%,kvB<=1k,kp<=4k,0.2496,1
1024,n<=2,sr<=70%,kvB<=1k,kp<=512,0.0396,2
1024,n<=2,sr<=70%,kvB<=1k,kp<=8k,1.4978,2
1024,n<=2,sr<=70%,kvB<=1k,kp=0,0.0828,2
1024,n<=2,sr<=70%,kvB<=4k,kp<=1k,0.449,2
1024,n<=2,sr<=70%,kvB<=4k,kp<=2k,0.3702,2
1024,n<=2,sr<=70%,kvB<=4k,kp<=4k,0.1589,2
1024,n<=2,sr<=70%,kvB<=4k,kp<=512,0.5182,2
1024,n<=2,sr<=70%,kvB<=4k,kp<=8k,0.1605,2
1024,n<=2,sr<=70%,kvB<=4k,kp=0,0.5055,2
1024,n<=32,sr<=15%,kvB<=16k,kp<=1k,0.0275,6
1024,n<=32,sr<=15%,kvB<=16k,kp<=2k,0.0216,6
1024,n<=32,sr<=15%,kvB<=16k,kp<=4k,0.0239,6
1024,n<=32,sr<=15%,kvB<=16k,kp<=512,0.0282,6
1024,n<=32,sr<=15%,kvB<=16k,kp<=8k,0.0348,6
1024,n<=32,sr<=15%,kvB<=16k,kp=0,0.0263,6
1024,n<=32,sr<=15%,kvB<=1k,kp<=1k,0.0702,6
1024,n<=32,sr<=15%,kvB<=1k,kp<=2k,0.0569,6
1024,n<=32,sr<=15%,kvB<=1k,kp<=4k,0.0442,6
1024,n<=32,sr<=15%,kvB<=1k,kp<=512,0.0735,6
1024,n<=32,sr<=15%,kvB<=1k,kp<=8k,0.1654,6
1024,n<=32,sr<=15%,kvB<=1k,kp=0,0.0744,6
1024,n<=32,sr<=15%,kvB<=4k,kp<=1k,0.0382,6
1024,n<=32,sr<=15%,kvB<=4k,kp<=2k,0.0327,6
1024,n<=32,sr<=15%,kvB<=4k,kp<=4k,0.0236,6
1024,n<=32,sr<=15%,kvB<=4k,kp<=512,0.0322,6
1024,n<=32,sr<=15%,kvB<=4k,kp<=8k,-0.0073,6
1024,n<=32,sr<=15%,kvB<=4k,kp=0,0.0277,6
1024,n<=32,sr<=40%,kvB<=16k,kp<=1k,0.0331,2
1024,n<=32,sr<=40%,kvB<=16k,kp<=2k,0.0333,2
1024,n<=32,sr<=40%,kvB<=16k,kp<=4k,0.0293,2
1024,n<=32,sr<=40%,kvB<=16k,kp<=512,0.0337,2
1024,n<=32,sr<=40%,kvB<=16k,kp<=8k,0.0254,2
1024,n<=32,sr<=40%,kvB<=16k,kp=0,0.0217,2
1024,n<=32,sr<=40%,kvB<=1k,kp<=1k,0.1006,2
1024,n<=32,sr<=40%,kvB<=1k,kp<=2k,0.1052,2
1024,n<=32,sr<=40%,kvB<=1k,kp<=4k,0.0765,2
1024,n<=32,sr<=40%,kvB<=1k,kp<=512,0.1057,2
1024,n<=32,sr<=40%,kvB<=1k,kp<=8k,0.0502,2
1024,n<=32,sr<=40%,kvB<=1k,kp=0,0.1137,2
1024,n<=32,sr<=40%,kvB<=4k,kp<=1k,0.0304,2
1024,n<=32,sr<=40%,kvB<=4k,kp<=2k,0.0282,2
1024,n<=32,sr<=40%,kvB<=4k,kp<=4k,-0.0263,2
1024,n<=32,sr<=40%,kvB<=4k,kp<=512,0.0426,2
1024,n<=32,sr<=40%,kvB<=4k,kp<=8k,-0.0445,2
1024,n<=32,sr<=40%,kvB<=4k,kp=0,0.0156,2
1024,n<=32,sr<=5%,kvB<=16k,kp<=1k,0.0284,2
1024,n<=32,sr<=5%,kvB<=16k,kp<=2k,0.028,2
1024,n<=32,sr<=5%,kvB<=16k,kp<=4k,0.026,2
1024,n<=32,sr<=5%,kvB<=16k,kp<=512,0.0291,2
1024,n<=32,sr<=5%,kvB<=16k,kp<=8k,0.0336,2
1024,n<=32,sr<=5%,kvB<=16k,kp=0,0.0301,2
1024,n<=32,sr<=5%,kvB<=1k,kp<=1k,0.0183,2
1024,n<=32,sr<=5%,kvB<=1k,kp<=2k,0.0182,2
1024,n<=32,sr<=5%,kvB<=1k,kp<=4k,-0.0043,2
1024,n<=32,sr<=5%,kvB<=1k,kp<=512,0.0312,2
1024,n<=32,sr<=5%,kvB<=1k,kp<=8k,0.1023,2
1024,n<=32,sr<=5%,kvB<=1k,kp=0,0.0215,2
1024,n<=32,sr<=5%,kvB<=4k,kp<=1k,0.0541,2
1024,n<=32,sr<=5%,kvB<=4k,kp<=2k,0.0434,2
1024,n<=32,sr<=5%,kvB<=4k,kp<=4k,0.0455,2
1024,n<=32,sr<=5%,kvB<=4k,kp<=512,0.0481,2
1024,n<=32,sr<=5%,kvB<=4k,kp<=8k,0.0021,2
1024,n<=32,sr<=5%,kvB<=4k,kp=0,0.0326,2
1024,n<=32,sr<=70%,kvB<=16k,kp<=1k,0.0223,2
1024,n<=32,sr<=70%,kvB<=16k,kp<=2k,0.0224,2
1024,n<=32,sr<=70%,kvB<=16k,kp<=4k,0.0222,2
1024,n<=32,sr<=70%,kvB<=16k,kp<=512,0.0266,2
1024,n<=32,sr<=70%,kvB<=16k,kp<=8k,0.0088,2
1024,n<=32,sr<=70%,kvB<=16k,kp=0,0.0183,2
1024,n<=32,sr<=70%,kvB<=1k,kp<=1k,0.0574,2
1024,n<=32,sr<=70%,kvB<=1k,kp<=2k,-0.009,2
1024,n<=32,sr<=70%,kvB<=1k,kp<=4k,-0.0435,2
1024,n<=32,sr<=70%,kvB<=1k,kp<=512,0.1034,2
1024,n<=32,sr<=70%,kvB<=1k,kp<=8k,0.4178,2
1024,n<=32,sr<=70%,kvB<=1k,kp=0,0.0915,2
1024,n<=32,sr<=70%,kvB<=4k,kp<=1k,0.031,2
1024,n<=32,sr<=70%,kvB<=4k,kp<=2k,0.0637,2
1024,n<=32,sr<=70%,kvB<=4k,kp<=4k,0.0199,2
1024,n<=32,sr<=70%,kvB<=4k,kp<=512,0.018,2
1024,n<=32,sr<=70%,kvB<=4k,kp<=8k,0.1056,2
1024,n<=32,sr<=70%,kvB<=4k,kp=0,0.0217,2
1024,n<=32,sr>70%,kvB<=16k,kp<=1k,0.0942,4
1024,n<=32,sr>70%,kvB<=16k,kp<=2k,0.0687,4
1024,n<=32,sr>70%,kvB<=16k,kp<=4k,-0.0207,4
1024,n<=32,sr>70%,kvB<=16k,kp<=512,0.0875,4
1024,n<=32,sr>70%,kvB<=16k,kp<=8k,0.0409,4
1024,n<=32,sr>70%,kvB<=16k,kp=0,0.0505,4
1024,n<=32,sr>70%,kvB<=1k,kp<=1k,0.2692,4
1024,n<=32,sr>70%,kvB<=1k,kp<=2k,0.2198,4
1024,n<=32,sr>70%,kvB<=1k,kp<=4k,0.5141,4
1024,n<=32,sr>70%,kvB<=1k,kp<=512,0.3098,4
1024,n<=32,sr>70%,kvB<=1k,kp<=8k,0.2018,4
1024,n<=32,sr>70%,kvB<=1k,kp=0,0.2359,4
1024,n<=32,sr>70%,kvB<=4k,kp<=1k,0.0911,4
1024,n<=32,sr>70%,kvB<=4k,kp<=2k,0.026,4
1024,n<=32,sr>70%,kvB<=4k,kp<=4k,0.1042,4
1024,n<=32,sr>70%,kvB<=4k,kp<=512,0.0461,4
1024,n<=32,sr>70%,kvB<=4k,kp<=8k,-0.0236,4
1024,n<=32,sr>70%,kvB<=4k,kp=0,0.055,4
1024,n<=4,sr<=40%,kvB<=16k,kp<=1k,0.2694,2
1024,n<=4,sr<=40%,kvB<=16k,kp<=2k,0.2733,2
1024,n<=4,sr<=40%,kvB<=16k,kp<=4k,0.3069,2
1024,n<=4,sr<=40%,kvB<=16k,kp<=512,0.2569,2
1024,n<=4,sr<=40%,kvB<=16k,kp<=8k,0.3937,2
1024,n<=4,sr<=40%,kvB<=16k,kp=0,0.2723,2
1024,n<=4,sr<=40%,kvB<=1k,kp<=1k,0.1282,2
1024,n<=4,sr<=40%,kvB<=1k,kp<=2k,0.0818,2
1024,n<=4,sr<=40%,kvB<=1k,kp<=4k,0.3168,2
1024,n<=4,sr<=40%,kvB<=1k,kp<=512,0.1051,2
1024,n<=4,sr<=40%,kvB<=1k,kp<=8k,0.4462,2
1024,n<=4,sr<=40%,kvB<=1k,kp=0,0.1738,2
1024,n<=4,sr<=40%,kvB<=4k,kp<=1k,0.2428,2
1024,n<=4,sr<=40%,kvB<=4k,kp<=2k,0.1144,2
1024,n<=4,sr<=40%,kvB<=4k,kp<=4k,-0.2876,2
1024,n<=4,sr<=40%,kvB<=4k,kp<=512,0.2928,2
1024,n<=4,sr<=40%,kvB<=4k,kp<=8k,-0.302,2
1024,n<=4,sr<=40%,kvB<=4k,kp=0,0.3063,2
1024,n<=4,sr<=70%,kvB<=16k,kp<=1k,0.2429,2
1024,n<=4,sr<=70%,kvB<=16k,kp<=2k,0.2242,2
1024,n<=4,sr<=70%,kvB<=16k,kp<=4k,0.2799,2
1024,n<=4,sr<=70%,kvB<=16k,kp<=512,0.2081,2
1024,n<=4,sr<=70%,kvB<=16k,kp<=8k,0.3108,2
1024,n<=4,sr<=70%,kvB<=16k,kp=0,0.212,2
1024,n<=4,sr<=70%,kvB<=1k,kp<=1k,0.1788,2
1024,n<=4,sr<=70%,kvB<=1k,kp<=2k,-0.0836,2
1024,n<=4,sr<=70%,kvB<=1k,kp<=4k,0.5638,2
1024,n<=4,sr<=70%,kvB<=1k,kp<=512,0.0549,2
1024,n<=4,sr<=70%,kvB<=1k,kp<=8k,0.031,2
1024,n<=4,sr<=70%,kvB<=1k,kp=0,0.1485,2
1024,n<=4,sr<=70%,kvB<=4k,kp<=1k,0.214,2
1024,n<=4,sr<=70%,kvB<=4k,kp<=2k,0.2464,2
1024,n<=4,sr<=70%,kvB<=4k,kp<=4k,-0.1809,2
1024,n<=4,sr<=70%,kvB<=4k,kp<=512,0.2998,2
1024,n<=4,sr<=70%,kvB<=4k,kp<=8k,0.8922,2
1024,n<=4,sr<=70%,kvB<=4k,kp=0,0.2959,2
1024,n<=4,sr>70%,kvB<=16k,kp<=1k,0.2513,2
1024,n<=4,sr>70%,kvB<=16k,kp<=2k,0.2559,2
1024,n<=4,sr>70%,kvB<=16k,kp<=4k,0.4166,2
1024,n<=4,sr>70%,kvB<=16k,kp<=512,0.1078,2
1024,n<=4,sr>70%,kvB<=16k,kp<=8k,0.831,2
1024,n<=4,sr>70%,kvB<=16k,kp=0,0.0099,2
1024,n<=4,sr>70%,kvB<=1k,kp<=1k,0.2242,2
1024,n<=4,sr>70%,kvB<=1k,kp<=2k,0.473,2
1024,n<=4,sr>70%,kvB<=1k,kp<=4k,-0.0499,1
1024,n<=4,sr>70%,kvB<=1k,kp<=512,0.1267,2
1024,n<=4,sr>70%,kvB<=1k,kp<=8k,0.2869,1
1024,n<=4,sr>70%,kvB<=1k,kp=0,0.3867,2
1024,n<=4,sr>70%,kvB<=4k,kp<=1k,0.3145,2
1024,n<=4,sr>70%,kvB<=4k,kp<=2k,0.2036,2
1024,n<=4,sr>70%,kvB<=4k,kp<=4k,-0.004,2
1024,n<=4,sr>70%,kvB<=4k,kp<=512,0.2731,2
1024,n<=4,sr>70%,kvB<=4k,kp<=8k,0.6203,2
1024,n<=4,sr>70%,kvB<=4k,kp=0,0.3036,2
1024,n<=64,sr<=15%,kvB<=16k,kp<=1k,0.0048,4
1024,n<=64,sr<=15%,kvB<=16k,kp<=2k,0.0065,4
1024,n<=64,sr<=15%,kvB<=16k,kp<=4k,0.0069,4
1024,n<=64,sr<=15%,kvB<=16k,kp<=512,0.0046,4
1024,n<=64,sr<=15%,kvB<=16k,kp<=8k,0.0014,4
1024,n<=64,sr<=15%,kvB<=16k,kp=0,0.0067,4
1024,n<=64,sr<=15%,kvB<=1k,kp<=1k,0.1002,4
1024,n<=64,sr<=15%,kvB<=1k,kp<=2k,0.1078,4
1024,n<=64,sr<=15%,kvB<=1k,kp<=4k,0.0785,4
1024,n<=64,sr<=15%,kvB<=1k,kp<=512,0.1058,4
1024,n<=64,sr<=15%,kvB<=1k,kp<=8k,0.1874,4
1024,n<=64,sr<=15%,kvB<=1k,kp=0,0.0688,4
1024,n<=64,sr<=15%,kvB<=4k,kp<=1k,0.0091,4
1024,n<=64,sr<=15%,kvB<=4k,kp<=2k,0.0215,4
1024,n<=64,sr<=15%,kvB<=4k,kp<=4k,0.021,4
1024,n<=64,sr<=15%,kvB<=4k,kp<=512,0.0144,4
1024,n<=64,sr<=15%,kvB<=4k,kp<=8k,-0.0049,4
1024,n<=64,sr<=15%,kvB<=4k,kp=0,0.0129,4
1024,n<=64,sr<=40%,kvB<=16k,kp<=1k,0.002,2
1024,n<=64,sr<=40%,kvB<=16k,kp<=2k,0.0037,2
1024,n<=64,sr<=40%,kvB<=16k,kp<=4k,-0.0056,2
1024,n<=64,sr<=40%,kvB<=16k,kp<=512,0.002,2
1024,n<=64,sr<=40%,kvB<=16k,kp<=8k,0.006,2
1024,n<=64,sr<=40%,kvB<=16k,kp=0,0.0039,2
1024,n<=64,sr<=40%,kvB<=1k,kp<=1k,0.0817,2
1024,n<=64,sr<=40%,kvB<=1k,kp<=2k,0.1402,2
1024,n<=64,sr<=40%,kvB<=1k,kp<=4k,0.1309,2
1024,n<=64,sr<=40%,kvB<=1k,kp<=512,0.1203,2
1024,n<=64,sr<=40%,kvB<=1k,kp<=8k,0.3138,2
1024,n<=64,sr<=40%,kvB<=1k,kp=0,0.1087,2
1024,n<=64,sr<=40%,kvB<=4k,kp<=1k,-0.0084,2
1024,n<=64,sr<=40%,kvB<=4k,kp<=2k,0.0063,2
1024,n<=64,sr<=40%,kvB<=4k,kp<=4k,-0.0118,2
1024,n<=64,sr<=40%,kvB<=4k,kp<=512,-0.0219,2
1024,n<=64,sr<=40%,kvB<=4k,kp<=8k,0.0435,2
1024,n<=64,sr<=40%,kvB<=4k,kp=0,-0.0161,2
1024,n<=64,sr<=5%,kvB<=16k,kp<=1k,0.0089,6
1024,n<=64,sr<=5%,kvB<=16k,kp<=2k,0.0097,6
1024,n<=64,sr<=5%,kvB<=16k,kp<=4k,0.01,6
1024,n<=64,sr<=5%,kvB<=16k,kp<=512,0.0104,6
1024,n<=64,sr<=5%,kvB<=16k,kp<=8k,0.0112,6
1024,n<=64,sr<=5%,kvB<=16k,kp=0,0.0116,6
1024,n<=64,sr<=5%,kvB<=1k,kp<=1k,0.0467,6
1024,n<=64,sr<=5%,kvB<=1k,kp<=2k,0.0871,6
1024,n<=64,sr<=5%,kvB<=1k,kp<=4k,0.0699,6
1024,n<=64,sr<=5%,kvB<=1k,kp<=512,0.0122,6
1024,n<=64,sr<=5%,kvB<=1k,kp<=8k,0.0345,6
1024,n<=64,sr<=5%,kvB<=1k,kp=0,0.0197,6
1024,n<=64,sr<=5%,kvB<=4k,kp<=1k,0.0173,6
1024,n<=64,sr<=5%,kvB<=4k,kp<=2k,0.0154,6
1024,n<=64,sr<=5%,kvB<=4k,kp<=4k,0.0129,6
1024,n<=64,sr<=5%,kvB<=4k,kp<=512,0.0181,6
1024,n<=64,sr<=5%,kvB<=4k,kp<=8k,0.0112,6
1024,n<=64,sr<=5%,kvB<=4k,kp=0,0.0168,6
1024,n<=64,sr<=70%,kvB<=16k,kp<=1k,-0.0019,2
1024,n<=64,sr<=70%,kvB<=16k,kp<=2k,0.0058,2
1024,n<=64,sr<=70%,kvB<=16k,kp<=4k,0.0142,2
1024,n<=64,sr<=70%,kvB<=16k,kp<=512,0.0002,2
1024,n<=64,sr<=70%,kvB<=16k,kp<=8k,0.0021,2
1024,n<=64,sr<=70%,kvB<=16k,kp=0,0.001,2
1024,n<=64,sr<=70%,kvB<=1k,kp<=1k,0.0913,2
1024,n<=64,sr<=70%,kvB<=1k,kp<=2k,0.1914,2
1024,n<=64,sr<=70%,kvB<=1k,kp<=4k,0.1811,2
1024,n<=64,sr<=70%,kvB<=1k,kp<=512,0.0164,2
1024,n<=64,sr<=70%,kvB<=1k,kp<=8k,0.1374,2
1024,n<=64,sr<=70%,kvB<=1k,kp=0,0.0049,2
1024,n<=64,sr<=70%,kvB<=4k,kp<=1k,-0.0358,2
1024,n<=64,sr<=70%,kvB<=4k,kp<=2k,-0.0319,2
1024,n<=64,sr<=70%,kvB<=4k,kp<=4k,0.0296,2
1024,n<=64,sr<=70%,kvB<=4k,kp<=512,-0.0696,2
1024,n<=64,sr<=70%,kvB<=4k,kp<=8k,-0.022,2
1024,n<=64,sr<=70%,kvB<=4k,kp=0,-0.0356,2
1024,n<=64,sr>70%,kvB<=16k,kp<=1k,0.0259,4
1024,n<=64,sr>70%,kvB<=16k,kp<=2k,0.0427,4
1024,n<=64,sr>70%,kvB<=16k,kp<=4k,0.0634,4
1024,n<=64,sr>70%,kvB<=16k,kp<=512,0.0109,4
1024,n<=64,sr>70%,kvB<=16k,kp<=8k,-0.0119,4
1024,n<=64,sr>70%,kvB<=16k,kp=0,-0.0004,4
1024,n<=64,sr>70%,kvB<=1k,kp<=1k,0.3994,4
1024,n<=64,sr>70%,kvB<=1k,kp<=2k,-0.0303,4
1024,n<=64,sr>70%,kvB<=1k,kp<=4k,0.2915,4
1024,n<=64,sr>70%,kvB<=1k,kp<=512,0.376,4
1024,n<=64,sr>70%,kvB<=1k,kp<=8k,0.1079,4
1024,n<=64,sr>70%,kvB<=1k,kp=0,0.4432,4
1024,n<=64,sr>70%,kvB<=4k,kp<=1k,-0.016,4
1024,n<=64,sr>70%,kvB<=4k,kp<=2k,0.0012,4
1024,n<=64,sr>70%,kvB<=4k,kp<=4k,0.0699,4
1024,n<=64,sr>70%,kvB<=4k,kp<=512,-0.0334,4
1024,n<=64,sr>70%,kvB<=4k,kp<=8k,0.0286,4
1024,n<=64,sr>70%,kvB<=4k,kp=0,-0.0431,4
1024,n<=8,sr<=15%,kvB<=16k,kp<=1k,0.1332,2
1024,n<=8,sr<=15%,kvB<=16k,kp<=2k,0.1516,2
1024,n<=8,sr<=15%,kvB<=16k,kp<=4k,0.1381,2
1024,n<=8,sr<=15%,kvB<=16k,kp<=512,0.1206,2
1024,n<=8,sr<=15%,kvB<=16k,kp<=8k,0.1044,2
1024,n<=8,sr<=15%,kvB<=16k,kp=0,0.138,2
1024,n<=8,sr<=15%,kvB<=1k,kp<=1k,0.1103,2
1024,n<=8,sr<=15%,kvB<=1k,kp<=2k,0.2029,2
1024,n<=8,sr<=15%,kvB<=1k,kp<=4k,-0.0203,2
1024,n<=8,sr<=15%,kvB<=1k,kp<=512,0.1462,2
1024,n<=8,sr<=15%,kvB<=1k,kp<=8k,0.1175,2
1024,n<=8,sr<=15%,kvB<=1k,kp=0,0.1211,2
1024,n<=8,sr<=15%,kvB<=4k,kp<=1k,0.1455,2
1024,n<=8,sr<=15%,kvB<=4k,kp<=2k,0.0741,2
1024,n<=8,sr<=15%,kvB<=4k,kp<=4k,0.0033,2
1024,n<=8,sr<=15%,kvB<=4k,kp<=512,0.1445,2
1024,n<=8,sr<=15%,kvB<=4k,kp<=8k,0.0198,2
1024,n<=8,sr<=15%,kvB<=4k,kp=0,0.1544,2
1024,n<=8,sr<=40%,kvB<=16k,kp<=1k,0.1197,4
1024,n<=8,sr<=40%,kvB<=16k,kp<=2k,0.1292,4
1024,n<=8,sr<=40%,kvB<=16k,kp<=4k,0.1503,4
1024,n<=8,sr<=40%,kvB<=16k,kp<=512,0.1191,4
1024,n<=8,sr<=40%,kvB<=16k,kp<=8k,0.1522,4
1024,n<=8,sr<=40%,kvB<=16k,kp=0,0.1301,4
1024,n<=8,sr<=40%,kvB<=1k,kp<=1k,0.0749,4
1024,n<=8,sr<=40%,kvB<=1k,kp<=2k,0.0058,4
1024,n<=8,sr<=40%,kvB<=1k,kp<=4k,0.206,4
1024,n<=8,sr<=40%,kvB<=1k,kp<=512,0.0829,4
1024,n<=8,sr<=40%,kvB<=1k,kp<=8k,0.0338,4
1024,n<=8,sr<=40%,kvB<=1k,kp=0,0.1258,4
1024,n<=8,sr<=40%,kvB<=4k,kp<=1k,0.1353,4
1024,n<=8,sr<=40%,kvB<=4k,kp<=2k,0.106,4
1024,n<=8,sr<=40%,kvB<=4k,kp<=4k,0.0138,4
1024,n<=8,sr<=40%,kvB<=4k,kp<=512,0.1582,4
1024,n<=8,sr<=40%,kvB<=4k,kp<=8k,0.2113,4
1024,n<=8,sr<=40%,kvB<=4k,kp=0,0.1447,4
1024,n<=8,sr<=70%,kvB<=16k,kp<=1k,0.1087,2
1024,n<=8,sr<=70%,kvB<=16k,kp<=2k,0.1167,2
1024,n<=8,sr<=70%,kvB<=16k,kp<=4k,0.147,2
1024,n<=8,sr<=70%,kvB<=16k,kp<=512,0.0828,2
1024,n<=8,sr<=70%,kvB<=16k,kp<=8k,0.1972,2
1024,n<=8,sr<=70%,kvB<=16k,kp=0,0.1326,2
1024,n<=8,sr<=70%,kvB<=1k,kp<=1k,0.0345,2
1024,n<=8,sr<=70%,kvB<=1k,kp<=2k,-0.019,2
1024,n<=8,sr<=70%,kvB<=1k,kp<=4k,0.0708,2
1024,n<=8,sr<=70%,kvB<=1k,kp<=512,0.0855,2
1024,n<=8,sr<=70%,kvB<=1k,kp<=8k,0.1311,2
1024,n<=8,sr<=70%,kvB<=1k,kp=0,0.1055,2
1024,n<=8,sr<=70%,kvB<=4k,kp<=1k,0.1399,2
1024,n<=8,sr<=70%,kvB<=4k,kp<=2k,0.1352,2
1024,n<=8,sr<=70%,kvB<=4k,kp<=4k,-0.0418,2
1024,n<=8,sr<=70%,kvB<=4k,kp<=512,0.1559,2
1024,n<=8,sr<=70%,kvB<=4k,kp<=8k,0.3118,2
1024,n<=8,sr<=70%,kvB<=4k,kp=0,0.1114,2
1024,n<=8,sr>70%,kvB<=16k,kp<=1k,0.1258,4
1024,n<=8,sr>70%,kvB<=16k,kp<=2k,0.1687,4
1024,n<=8,sr>70%,kvB<=16k,kp<=4k,0.0161,4
1024,n<=8,sr>70%,kvB<=16k,kp<=512,0.0991,4
1024,n<=8,sr>70%,kvB<=16k,kp<=8k,0.1829,4
1024,n<=8,sr>70%,kvB<=16k,kp=0,0.2625,4
1024,n<=8,sr>70%,kvB<=1k,kp<=1k,0.2092,4
1024,n<=8,sr>70%,kvB<=1k,kp<=2k,0.4335,4
1024,n<=8,sr>70%,kvB<=1k,kp<=4k,0.0863,4
1024,n<=8,sr>70%,kvB<=1k,kp<=512,0.2671,4
1024,n<=8,sr>70%,kvB<=1k,kp<=8k,-0.0256,4
1024,n<=8,sr>70%,kvB<=1k,kp=0,0.3709,4
1024,n<=8,sr>70%,kvB<=4k,kp<=1k,0.3237,4
1024,n<=8,sr>70%,kvB<=4k,kp<=2k,0.0736,4
1024,n<=8,sr>70%,kvB<=4k,kp<=4k,-0.3577,4
1024,n<=8,sr>70%,kvB<=4k,kp<=512,0.131,4
1024,n<=8,sr>70%,kvB<=4k,kp<=8k,-0.4365,3
1024,n<=8,sr>70%,kvB<=4k,kp=0,0.0487,4
2048,n<=128,sr<=15%,kvB<=16k,kp<=1k,-0.0093,4
2048,n<=128,sr<=15%,kvB<=16k,kp<=2k,-0.0001,4
2048,n<=128,sr<=15%,kvB<=16k,kp<=4k,-0.0008,4
2048,n<=128,sr<=15%,kvB<=16k,kp<=512,-0.0066,4
2048,n<=128,sr<=15%,kvB<=16k,kp<=8k,-0.0067,4
2048,n<=128,sr<=15%,kvB<=16k,kp=0,-0.0046,4
2048,n<=128,sr<=15%,kvB<=1k,kp<=1k,0.1354,4
2048,n<=128,sr<=15%,kvB<=1k,kp<=2k,0.0724,4
2048,n<=128,sr<=15%,kvB<=1k,kp<=4k,0.1187,4
2048,n<=128,sr<=15%,kvB<=1k,kp<=512,0.0415,4
2048,n<=128,sr<=15%,kvB<=1k,kp<=8k,0.051,4
2048,n<=128,sr<=15%,kvB<=1k,kp=0,0.0975,4
2048,n<=128,sr<=15%,kvB<=4k,kp<=1k,0.0069,4
2048,n<=128,sr<=15%,kvB<=4k,kp<=2k,-0.0025,4
2048,n<=128,sr<=15%,kvB<=4k,kp<=4k,0.0167,4
2048,n<=128,sr<=15%,kvB<=4k,kp<=512,0.0131,4
2048,n<=128,sr<=15%,kvB<=4k,kp<=8k,0.0307,4
2048,n<=128,sr<=15%,kvB<=4k,kp=0,0.0015,4
2048,n<=128,sr<=40%,kvB<=16k,kp<=1k,0.0024,2
2048,n<=128,sr<=40%,kvB<=16k,kp<=2k,-0.0003,2
2048,n<=128,sr<=40%,kvB<=16k,kp<=4k,0.0015,2
2048,n<=128,sr<=40%,kvB<=16k,kp<=512,-0.001,2
2048,n<=128,sr<=40%,kvB<=16k,kp<=8k,-0.0015,2
2048,n<=128,sr<=40%,kvB<=16k,kp=0,-0.0017,2
2048,n<=128,sr<=40%,kvB<=1k,kp<=1k,0.148,2
2048,n<=128,sr<=40%,kvB<=1k,kp<=2k,0.1686,2
2048,n<=128,sr<=40%,kvB<=1k,kp<=4k,0.2568,2
2048,n<=128,sr<=40%,kvB<=1k,kp<=512,0.2525,2
2048,n<=128,sr<=40%,kvB<=1k,kp<=8k,0.0958,2
2048,n<=128,sr<=40%,kvB<=1k,kp=0,0.1649,2
2048,n<=128,sr<=40%,kvB<=4k,kp<=1k,0.0165,2
2048,n<=128,sr<=40%,kvB<=4k,kp<=2k,-0.0259,2
2048,n<=128,sr<=40%,kvB<=4k,kp<=4k,-0.0096,2
2048,n<=128,sr<=40%,kvB<=4k,kp<=512,0.0109,2
2048,n<=128,sr<=40%,kvB<=4k,kp<=8k,0.0843,2
2048,n<=128,sr<=40%,kvB<=4k,kp=0,0.015,2
2048,n<=128,sr<=5%,kvB<=16k,kp<=1k,0.0006,8
2048,n<=128,sr<=5%,kvB<=16k,kp<=2k,-0.0001,8
2048,n<=128,sr<=5%,kvB<=16k,kp<=4k,0.0017,8
2048,n<=128,sr<=5%,kvB<=16k,kp<=512,0.0017,8
2048,n<=128,sr<=5%,kvB<=16k,kp<=8k,-0.0017,8
2048,n<=128,sr<=5%,kvB<=16k,kp=0,0.0011,8
2048,n<=128,sr<=5%,kvB<=1k,kp<=1k,0.0213,8
2048,n<=128,sr<=5%,kvB<=1k,kp<=2k,-0.0028,8
2048,n<=128,sr<=5%,kvB<=1k,kp<=4k,0.0391,8
2048,n<=128,sr<=5%,kvB<=1k,kp<=512,0.0103,8
2048,n<=128,sr<=5%,kvB<=1k,kp<=8k,-0.0101,8
2048,n<=128,sr<=5%,kvB<=1k,kp=0,0.0371,8
2048,n<=128,sr<=5%,kvB<=4k,kp<=1k,-0.0104,8
2048,n<=128,sr<=5%,kvB<=4k,kp<=2k,-0.0035,8
2048,n<=128,sr<=5%,kvB<=4k,kp<=4k,-0.0,8
2048,n<=128,sr<=5%,kvB<=4k,kp<=512,0.0034,8
2048,n<=128,sr<=5%,kvB<=4k,kp<=8k,-0.0046,8
2048,n<=128,sr<=5%,kvB<=4k,kp=0,0.0045,8
2048,n<=128,sr<=70%,kvB<=16k,kp<=1k,-0.0023,2
2048,n<=128,sr<=70%,kvB<=16k,kp<=2k,0.0061,2
2048,n<=128,sr<=70%,kvB<=16k,kp<=4k,-0.0106,2
2048,n<=128,sr<=70%,kvB<=16k,kp<=512,0.0002,2
2048,n<=128,sr<=70%,kvB<=16k,kp<=8k,-0.0285,2
2048,n<=128,sr<=70%,kvB<=16k,kp=0,-0.0001,2
2048,n<=128,sr<=70%,kvB<=1k,kp<=1k,-0.0367,2
2048,n<=128,sr<=70%,kvB<=1k,kp<=2k,0.2365,2
2048,n<=128,sr<=70%,kvB<=1k,kp<=4k,0.1645,2
2048,n<=128,sr<=70%,kvB<=1k,kp<=512,0.1111,2
2048,n<=128,sr<=70%,kvB<=1k,kp<=8k,-0.0717,2
2048,n<=128,sr<=70%,kvB<=1k,kp=0,0.0975,2
2048,n<=128,sr<=70%,kvB<=4k,kp<=1k,0.0403,2
2048,n<=128,sr<=70%,kvB<=4k,kp<=2k,0.0389,2
2048,n<=128,sr<=70%,kvB<=4k,kp<=4k,0.0034,2
2048,n<=128,sr<=70%,kvB<=4k,kp<=512,0.0397,2
2048,n<=128,sr<=70%,kvB<=4k,kp<=8k,-0.1064,2
2048,n<=128,sr<=70%,kvB<=4k,kp=0,0.0514,2
2048,n<=128,sr>70%,kvB<=16k,kp<=1k,-0.0196,4
2048,n<=128,sr>70%,kvB<=16k,kp<=2k,-0.022,4
2048,n<=128,sr>70%,kvB<=16k,kp<=4k,-0.0116,4
2048,n<=128,sr>70%,kvB<=16k,kp<=512,-0.0176,4
2048,n<=128,sr>70%,kvB<=16k,kp<=8k,-0.0365,4
2048,n<=128,sr>70%,kvB<=16k,kp=0,-0.0054,4
2048,n<=128,sr>70%,kvB<=1k,kp<=1k,0.3629,4
2048,n<=128,sr>70%,kvB<=1k,kp<=2k,0.5086,4
2048,n<=128,sr>70%,kvB<=1k,kp<=4k,0.3087,4
2048,n<=128,sr>70%,kvB<=1k,kp<=512,0.5164,4
2048,n<=128,sr>70%,kvB<=1k,kp<=8k,0.2058,4
2048,n<=128,sr>70%,kvB<=1k,kp=0,0.2255,4
2048,n<=128,sr>70%,kvB<=4k,kp<=1k,0.0277,4
2048,n<=128,sr>70%,kvB<=4k,kp<=2k,0.0169,4
2048,n<=128,sr>70%,kvB<=4k,kp<=4k,0.1506,4
2048,n<=128,sr>70%,kvB<=4k,kp<=512,-0.0202,4
2048,n<=128,sr>70%,kvB<=4k,kp<=8k,0.1208,4
2048,n<=128,sr>70%,kvB<=4k,kp=0,-0.0369,4
2048,n<=16,sr<=15%,kvB<=16k,kp<=1k,0.0773,4
2048,n<=16,sr<=15%,kvB<=16k,kp<=2k,0.0674,4
2048,n<=16,sr<=15%,kvB<=16k,kp<=4k,0.0497,4
2048,n<=16,sr<=15%,kvB<=16k,kp<=512,0.0643,4
2048,n<=16,sr<=15%,kvB<=16k,kp<=8k,0.0127,4
2048,n<=16,sr<=15%,kvB<=16k,kp=0,0.0591,4
2048,n<=16,sr<=15%,kvB<=1k,kp<=1k,-0.0398,4
2048,n<=16,sr<=15%,kvB<=1k,kp<=2k,-0.0232,4
2048,n<=16,sr<=15%,kvB<=1k,kp<=4k,0.1544,4
2048,n<=16,sr<=15%,kvB<=1k,kp<=512,0.1704,4
2048,n<=16,sr<=15%,kvB<=1k,kp<=8k,0.1976,3
2048,n<=16,sr<=15%,kvB<=1k,kp=0,0.1156,4
2048,n<=16,sr<=15%,kvB<=4k,kp<=1k,0.0528,4
2048,n<=16,sr<=15%,kvB<=4k,kp<=2k,-0.0173,4
2048,n<=16,sr<=15%,kvB<=4k,kp<=4k,0.0828,4
2048,n<=16,sr<=15%,kvB<=4k,kp<=512,0.058,4
2048,n<=16,sr<=15%,kvB<=4k,kp<=8k,0.1896,4
2048,n<=16,sr<=15%,kvB<=4k,kp=0,0.1115,4
2048,n<=16,sr<=40%,kvB<=16k,kp<=1k,0.0672,4
2048,n<=16,sr<=40%,kvB<=16k,kp<=2k,0.0823,4
2048,n<=16,sr<=40%,kvB<=16k,kp<=4k,0.0462,4
2048,n<=16,sr<=40%,kvB<=16k,kp<=512,0.0501,4
2048,n<=16,sr<=40%,kvB<=16k,kp<=8k,0.032,4
2048,n<=16,sr<=40%,kvB<=16k,kp=0,0.0596,4
2048,n<=16,sr<=40%,kvB<=1k,kp<=1k,-0.0086,4
2048,n<=16,sr<=40%,kvB<=1k,kp<=2k,0.1937,4
2048,n<=16,sr<=40%,kvB<=1k,kp<=4k,-0.1932,4
2048,n<=16,sr<=40%,kvB<=1k,kp<=512,0.1845,4
2048,n<=16,sr<=40%,kvB<=1k,kp<=8k,-6.7321,3
2048,n<=16,sr<=40%,kvB<=1k,kp=0,0.1524,4
2048,n<=16,sr<=40%,kvB<=4k,kp<=1k,-0.0035,4
2048,n<=16,sr<=40%,kvB<=4k,kp<=2k,0.0403,4
2048,n<=16,sr<=40%,kvB<=4k,kp<=4k,-0.0242,4
2048,n<=16,sr<=40%,kvB<=4k,kp<=512,0.0528,4
2048,n<=16,sr<=40%,kvB<=4k,kp<=8k,0.009,4
2048,n<=16,sr<=40%,kvB<=4k,kp=0,0.0486,4
2048,n<=16,sr<=70%,kvB<=16k,kp<=1k,0.0598,2
2048,n<=16,sr<=70%,kvB<=16k,kp<=2k,0.0479,2
2048,n<=16,sr<=70%,kvB<=16k,kp<=4k,0.0232,2
2048,n<=16,sr<=70%,kvB<=16k,kp<=512,0.0388,2
2048,n<=16,sr<=70%,kvB<=16k,kp<=8k,-0.0388,2
2048,n<=16,sr<=70%,kvB<=16k,kp=0,0.0426,2
2048,n<=16,sr<=70%,kvB<=1k,kp<=1k,-0.0762,2
2048,n<=16,sr<=70%,kvB<=1k,kp<=2k,0.2924,2
2048,n<=16,sr<=70%,kvB<=1k,kp<=4k,0.4628,1
2048,n<=16,sr<=70%,kvB<=1k,kp<=512,-0.0015,2
2048,n<=16,sr<=70%,kvB<=1k,kp<=8k,-0.3548,1
2048,n<=16,sr<=70%,kvB<=1k,kp=0,-0.7826,2
2048,n<=16,sr<=70%,kvB<=4k,kp<=1k,0.0369,2
2048,n<=16,sr<=70%,kvB<=4k,kp<=2k,-0.0719,2
2048,n<=16,sr<=70%,kvB<=4k,kp<=4k,-0.1132,2
2048,n<=16,sr<=70%,kvB<=4k,kp<=512,0.0372,2
2048,n<=16,sr<=70%,kvB<=4k,kp<=8k,0.0267,1
2048,n<=16,sr<=70%,kvB<=4k,kp=0,0.1066,2
2048,n<=16,sr>70%,kvB<=16k,kp<=1k,0.0474,4
2048,n<=16,sr>70%,kvB<=16k,kp<=2k,0.0462,4
2048,n<=16,sr>70%,kvB<=16k,kp<=4k,0.067,4
2048,n<=16,sr>70%,kvB<=16k,kp<=512,0.0517,4
2048,n<=16,sr>70%,kvB<=16k,kp<=8k,0.017,4
2048,n<=16,sr>70%,kvB<=16k,kp=0,0.0709,4
2048,n<=16,sr>70%,kvB<=1k,kp<=1k,0.5134,4
2048,n<=16,sr>70%,kvB<=1k,kp<=2k,0.1661,2
2048,n<=16,sr>70%,kvB<=1k,kp<=4k,0.0861,3
2048,n<=16,sr>70%,kvB<=1k,kp<=512,0.0978,3
2048,n<=16,sr>70%,kvB<=1k,kp<=8k,0.7719,3
2048,n<=16,sr>70%,kvB<=1k,kp=0,0.0064,4
2048,n<=16,sr>70%,kvB<=4k,kp<=1k,-0.1022,4
2048,n<=16,sr>70%,kvB<=4k,kp<=2k,0.2886,4
2048,n<=16,sr>70%,kvB<=4k,kp<=4k,0.0123,4
2048,n<=16,sr>70%,kvB<=4k,kp<=512,0.1291,4
2048,n<=16,sr>70%,kvB<=4k,kp<=8k,0.6112,3
2048,n<=16,sr>70%,kvB<=4k,kp=0,0.0081,4
2048,n<=2,sr<=70%,kvB<=16k,kp<=1k,0.4297,2
2048,n<=2,sr<=70%,kvB<=16k,kp<=2k,0.3028,2
2048,n<=2,sr<=70%,kvB<=16k,kp<=4k,0.6323,1
2048,n<=2,sr<=70%,kvB<=16k,kp<=512,0.4258,2
2048,n<=2,sr<=70%,kvB<=16k,kp<=8k,0.4589,1
2048,n<=2,sr<=70%,kvB<=16k,kp=0,0.4393,2
2048,n<=2,sr<=70%,kvB<=1k,kp<=1k,1.2938,1
2048,n<=2,sr<=70%,kvB<=1k,kp<=2k,126.2873,1
2048,n<=2,sr<=70%,kvB<=1k,kp<=4k,0.175,2
2048,n<=2,sr<=70%,kvB<=1k,kp<=512,-1.106,2
2048,n<=2,sr<=70%,kvB<=1k,kp<=8k,4.4111,2
2048,n<=2,sr<=70%,kvB<=1k,kp=0,0.3867,2
2048,n<=2,sr<=70%,kvB<=4k,kp<=1k,-0.2185,2
2048,n<=2,sr<=70%,kvB<=4k,kp<=2k,-0.0243,2
2048,n<=2,sr<=70%,kvB<=4k,kp<=4k,-2.6104,2
2048,n<=2,sr<=70%,kvB<=4k,kp<=512,0.6315,1
2048,n<=2,sr<=70%,kvB<=4k,kp<=8k,4.373,1
2048,n<=2,sr<=70%,kvB<=4k,kp=0,0.5112,2
2048,n<=32,sr<=15%,kvB<=16k,kp<=1k,0.0289,6
2048,n<=32,sr<=15%,kvB<=16k,kp<=2k,0.0192,6
2048,n<=32,sr<=15%,kvB<=16k,kp<=4k,0.0348,6
2048,n<=32,sr<=15%,kvB<=16k,kp<=512,0.0278,6
2048,n<=32,sr<=15%,kvB<=16k,kp<=8k,0.0233,6
2048,n<=32,sr<=15%,kvB<=16k,kp=0,0.0229,6
2048,n<=32,sr<=15%,kvB<=1k,kp<=1k,0.1571,6
2048,n<=32,sr<=15%,kvB<=1k,kp<=2k,0.1235,6
2048,n<=32,sr<=15%,kvB<=1k,kp<=4k,0.1954,6
2048,n<=32,sr<=15%,kvB<=1k,kp<=512,0.126,6
2048,n<=32,sr<=15%,kvB<=1k,kp<=8k,0.1758,6
2048,n<=32,sr<=15%,kvB<=1k,kp=0,0.0605,6
2048,n<=32,sr<=15%,kvB<=4k,kp<=1k,0.0433,6
2048,n<=32,sr<=15%,kvB<=4k,kp<=2k,0.0365,6
2048,n<=32,sr<=15%,kvB<=4k,kp<=4k,-0.0262,6
2048,n<=32,sr<=15%,kvB<=4k,kp<=512,0.0317,6
2048,n<=32,sr<=15%,kvB<=4k,kp<=8k,0.0008,6
2048,n<=32,sr<=15%,kvB<=4k,kp=0,0.032,6
2048,n<=32,sr<=40%,kvB<=16k,kp<=1k,0.0331,2
2048,n<=32,sr<=40%,kvB<=16k,kp<=2k,0.0427,2
2048,n<=32,sr<=40%,kvB<=16k,kp<=4k,0.0334,2
2048,n<=32,sr<=40%,kvB<=16k,kp<=512,0.0251,2
2048,n<=32,sr<=40%,kvB<=16k,kp<=8k,0.0301,2
2048,n<=32,sr<=40%,kvB<=16k,kp=0,0.0308,2
2048,n<=32,sr<=40%,kvB<=1k,kp<=1k,0.1209,2
2048,n<=32,sr<=40%,kvB<=1k,kp<=2k,0.1162,2
2048,n<=32,sr<=40%,kvB<=1k,kp<=4k,0.0756,2
2048,n<=32,sr<=40%,kvB<=1k,kp<=512,0.0527,2
2048,n<=32,sr<=40%,kvB<=1k,kp<=8k,0.2748,2
2048,n<=32,sr<=40%,kvB<=1k,kp=0,0.2496,2
2048,n<=32,sr<=40%,kvB<=4k,kp<=1k,-0.0218,2
2048,n<=32,sr<=40%,kvB<=4k,kp<=2k,-0.0048,2
2048,n<=32,sr<=40%,kvB<=4k,kp<=4k,0.024,2
2048,n<=32,sr<=40%,kvB<=4k,kp<=512,0.0396,2
2048,n<=32,sr<=40%,kvB<=4k,kp<=8k,0.0958,2
2048,n<=32,sr<=40%,kvB<=4k,kp=0,-0.0127,2
2048,n<=32,sr<=5%,kvB<=16k,kp<=1k,0.0412,2
2048,n<=32,sr<=5%,kvB<=16k,kp<=2k,0.0305,2
2048,n<=32,sr<=5%,kvB<=16k,kp<=4k,0.0413,2
2048,n<=32,sr<=5%,kvB<=16k,kp<=512,0.0408,2
2048,n<=32,sr<=5%,kvB<=16k,kp<=8k,0.022,2
2048,n<=32,sr<=5%,kvB<=16k,kp=0,0.0269,2
2048,n<=32,sr<=5%,kvB<=1k,kp<=1k,-0.3067,2
2048,n<=32,sr<=5%,kvB<=1k,kp<=2k,-0.2267,2
2048,n<=32,sr<=5%,kvB<=1k,kp<=4k,0.0837,2
2048,n<=32,sr<=5%,kvB<=1k,kp<=512,0.0922,2
2048,n<=32,sr<=5%,kvB<=1k,kp<=8k,-0.421,2
2048,n<=32,sr<=5%,kvB<=1k,kp=0,-0.1555,2
2048,n<=32,sr<=5%,kvB<=4k,kp<=1k,0.0789,2
2048,n<=32,sr<=5%,kvB<=4k,kp<=2k,0.0288,2
2048,n<=32,sr<=5%,kvB<=4k,kp<=4k,-0.0511,2
2048,n<=32,sr<=5%,kvB<=4k,kp<=512,-0.0036,2
2048,n<=32,sr<=5%,kvB<=4k,kp<=8k,0.0935,2
2048,n<=32,sr<=5%,kvB<=4k,kp=0,0.0498,2
2048,n<=32,sr<=70%,kvB<=16k,kp<=1k,0.0184,2
2048,n<=32,sr<=70%,kvB<=16k,kp<=2k,0.0284,2
2048,n<=32,sr<=70%,kvB<=16k,kp<=4k,0.0032,2
2048,n<=32,sr<=70%,kvB<=16k,kp<=512,0.0122,2
2048,n<=32,sr<=70%,kvB<=16k,kp<=8k,0.0678,2
2048,n<=32,sr<=70%,kvB<=16k,kp=0,0.0166,2
2048,n<=32,sr<=70%,kvB<=1k,kp<=1k,0.1694,2
2048,n<=32,sr<=70%,kvB<=1k,kp<=2k,0.2649,2
2048,n<=32,sr<=70%,kvB<=1k,kp<=4k,0.5421,2
2048,n<=32,sr<=70%,kvB<=1k,kp<=512,0.1856,2
2048,n<=32,sr<=70%,kvB<=1k,kp<=8k,0.2896,1
2048,n<=32,sr<=70%,kvB<=1k,kp=0,0.2267,2
2048,n<=32,sr<=70%,kvB<=4k,kp<=1k,-0.0373,2
2048,n<=32,sr<=70%,kvB<=4k,kp<=2k,0.0043,2
2048,n<=32,sr<=70%,kvB<=4k,kp<=4k,0.1102,2
2048,n<=32,sr<=70%,kvB<=4k,kp<=512,-0.0053,2
2048,n<=32,sr<=70%,kvB<=4k,kp<=8k,-0.0571,2
2048,n<=32,sr<=70%,kvB<=4k,kp=0,0.0407,2
2048,n<=32,sr>70%,kvB<=16k,kp<=1k,0.0973,4
2048,n<=32,sr>70%,kvB<=16k,kp<=2k,0.0052,4
2048,n<=32,sr>70%,kvB<=16k,kp<=4k,0.0157,4
2048,n<=32,sr>70%,kvB<=16k,kp<=512,0.0939,4
2048,n<=32,sr>70%,kvB<=16k,kp<=8k,0.0852,4
2048,n<=32,sr>70%,kvB<=16k,kp=0,0.1036,4
2048,n<=32,sr>70%,kvB<=1k,kp<=1k,0.6911,3
2048,n<=32,sr>70%,kvB<=1k,kp<=2k,0.5776,4
2048,n<=32,sr>70%,kvB<=1k,kp<=4k,0.5539,4
2048,n<=32,sr>70%,kvB<=1k,kp<=512,0.5842,4
2048,n<=32,sr>70%,kvB<=1k,kp<=8k,0.2101,4
2048,n<=32,sr>70%,kvB<=1k,kp=0,0.3104,4
2048,n<=32,sr>70%,kvB<=4k,kp<=1k,0.2387,4
2048,n<=32,sr>70%,kvB<=4k,kp<=2k,0.0452,4
2048,n<=32,sr>70%,kvB<=4k,kp<=4k,0.4601,4
2048,n<=32,sr>70%,kvB<=4k,kp<=512,0.0808,4
2048,n<=32,sr>70%,kvB<=4k,kp<=8k,0.199,4
2048,n<=32,sr>70%,kvB<=4k,kp=0,0.1344,4
2048,n<=4,sr<=40%,kvB<=16k,kp<=1k,0.3601,2
2048,n<=4,sr<=40%,kvB<=16k,kp<=2k,0.33,2
2048,n<=4,sr<=40%,kvB<=16k,kp<=4k,0.3315,2
2048,n<=4,sr<=40%,kvB<=16k,kp<=512,0.2927,2
2048,n<=4,sr<=40%,kvB<=16k,kp<=8k,0.1922,2
2048,n<=4,sr<=40%,kvB<=16k,kp=0,0.2511,2
2048,n<=4,sr<=40%,kvB<=1k,kp<=1k,-0.6318,2
2048,n<=4,sr<=40%,kvB<=1k,kp<=2k,0.2599,2
2048,n<=4,sr<=40%,kvB<=1k,kp<=4k,0.1104,1
2048,n<=4,sr<=40%,kvB<=1k,kp<=512,-2.6094,2
2048,n<=4,sr<=40%,kvB<=1k,kp<=8k,0.505,1
2048,n<=4,sr<=40%,kvB<=1k,kp=0,0.7312,2
2048,n<=4,sr<=40%,kvB<=4k,kp<=1k,0.2487,2
2048,n<=4,sr<=40%,kvB<=4k,kp<=2k,-0.1459,2
2048,n<=4,sr<=40%,kvB<=4k,kp<=4k,0.4225,2
2048,n<=4,sr<=40%,kvB<=4k,kp<=512,0.2286,2
2048,n<=4,sr<=40%,kvB<=4k,kp<=8k,0.469,1
2048,n<=4,sr<=40%,kvB<=4k,kp=0,0.2688,2
2048,n<=4,sr<=70%,kvB<=16k,kp<=1k,0.197,2
2048,n<=4,sr<=70%,kvB<=16k,kp<=2k,0.2875,2
2048,n<=4,sr<=70%,kvB<=16k,kp<=4k,0.0483,2
2048,n<=4,sr<=70%,kvB<=16k,kp<=512,0.2282,2
2048,n<=4,sr<=70%,kvB<=16k,kp<=8k,0.5731,2
2048,n<=4,sr<=70%,kvB<=16k,kp=0,0.2894,2
2048,n<=4,sr<=70%,kvB<=1k,kp<=1k,0.9939,2
2048,n<=4,sr<=70%,kvB<=1k,kp<=2k,0.3397,1
2048,n<=4,sr<=70%,kvB<=1k,kp<=4k,1.7066,2
2048,n<=4,sr<=70%,kvB<=1k,kp<=512,-0.112,2
2048,n<=4,sr<=70%,kvB<=1k,kp<=8k,1.8597,1
2048,n<=4,sr<=70%,kvB<=1k,kp=0,0.5102,2
2048,n<=4,sr<=70%,kvB<=4k,kp<=1k,0.4033,2
2048,n<=4,sr<=70%,kvB<=4k,kp<=2k,-0.0494,2
2048,n<=4,sr<=70%,kvB<=4k,kp<=4k,-0.0106,1
2048,n<=4,sr<=70%,kvB<=4k,kp<=512,-0.0304,2
2048,n<=4,sr<=70%,kvB<=4k,kp<=8k,0.6554,2
2048,n<=4,sr<=70%,kvB<=4k,kp=0,0.4393,2
2048,n<=4,sr>70%,kvB<=16k,kp<=1k,0.165,2
2048,n<=4,sr>70%,kvB<=16k,kp<=2k,0.2831,2
2048,n<=4,sr>70%,kvB<=16k,kp<=4k,-0.4717,2
2048,n<=4,sr>70%,kvB<=16k,kp<=512,0.1727,2
2048,n<=4,sr>70%,kvB<=16k,kp<=8k,0.4534,1
2048,n<=4,sr>70%,kvB<=16k,kp=0,0.1094,2
2048,n<=4,sr>70%,kvB<=1k,kp<=1k,0.4227,2
2048,n<=4,sr>70%,kvB<=1k,kp<=512,0.1794,1
2048,n<=4,sr>70%,kvB<=1k,kp<=8k,0.0697,1
2048,n<=4,sr>70%,kvB<=1k,kp=0,0.7182,1
2048,n<=4,sr>70%,kvB<=4k,kp<=1k,0.4042,2
2048,n<=4,sr>70%,kvB<=4k,kp<=2k,-0.6039,1
2048,n<=4,sr>70%,kvB<=4k,kp<=4k,1.0706,1
2048,n<=4,sr>70%,kvB<=4k,kp<=512,0.0024,2
2048,n<=4,sr>70%,kvB<=4k,kp<=8k,-0.2725,1
2048,n<=4,sr>70%,kvB<=4k,kp=0,0.0119,2
2048,n<=64,sr<=15%,kvB<=16k,kp<=1k,-0.0012,4
2048,n<=64,sr<=15%,kvB<=16k,kp<=2k,0.0038,4
2048,n<=64,sr<=15%,kvB<=16k,kp<=4k,0.0031,4
2048,n<=64,sr<=15%,kvB<=16k,kp<=512,-0.0044,4
2048,n<=64,sr<=15%,kvB<=16k,kp<=8k,0.0175,4
2048,n<=64,sr<=15%,kvB<=16k,kp=0,0.0002,4
2048,n<=64,sr<=15%,kvB<=1k,kp<=1k,0.0863,4
2048,n<=64,sr<=15%,kvB<=1k,kp<=2k,0.0001,4
2048,n<=64,sr<=15%,kvB<=1k,kp<=4k,0.0627,4
2048,n<=64,sr<=15%,kvB<=1k,kp<=512,0.0775,4
2048,n<=64,sr<=15%,kvB<=1k,kp<=8k,0.1188,4
2048,n<=64,sr<=15%,kvB<=1k,kp=0,0.094,4
2048,n<=64,sr<=15%,kvB<=4k,kp<=1k,0.0255,4
2048,n<=64,sr<=15%,kvB<=4k,kp<=2k,0.0291,4
2048,n<=64,sr<=15%,kvB<=4k,kp<=4k,0.0668,4
2048,n<=64,sr<=15%,kvB<=4k,kp<=512,0.0206,4
2048,n<=64,sr<=15%,kvB<=4k,kp<=8k,-0.0379,4
2048,n<=64,sr<=15%,kvB<=4k,kp=0,0.0179,4
2048,n<=64,sr<=40%,kvB<=16k,kp<=1k,-0.0205,2
2048,n<=64,sr<=40%,kvB<=16k,kp<=2k,-0.0171,2
2048,n<=64,sr<=40%,kvB<=16k,kp<=4k,-0.0003,2
2048,n<=64,sr<=40%,kvB<=16k,kp<=512,-0.0136,2
2048,n<=64,sr<=40%,kvB<=16k,kp<=8k,0.0047,2
2048,n<=64,sr<=40%,kvB<=16k,kp=0,-0.0133,2
2048,n<=64,sr<=40%,kvB<=1k,kp<=1k,0.162,2
2048,n<=64,sr<=40%,kvB<=1k,kp<=2k,-0.102,2
2048,n<=64,sr<=40%,kvB<=1k,kp<=4k,-0.0935,2
2048,n<=64,sr<=40%,kvB<=1k,kp<=512,0.185,2
2048,n<=64,sr<=40%,kvB<=1k,kp<=8k,-0.0181,2
2048,n<=64,sr<=40%,kvB<=1k,kp=0,0.1076,2
2048,n<=64,sr<=40%,kvB<=4k,kp<=1k,-0.0148,2
2048,n<=64,sr<=40%,kvB<=4k,kp<=2k,-0.0351,2
2048,n<=64,sr<=40%,kvB<=4k,kp<=4k,-0.0226,2
2048,n<=64,sr<=40%,kvB<=4k,kp<=512,-0.0142,2
2048,n<=64,sr<=40%,kvB<=4k,kp<=8k,-0.057,2
2048,n<=64,sr<=40%,kvB<=4k,kp=0,-0.0308,2
2048,n<=64,sr<=5%,kvB<=16k,kp<=1k,0.0086,6
2048,n<=64,sr<=5%,kvB<=16k,kp<=2k,0.0073,6
2048,n<=64,sr<=5%,kvB<=16k,kp<=4k,0.0104,6
2048,n<=64,sr<=5%,kvB<=16k,kp<=512,0.0045,6
2048,n<=64,sr<=5%,kvB<=16k,kp<=8k,0.015,6
2048,n<=64,sr<=5%,kvB<=16k,kp=0,0.007,6
2048,n<=64,sr<=5%,kvB<=1k,kp<=1k,0.0421,6
2048,n<=64,sr<=5%,kvB<=1k,kp<=2k,0.0967,6
2048,n<=64,sr<=5%,kvB<=1k,kp<=4k,0.0903,6
2048,n<=64,sr<=5%,kvB<=1k,kp<=512,0.0367,6
2048,n<=64,sr<=5%,kvB<=1k,kp<=8k,0.1247,6
2048,n<=64,sr<=5%,kvB<=1k,kp=0,0.0468,6
2048,n<=64,sr<=5%,kvB<=4k,kp<=1k,0.0136,6
2048,n<=64,sr<=5%,kvB<=4k,kp<=2k,-0.0003,6
2048,n<=64,sr<=5%,kvB<=4k,kp<=4k,-0.0097,6
2048,n<=64,sr<=5%,kvB<=4k,kp<=512,0.0323,6
2048,n<=64,sr<=5%,kvB<=4k,kp<=8k,-0.0159,6
2048,n<=64,sr<=5%,kvB<=4k,kp=0,0.0168,6
2048,n<=64,sr<=70%,kvB<=16k,kp<=1k,-0.0415,2
2048,n<=64,sr<=70%,kvB<=16k,kp<=2k,-0.035,2
2048,n<=64,sr<=70%,kvB<=16k,kp<=4k,-0.0161,2
2048,n<=64,sr<=70%,kvB<=16k,kp<=512,-0.0353,2
2048,n<=64,sr<=70%,kvB<=16k,kp<=8k,-0.0472,2
2048,n<=64,sr<=70%,kvB<=16k,kp=0,-0.0313,2
2048,n<=64,sr<=70%,kvB<=1k,kp<=1k,-0.2482,2
2048,n<=64,sr<=70%,kvB<=1k,kp<=2k,0.1713,2
2048,n<=64,sr<=70%,kvB<=1k,kp<=4k,0.2257,2
2048,n<=64,sr<=70%,kvB<=1k,kp<=512,0.2061,2
2048,n<=64,sr<=70%,kvB<=1k,kp<=8k,-0.164,2
2048,n<=64,sr<=70%,kvB<=1k,kp=0,0.1838,2
2048,n<=64,sr<=70%,kvB<=4k,kp<=1k,-0.0559,2
2048,n<=64,sr<=70%,kvB<=4k,kp<=2k,-0.0486,2
2048,n<=64,sr<=70%,kvB<=4k,kp<=4k,0.0814,2
2048,n<=64,sr<=70%,kvB<=4k,kp<=512,-0.0239,2
2048,n<=64,sr<=70%,kvB<=4k,kp<=8k,-0.0122,2
2048,n<=64,sr<=70%,kvB<=4k,kp=0,-0.0647,2
2048,n<=64,sr>70%,kvB<=16k,kp<=1k,-0.0436,4
2048,n<=64,sr>70%,kvB<=16k,kp<=2k,-0.0454,4
2048,n<=64,sr>70%,kvB<=16k,kp<=4k,-0.0819,4
2048,n<=64,sr>70%,kvB<=16k,kp<=512,-0.0356,4
2048,n<=64,sr>70%,kvB<=16k,kp<=8k,-0.0839,4
2048,n<=64,sr>70%,kvB<=16k,kp=0,-0.0251,4
2048,n<=64,sr>70%,kvB<=1k,kp<=1k,0.3863,4
2048,n<=64,sr>70%,kvB<=1k,kp<=2k,0.616,3
2048,n<=64,sr>70%,kvB<=1k,kp<=4k,-0.2207,3
2048,n<=64,sr>70%,kvB<=1k,kp<=512,0.4467,4
2048,n<=64,sr>70%,kvB<=1k,kp<=8k,0.314,4
2048,n<=64,sr>70%,kvB<=1k,kp=0,0.2067,4
2048,n<=64,sr>70%,kvB<=4k,kp<=1k,0.0231,4
2048,n<=64,sr>70%,kvB<=4k,kp<=2k,0.0848,4
2048,n<=64,sr>70%,kvB<=4k,kp<=4k,-0.0098,4
2048,n<=64,sr>70%,kvB<=4k,kp<=512,0.0199,4
2048,n<=64,sr>70%,kvB<=4k,kp<=8k,-0.1822,4
2048,n<=64,sr>70%,kvB<=4k,kp=0,-0.0235,4
2048,n<=8,sr<=15%,kvB<=16k,kp<=1k,0.1727,2
2048,n<=8,sr<=15%,kvB<=16k,kp<=2k,0.1598,2
2048,n<=8,sr<=15%,kvB<=16k,kp<=4k,0.1413,2
2048,n<=8,sr<=15%,kvB<=16k,kp<=512,0.1347,2
2048,n<=8,sr<=15%,kvB<=16k,kp<=8k,-0.009,2
2048,n<=8,sr<=15%,kvB<=16k,kp=0,0.1461,2
2048,n<=8,sr<=15%,kvB<=1k,kp<=1k,0.15,2
2048,n<=8,sr<=15%,kvB<=1k,kp<=2k,0.1307,1
2048,n<=8,sr<=15%,kvB<=1k,kp<=4k,0.2879,2
2048,n<=8,sr<=15%,kvB<=1k,kp<=512,0.1165,2
2048,n<=8,sr<=15%,kvB<=1k,kp<=8k,2.1798,2
2048,n<=8,sr<=15%,kvB<=1k,kp=0,-0.113,2
2048,n<=8,sr<=15%,kvB<=4k,kp<=1k,0.0779,2
2048,n<=8,sr<=15%,kvB<=4k,kp<=2k,0.0216,2
2048,n<=8,sr<=15%,kvB<=4k,kp<=4k,0.0179,2
2048,n<=8,sr<=15%,kvB<=4k,kp<=512,0.1544,2
2048,n<=8,sr<=15%,kvB<=4k,kp<=8k,-0.5897,2
2048,n<=8,sr<=15%,kvB<=4k,kp=0,0.1845,2
2048,n<=8,sr<=40%,kvB<=16k,kp<=1k,0.1479,4
2048,n<=8,sr<=40%,kvB<=16k,kp<=2k,0.1883,4
2048,n<=8,sr<=40%,kvB<=16k,kp<=4k,0.153,4
2048,n<=8,sr<=40%,kvB<=16k,kp<=512,0.1662,4
2048,n<=8,sr<=40%,kvB<=16k,kp<=8k,0.1748,4
2048,n<=8,sr<=40%,kvB<=16k,kp=0,0.1297,4
2048,n<=8,sr<=40%,kvB<=1k,kp<=1k,-0.0586,4
2048,n<=8,sr<=40%,kvB<=1k,kp<=2k,0.0856,4
2048,n<=8,sr<=40%,kvB<=1k,kp<=4k,-0.056,2
2048,n<=8,sr<=40%,kvB<=1k,kp<=512,0.3341,4
2048,n<=8,sr<=40%,kvB<=1k,kp<=8k,0.0568,3
2048,n<=8,sr<=40%,kvB<=1k,kp=0,-0.2881,4
2048,n<=8,sr<=40%,kvB<=4k,kp<=1k,0.1362,4
2048,n<=8,sr<=40%,kvB<=4k,kp<=2k,0.014,4
2048,n<=8,sr<=40%,kvB<=4k,kp<=4k,-0.0813,2
2048,n<=8,sr<=40%,kvB<=4k,kp<=512,0.1047,4
2048,n<=8,sr<=40%,kvB<=4k,kp<=8k,0.3179,4
2048,n<=8,sr<=40%,kvB<=4k,kp=0,0.1317,4
2048,n<=8,sr<=70%,kvB<=16k,kp<=1k,0.1106,2
2048,n<=8,sr<=70%,kvB<=16k,kp<=2k,0.2047,2
2048,n<=8,sr<=70%,kvB<=16k,kp<=4k,0.2961,2
2048,n<=8,sr<=70%,kvB<=16k,kp<=512,0.1944,2
2048,n<=8,sr<=70%,kvB<=16k,kp<=8k,0.1944,2
2048,n<=8,sr<=70%,kvB<=16k,kp=0,0.139,2
2048,n<=8,sr<=70%,kvB<=1k,kp<=1k,0.0694,1
2048,n<=8,sr<=70%,kvB<=1k,kp<=2k,-0.1595,2
2048,n<=8,sr<=70%,kvB<=1k,kp<=4k,2.8248,2
2048,n<=8,sr<=70%,kvB<=1k,kp<=512,0.4247,2
2048,n<=8,sr<=70%,kvB<=1k,kp<=8k,0.1521,1
2048,n<=8,sr<=70%,kvB<=1k,kp=0,0.3214,2
2048,n<=8,sr<=70%,kvB<=4k,kp<=1k,0.2603,2
2048,n<=8,sr<=70%,kvB<=4k,kp<=2k,0.0429,2
2048,n<=8,sr<=70%,kvB<=4k,kp<=4k,0.2609,2
2048,n<=8,sr<=70%,kvB<=4k,kp<=512,0.1162,2
2048,n<=8,sr<=70%,kvB<=4k,kp<=8k,-1.45,1
2048,n<=8,sr<=70%,kvB<=4k,kp=0,0.2154,2
2048,n<=8,sr>70%,kvB<=16k,kp<=1k,0.1168,4
2048,n<=8,sr>70%,kvB<=16k,kp<=2k,0.1957,4
2048,n<=8,sr>70%,kvB<=16k,kp<=4k,0.0899,4
2048,n<=8,sr>70%,kvB<=16k,kp<=512,0.1467,4
2048,n<=8,sr>70%,kvB<=16k,kp<=8k,0.0898,4
2048,n<=8,sr>70%,kvB<=16k,kp=0,0.1051,4
2048,n<=8,sr>70%,kvB<=1k,kp<=1k,0.6547,4
2048,n<=8,sr>70%,kvB<=1k,kp<=2k,1.0213,3
2048,n<=8,sr>70%,kvB<=1k,kp<=512,0.1906,4
2048,n<=8,sr>70%,kvB<=1k,kp<=8k,-0.0546,4
2048,n<=8,sr>70%,kvB<=1k,kp=0,1.219,3
2048,n<=8,sr>70%,kvB<=4k,kp<=1k,0.4382,4
2048,n<=8,sr>70%,kvB<=4k,kp<=2k,-0.2315,4
2048,n<=8,sr>70%,kvB<=4k,kp<=4k,0.8945,3
2048,n<=8,sr>70%,kvB<=4k,kp<=512,0.2653,4
2048,n<=8,sr>70%,kvB<=4k,kp<=8k,-1.1307,3
2048,n<=8,sr>70%,kvB<=4k,kp=0,0.1339,4
