prefill_chunk,kv_prefill,n_decode,kv_decode,time_us
0,0,1,16,8.35233
0,0,1,32,8.45867
0,0,1,64,8.437
0,0,1,128,11.936
0,0,1,256,12.2347
0,0,1,512,12.6507
0,0,1,1024,14.592
0,0,1,2048,18.795
0,0,1,4096,27.157
0,0,1,8192,37.9733
0,0,1,16384,62.3787
0,0,2,16,12.5653
0,0,2,32,12.704
0,0,2,64,12.8633
0,0,2,128,15.3923
0,0,2,256,15.8513
0,0,2,512,16.7577
0,0,2,1024,20.6177
0,0,2,2048,27.5193
0,0,2,4096,38.806
0,0,2,8192,62.3257
0,0,2,16384,106.677
0,0,4,16,12.8527
0,0,4,32,13.046
0,0,4,64,12.9597
0,0,4,128,15.8827
0,0,4,256,17.067
0,0,4,512,19.4673
0,0,4,1024,26.304
0,0,4,2048,37.7173
0,0,4,4096,59.4563
0,0,4,8192,106.795
0,0,4,16384,194.699
0,0,8,16,13.205
0,0,8,32,13.2383
0,0,8,64,13.643
0,0,8,128,16.608
0,0,8,256,20.5443
0,0,8,512,25.206
0,0,8,1024,36.9283
0,0,8,2048,60.4047
0,0,8,4096,108.16
0,0,8,8192,196.268
0,0,8,16384,373.653
0,0,16,16,13.1517
0,0,16,32,13.632
0,0,16,64,14.3467
0,0,16,128,20.0743
0,0,16,256,26.027
0,0,16,512,36.1707
0,0,16,1024,60.288
0,0,16,2048,110.304
0,0,16,4096,205.037
0,0,16,8192,379.735
0,0,16,16384,729.303
0,0,32,16,17.888
0,0,32,32,18.208
0,0,32,64,19.7977
0,0,32,128,26.1327
0,0,32,256,37.291
0,0,32,512,63.19
0,0,32,1024,119.286
0,0,32,2048,212.277
0,0,32,4096,390.336
0,0,32,8192,742.958
0,0,32,16384,1441.75
0,0,64,16,22.8047
0,0,64,32,23.7437
0,0,64,64,26.5497
0,0,64,128,39.093
0,0,64,256,68.5337
0,0,64,512,127.446
0,0,64,1024,221.237
0,0,64,2048,397.729
0,0,64,4096,753.506
0,0,64,8192,1458.02
0,0,64,16384,2855.09
0,0,128,16,35.798
0,0,128,32,37.0237
0,0,128,64,44.2347
0,0,128,128,74.3043
0,0,128,256,134.774
0,0,128,512,229.077
0,0,128,1024,404.865
0,0,128,2048,760.119
0,0,128,4096,1461.14
0,0,128,8192,2854.95
0,0,128,16384,5654.07
0,0,256,16,62.262
0,0,256,32,64.4903
0,0,256,64,76.2137
0,0,256,128,125.036
0,0,256,256,220.705
0,0,256,512,397.324
0,0,256,1024,754.755
0,0,256,2048,1452.78
0,0,256,4096,2856.19
0,0,256,8192,5645.5
0,0,256,16384,11238.9
16,0,0,0,7.76533
16,0,1,16,7.936
16,0,1,32,7.92533
16,0,1,64,7.968
16,0,1,128,9.72733
16,0,1,256,12.2987
16,0,1,512,17.259
16,0,1,1024,28.1387
16,0,1,2048,50.432
16,0,1,4096,94.795
16,0,1,8192,184.96
16,0,1,16384,363.893
16,0,2,16,7.72233
16,0,2,32,7.74333
16,0,2,64,7.744
16,0,2,128,9.707
16,0,2,256,12.3733
16,0,2,512,17.387
16,0,2,1024,28.2033
16,0,2,2048,50.4213
16,0,2,4096,95.008
16,0,2,8192,185.814
16,0,2,16384,362.23
16,0,4,16,7.82933
16,0,4,32,7.819
16,0,4,64,7.89333
16,0,4,128,9.888
16,0,4,256,12.534
16,0,4,512,17.7063
16,0,4,1024,29.1517
16,0,4,2048,51.755
16,0,4,4096,97.3547
16,0,4,8192,188.971
16,0,4,16384,367.03
16,0,8,16,12.4057
16,0,8,32,12.224
16,0,8,64,12.4157
16,0,8,128,16.6827
16,0,8,256,22.1653
16,0,8,512,32.7253
16,0,8,1024,55.2537
16,0,8,2048,99.8507
16,0,8,4096,189.056
16,0,8,8192,372.609
16,0,8,16384,733.571
16,0,16,16,16.405
16,0,16,32,16.5763
16,0,16,64,16.7673
16,0,16,128,24.1283
16,0,16,256,32.2557
16,0,16,512,48.7143
16,0,16,1024,82.4107
16,0,16,2048,148.768
16,0,16,4096,280.683
16,0,16,8192,562.347
16,0,16,16384,1100.45
16,0,32,16,28.8853
16,0,32,32,28.992
16,0,32,64,29.4933
16,0,32,128,44.2243
16,0,32,256,61.355
16,0,32,512,94.8697
16,0,32,1024,165.664
16,0,32,2048,294.774
16,0,32,4096,575.085
16,0,32,8192,1181.34
16,0,32,16384,2308.06
16,0,64,16,52.4907
16,0,64,32,52.8323
16,0,64,64,54.1653
16,0,64,128,82.528
16,0,64,256,115.926
16,0,64,512,181.249
16,0,64,1024,310.496
16,0,64,2048,553.431
16,0,64,4096,1436.27
16,0,64,8192,2908.61
16,0,64,16384,5889.57
16,0,128,16,96.0853
16,0,128,32,97.28
16,0,128,64,101.419
16,0,128,128,163.307
16,0,128,256,241.334
16,0,128,512,388.183
16,0,128,1024,671.672
16,0,128,2048,1541.35
16,0,128,4096,4299.36
16,0,128,8192,8722.76
16,0,128,16384,21061.1
16,16,0,0,8.192
16,16,1,16,8.032
16,16,1,32,8.17067
16,16,1,64,8.14933
16,16,1,128,9.74933
16,16,1,256,12.405
16,16,1,512,17.3547
16,16,1,1024,28.2347
16,16,1,2048,50.7417
16,16,1,4096,95.403
16,16,1,8192,185.654
16,16,1,16384,365.485
16,16,2,16,8.01067
16,16,2,32,8.08533
16,16,2,64,8.04267
16,16,2,128,9.824
16,16,2,256,12.3843
16,16,2,512,17.5467
16,16,2,1024,28.1927
16,16,2,2048,50.464
16,16,2,4096,95.2113
16,16,2,8192,185.708
16,16,2,16384,363.81
16,16,4,16,8.118
16,16,4,32,8.05367
16,16,4,64,8.19167
16,16,4,128,9.96233
16,16,4,256,12.651
16,16,4,512,18.0053
16,16,4,1024,29.344
16,16,4,2048,51.8943
16,16,4,4096,97.2693
16,16,4,8192,188.161
16,16,4,16384,366.167
16,16,8,16,12.278
16,16,8,32,12.4583
16,16,8,64,12.864
16,16,8,128,16.7367
16,16,8,256,22.08
16,16,8,512,32.811
16,16,8,1024,55.5093
16,16,8,2048,99.6373
16,16,8,4096,189.387
16,16,8,8192,373.089
16,16,8,16384,737.124
16,16,16,16,16.747
16,16,16,32,16.8103
16,16,16,64,17.131
16,16,16,128,23.9573
16,16,16,256,32.4163
16,16,16,512,49.0987
16,16,16,1024,82.6027
16,16,16,2048,148.641
16,16,16,4096,281.526
16,16,16,8192,563.096
16,16,16,16384,1105.71
16,16,32,16,28.9707
16,16,32,32,29.0563
16,16,32,64,29.8347
16,16,32,128,44.373
16,16,32,256,61.1953
16,16,32,512,95.4037
16,16,32,1024,166.049
16,16,32,2048,294.604
16,16,32,4096,574.254
16,16,32,8192,1178.63
16,16,32,16384,2308.76
16,16,64,16,52.5013
16,16,64,32,52.896
16,16,64,64,54.2723
16,16,64,128,82.422
16,16,64,256,116.693
16,16,64,512,182.219
16,16,64,1024,310.561
16,16,64,2048,553.815
16,16,64,4096,1437.52
16,16,64,8192,2908.31
16,16,64,16384,5869.72
16,16,128,16,95.9367
16,16,128,32,97.3227
16,16,128,64,101.643
16,16,128,128,163.584
16,16,128,256,241.014
16,16,128,512,389.739
16,16,128,1024,672.759
16,16,128,2048,1550.43
16,16,128,4096,4299.16
16,16,128,8192,8611.83
16,16,128,16384,21387.6
16,32,0,0,8.27733
16,32,1,16,8.17033
16,32,1,32,8.171
16,32,1,64,8.24567
16,32,1,128,9.80267
16,32,1,256,12.3517
16,32,1,512,17.3653
16,32,1,1024,28.1497
16,32,1,2048,50.7197
16,32,1,4096,94.6133
16,32,1,8192,185.088
16,32,1,16384,365.259
16,32,2,16,8.064
16,32,2,32,8.032
16,32,2,64,8.256
16,32,2,128,9.792
16,32,2,256,12.406
16,32,2,512,17.5253
16,32,2,1024,28.4167
16,32,2,2048,50.4533
16,32,2,4096,94.7943
16,32,2,8192,185.206
16,32,2,16384,363.936
16,32,4,16,8.04267
16,32,4,32,8.09567
16,32,4,64,8.22367
16,32,4,128,10.0483
16,32,4,256,12.7253
16,32,4,512,17.92
16,32,4,1024,29.217
16,32,4,2048,51.9257
16,32,4,4096,97.248
16,32,4,8192,188.182
16,32,4,16384,368.588
16,32,8,16,12.3523
16,32,8,32,12.5973
16,32,8,64,12.7887
16,32,8,128,16.6827
16,32,8,256,21.9413
16,32,8,512,32.8533
16,32,8,1024,55.3067
16,32,8,2048,99.6903
16,32,8,4096,189.782
16,32,8,8192,373.142
16,32,8,16384,736.663
16,32,16,16,16.7897
16,32,16,32,16.853
16,32,16,64,17.28
16,32,16,128,23.8397
16,32,16,256,32.2137
16,32,16,512,48.7687
16,32,16,1024,82.784
16,32,16,2048,148.214
16,32,16,4096,280.95
16,32,16,8192,562.434
16,32,16,16384,1102.79
16,32,32,16,29.0243
16,32,32,32,29.0667
16,32,32,64,29.92
16,32,32,128,44.2243
16,32,32,256,61.2907
16,32,32,512,95.36
16,32,32,1024,165.803
16,32,32,2048,294.795
16,32,32,4096,576.673
16,32,32,8192,1179.14
16,32,32,16384,2316.62
16,32,64,16,52.608
16,32,64,32,52.8747
16,32,64,64,54.229
16,32,64,128,82.5393
16,32,64,256,116.801
16,32,64,512,181.643
16,32,64,1024,309.686
16,32,64,2048,554.829
16,32,64,4096,1434.82
16,32,64,8192,2909.42
16,32,64,16384,5865.16
16,32,128,16,96.118
16,32,128,32,97.377
16,32,128,64,101.419
16,32,128,128,163.958
16,32,128,256,241.036
16,32,128,512,388.983
16,32,128,1024,671.81
16,32,128,2048,1536.53
16,32,128,4096,4300.23
16,32,128,8192,8636.83
16,32,128,16384,21300.9
16,64,0,0,8.395
16,64,1,16,8.128
16,64,1,32,8.288
16,64,1,64,8.16033
16,64,1,128,9.84533
16,64,1,256,12.427
16,64,1,512,17.376
16,64,1,1024,28.074
16,64,1,2048,50.5067
16,64,1,4096,94.88
16,64,1,8192,185.12
16,64,1,16384,365.803
16,64,2,16,8.01067
16,64,2,32,8.032
16,64,2,64,8.23467
16,64,2,128,9.76
16,64,2,256,12.4267
16,64,2,512,17.4293
16,64,2,1024,28.2243
16,64,2,2048,50.6883
16,64,2,4096,95.0837
16,64,2,8192,185.088
16,64,2,16384,363.51
16,64,4,16,8.13867
16,64,4,32,8.11733
16,64,4,64,8.37367
16,64,4,128,9.99467
16,64,4,256,12.747
16,64,4,512,17.952
16,64,4,1024,28.9703
16,64,4,2048,52.0317
16,64,4,4096,97.5577
16,64,4,8192,188.065
16,64,4,16384,368.672
16,64,8,16,12.5333
16,64,8,32,12.491
16,64,8,64,12.9383
16,64,8,128,16.64
16,64,8,256,22.208
16,64,8,512,32.8643
16,64,8,1024,55.4453
16,64,8,2048,99.456
16,64,8,4096,189.312
16,64,8,8192,373.077
16,64,8,16384,736.919
16,64,16,16,16.758
16,64,16,32,16.7467
16,64,16,64,17.4833
16,64,16,128,23.8823
16,64,16,256,32.3627
16,64,16,512,48.768
16,64,16,1024,82.7517
16,64,16,2048,148.672
16,64,16,4096,280.501
16,64,16,8192,563.435
16,64,16,16384,1105.27
16,64,32,16,28.9493
16,64,32,32,29.2477
16,64,32,64,29.995
16,64,32,128,44.245
16,64,32,256,61.355
16,64,32,512,95.456
16,64,32,1024,165.771
16,64,32,2048,294.753
16,64,32,4096,575.906
16,64,32,8192,1179.87
16,64,32,16384,2314.1
16,64,64,16,52.651
16,64,64,32,52.8427
16,64,64,64,54.2297
16,64,64,128,82.699
16,64,64,256,116.672
16,64,64,512,182.112
16,64,64,1024,310.72
16,64,64,2048,553.997
16,64,64,4096,1439.38
16,64,64,8192,2908.89
16,64,64,16384,5851.38
16,64,128,16,96.3207
16,64,128,32,97.131
16,64,128,64,101.835
16,64,128,128,164.033
16,64,128,256,239.638
16,64,128,512,389.185
16,64,128,1024,673.207
16,64,128,2048,1539.67
16,64,128,4096,4299.44
16,64,128,8192,8643.99
16,64,128,16384,21538.5
16,128,0,0,10.4007
16,128,1,16,9.781
16,128,1,32,9.87767
16,128,1,64,9.85633
16,128,1,128,10.2503
16,128,1,256,12.1813
16,128,1,512,17.1517
16,128,1,1024,27.9783
16,128,1,2048,50.2727
16,128,1,4096,94.6347
16,128,1,8192,184.757
16,128,1,16384,364.309
16,128,2,16,9.696
16,128,2,32,9.68533
16,128,2,64,9.771
16,128,2,128,10.1873
16,128,2,256,12.1813
16,128,2,512,17.3123
16,128,2,1024,28.149
16,128,2,2048,50.134
16,128,2,4096,94.8163
16,128,2,8192,184.725
16,128,2,16384,361.761
16,128,4,16,9.696
16,128,4,32,9.80267
16,128,4,64,9.78133
16,128,4,128,10.3247
16,128,4,256,12.3943
16,128,4,512,17.771
16,128,4,1024,29.088
16,128,4,2048,51.8507
16,128,4,4096,97.568
16,128,4,8192,186.859
16,128,4,16384,366.944
16,128,8,16,14.6883
16,128,8,32,14.6457
16,128,8,64,14.976
16,128,8,128,17.2587
16,128,8,256,22.24
16,128,8,512,32.5653
16,128,8,1024,55.168
16,128,8,2048,99.445
16,128,8,4096,188.384
16,128,8,8192,372.385
16,128,8,16384,734.38
16,128,16,16,19.1253
16,128,16,32,19.232
16,128,16,64,19.7017
16,128,16,128,24.3313
16,128,16,256,31.9897
16,128,16,512,48.6087
16,128,16,1024,82.3687
16,128,16,2048,148.342
16,128,16,4096,280.299
16,128,16,8192,560.428
16,128,16,16384,1101.22
16,128,32,16,31.2427
16,128,32,32,31.328
16,128,32,64,32.2243
16,128,32,128,44.6297
16,128,32,256,60.928
16,128,32,512,94.5283
16,128,32,1024,165.013
16,128,32,2048,293.888
16,128,32,4096,573.27
16,128,32,8192,1177.38
16,128,32,16384,2308.42
16,128,64,16,52.544
16,128,64,32,52.992
16,128,64,64,54.2293
16,128,64,128,83.328
16,128,64,256,117.323
16,128,64,512,183.296
16,128,64,1024,309.75
16,128,64,2048,553.986
16,128,64,4096,1443.21
16,128,64,8192,2917.75
16,128,64,16384,5866.49
16,128,128,16,96.5337
16,128,128,32,97.4933
16,128,128,64,101.664
16,128,128,128,165.056
16,128,128,256,241.995
16,128,128,512,389.815
16,128,128,1024,672.898
16,128,128,2048,1542.94
16,128,128,4096,4297.74
16,128,128,8192,8656.3
16,128,128,16384,21527.7
16,256,0,0,13.0667
16,256,1,16,12.4803
16,256,1,32,12.4373
16,256,1,64,12.5867
16,256,1,128,12.3837
16,256,1,256,12.811
16,256,1,512,17.2693
16,256,1,1024,28.1597
16,256,1,2048,50.464
16,256,1,4096,94.773
16,256,1,8192,185.024
16,256,1,16384,364.929
16,256,2,16,12.4693
16,256,2,32,12.3947
16,256,2,64,12.4267
16,256,2,128,12.309
16,256,2,256,12.629
16,256,2,512,17.387
16,256,2,1024,28.3097
16,256,2,2048,50.272
16,256,2,4096,94.923
16,256,2,8192,184.395
16,256,2,16384,363.639
16,256,4,16,12.416
16,256,4,32,12.522
16,256,4,64,12.5223
16,256,4,128,12.576
16,256,4,256,12.992
16,256,4,512,18.027
16,256,4,1024,29.2693
16,256,4,2048,52.0327
16,256,4,4096,97.3227
16,256,4,8192,189.461
16,256,4,16384,367.926
16,256,8,16,17.3763
16,256,8,32,17.5147
16,256,8,64,17.664
16,256,8,128,19.8183
16,256,8,256,22.9013
16,256,8,512,32.8753
16,256,8,1024,55.2527
16,256,8,2048,99.9467
16,256,8,4096,189.312
16,256,8,8192,372.79
16,256,8,16384,736.727
16,256,16,16,21.888
16,256,16,32,21.9627
16,256,16,64,22.3893
16,256,16,128,27.2537
16,256,16,256,33.1943
16,256,16,512,49.045
16,256,16,1024,82.912
16,256,16,2048,148.395
16,256,16,4096,280.855
16,256,16,8192,561.901
16,256,16,16384,1105.5
16,256,32,16,34.2403
16,256,32,32,34.2397
16,256,32,64,35.3387
16,256,32,128,47.2857
16,256,32,256,61.899
16,256,32,512,94.4857
16,256,32,1024,165.974
16,256,32,2048,294.859
16,256,32,4096,574.669
16,256,32,8192,1182.57
16,256,32,16384,2311.11
16,256,64,16,55.456
16,256,64,32,56.2773
16,256,64,64,57.2587
16,256,64,128,84.3633
16,256,64,256,118.806
16,256,64,512,183.265
16,256,64,1024,311.425
16,256,64,2048,556.236
16,256,64,4096,1448.2
16,256,64,8192,2909.24
16,256,64,16384,5851.8
16,256,128,16,99.531
16,256,128,32,100.619
16,256,128,64,104.544
16,256,128,128,165.664
16,256,128,256,244.192
16,256,128,512,390.839
16,256,128,1024,672.728
16,256,128,2048,1548.41
16,256,128,4096,4304.56
16,256,128,8192,8610.21
16,256,128,16384,21462.1
16,512,0,0,17.8237
16,512,1,16,17.5893
16,512,1,32,17.5573
16,512,1,64,17.6213
16,512,1,128,17.4077
16,512,1,256,17.525
16,512,1,512,17.6323
16,512,1,1024,28.2023
16,512,1,2048,50.4427
16,512,1,4096,94.9763
16,512,1,8192,184.715
16,512,1,16384,364.277
16,512,2,16,17.5463
16,512,2,32,17.5787
16,512,2,64,17.4723
16,512,2,128,17.3547
16,512,2,256,17.4187
16,512,2,512,17.685
16,512,2,1024,28.2347
16,512,2,2048,50.5597
16,512,2,4096,95.2427
16,512,2,8192,184.789
16,512,2,16384,363.957
16,512,4,16,17.5687
16,512,4,32,17.6213
16,512,4,64,17.6853
16,512,4,128,17.7603
16,512,4,256,17.984
16,512,4,512,18.2507
16,512,4,1024,29.141
16,512,4,2048,52.1597
16,512,4,4096,97.8133
16,512,4,8192,189.376
16,512,4,16384,367.553
16,512,8,16,22.7413
16,512,8,32,22.7303
16,512,8,64,23.019
16,512,8,128,25.2373
16,512,8,256,28.2027
16,512,8,512,33.4083
16,512,8,1024,55.8723
16,512,8,2048,99.893
16,512,8,4096,189.515
16,512,8,8192,371.82
16,512,8,16384,736.087
16,512,16,16,27.264
16,512,16,32,27.3177
16,512,16,64,27.8403
16,512,16,128,32.576
16,512,16,256,38.0907
16,512,16,512,49.4827
16,512,16,1024,82.784
16,512,16,2048,149.078
16,512,16,4096,283.104
16,512,16,8192,563.158
16,512,16,16384,1105.39
16,512,32,16,39.52
16,512,32,32,39.861
16,512,32,64,40.608
16,512,32,128,52.6297
16,512,32,256,66.8373
16,512,32,512,95.2213
16,512,32,1024,166.155
16,512,32,2048,295.595
16,512,32,4096,575.66
16,512,32,8192,1181.61
16,512,32,16384,2314.91
16,512,64,16,62.624
16,512,64,32,62.9973
16,512,64,64,64.3093
16,512,64,128,88.395
16,512,64,256,120.288
16,512,64,512,184.033
16,512,64,1024,313.238
16,512,64,2048,555.959
16,512,64,4096,1447.11
16,512,64,8192,2914.06
16,512,64,16384,5829.53
16,512,128,16,105.067
16,512,128,32,105.963
16,512,128,64,110.241
16,512,128,128,167.808
16,512,128,256,244.331
16,512,128,512,391.073
16,512,128,1024,675.0
16,512,128,2048,1541.1
16,512,128,4096,4304.09
16,512,128,8192,8699.29
16,512,128,16384,21647.7
16,1024,0,0,28.8857
16,1024,1,16,28.2027
16,1024,1,32,28.2987
16,1024,1,64,28.256
16,1024,1,128,28.1917
16,1024,1,256,28.2877
16,1024,1,512,28.1493
16,1024,1,1024,28.5863
16,1024,1,2048,50.4
16,1024,1,4096,94.517
16,1024,1,8192,184.8
16,1024,1,16384,364.234
16,1024,2,16,28.064
16,1024,2,32,28.085
16,1024,2,64,28.1707
16,1024,2,128,28.0747
16,1024,2,256,28.235
16,1024,2,512,28.2667
16,1024,2,1024,28.5227
16,1024,2,2048,50.197
16,1024,2,4096,95.158
16,1024,2,8192,184.458
16,1024,2,16384,362.977
16,1024,4,16,28.1383
16,1024,4,32,28.288
16,1024,4,64,28.2353
16,1024,4,128,28.3517
16,1024,4,256,28.544
16,1024,4,512,29.0023
16,1024,4,1024,29.632
16,1024,4,2048,52.1813
16,1024,4,4096,98.336
16,1024,4,8192,189.589
16,1024,4,16384,368.161
16,1024,8,16,33.1523
16,1024,8,32,33.099
16,1024,8,64,33.0563
16,1024,8,128,35.7017
16,1024,8,256,38.496
16,1024,8,512,44.192
16,1024,8,1024,56.2667
16,1024,8,2048,100.608
16,1024,8,4096,189.867
16,1024,8,8192,369.473
16,1024,8,16384,735.917
16,1024,16,16,37.6213
16,1024,16,32,37.856
16,1024,16,64,38.208
16,1024,16,128,43.0293
16,1024,16,256,49.1943
16,1024,16,512,59.9577
16,1024,16,1024,83.1467
16,1024,16,2048,149.782
16,1024,16,4096,282.059
16,1024,16,8192,561.643
16,1024,16,16384,1099.48
16,1024,32,16,49.7497
16,1024,32,32,50.1973
16,1024,32,64,50.8053
16,1024,32,128,63.1357
16,1024,32,256,77.0447
16,1024,32,512,104.193
16,1024,32,1024,166.069
16,1024,32,2048,294.187
16,1024,32,4096,577.996
16,1024,32,8192,1181.7
16,1024,32,16384,2309.84
16,1024,64,16,73.888
16,1024,64,32,74.5387
16,1024,64,64,75.755
16,1024,64,128,102.017
16,1024,64,256,132.971
16,1024,64,512,191.073
16,1024,64,1024,315.533
16,1024,64,2048,564.151
16,1024,64,4096,1441.2
16,1024,64,8192,2918.45
16,1024,64,16384,5902.91
16,1024,128,16,116.747
16,1024,128,32,118.571
16,1024,128,64,122.677
16,1024,128,128,180.001
16,1024,128,256,252.929
16,1024,128,512,393.59
16,1024,128,1024,676.706
16,1024,128,2048,1529.32
16,1024,128,4096,4312.04
16,1024,128,8192,8688.63
16,1024,128,16384,21519.6
16,2048,0,0,51.2433
16,2048,1,16,50.4853
16,2048,1,32,50.485
16,2048,1,64,50.4003
16,2048,1,128,50.4643
16,2048,1,256,50.4533
16,2048,1,512,50.528
16,2048,1,1024,50.5387
16,2048,1,2048,51.1147
16,2048,1,4096,94.7947
16,2048,1,8192,185.067
16,2048,1,16384,363.264
16,2048,2,16,50.2507
16,2048,2,32,50.2293
16,2048,2,64,50.272
16,2048,2,128,50.4323
16,2048,2,256,50.3787
16,2048,2,512,50.816
16,2048,2,1024,50.8803
16,2048,2,2048,51.232
16,2048,2,4096,95.2743
16,2048,2,8192,185.653
16,2048,2,16384,364.48
16,2048,4,16,50.5177
16,2048,4,32,50.6243
16,2048,4,64,50.5497
16,2048,4,128,50.528
16,2048,4,256,50.934
16,2048,4,512,51.36
16,2048,4,1024,52.1493
16,2048,4,2048,53.408
16,2048,4,4096,99.2217
16,2048,4,8192,189.685
16,2048,4,16384,368.929
16,2048,8,16,53.7063
16,2048,8,32,53.7813
16,2048,8,64,54.2397
16,2048,8,128,56.4163
16,2048,8,256,59.669
16,2048,8,512,65.1093
16,2048,8,1024,76.928
16,2048,8,2048,101.643
16,2048,8,4096,190.304
16,2048,8,8192,367.851
16,2048,8,16384,738.989
16,2048,16,16,58.614
16,2048,16,32,58.4643
16,2048,16,64,58.9653
16,2048,16,128,64.1387
16,2048,16,256,70.016
16,2048,16,512,81.3973
16,2048,16,1024,104.203
16,2048,16,2048,150.347
16,2048,16,4096,281.761
16,2048,16,8192,557.622
16,2048,16,16384,1104.74
16,2048,32,16,70.912
16,2048,32,32,71.3287
16,2048,32,64,72.2137
16,2048,32,128,84.4697
16,2048,32,256,98.9867
16,2048,32,512,126.038
16,2048,32,1024,182.827
16,2048,32,2048,298.294
16,2048,32,4096,572.375
16,2048,32,8192,1185.07
16,2048,32,16384,2324.99
16,2048,64,16,95.7233
16,2048,64,32,96.235
16,2048,64,64,97.5467
16,2048,64,128,124.886
16,2048,64,256,156.566
16,2048,64,512,213.889
16,2048,64,1024,329.931
16,2048,64,2048,578.284
16,2048,64,4096,1418.85
16,2048,64,8192,2928.27
16,2048,64,16384,5904.95
16,2048,128,16,139.851
16,2048,128,32,141.931
16,2048,128,64,145.067
16,2048,128,128,201.793
16,2048,128,256,274.636
16,2048,128,512,412.598
16,2048,128,1024,683.81
16,2048,128,2048,1543.45
16,2048,128,4096,4333.41
16,2048,128,8192,8855.3
16,2048,128,16384,21609.9
16,4096,0,0,96.7363
16,4096,1,16,95.9683
16,4096,1,32,96.2557
16,4096,1,64,96.021
16,4096,1,128,96.1713
16,4096,1,256,96.0433
16,4096,1,512,95.7867
16,4096,1,1024,95.723
16,4096,1,2048,95.8937
16,4096,1,4096,95.8193
16,4096,1,8192,184.865
16,4096,1,16384,365.419
16,4096,2,16,94.8483
16,4096,2,32,95.0187
16,4096,2,64,94.901
16,4096,2,128,94.8807
16,4096,2,256,94.9653
16,4096,2,512,95.1253
16,4096,2,1024,95.542
16,4096,2,2048,95.414
16,4096,2,4096,95.8297
16,4096,2,8192,184.885
16,4096,2,16384,364.096
16,4096,4,16,94.7947
16,4096,4,32,94.9973
16,4096,4,64,94.8053
16,4096,4,128,95.1253
16,4096,4,256,95.4777
16,4096,4,512,95.9787
16,4096,4,1024,96.608
16,4096,4,2048,97.483
16,4096,4,4096,100.118
16,4096,4,8192,190.582
16,4096,4,16384,370.422
16,4096,8,16,95.456
16,4096,8,32,95.477
16,4096,8,64,95.3383
16,4096,8,128,97.9623
16,4096,8,256,100.682
16,4096,8,512,106.155
16,4096,8,1024,119.275
16,4096,8,2048,142.87
16,4096,8,4096,191.446
16,4096,8,8192,367.905
16,4096,8,16384,736.002
16,4096,16,16,100.224
16,4096,16,32,100.246
16,4096,16,64,100.31
16,4096,16,128,105.397
16,4096,16,256,111.968
16,4096,16,512,123.339
16,4096,16,1024,145.653
16,4096,16,2048,192.832
16,4096,16,4096,284.31
16,4096,16,8192,557.346
16,4096,16,16384,1110.15
16,4096,32,16,112.522
16,4096,32,32,112.555
16,4096,32,64,113.419
16,4096,32,128,125.985
16,4096,32,256,140.096
16,4096,32,512,168.577
16,4096,32,1024,225.472
16,4096,32,2048,336.267
16,4096,32,4096,594.594
16,4096,32,8192,1223.1
16,4096,32,16384,2506.54
16,4096,64,16,136.939
16,4096,64,32,137.195
16,4096,64,64,138.774
16,4096,64,128,167.744
16,4096,64,256,203.009
16,4096,64,512,262.603
16,4096,64,1024,378.209
16,4096,64,2048,599.554
16,4096,64,4096,1503.01
16,4096,64,8192,3169.41
16,4096,64,16384,7100.58
16,4096,128,16,184.502
16,4096,128,32,186.091
16,4096,128,64,190.486
16,4096,128,128,248.95
16,4096,128,256,318.391
16,4096,128,512,462.06
16,4096,128,1024,729.517
16,4096,128,2048,1555.28
16,4096,128,4096,4344.77
16,4096,128,8192,9389.56
16,4096,128,16384,21750.3
16,8192,0,0,187.361
16,8192,1,16,186.645
16,8192,1,32,186.528
16,8192,1,64,186.539
16,8192,1,128,186.325
16,8192,1,256,186.667
16,8192,1,512,186.39
16,8192,1,1024,186.645
16,8192,1,2048,186.752
16,8192,1,4096,185.878
16,8192,1,8192,186.56
16,8192,1,16384,365.878
16,8192,2,16,184.864
16,8192,2,32,184.971
16,8192,2,64,184.726
16,8192,2,128,185.056
16,8192,2,256,185.419
16,8192,2,512,185.1
16,8192,2,1024,185.014
16,8192,2,2048,185.131
16,8192,2,4096,185.227
16,8192,2,8192,185.397
16,8192,2,16384,363.979
16,8192,4,16,184.918
16,8192,4,32,184.993
16,8192,4,64,185.131
16,8192,4,128,185.345
16,8192,4,256,185.568
16,8192,4,512,185.313
16,8192,4,1024,186.251
16,8192,4,2048,186.86
16,8192,4,4096,190.006
16,8192,4,8192,192.907
16,8192,4,16384,372.438
16,8192,8,16,184.257
16,8192,8,32,184.534
16,8192,8,64,184.234
16,8192,8,128,184.854
16,8192,8,256,184.939
16,8192,8,512,188.683
16,8192,8,1024,200.95
16,8192,8,2048,224.48
16,8192,8,4096,274.144
16,8192,8,8192,378.444
16,8192,8,16384,730.487
16,8192,16,16,184.181
16,8192,16,32,184.341
16,8192,16,64,183.84
16,8192,16,128,188.246
16,8192,16,256,194.177
16,8192,16,512,205.248
16,8192,16,1024,228.512
16,8192,16,2048,274.646
16,8192,16,4096,368.055
16,8192,16,8192,577.624
16,8192,16,16384,1130.28
16,8192,32,16,195.232
16,8192,32,32,194.944
16,8192,32,64,196.044
16,8192,32,128,208.555
16,8192,32,256,223.467
16,8192,32,512,250.656
16,8192,32,1024,309.43
16,8192,32,2048,420.875
16,8192,32,4096,669.506
16,8192,32,8192,1231.15
16,8192,32,16384,2573.14
16,8192,64,16,219.51
16,8192,64,32,220.064
16,8192,64,64,221.43
16,8192,64,128,249.825
16,8192,64,256,284.022
16,8192,64,512,350.497
16,8192,64,1024,473.121
16,8192,64,2048,701.485
16,8192,64,4096,1541.79
16,8192,64,8192,3093.72
16,8192,64,16384,7125.4
16,8192,128,16,266.604
16,8192,128,32,268.257
16,8192,128,64,272.224
16,8192,128,128,334.593
16,8192,128,256,416.375
16,8192,128,512,555.757
16,8192,128,1024,822.243
16,8192,128,2048,1655.53
16,8192,128,4096,4466.75
16,8192,128,8192,8677.33
16,8192,128,16384,21760.5
16,16384,0,0,369.397
16,16384,1,16,363.009
16,16384,1,32,364.108
16,16384,1,64,362.869
16,16384,1,128,363.393
16,16384,1,256,363.393
16,16384,1,512,368.812
16,16384,1,1024,363.84
16,16384,1,2048,363.904
16,16384,1,4096,364.8
16,16384,1,8192,364.864
16,16384,1,16384,365.953
16,16384,2,16,362.422
16,16384,2,32,362.518
16,16384,2,64,361.75
16,16384,2,128,362.827
16,16384,2,256,365.717
16,16384,2,512,366.048
16,16384,2,1024,366.114
16,16384,2,2048,365.952
16,16384,2,4096,365.025
16,16384,2,8192,365.687
16,16384,2,16384,365.846
16,16384,4,16,364.075
16,16384,4,32,364.555
16,16384,4,64,364.427
16,16384,4,128,365.91
16,16384,4,256,365.526
16,16384,4,512,365.962
16,16384,4,1024,365.216
16,16384,4,2048,366.72
16,16384,4,4096,369.825
16,16384,4,8192,371.008
16,16384,4,16384,377.11
16,16384,8,16,362.357
16,16384,8,32,363.329
16,16384,8,64,364.172
16,16384,8,128,364.257
16,16384,8,256,365.889
16,16384,8,512,364.278
16,16384,8,1024,366.338
16,16384,8,2048,389.666
16,16384,8,4096,439.778
16,16384,8,8192,546.101
16,16384,8,16384,742.263
16,16384,16,16,363.937
16,16384,16,32,363.019
16,16384,16,64,364.0
16,16384,16,128,365.249
16,16384,16,256,364.673
16,16384,16,512,370.475
16,16384,16,1024,394.485
16,16384,16,2048,440.14
16,16384,16,4096,534.743
16,16384,16,8192,749.57
16,16384,16,16384,1132.65
16,16384,32,16,363.926
16,16384,32,32,363.371
16,16384,32,64,363.136
16,16384,32,128,373.302
16,16384,32,256,386.924
16,16384,32,512,416.108
16,16384,32,1024,474.539
16,16384,32,2048,585.805
16,16384,32,4096,835.245
16,16384,32,8192,1363.41
16,16384,32,16384,2425.65
16,16384,64,16,383.649
16,16384,64,32,385.516
16,16384,64,64,386.209
16,16384,64,128,414.241
16,16384,64,256,449.537
16,16384,64,512,513.889
16,16384,64,1024,641.09
16,16384,64,2048,887.79
16,16384,64,4096,1792.5
16,16384,64,8192,3080.93
16,16384,64,16384,6256.34
16,16384,128,16,432.908
16,16384,128,32,432.791
16,16384,128,64,436.78
16,16384,128,128,498.199
16,16384,128,256,580.578
16,16384,128,512,740.75
16,16384,128,1024,1029.13
16,16384,128,2048,1880.17
16,16384,128,4096,4663.76
16,16384,128,8192,9136.43
16,16384,128,16384,21729.1
32,0,0,0,8.075
32,0,1,16,7.904
32,0,1,32,7.98967
32,0,1,64,8.011
32,0,1,128,9.71733
32,0,1,256,12.4157
32,0,1,512,17.2913
32,0,1,1024,28.181
32,0,1,2048,50.5817
32,0,1,4096,95.232
32,0,1,8192,186.037
32,0,1,16384,364.428
32,0,2,16,7.893
32,0,2,32,7.87233
32,0,2,64,7.872
32,0,2,128,9.83467
32,0,2,256,12.3203
32,0,2,512,17.5043
32,0,2,1024,28.3093
32,0,2,2048,50.5813
32,0,2,4096,94.8907
32,0,2,8192,184.384
32,0,2,16384,364.128
32,0,4,16,7.91467
32,0,4,32,8.08533
32,0,4,64,7.93567
32,0,4,128,9.99467
32,0,4,256,12.5863
32,0,4,512,17.7387
32,0,4,1024,29.0027
32,0,4,2048,52.117
32,0,4,4096,98.048
32,0,4,8192,188.47
32,0,4,16384,367.563
32,0,8,16,12.2347
32,0,8,32,12.256
32,0,8,64,12.3413
32,0,8,128,16.576
32,0,8,256,22.165
32,0,8,512,32.8427
32,0,8,1024,55.5093
32,0,8,2048,99.5837
32,0,8,4096,189.419
32,0,8,8192,373.644
32,0,8,16384,736.544
32,0,16,16,16.618
32,0,16,32,16.683
32,0,16,64,16.9603
32,0,16,128,24.0217
32,0,16,256,32.4377
32,0,16,512,48.9927
32,0,16,1024,82.72
32,0,16,2048,148.555
32,0,16,4096,282.347
32,0,16,8192,562.209
32,0,16,16384,1103.22
32,0,32,16,28.9923
32,0,32,32,29.024
32,0,32,64,29.5037
32,0,32,128,44.2243
32,0,32,256,61.2487
32,0,32,512,95.2323
32,0,32,1024,165.899
32,0,32,2048,296.298
32,0,32,4096,577.719
32,0,32,8192,1179.63
32,0,32,16384,2313.08
32,0,64,16,52.426
32,0,64,32,52.9713
32,0,64,64,54.2397
32,0,64,128,82.5283
32,0,64,256,116.459
32,0,64,512,181.995
32,0,64,1024,310.689
32,0,64,2048,554.444
32,0,64,4096,1434.27
32,0,64,8192,2909.56
32,0,64,16384,5922.88
32,0,128,16,95.3817
32,0,128,32,96.8327
32,0,128,64,101.014
32,0,128,128,163.446
32,0,128,256,240.843
32,0,128,512,389.131
32,0,128,1024,671.927
32,0,128,2048,1545.36
32,0,128,4096,4300.3
32,0,128,8192,8622.9
32,0,128,16384,21213.0
32,16,0,0,8.21333
32,16,1,16,8.02133
32,16,1,32,8.01067
32,16,1,64,8.11767
32,16,1,128,9.55767
32,16,1,256,12.2453
32,16,1,512,17.301
32,16,1,1024,27.9677
32,16,1,2048,50.2933
32,16,1,4096,94.539
32,16,1,8192,184.864
32,16,1,16384,362.975
32,16,2,16,8.20233
32,16,2,32,8.02133
32,16,2,64,8.09567
32,16,2,128,9.74933
32,16,2,256,12.4267
32,16,2,512,17.515
32,16,2,1024,28.192
32,16,2,2048,50.4213
32,16,2,4096,94.784
32,16,2,8192,184.129
32,16,2,16384,363.638
32,16,4,16,8.01133
32,16,4,32,8.09567
32,16,4,64,8.19233
32,16,4,128,9.952
32,16,4,256,12.6727
32,16,4,512,18.0157
32,16,4,1024,29.3763
32,16,4,2048,51.9253
32,16,4,4096,97.7817
32,16,4,8192,188.085
32,16,4,16384,367.532
32,16,8,16,12.32
32,16,8,32,12.416
32,16,8,64,12.7467
32,16,8,128,16.704
32,16,8,256,22.176
32,16,8,512,32.7253
32,16,8,1024,55.1793
32,16,8,2048,99.627
32,16,8,4096,189.441
32,16,8,8192,373.185
32,16,8,16384,736.844
32,16,16,16,16.8313
32,16,16,32,16.8213
32,16,16,64,17.2587
32,16,16,128,23.915
32,16,16,256,32.352
32,16,16,512,48.8217
32,16,16,1024,82.869
32,16,16,2048,148.331
32,16,16,4096,281.26
32,16,16,8192,559.479
32,16,16,16384,1103.14
32,16,32,16,28.928
32,16,32,32,29.1627
32,16,32,64,29.9307
32,16,32,128,44.171
32,16,32,256,61.7387
32,16,32,512,95.3283
32,16,32,1024,165.984
32,16,32,2048,295.488
32,16,32,4096,574.946
32,16,32,8192,1180.76
32,16,32,16384,2315.25
32,16,64,16,52.5973
32,16,64,32,53.088
32,16,64,64,54.347
32,16,64,128,82.603
32,16,64,256,116.406
32,16,64,512,181.461
32,16,64,1024,310.135
32,16,64,2048,554.657
32,16,64,4096,1446.66
32,16,64,8192,2914.83
32,16,64,16384,5868.55
32,16,128,16,95.5737
32,16,128,32,97.0137
32,16,128,64,100.928
32,16,128,128,163.414
32,16,128,256,239.883
32,16,128,512,389.559
32,16,128,1024,672.141
32,16,128,2048,1544.12
32,16,128,4096,4297.98
32,16,128,8192,8614.15
32,16,128,16384,21620.8
32,32,0,0,8.36267
32,32,1,16,8.18133
32,32,1,32,8.14967
32,32,1,64,8.203
32,32,1,128,9.728
32,32,1,256,12.4693
32,32,1,512,17.525
32,32,1,1024,28.1603
32,32,1,2048,50.411
32,32,1,4096,95.1463
32,32,1,8192,185.44
32,32,1,16384,365.088
32,32,2,16,7.99967
32,32,2,32,8.096
32,32,2,64,8.12767
32,32,2,128,9.80267
32,32,2,256,12.3517
32,32,2,512,17.6103
32,32,2,1024,28.2877
32,32,2,2048,50.72
32,32,2,4096,95.0827
32,32,2,8192,184.897
32,32,2,16384,363.862
32,32,4,16,8.08567
32,32,4,32,8.288
32,32,4,64,8.24567
32,32,4,128,10.0797
32,32,4,256,12.704
32,32,4,512,17.8773
32,32,4,1024,29.2907
32,32,4,2048,51.605
32,32,4,4096,97.7817
32,32,4,8192,188.17
32,32,4,16384,368.075
32,32,8,16,12.3953
32,32,8,32,12.4377
32,32,8,64,12.7573
32,32,8,128,16.6403
32,32,8,256,22.272
32,32,8,512,32.8533
32,32,8,1024,55.1463
32,32,8,2048,99.8937
32,32,8,4096,189.409
32,32,8,8192,373.675
32,32,8,16384,737.016
32,32,16,16,17.0453
32,32,16,32,16.875
32,32,16,64,17.5467
32,32,16,128,23.9683
32,32,16,256,32.331
32,32,16,512,49.0777
32,32,16,1024,83.0613
32,32,16,2048,148.747
32,32,16,4096,281.686
32,32,16,8192,562.561
32,32,16,16384,1105.09
32,32,32,16,29.0993
32,32,32,32,29.1093
32,32,32,64,29.963
32,32,32,128,44.1067
32,32,32,256,61.3653
32,32,32,512,95.3713
32,32,32,1024,165.963
32,32,32,2048,295.339
32,32,32,4096,576.588
32,32,32,8192,1180.37
32,32,32,16384,2310.5
32,32,64,16,52.5433
32,32,64,32,53.024
32,32,64,64,54.4
32,32,64,128,82.6773
32,32,64,256,116.693
32,32,64,512,181.589
32,32,64,1024,310.316
32,32,64,2048,555.457
32,32,64,4096,1446.31
32,32,64,8192,2911.47
32,32,64,16384,5960.27
32,32,128,16,95.7547
32,32,128,32,97.0883
32,32,128,64,101.718
32,32,128,128,164.161
32,32,128,256,241.483
32,32,128,512,389.718
32,32,128,1024,673.176
32,32,128,2048,1549.38
32,32,128,4096,4300.74
32,32,128,8192,8621.49
32,32,128,16384,21638.5
32,64,0,0,8.288
32,64,1,16,7.98933
32,64,1,32,8.06433
32,64,1,64,8.18133
32,64,1,128,9.74933
32,64,1,256,12.202
32,64,1,512,17.3227
32,64,1,1024,28.0
32,64,1,2048,50.1653
32,64,1,4096,94.806
32,64,1,8192,185.216
32,64,1,16384,364.342
32,64,2,16,7.97867
32,64,2,32,8.00033
32,64,2,64,8.11733
32,64,2,128,9.75967
32,64,2,256,12.309
32,64,2,512,17.4507
32,64,2,1024,28.1603
32,64,2,2048,50.3677
32,64,2,4096,94.6983
32,64,2,8192,184.214
32,64,2,16384,363.605
32,64,4,16,7.91467
32,64,4,32,7.94633
32,64,4,64,8.20333
32,64,4,128,9.93033
32,64,4,256,12.5333
32,64,4,512,17.9197
32,64,4,1024,29.0137
32,64,4,2048,51.6053
32,64,4,4096,97.6107
32,64,4,8192,187.584
32,64,4,16384,366.304
32,64,8,16,12.2983
32,64,8,32,12.4163
32,64,8,64,12.864
32,64,8,128,16.4693
32,64,8,256,21.9197
32,64,8,512,32.5017
32,64,8,1024,55.0723
32,64,8,2048,99.328
32,64,8,4096,189.099
32,64,8,8192,372.331
32,64,8,16384,736.502
32,64,16,16,16.7357
32,64,16,32,16.8853
32,64,16,64,17.195
32,64,16,128,23.936
32,64,16,256,32.203
32,64,16,512,48.523
32,64,16,1024,82.25
32,64,16,2048,148.256
32,64,16,4096,280.395
32,64,16,8192,560.95
32,64,16,16384,1101.03
32,64,32,16,28.8323
32,64,32,32,29.0777
32,64,32,64,29.6957
32,64,32,128,44.0637
32,64,32,256,60.897
32,64,32,512,95.008
32,64,32,1024,165.344
32,64,32,2048,295.052
32,64,32,4096,574.305
32,64,32,8192,1176.09
32,64,32,16384,2311.26
32,64,64,16,52.2453
32,64,64,32,52.7467
32,64,64,64,54.0377
32,64,64,128,82.2613
32,64,64,256,116.449
32,64,64,512,181.451
32,64,64,1024,309.377
32,64,64,2048,553.837
32,64,64,4096,1442.8
32,64,64,8192,2907.25
32,64,64,16384,5885.7
32,64,128,16,95.8183
32,64,128,32,97.4297
32,64,128,64,101.878
32,64,128,128,164.097
32,64,128,256,240.449
32,64,128,512,390.454
32,64,128,1024,672.781
32,64,128,2048,1541.19
32,64,128,4096,4302.41
32,64,128,8192,8632.0
32,64,128,16384,20019.6
32,128,0,0,10.7093
32,128,1,16,9.99433
32,128,1,32,10.1013
32,128,1,64,10.0487
32,128,1,128,10.4423
32,128,1,256,12.331
32,128,1,512,17.184
32,128,1,1024,28.2133
32,128,1,2048,50.5387
32,128,1,4096,95.051
32,128,1,8192,185.557
32,128,1,16384,365.013
32,128,2,16,9.90967
32,128,2,32,9.89867
32,128,2,64,9.95233
32,128,2,128,10.3463
32,128,2,256,12.2987
32,128,2,512,17.4613
32,128,2,1024,28.3733
32,128,2,2048,50.805
32,128,2,4096,95.3387
32,128,2,8192,185.387
32,128,2,16384,363.925
32,128,4,16,9.92033
32,128,4,32,9.89833
32,128,4,64,9.96267
32,128,4,128,10.4217
32,128,4,256,12.598
32,128,4,512,17.7173
32,128,4,1024,29.1947
32,128,4,2048,51.9577
32,128,4,4096,98.283
32,128,4,8192,188.384
32,128,4,16384,368.043
32,128,8,16,15.072
32,128,8,32,15.04
32,128,8,64,15.2533
32,128,8,128,17.504
32,128,8,256,22.1653
32,128,8,512,32.8103
32,128,8,1024,55.051
32,128,8,2048,99.9143
32,128,8,4096,189.27
32,128,8,8192,373.089
32,128,8,16384,737.452
32,128,16,16,19.3923
32,128,16,32,19.4347
32,128,16,64,19.808
32,128,16,128,24.5337
32,128,16,256,32.3627
32,128,16,512,49.099
32,128,16,1024,83.1147
32,128,16,2048,149.003
32,128,16,4096,281.697
32,128,16,8192,559.916
32,128,16,16384,1101.5
32,128,32,16,31.3603
32,128,32,32,31.8187
32,128,32,64,32.448
32,128,32,128,44.843
32,128,32,256,61.3977
32,128,32,512,94.805
32,128,32,1024,165.931
32,128,32,2048,295.35
32,128,32,4096,571.863
32,128,32,8192,1178.63
32,128,32,16384,2313.64
32,128,64,16,52.8747
32,128,64,32,53.4613
32,128,64,64,54.8377
32,128,64,128,83.9253
32,128,64,256,117.632
32,128,64,512,182.155
32,128,64,1024,310.028
32,128,64,2048,556.31
32,128,64,4096,1449.82
32,128,64,8192,2906.13
32,128,64,16384,6125.66
32,128,128,16,96.661
32,128,128,32,97.782
32,128,128,64,101.526
32,128,128,128,164.598
32,128,128,256,242.668
32,128,128,512,389.463
32,128,128,1024,672.738
32,128,128,2048,1538.95
32,128,128,4096,4302.27
32,128,128,8192,8643.55
32,128,128,16384,21434.7
32,256,0,0,13.0133
32,256,1,16,12.5333
32,256,1,32,12.47
32,256,1,64,12.5123
32,256,1,128,12.3627
32,256,1,256,12.6823
32,256,1,512,17.152
32,256,1,1024,28.128
32,256,1,2048,50.336
32,256,1,4096,94.624
32,256,1,8192,184.821
32,256,1,16384,364.437
32,256,2,16,12.4373
32,256,2,32,12.4483
32,256,2,64,12.5123
32,256,2,128,12.32
32,256,2,256,12.693
32,256,2,512,17.3333
32,256,2,1024,28.1277
32,256,2,2048,50.1657
32,256,2,4096,94.923
32,256,2,8192,184.021
32,256,2,16384,364.107
32,256,4,16,12.4163
32,256,4,32,12.4373
32,256,4,64,12.4693
32,256,4,128,12.5973
32,256,4,256,12.7147
32,256,4,512,17.7707
32,256,4,1024,29.1417
32,256,4,2048,52.3523
32,256,4,4096,97.8563
32,256,4,8192,188.619
32,256,4,16384,368.885
32,256,8,16,17.5577
32,256,8,32,17.6213
32,256,8,64,17.9943
32,256,8,128,20.2457
32,256,8,256,23.0187
32,256,8,512,32.8427
32,256,8,1024,55.3707
32,256,8,2048,100.086
32,256,8,4096,189.27
32,256,8,8192,373.067
32,256,8,16384,737.558
32,256,16,16,22.2937
32,256,16,32,22.0267
32,256,16,64,22.5493
32,256,16,128,27.008
32,256,16,256,32.7677
32,256,16,512,48.683
32,256,16,1024,82.4743
32,256,16,2048,148.139
32,256,16,4096,281.442
32,256,16,8192,561.132
32,256,16,16384,1100.12
32,256,32,16,33.9733
32,256,32,32,34.5813
32,256,32,64,35.232
32,256,32,128,47.6373
32,256,32,256,62.0693
32,256,32,512,94.432
32,256,32,1024,165.867
32,256,32,2048,295.35
32,256,32,4096,575.212
32,256,32,8192,1180.31
32,256,32,16384,2319.37
32,256,64,16,55.8293
32,256,64,32,56.224
32,256,64,64,57.376
32,256,64,128,84.342
32,256,64,256,118.763
32,256,64,512,183.083
32,256,64,1024,310.828
32,256,64,2048,557.613
32,256,64,4096,1449.57
32,256,64,8192,2914.28
32,256,64,16384,5833.32
32,256,128,16,99.5093
32,256,128,32,100.427
32,256,128,64,103.701
32,256,128,128,165.035
32,256,128,256,243.489
32,256,128,512,389.889
32,256,128,1024,673.271
32,256,128,2048,1546.96
32,256,128,4096,4304.94
32,256,128,8192,8610.1
32,256,128,16384,21299.9
32,512,0,0,17.9093
32,512,1,16,17.664
32,512,1,32,17.7063
32,512,1,64,17.6747
32,512,1,128,17.5253
32,512,1,256,17.5147
32,512,1,512,17.685
32,512,1,1024,28.1497
32,512,1,2048,50.4427
32,512,1,4096,96.0327
32,512,1,8192,185.397
32,512,1,16384,365.408
32,512,2,16,17.5467
32,512,2,32,17.5473
32,512,2,64,17.5563
32,512,2,128,17.5577
32,512,2,256,17.5153
32,512,2,512,17.6537
32,512,2,1024,28.224
32,512,2,2048,50.3467
32,512,2,4096,95.638
32,512,2,8192,185.579
32,512,2,16384,364.022
32,512,4,16,17.632
32,512,4,32,17.675
32,512,4,64,17.6743
32,512,4,128,17.6857
32,512,4,256,17.7817
32,512,4,512,18.123
32,512,4,1024,29.408
32,512,4,2048,52.2457
32,512,4,4096,98.2827
32,512,4,8192,188.673
32,512,4,16384,368.608
32,512,8,16,22.6773
32,512,8,32,22.7943
32,512,8,64,22.8373
32,512,8,128,25.4503
32,512,8,256,28.0427
32,512,8,512,33.6327
32,512,8,1024,55.7653
32,512,8,2048,99.8827
32,512,8,4096,189.824
32,512,8,8192,372.299
32,512,8,16384,736.247
32,512,16,16,27.5833
32,512,16,32,27.52
32,512,16,64,28.0423
32,512,16,128,32.5123
32,512,16,256,38.4
32,512,16,512,49.6643
32,512,16,1024,83.0723
32,512,16,2048,149.387
32,512,16,4096,280.886
32,512,16,8192,562.102
32,512,16,16384,1103.48
32,512,32,16,39.5947
32,512,32,32,40.2247
32,512,32,64,40.9173
32,512,32,128,52.811
32,512,32,256,66.8267
32,512,32,512,95.2857
32,512,32,1024,166.252
32,512,32,2048,295.5
32,512,32,4096,573.9
32,512,32,8192,1180.13
32,512,32,16384,2320.74
32,512,64,16,63.136
32,512,64,32,63.51
32,512,64,64,64.7253
32,512,64,128,88.0
32,512,64,256,120.353
32,512,64,512,185.004
32,512,64,1024,313.163
32,512,64,2048,555.938
32,512,64,4096,1445.38
32,512,64,8192,2912.43
32,512,64,16384,5975.4
32,512,128,16,104.523
32,512,128,32,106.134
32,512,128,64,109.857
32,512,128,128,168.331
32,512,128,256,244.118
32,512,128,512,392.738
32,512,128,1024,674.115
32,512,128,2048,1544.76
32,512,128,4096,4305.53
32,512,128,8192,8590.86
32,512,128,16384,21471.1
32,1024,0,0,29.216
32,1024,1,16,28.4583
32,1024,1,32,28.576
32,1024,1,64,28.608
32,1024,1,128,28.6293
32,1024,1,256,28.384
32,1024,1,512,28.4697
32,1024,1,1024,28.768
32,1024,1,2048,50.6133
32,1024,1,4096,95.1463
32,1024,1,8192,185.302
32,1024,1,16384,365.91
32,1024,2,16,28.3733
32,1024,2,32,28.3407
32,1024,2,64,28.416
32,1024,2,128,28.3843
32,1024,2,256,28.448
32,1024,2,512,28.512
32,1024,2,1024,28.736
32,1024,2,2048,50.827
32,1024,2,4096,95.3707
32,1024,2,8192,185.568
32,1024,2,16384,363.51
32,1024,4,16,28.3197
32,1024,4,32,28.4693
32,1024,4,64,28.384
32,1024,4,128,28.5227
32,1024,4,256,28.8743
32,1024,4,512,29.0027
32,1024,4,1024,29.8987
32,1024,4,2048,52.5017
32,1024,4,4096,98.0487
32,1024,4,8192,189.215
32,1024,4,16384,369.143
32,1024,8,16,33.12
32,1024,8,32,33.2373
32,1024,8,64,33.4187
32,1024,8,128,35.8073
32,1024,8,256,38.8903
32,1024,8,512,44.267
32,1024,8,1024,56.266
32,1024,8,2048,100.565
32,1024,8,4096,190.518
32,1024,8,8192,370.369
32,1024,8,16384,736.982
32,1024,16,16,37.7707
32,1024,16,32,37.9523
32,1024,16,64,38.1973
32,1024,16,128,43.1683
32,1024,16,256,49.0243
32,1024,16,512,60.4693
32,1024,16,1024,83.2533
32,1024,16,2048,149.632
32,1024,16,4096,281.941
32,1024,16,8192,559.585
32,1024,16,16384,1104.06
32,1024,32,16,50.496
32,1024,32,32,50.6453
32,1024,32,64,51.2427
32,1024,32,128,63.637
32,1024,32,256,77.4727
32,1024,32,512,105.024
32,1024,32,1024,167.445
32,1024,32,2048,295.35
32,1024,32,4096,578.593
32,1024,32,8192,1183.47
32,1024,32,16384,2324.65
32,1024,64,16,73.8983
32,1024,64,32,74.8693
32,1024,64,64,76.1817
32,1024,64,128,102.262
32,1024,64,256,132.683
32,1024,64,512,191.521
32,1024,64,1024,315.872
32,1024,64,2048,563.095
32,1024,64,4096,1448.67
32,1024,64,8192,2921.14
32,1024,64,16384,5941.23
32,1024,128,16,117.355
32,1024,128,32,118.006
32,1024,128,64,122.059
32,1024,128,128,179.67
32,1024,128,256,252.748
32,1024,128,512,393.42
32,1024,128,1024,676.77
32,1024,128,2048,1531.6
32,1024,128,4096,4307.07
32,1024,128,8192,8666.77
32,1024,128,16384,21659.7
32,2048,0,0,51.6803
32,2048,1,16,50.7203
32,2048,1,32,50.8167
32,2048,1,64,51.1043
32,2048,1,128,50.7733
32,2048,1,256,50.8053
32,2048,1,512,51.029
32,2048,1,1024,50.592
32,2048,1,2048,50.891
32,2048,1,4096,95.36
32,2048,1,8192,184.896
32,2048,1,16384,365.11
32,2048,2,16,50.443
32,2048,2,32,50.5173
32,2048,2,64,50.528
32,2048,2,128,50.816
32,2048,2,256,50.6673
32,2048,2,512,50.688
32,2048,2,1024,50.912
32,2048,2,2048,51.179
32,2048,2,4096,95.2637
32,2048,2,8192,185.28
32,2048,2,16384,364.449
32,2048,4,16,50.5487
32,2048,4,32,50.613
32,2048,4,64,50.763
32,2048,4,128,50.848
32,2048,4,256,51.264
32,2048,4,512,51.4673
32,2048,4,1024,52.192
32,2048,4,2048,53.3547
32,2048,4,4096,99.0287
32,2048,4,8192,189.483
32,2048,4,16384,369.152
32,2048,8,16,53.8347
32,2048,8,32,53.9627
32,2048,8,64,54.1973
32,2048,8,128,56.7037
32,2048,8,256,59.5407
32,2048,8,512,65.088
32,2048,8,1024,77.0457
32,2048,8,2048,101.12
32,2048,8,4096,190.518
32,2048,8,8192,367.073
32,2048,8,16384,738.551
32,2048,16,16,58.6987
32,2048,16,32,58.9337
32,2048,16,64,58.9333
32,2048,16,128,63.6797
32,2048,16,256,70.101
32,2048,16,512,81.3767
32,2048,16,1024,104.31
32,2048,16,2048,149.781
32,2048,16,4096,282.742
32,2048,16,8192,558.433
32,2048,16,16384,1103.89
32,2048,32,16,71.0403
32,2048,32,32,71.2643
32,2048,32,64,72.0217
32,2048,32,128,84.6077
32,2048,32,256,98.9657
32,2048,32,512,126.24
32,2048,32,1024,183.989
32,2048,32,2048,298.966
32,2048,32,4096,575.404
32,2048,32,8192,1185.31
32,2048,32,16384,2313.2
32,2048,64,16,95.52
32,2048,64,32,96.1387
32,2048,64,64,97.92
32,2048,64,128,125.024
32,2048,64,256,157.387
32,2048,64,512,214.113
32,2048,64,1024,330.636
32,2048,64,2048,578.7
32,2048,64,4096,1419.23
32,2048,64,8192,2926.67
32,2048,64,16384,6205.53
32,2048,128,16,140.021
32,2048,128,32,140.459
32,2048,128,64,145.163
32,2048,128,128,201.558
32,2048,128,256,275.478
32,2048,128,512,414.529
32,2048,128,1024,684.237
32,2048,128,2048,1554.27
32,2048,128,4096,4338.99
32,2048,128,8192,8927.12
32,2048,128,16384,21448.0
32,4096,0,0,96.661
32,4096,1,16,95.061
32,4096,1,32,95.2107
32,4096,1,64,94.9017
32,4096,1,128,94.9767
32,4096,1,256,94.8373
32,4096,1,512,94.9977
32,4096,1,1024,94.9333
32,4096,1,2048,95.1257
32,4096,1,4096,96.3203
32,4096,1,8192,185.259
32,4096,1,16384,365.879
32,4096,2,16,94.987
32,4096,2,32,95.1683
32,4096,2,64,95.1147
32,4096,2,128,95.3917
32,4096,2,256,95.158
32,4096,2,512,94.9867
32,4096,2,1024,95.424
32,4096,2,2048,95.403
32,4096,2,4096,95.5837
32,4096,2,8192,185.579
32,4096,2,16384,364.95
32,4096,4,16,95.4343
32,4096,4,32,95.082
32,4096,4,64,95.147
32,4096,4,128,95.0617
32,4096,4,256,95.6267
32,4096,4,512,95.7653
32,4096,4,1024,96.7467
32,4096,4,2048,97.995
32,4096,4,4096,100.491
32,4096,4,8192,190.475
32,4096,4,16384,369.59
32,4096,8,16,95.584
32,4096,8,32,95.339
32,4096,8,64,95.5947
32,4096,8,128,98.1867
32,4096,8,256,101.131
32,4096,8,512,106.411
32,4096,8,1024,118.379
32,4096,8,2048,142.262
32,4096,8,4096,191.371
32,4096,8,8192,365.526
32,4096,8,16384,737.036
32,4096,16,16,99.8507
32,4096,16,32,99.7973
32,4096,16,64,100.213
32,4096,16,128,105.867
32,4096,16,256,111.563
32,4096,16,512,123.147
32,4096,16,1024,145.834
32,4096,16,2048,192.971
32,4096,16,4096,285.878
32,4096,16,8192,555.81
32,4096,16,16384,1107.3
32,4096,32,16,112.235
32,4096,32,32,112.63
32,4096,32,64,113.451
32,4096,32,128,126.07
32,4096,32,256,140.342
32,4096,32,512,168.192
32,4096,32,1024,226.134
32,4096,32,2048,336.214
32,4096,32,4096,598.07
32,4096,32,8192,1219.48
32,4096,32,16384,2504.16
32,4096,64,16,136.587
32,4096,64,32,137.568
32,4096,64,64,139.296
32,4096,64,128,167.883
32,4096,64,256,200.662
32,4096,64,512,263.659
32,4096,64,1024,376.972
32,4096,64,2048,600.204
32,4096,64,4096,1498.36
32,4096,64,8192,3165.94
32,4096,64,16384,6747.33
32,4096,128,16,183.958
32,4096,128,32,185.632
32,4096,128,64,189.664
32,4096,128,128,247.767
32,4096,128,256,317.74
32,4096,128,512,460.001
32,4096,128,1024,729.688
32,4096,128,2048,1583.92
32,4096,128,4096,4338.16
32,4096,128,8192,9220.19
32,4096,128,16384,21694.5
32,8192,0,0,187.424
32,8192,1,16,186.517
32,8192,1,32,186.774
32,8192,1,64,186.698
32,8192,1,128,187.072
32,8192,1,256,186.357
32,8192,1,512,186.187
32,8192,1,1024,186.646
32,8192,1,2048,186.155
32,8192,1,4096,185.91
32,8192,1,8192,186.529
32,8192,1,16384,365.931
32,8192,2,16,185.152
32,8192,2,32,184.917
32,8192,2,64,185.216
32,8192,2,128,185.248
32,8192,2,256,185.291
32,8192,2,512,185.291
32,8192,2,1024,185.152
32,8192,2,2048,185.515
32,8192,2,4096,185.643
32,8192,2,8192,186.603
32,8192,2,16384,364.725
32,8192,4,16,185.366
32,8192,4,32,185.163
32,8192,4,64,185.429
32,8192,4,128,185.525
32,8192,4,256,185.387
32,8192,4,512,185.6
32,8192,4,1024,186.731
32,8192,4,2048,186.773
32,8192,4,4096,189.643
32,8192,4,8192,192.811
32,8192,4,16384,371.681
32,8192,8,16,184.672
32,8192,8,32,183.787
32,8192,8,64,184.139
32,8192,8,128,184.747
32,8192,8,256,185.333
32,8192,8,512,188.768
32,8192,8,1024,201.932
32,8192,8,2048,225.653
32,8192,8,4096,274.986
32,8192,8,8192,378.838
32,8192,8,16384,729.72
32,8192,16,16,184.096
32,8192,16,32,184.309
32,8192,16,64,184.651
32,8192,16,128,188.64
32,8192,16,256,194.741
32,8192,16,512,206.006
32,8192,16,1024,228.693
32,8192,16,2048,275.926
32,8192,16,4096,368.46
32,8192,16,8192,576.268
32,8192,16,16384,1127.83
32,8192,32,16,195.2
32,8192,32,32,195.19
32,8192,32,64,196.811
32,8192,32,128,208.502
32,8192,32,256,222.838
32,8192,32,512,250.614
32,8192,32,1024,309.089
32,8192,32,2048,421.26
32,8192,32,4096,671.181
32,8192,32,8192,1231.88
32,8192,32,16384,2554.38
32,8192,64,16,219.521
32,8192,64,32,219.648
32,8192,64,64,221.035
32,8192,64,128,249.782
32,8192,64,256,284.918
32,8192,64,512,350.935
32,8192,64,1024,472.834
32,8192,64,2048,706.295
32,8192,64,4096,1541.58
32,8192,64,8192,3098.82
32,8192,64,16384,7003.28
32,8192,128,16,266.241
32,8192,128,32,268.31
32,8192,128,64,273.004
32,8192,128,128,334.113
32,8192,128,256,416.033
32,8192,128,512,557.229
32,8192,128,1024,822.413
32,8192,128,2048,1658.21
32,8192,128,4096,4475.8
32,8192,128,8192,8730.9
32,8192,128,16384,21800.5
32,16384,0,0,369.025
32,16384,1,16,367.456
32,16384,1,32,367.84
32,16384,1,64,367.404
32,16384,1,128,367.757
32,16384,1,256,367.819
32,16384,1,512,368.501
32,16384,1,1024,368.8
32,16384,1,2048,368.737
32,16384,1,4096,368.768
32,16384,1,8192,368.064
32,16384,1,16384,366.987
32,16384,2,16,365.206
32,16384,2,32,365.611
32,16384,2,64,366.272
32,16384,2,128,365.227
32,16384,2,256,365.418
32,16384,2,512,366.144
32,16384,2,1024,366.592
32,16384,2,2048,364.949
32,16384,2,4096,365.547
32,16384,2,8192,365.845
32,16384,2,16384,365.1
32,16384,4,16,364.534
32,16384,4,32,364.192
32,16384,4,64,365.665
32,16384,4,128,366.039
32,16384,4,256,365.654
32,16384,4,512,366.283
32,16384,4,1024,367.349
32,16384,4,2048,367.84
32,16384,4,4096,369.377
32,16384,4,8192,371.734
32,16384,4,16384,376.288
32,16384,8,16,363.435
32,16384,8,32,363.339
32,16384,8,64,363.105
32,16384,8,128,364.064
32,16384,8,256,364.661
32,16384,8,512,365.035
32,16384,8,1024,365.974
32,16384,8,2048,390.912
32,16384,8,4096,439.18
32,16384,8,8192,548.225
32,16384,8,16384,742.945
32,16384,16,16,364.032
32,16384,16,32,363.232
32,16384,16,64,363.99
32,16384,16,128,365.078
32,16384,16,256,365.558
32,16384,16,512,370.754
32,16384,16,1024,394.614
32,16384,16,2048,441.067
32,16384,16,4096,534.315
32,16384,16,8192,748.898
32,16384,16,16384,1133.68
32,16384,32,16,363.788
32,16384,32,32,363.617
32,16384,32,64,364.396
32,16384,32,128,373.004
32,16384,32,256,388.406
32,16384,32,512,416.192
32,16384,32,1024,474.807
32,16384,32,2048,586.348
32,16384,32,4096,834.007
32,16384,32,8192,1361.35
32,16384,32,16384,2433.08
32,16384,64,16,383.958
32,16384,64,32,385.899
32,16384,64,64,386.646
32,16384,64,128,414.956
32,16384,64,256,449.558
32,16384,64,512,514.199
32,16384,64,1024,641.218
32,16384,64,2048,882.211
32,16384,64,4096,1776.76
32,16384,64,8192,3089.16
32,16384,64,16384,6271.53
32,16384,128,16,430.87
32,16384,128,32,432.023
32,16384,128,64,436.513
32,16384,128,128,498.668
32,16384,128,256,580.023
32,16384,128,512,742.445
32,16384,128,1024,1022.87
32,16384,128,2048,1896.78
32,16384,128,4096,4660.22
32,16384,128,8192,9066.41
32,16384,128,16384,21545.0
64,0,0,0,8.56533
64,0,1,16,8.192
64,0,1,32,8.33067
64,0,1,64,8.277
64,0,1,128,9.86667
64,0,1,256,12.448
64,0,1,512,17.515
64,0,1,1024,28.32
64,0,1,2048,50.6027
64,0,1,4096,95.4557
64,0,1,8192,186.133
64,0,1,16384,365.376
64,0,2,16,8.21367
64,0,2,32,8.24533
64,0,2,64,8.29867
64,0,2,128,9.99433
64,0,2,256,12.5227
64,0,2,512,17.6747
64,0,2,1024,28.3307
64,0,2,2048,50.7627
64,0,2,4096,95.104
64,0,2,8192,186.026
64,0,2,16384,365.067
64,0,4,16,8.213
64,0,4,32,8.32033
64,0,4,64,8.309
64,0,4,128,10.123
64,0,4,256,12.928
64,0,4,512,18.091
64,0,4,1024,29.3547
64,0,4,2048,51.8517
64,0,4,4096,98.0483
64,0,4,8192,189.376
64,0,4,16384,368.31
64,0,8,16,12.6617
64,0,8,32,12.8317
64,0,8,64,12.8003
64,0,8,128,16.736
64,0,8,256,22.0377
64,0,8,512,32.9493
64,0,8,1024,55.211
64,0,8,2048,99.6053
64,0,8,4096,189.515
64,0,8,8192,374.103
64,0,8,16384,738.753
64,0,16,16,17.0453
64,0,16,32,17.0563
64,0,16,64,17.3013
64,0,16,128,24.0853
64,0,16,256,32.4907
64,0,16,512,48.8747
64,0,16,1024,82.9863
64,0,16,2048,149.068
64,0,16,4096,281.377
64,0,16,8192,563.873
64,0,16,16384,1104.81
64,0,32,16,29.056
64,0,32,32,29.4933
64,0,32,64,30.1017
64,0,32,128,44.512
64,0,32,256,61.504
64,0,32,512,96.075
64,0,32,1024,168.054
64,0,32,2048,300.257
64,0,32,4096,577.665
64,0,32,8192,1179.23
64,0,32,16384,2318.86
64,0,64,16,52.5867
64,0,64,32,52.9923
64,0,64,64,54.5173
64,0,64,128,82.763
64,0,64,256,116.672
64,0,64,512,182.241
64,0,64,1024,310.219
64,0,64,2048,556.577
64,0,64,4096,1444.35
64,0,64,8192,2914.16
64,0,64,16384,5854.31
64,0,128,16,95.744
64,0,128,32,97.8887
64,0,128,64,101.824
64,0,128,128,164.321
64,0,128,256,240.726
64,0,128,512,390.444
64,0,128,1024,673.378
64,0,128,2048,1543.17
64,0,128,4096,4301.24
64,0,128,8192,8595.99
64,0,128,16384,20996.6
64,16,0,0,8.491
64,16,1,16,8.32067
64,16,1,32,8.18133
64,16,1,64,8.309
64,16,1,128,9.877
64,16,1,256,12.384
64,16,1,512,17.4503
64,16,1,1024,28.1063
64,16,1,2048,50.304
64,16,1,4096,94.645
64,16,1,8192,184.982
64,16,1,16384,364.151
64,16,2,16,8.085
64,16,2,32,8.224
64,16,2,64,8.30933
64,16,2,128,9.86667
64,16,2,256,12.416
64,16,2,512,17.6523
64,16,2,1024,28.1813
64,16,2,2048,50.5497
64,16,2,4096,94.7523
64,16,2,8192,184.49
64,16,2,16384,362.997
64,16,4,16,8.10633
64,16,4,32,8.29833
64,16,4,64,8.29867
64,16,4,128,9.96267
64,16,4,256,12.757
64,16,4,512,17.9953
64,16,4,1024,29.2157
64,16,4,2048,51.797
64,16,4,4096,97.547
64,16,4,8192,188.853
64,16,4,16384,367.99
64,16,8,16,12.7033
64,16,8,32,12.693
64,16,8,64,12.896
64,16,8,128,16.6187
64,16,8,256,22.368
64,16,8,512,32.5977
64,16,8,1024,55.232
64,16,8,2048,99.1787
64,16,8,4096,188.566
64,16,8,8192,372.63
64,16,8,16384,735.735
64,16,16,16,16.9813
64,16,16,32,16.875
64,16,16,64,17.2797
64,16,16,128,23.979
64,16,16,256,32.384
64,16,16,512,48.96
64,16,16,1024,82.5493
64,16,16,2048,147.947
64,16,16,4096,280.854
64,16,16,8192,562.742
64,16,16,16384,1102.29
64,16,32,16,28.9913
64,16,32,32,29.227
64,16,32,64,29.8453
64,16,32,128,44.0747
64,16,32,256,61.216
64,16,32,512,95.3603
64,16,32,1024,166.912
64,16,32,2048,299.126
64,16,32,4096,577.058
64,16,32,8192,1182.78
64,16,32,16384,2314.76
64,16,64,16,52.3093
64,16,64,32,52.7787
64,16,64,64,54.2933
64,16,64,128,82.176
64,16,64,256,116.331
64,16,64,512,182.368
64,16,64,1024,310.295
64,16,64,2048,555.351
64,16,64,4096,1442.16
64,16,64,8192,2912.38
64,16,64,16384,6085.95
64,16,128,16,95.884
64,16,128,32,97.227
64,16,128,64,101.419
64,16,128,128,164.353
64,16,128,256,240.651
64,16,128,512,390.668
64,16,128,1024,672.792
64,16,128,2048,1546.38
64,16,128,4096,4303.4
64,16,128,8192,8614.22
64,16,128,16384,21480.1
64,32,0,0,8.74633
64,32,1,16,8.299
64,32,1,32,8.35233
64,32,1,64,8.30933
64,32,1,128,9.952
64,32,1,256,12.5547
64,32,1,512,17.728
64,32,1,1024,28.3197
64,32,1,2048,50.6453
64,32,1,4096,95.2213
64,32,1,8192,185.559
64,32,1,16384,365.408
64,32,2,16,8.18133
64,32,2,32,8.37333
64,32,2,64,8.416
64,32,2,128,9.984
64,32,2,256,12.5437
64,32,2,512,17.888
64,32,2,1024,28.2453
64,32,2,2048,50.4
64,32,2,4096,94.8907
64,32,2,8192,186.07
64,32,2,16384,363.584
64,32,4,16,8.192
64,32,4,32,8.288
64,32,4,64,8.42667
64,32,4,128,10.091
64,32,4,256,12.8533
64,32,4,512,18.1113
64,32,4,1024,29.216
64,32,4,2048,51.9143
64,32,4,4096,98.261
64,32,4,8192,189.654
64,32,4,16384,369.44
64,32,8,16,12.8533
64,32,8,32,12.8853
64,32,8,64,13.1733
64,32,8,128,16.8427
64,32,8,256,22.421
64,32,8,512,32.9387
64,32,8,1024,55.3707
64,32,8,2048,99.6053
64,32,8,4096,189.728
64,32,8,8192,373.377
64,32,8,16384,738.091
64,32,16,16,17.1417
64,32,16,32,17.344
64,32,16,64,17.771
64,32,16,128,24.139
64,32,16,256,32.256
64,32,16,512,49.2267
64,32,16,1024,82.955
64,32,16,2048,149.13
64,32,16,4096,281.569
64,32,16,8192,563.021
64,32,16,16384,1104.59
64,32,32,16,29.1413
64,32,32,32,29.515
64,32,32,64,30.4107
64,32,32,128,44.3943
64,32,32,256,61.4187
64,32,32,512,95.9043
64,32,32,1024,166.667
64,32,32,2048,299.979
64,32,32,4096,576.717
64,32,32,8192,1182.29
64,32,32,16384,2327.47
64,32,64,16,52.6723
64,32,64,32,53.216
64,32,64,64,54.358
64,32,64,128,83.2437
64,32,64,256,116.747
64,32,64,512,181.921
64,32,64,1024,311.297
64,32,64,2048,556.791
64,32,64,4096,1444.87
64,32,64,8192,2913.15
64,32,64,16384,5925.11
64,32,128,16,96.587
64,32,128,32,97.931
64,32,128,64,102.091
64,32,128,128,163.979
64,32,128,256,241.217
64,32,128,512,390.807
64,32,128,1024,673.901
64,32,128,2048,1539.35
64,32,128,4096,4299.85
64,32,128,8192,8583.89
64,32,128,16384,21543.8
64,64,0,0,8.84267
64,64,1,16,8.352
64,64,1,32,8.31933
64,64,1,64,8.43733
64,64,1,128,9.984
64,64,1,256,12.5653
64,64,1,512,17.6323
64,64,1,1024,28.288
64,64,1,2048,50.859
64,64,1,4096,95.6163
64,64,1,8192,185.824
64,64,1,16384,365.75
64,64,2,16,8.36267
64,64,2,32,8.34133
64,64,2,64,8.427
64,64,2,128,10.1647
64,64,2,256,12.725
64,64,2,512,17.8133
64,64,2,1024,28.416
64,64,2,2048,50.6883
64,64,2,4096,94.9333
64,64,2,8192,185.067
64,64,2,16384,363.744
64,64,4,16,8.181
64,64,4,32,8.384
64,64,4,64,8.40533
64,64,4,128,10.1013
64,64,4,256,12.8107
64,64,4,512,17.9947
64,64,4,1024,29.141
64,64,4,2048,52.0
64,64,4,4096,97.835
64,64,4,8192,188.491
64,64,4,16384,367.617
64,64,8,16,12.9493
64,64,8,32,12.9177
64,64,8,64,13.2057
64,64,8,128,16.7897
64,64,8,256,22.3577
64,64,8,512,33.035
64,64,8,1024,55.2427
64,64,8,2048,100.085
64,64,8,4096,189.409
64,64,8,8192,375.361
64,64,8,16384,740.278
64,64,16,16,17.1413
64,64,16,32,17.3547
64,64,16,64,17.7493
64,64,16,128,24.139
64,64,16,256,32.587
64,64,16,512,49.0453
64,64,16,1024,82.8267
64,64,16,2048,149.174
64,64,16,4096,281.953
64,64,16,8192,560.322
64,64,16,16384,1106.06
64,64,32,16,29.2587
64,64,32,32,29.5463
64,64,32,64,30.219
64,64,32,128,44.2987
64,64,32,256,61.5683
64,64,32,512,96.2453
64,64,32,1024,167.467
64,64,32,2048,300.108
64,64,32,4096,577.206
64,64,32,8192,1178.97
64,64,32,16384,2315.49
64,64,64,16,52.3523
64,64,64,32,53.1207
64,64,64,64,54.4213
64,64,64,128,82.8057
64,64,64,256,117.099
64,64,64,512,182.561
64,64,64,1024,310.465
64,64,64,2048,556.909
64,64,64,4096,1446.43
64,64,64,8192,2912.21
64,64,64,16384,5929.58
64,64,128,16,96.8003
64,64,128,32,98.07
64,64,128,64,101.803
64,64,128,128,164.545
64,64,128,256,240.673
64,64,128,512,390.679
64,64,128,1024,673.367
64,64,128,2048,1541.32
64,64,128,4096,4301.69
64,64,128,8192,8590.61
64,64,128,16384,21288.5
64,128,0,0,11.2107
64,128,1,16,10.368
64,128,1,32,10.3787
64,128,1,64,10.336
64,128,1,128,10.55
64,128,1,256,12.4477
64,128,1,512,17.4507
64,128,1,1024,28.2457
64,128,1,2048,50.4
64,128,1,4096,95.019
64,128,1,8192,185.782
64,128,1,16384,365.835
64,128,2,16,10.2613
64,128,2,32,10.3147
64,128,2,64,10.3467
64,128,2,128,10.56
64,128,2,256,12.512
64,128,2,512,17.675
64,128,2,1024,28.2457
64,128,2,2048,50.6243
64,128,2,4096,95.1787
64,128,2,8192,185.92
64,128,2,16384,363.809
64,128,4,16,10.3253
64,128,4,32,10.3787
64,128,4,64,10.3467
64,128,4,128,10.5173
64,128,4,256,12.5973
64,128,4,512,18.1437
64,128,4,1024,29.1303
64,128,4,2048,52.0963
64,128,4,4096,98.507
64,128,4,8192,189.408
64,128,4,16384,368.171
64,128,8,16,15.499
64,128,8,32,15.616
64,128,8,64,15.9893
64,128,8,128,17.9197
64,128,8,256,22.1333
64,128,8,512,33.0773
64,128,8,1024,55.424
64,128,8,2048,99.84
64,128,8,4096,189.483
64,128,8,8192,374.358
64,128,8,16384,739.107
64,128,16,16,19.7227
64,128,16,32,19.9893
64,128,16,64,20.4593
64,128,16,128,24.896
64,128,16,256,32.4057
64,128,16,512,49.0667
64,128,16,1024,82.795
64,128,16,2048,149.045
64,128,16,4096,281.42
64,128,16,8192,563.073
64,128,16,16384,1104.83
64,128,32,16,32.16
64,128,32,32,32.0533
64,128,32,64,32.64
64,128,32,128,45.0243
64,128,32,256,61.3337
64,128,32,512,95.5097
64,128,32,1024,167.125
64,128,32,2048,300.171
64,128,32,4096,575.117
64,128,32,8192,1180.9
64,128,32,16384,2316.38
64,128,64,16,53.397
64,128,64,32,53.8347
64,128,64,64,55.2427
64,128,64,128,84.181
64,128,64,256,118.017
64,128,64,512,182.859
64,128,64,1024,311.681
64,128,64,2048,557.154
64,128,64,4096,1448.05
64,128,64,8192,2910.12
64,128,64,16384,5845.12
64,128,128,16,97.5473
64,128,128,32,98.9227
64,128,128,64,102.347
64,128,128,128,165.505
64,128,128,256,242.39
64,128,128,512,390.412
64,128,128,1024,673.229
64,128,128,2048,1549.06
64,128,128,4096,4304.69
64,128,128,8192,8597.83
64,128,128,16384,21656.4
64,256,0,0,13.5147
64,256,1,16,12.9713
64,256,1,32,12.9813
64,256,1,64,12.9817
64,256,1,128,12.9387
64,256,1,256,12.864
64,256,1,512,17.2583
64,256,1,1024,28.1707
64,256,1,2048,50.5703
64,256,1,4096,95.0613
64,256,1,8192,185.6
64,256,1,16384,365.889
64,256,2,16,12.8853
64,256,2,32,12.938
64,256,2,64,12.9387
64,256,2,128,12.9283
64,256,2,256,12.928
64,256,2,512,17.5253
64,256,2,1024,28.352
64,256,2,2048,50.6347
64,256,2,4096,95.3817
64,256,2,8192,185.451
64,256,2,16384,364.299
64,256,4,16,12.8537
64,256,4,32,13.013
64,256,4,64,12.992
64,256,4,128,12.9177
64,256,4,256,12.9383
64,256,4,512,17.9307
64,256,4,1024,29.3443
64,256,4,2048,52.5227
64,256,4,4096,98.134
64,256,4,8192,188.629
64,256,4,16384,368.395
64,256,8,16,17.9837
64,256,8,32,18.3253
64,256,8,64,18.3463
64,256,8,128,20.608
64,256,8,256,23.243
64,256,8,512,33.0347
64,256,8,1024,55.6267
64,256,8,2048,99.6693
64,256,8,4096,190.23
64,256,8,8192,373.27
64,256,8,16384,739.373
64,256,16,16,22.4963
64,256,16,32,22.709
64,256,16,64,22.9437
64,256,16,128,27.7447
64,256,16,256,33.3973
64,256,16,512,49.1307
64,256,16,1024,82.7093
64,256,16,2048,149.398
64,256,16,4096,282.123
64,256,16,8192,562.508
64,256,16,16384,1106.21
64,256,32,16,34.603
64,256,32,32,35.0827
64,256,32,64,35.5627
64,256,32,128,48.0107
64,256,32,256,62.176
64,256,32,512,95.1143
64,256,32,1024,167.349
64,256,32,2048,299.68
64,256,32,4096,577.527
64,256,32,8192,1179.48
64,256,32,16384,2324.08
64,256,64,16,56.3417
64,256,64,32,56.971
64,256,64,64,58.08
64,256,64,128,84.4483
64,256,64,256,119.147
64,256,64,512,183.947
64,256,64,1024,310.977
64,256,64,2048,558.509
64,256,64,4096,1444.29
64,256,64,8192,2915.36
64,256,64,16384,5935.41
64,256,128,16,100.63
64,256,128,32,101.355
64,256,128,64,105.749
64,256,128,128,165.942
64,256,128,256,243.414
64,256,128,512,391.255
64,256,128,1024,673.922
64,256,128,2048,1548.36
64,256,128,4096,4305.06
64,256,128,8192,8711.04
64,256,128,16384,21496.1
64,512,0,0,18.3997
64,512,1,16,18.1767
64,512,1,32,18.2297
64,512,1,64,18.0483
64,512,1,128,18.112
64,512,1,256,17.9947
64,512,1,512,17.984
64,512,1,1024,28.416
64,512,1,2048,50.56
64,512,1,4096,95.221
64,512,1,8192,185.973
64,512,1,16384,365.685
64,512,2,16,17.974
64,512,2,32,18.0373
64,512,2,64,17.9527
64,512,2,128,17.995
64,512,2,256,18.1973
64,512,2,512,18.24
64,512,2,1024,28.3737
64,512,2,2048,50.6237
64,512,2,4096,94.9973
64,512,2,8192,185.76
64,512,2,16384,365.024
64,512,4,16,17.984
64,512,4,32,18.1227
64,512,4,64,18.0907
64,512,4,128,17.952
64,512,4,256,18.293
64,512,4,512,18.6773
64,512,4,1024,29.675
64,512,4,2048,52.192
64,512,4,4096,98.688
64,512,4,8192,188.917
64,512,4,16384,368.555
64,512,8,16,23.0827
64,512,8,32,23.2957
64,512,8,64,23.4347
64,512,8,128,26.1017
64,512,8,256,28.47
64,512,8,512,34.0693
64,512,8,1024,55.5307
64,512,8,2048,100.416
64,512,8,4096,190.689
64,512,8,8192,370.774
64,512,8,16384,737.133
64,512,16,16,27.6373
64,512,16,32,27.8397
64,512,16,64,28.224
64,512,16,128,33.0347
64,512,16,256,38.7303
64,512,16,512,49.728
64,512,16,1024,83.072
64,512,16,2048,149.44
64,512,16,4096,282.475
64,512,16,8192,563.64
64,512,16,16384,1104.72
64,512,32,16,39.9787
64,512,32,32,40.3627
64,512,32,64,41.302
64,512,32,128,53.28
64,512,32,256,67.306
64,512,32,512,96.3523
64,512,32,1024,167.168
64,512,32,2048,299.723
64,512,32,4096,577.323
64,512,32,8192,1179.72
64,512,32,16384,2323.96
64,512,64,16,63.3817
64,512,64,32,64.0853
64,512,64,64,64.7897
64,512,64,128,89.0033
64,512,64,256,121.099
64,512,64,512,185.398
64,512,64,1024,312.79
64,512,64,2048,558.849
64,512,64,4096,1445.58
64,512,64,8192,2917.84
64,512,64,16384,6125.43
64,512,128,16,105.547
64,512,128,32,106.774
64,512,128,64,110.347
64,512,128,128,168.96
64,512,128,256,245.461
64,512,128,512,391.542
64,512,128,1024,674.68
64,512,128,2048,1547.59
64,512,128,4096,4308.08
64,512,128,8192,8632.69
64,512,128,16384,21542.2
64,1024,0,0,29.419
64,1024,1,16,28.8103
64,1024,1,32,28.747
64,1024,1,64,28.747
64,1024,1,128,28.587
64,1024,1,256,28.8323
64,1024,1,512,28.5653
64,1024,1,1024,28.8433
64,1024,1,2048,50.667
64,1024,1,4096,95.1253
64,1024,1,8192,185.739
64,1024,1,16384,365.962
64,1024,2,16,28.704
64,1024,2,32,28.7577
64,1024,2,64,28.811
64,1024,2,128,28.7147
64,1024,2,256,28.8427
64,1024,2,512,28.8317
64,1024,2,1024,29.1413
64,1024,2,2048,50.8697
64,1024,2,4096,95.147
64,1024,2,8192,185.868
64,1024,2,16384,364.31
64,1024,4,16,28.7897
64,1024,4,32,28.853
64,1024,4,64,28.736
64,1024,4,128,29.216
64,1024,4,256,29.195
64,1024,4,512,29.4187
64,1024,4,1024,29.7603
64,1024,4,2048,52.4587
64,1024,4,4096,98.8377
64,1024,4,8192,189.718
64,1024,4,16384,369.855
64,1024,8,16,33.5257
64,1024,8,32,33.4827
64,1024,8,64,33.7817
64,1024,8,128,36.4907
64,1024,8,256,39.2853
64,1024,8,512,44.5867
64,1024,8,1024,56.5547
64,1024,8,2048,100.309
64,1024,8,4096,189.739
64,1024,8,8192,370.539
64,1024,8,16384,738.765
64,1024,16,16,38.2933
64,1024,16,32,38.2403
64,1024,16,64,38.7627
64,1024,16,128,43.691
64,1024,16,256,49.7067
64,1024,16,512,60.1387
64,1024,16,1024,83.0293
64,1024,16,2048,149.771
64,1024,16,4096,280.992
64,1024,16,8192,560.685
64,1024,16,16384,1101.93
64,1024,32,16,50.549
64,1024,32,32,50.8163
64,1024,32,64,51.2747
64,1024,32,128,63.9147
64,1024,32,256,77.6853
64,1024,32,512,105.365
64,1024,32,1024,167.36
64,1024,32,2048,299.67
64,1024,32,4096,578.028
64,1024,32,8192,1187.42
64,1024,32,16384,2319.85
64,1024,64,16,74.7417
64,1024,64,32,75.2857
64,1024,64,64,76.5973
64,1024,64,128,103.595
64,1024,64,256,133.856
64,1024,64,512,192.118
64,1024,64,1024,316.63
64,1024,64,2048,565.751
64,1024,64,4096,1446.96
64,1024,64,8192,2917.46
64,1024,64,16384,5888.19
64,1024,128,16,117.419
64,1024,128,32,118.934
64,1024,128,64,122.187
64,1024,128,128,180.277
64,1024,128,256,254.038
64,1024,128,512,394.082
64,1024,128,1024,677.313
64,1024,128,2048,1534.14
64,1024,128,4096,4313.16
64,1024,128,8192,8615.11
64,1024,128,16384,21214.0
64,2048,0,0,52.2023
64,2048,1,16,51.392
64,2048,1,32,51.2533
64,2048,1,64,51.3277
64,2048,1,128,51.1787
64,2048,1,256,51.0723
64,2048,1,512,51.36
64,2048,1,1024,51.2107
64,2048,1,2048,51.4563
64,2048,1,4096,95.0827
64,2048,1,8192,185.227
64,2048,1,16384,365.664
64,2048,2,16,51.0187
64,2048,2,32,51.0187
64,2048,2,64,51.008
64,2048,2,128,51.2423
64,2048,2,256,50.9973
64,2048,2,512,50.8793
64,2048,2,1024,51.392
64,2048,2,2048,51.5413
64,2048,2,4096,95.2857
64,2048,2,8192,185.888
64,2048,2,16384,364.245
64,2048,4,16,51.0507
64,2048,4,32,51.0293
64,2048,4,64,51.1897
64,2048,4,128,51.6057
64,2048,4,256,51.648
64,2048,4,512,51.8293
64,2048,4,1024,52.5973
64,2048,4,2048,53.3863
64,2048,4,4096,99.5947
64,2048,4,8192,190.485
64,2048,4,16384,369.483
64,2048,8,16,54.432
64,2048,8,32,54.4427
64,2048,8,64,54.5387
64,2048,8,128,57.099
64,2048,8,256,59.861
64,2048,8,512,65.632
64,2048,8,1024,77.3977
64,2048,8,2048,101.034
64,2048,8,4096,190.475
64,2048,8,8192,366.933
64,2048,8,16384,737.974
64,2048,16,16,59.051
64,2048,16,32,59.0513
64,2048,16,64,59.4563
64,2048,16,128,64.5547
64,2048,16,256,70.7733
64,2048,16,512,81.8987
64,2048,16,1024,104.661
64,2048,16,2048,150.304
64,2048,16,4096,282.358
64,2048,16,8192,560.545
64,2048,16,16384,1106.98
64,2048,32,16,71.4027
64,2048,32,32,71.7013
64,2048,32,64,72.5123
64,2048,32,128,84.7897
64,2048,32,256,99.5743
64,2048,32,512,127.36
64,2048,32,1024,183.723
64,2048,32,2048,302.689
64,2048,32,4096,578.092
64,2048,32,8192,1189.06
64,2048,32,16384,2325.32
64,2048,64,16,95.8613
64,2048,64,32,96.811
64,2048,64,64,98.0907
64,2048,64,128,125.387
64,2048,64,256,157.729
64,2048,64,512,215.478
64,2048,64,1024,330.166
64,2048,64,2048,578.849
64,2048,64,4096,1419.27
64,2048,64,8192,2935.56
64,2048,64,16384,5980.77
64,2048,128,16,141.43
64,2048,128,32,142.369
64,2048,128,64,145.91
64,2048,128,128,202.848
64,2048,128,256,277.312
64,2048,128,512,416.588
64,2048,128,1024,684.536
64,2048,128,2048,1561.4
64,2048,128,4096,4341.01
64,2048,128,8192,8797.54
64,2048,128,16384,21711.3
64,4096,0,0,97.205
64,4096,1,16,95.979
64,4096,1,32,96.363
64,4096,1,64,96.6193
64,4096,1,128,96.3413
64,4096,1,256,95.9253
64,4096,1,512,96.2457
64,4096,1,1024,96.4373
64,4096,1,2048,96.1287
64,4096,1,4096,96.384
64,4096,1,8192,184.864
64,4096,1,16384,365.579
64,4096,2,16,95.307
64,4096,2,32,95.6373
64,4096,2,64,95.7547
64,4096,2,128,95.7653
64,4096,2,256,95.4133
64,4096,2,512,95.755
64,4096,2,1024,95.9683
64,4096,2,2048,95.9997
64,4096,2,4096,95.8513
64,4096,2,8192,185.514
64,4096,2,16384,364.682
64,4096,4,16,95.3707
64,4096,4,32,95.446
64,4096,4,64,95.3497
64,4096,4,128,95.8297
64,4096,4,256,96.2667
64,4096,4,512,96.3307
64,4096,4,1024,96.8433
64,4096,4,2048,97.8883
64,4096,4,4096,101.024
64,4096,4,8192,191.158
64,4096,4,16384,370.55
64,4096,8,16,96.1707
64,4096,8,32,96.1493
64,4096,8,64,96.0323
64,4096,8,128,98.2933
64,4096,8,256,101.206
64,4096,8,512,106.997
64,4096,8,1024,119.169
64,4096,8,2048,143.158
64,4096,8,4096,191.691
64,4096,8,8192,367.136
64,4096,8,16384,737.612
64,4096,16,16,100.63
64,4096,16,32,100.352
64,4096,16,64,101.025
64,4096,16,128,105.845
64,4096,16,256,112.15
64,4096,16,512,123.126
64,4096,16,1024,146.571
64,4096,16,2048,193.291
64,4096,16,4096,285.398
64,4096,16,8192,558.487
64,4096,16,16384,1109.61
64,4096,32,16,113.163
64,4096,32,32,113.388
64,4096,32,64,113.557
64,4096,32,128,126.358
64,4096,32,256,140.821
64,4096,32,512,168.875
64,4096,32,1024,226.198
64,4096,32,2048,339.436
64,4096,32,4096,597.505
64,4096,32,8192,1225.41
64,4096,32,16384,2499.28
64,4096,64,16,137.408
64,4096,64,32,137.835
64,4096,64,64,139.424
64,4096,64,128,168.427
64,4096,64,256,202.998
64,4096,64,512,264.843
64,4096,64,1024,379.116
64,4096,64,2048,600.972
64,4096,64,4096,1517.63
64,4096,64,8192,3163.16
64,4096,64,16384,7076.92
64,4096,128,16,184.534
64,4096,128,32,186.134
64,4096,128,64,190.529
64,4096,128,128,248.779
64,4096,128,256,317.986
64,4096,128,512,461.41
64,4096,128,1024,728.546
64,4096,128,2048,1563.56
64,4096,128,4096,4344.12
64,4096,128,8192,9076.65
64,4096,128,16384,21585.9
64,8192,0,0,188.224
64,8192,1,16,187.179
64,8192,1,32,186.977
64,8192,1,64,187.03
64,8192,1,128,186.678
64,8192,1,256,187.168
64,8192,1,512,187.211
64,8192,1,1024,186.688
64,8192,1,2048,186.593
64,8192,1,4096,185.92
64,8192,1,8192,187.317
64,8192,1,16384,365.59
64,8192,2,16,185.45
64,8192,2,32,185.11
64,8192,2,64,185.473
64,8192,2,128,185.621
64,8192,2,256,185.248
64,8192,2,512,185.461
64,8192,2,1024,185.782
64,8192,2,2048,185.387
64,8192,2,4096,185.952
64,8192,2,8192,186.561
64,8192,2,16384,364.684
64,8192,4,16,185.803
64,8192,4,32,185.813
64,8192,4,64,185.707
64,8192,4,128,185.611
64,8192,4,256,185.675
64,8192,4,512,185.6
64,8192,4,1024,186.155
64,8192,4,2048,187.957
64,8192,4,4096,190.038
64,8192,4,8192,193.366
64,8192,4,16384,372.384
64,8192,8,16,184.822
64,8192,8,32,185.12
64,8192,8,64,184.426
64,8192,8,128,185.29
64,8192,8,256,186.177
64,8192,8,512,189.484
64,8192,8,1024,202.294
64,8192,8,2048,225.622
64,8192,8,4096,274.784
64,8192,8,8192,378.593
64,8192,8,16384,732.332
64,8192,16,16,184.512
64,8192,16,32,184.438
64,8192,16,64,185.077
64,8192,16,128,189.441
64,8192,16,256,195.852
64,8192,16,512,206.112
64,8192,16,1024,228.8
64,8192,16,2048,275.734
64,8192,16,4096,370.817
64,8192,16,8192,578.455
64,8192,16,16384,1130.49
64,8192,32,16,197.035
64,8192,32,32,196.971
64,8192,32,64,196.843
64,8192,32,128,208.705
64,8192,32,256,223.072
64,8192,32,512,252.075
64,8192,32,1024,309.003
64,8192,32,2048,423.564
64,8192,32,4096,671.831
64,8192,32,8192,1233.74
64,8192,32,16384,2563.37
64,8192,64,16,219.713
64,8192,64,32,220.257
64,8192,64,64,222.049
64,8192,64,128,250.87
64,8192,64,256,284.918
64,8192,64,512,351.553
64,8192,64,1024,475.469
64,8192,64,2048,708.173
64,8192,64,4096,1545.27
64,8192,64,8192,3096.13
64,8192,64,16384,7009.92
64,8192,128,16,266.475
64,8192,128,32,268.086
64,8192,128,64,272.865
64,8192,128,128,335.36
64,8192,128,256,415.596
64,8192,128,512,555.725
64,8192,128,1024,826.115
64,8192,128,2048,1667.69
64,8192,128,4096,4482.1
64,8192,128,8192,8720.29
64,8192,128,16384,21799.1
64,16384,0,0,370.251
64,16384,1,16,368.427
64,16384,1,32,368.897
64,16384,1,64,368.811
64,16384,1,128,368.534
64,16384,1,256,368.384
64,16384,1,512,368.14
64,16384,1,1024,369.237
64,16384,1,2048,368.992
64,16384,1,4096,368.342
64,16384,1,8192,367.809
64,16384,1,16384,366.325
64,16384,2,16,365.75
64,16384,2,32,365.877
64,16384,2,64,366.176
64,16384,2,128,367.339
64,16384,2,256,365.301
64,16384,2,512,365.792
64,16384,2,1024,366.262
64,16384,2,2048,366.209
64,16384,2,4096,366.306
64,16384,2,8192,365.547
64,16384,2,16384,365.739
64,16384,4,16,365.686
64,16384,4,32,366.294
64,16384,4,64,365.814
64,16384,4,128,366.069
64,16384,4,256,366.592
64,16384,4,512,365.91
64,16384,4,1024,366.657
64,16384,4,2048,368.097
64,16384,4,4096,369.43
64,16384,4,8192,373.142
64,16384,4,16384,378.71
64,16384,8,16,362.934
64,16384,8,32,363.819
64,16384,8,64,363.489
64,16384,8,128,364.299
64,16384,8,256,365.632
64,16384,8,512,365.676
64,16384,8,1024,366.987
64,16384,8,2048,391.36
64,16384,8,4096,440.256
64,16384,8,8192,547.937
64,16384,8,16384,742.604
64,16384,16,16,365.142
64,16384,16,32,365.173
64,16384,16,64,363.766
64,16384,16,128,365.611
64,16384,16,256,366.07
64,16384,16,512,372.907
64,16384,16,1024,394.614
64,16384,16,2048,443.446
64,16384,16,4096,535.949
64,16384,16,8192,753.677
64,16384,16,16384,1131.79
64,16384,32,16,363.926
64,16384,32,32,364.044
64,16384,32,64,363.884
64,16384,32,128,375.179
64,16384,32,256,389.1
64,16384,32,512,417.313
64,16384,32,1024,475.467
64,16384,32,2048,588.768
64,16384,32,4096,839.415
64,16384,32,8192,1367.81
64,16384,32,16384,2432.92
64,16384,64,16,384.78
64,16384,64,32,384.705
64,16384,64,64,386.667
64,16384,64,128,415.2
64,16384,64,256,449.718
64,16384,64,512,513.889
64,16384,64,1024,642.925
64,16384,64,2048,891.683
64,16384,64,4096,1775.64
64,16384,64,8192,3078.95
64,16384,64,16384,6354.39
64,16384,128,16,431.756
64,16384,128,32,432.13
64,16384,128,64,437.452
64,16384,128,128,500.215
64,16384,128,256,580.536
64,16384,128,512,741.421
64,16384,128,1024,1034.83
64,16384,128,2048,1902.31
64,16384,128,4096,4681.31
64,16384,128,8192,9235.13
64,16384,128,16384,21821.1
128,0,0,0,8.58667
128,0,1,16,8.40567
128,0,1,32,8.45867
128,0,1,64,8.544
128,0,1,128,9.98367
128,0,1,256,12.3413
128,0,1,512,17.5153
128,0,1,1024,28.0537
128,0,1,2048,50.208
128,0,1,4096,94.432
128,0,1,8192,184.896
128,0,1,16384,363.542
128,0,2,16,8.52267
128,0,2,32,8.37333
128,0,2,64,8.64033
128,0,2,128,10.261
128,0,2,256,13.0563
128,0,2,512,18.101
128,0,2,1024,28.395
128,0,2,2048,50.8693
128,0,2,4096,95.3597
128,0,2,8192,185.163
128,0,2,16384,364.256
128,0,4,16,12.0747
128,0,4,32,12.1597
128,0,4,64,12.3197
128,0,4,128,15.2963
128,0,4,256,18.0373
128,0,4,512,23.488
128,0,4,1024,33.5253
128,0,4,2048,55.0937
128,0,4,4096,97.077
128,0,4,8192,188.523
128,0,4,16384,367.755
128,0,8,16,13.3227
128,0,8,32,13.4183
128,0,8,64,13.4933
128,0,8,128,17.472
128,0,8,256,22.7737
128,0,8,512,33.3867
128,0,8,1024,55.9897
128,0,8,2048,99.9363
128,0,8,4096,189.12
128,0,8,8192,372.832
128,0,8,16384,737.484
128,0,16,16,20.48
128,0,16,32,20.4903
128,0,16,64,20.939
128,0,16,128,28.7043
128,0,16,256,37.0767
128,0,16,512,53.3223
128,0,16,1024,86.571
128,0,16,2048,151.318
128,0,16,4096,282.827
128,0,16,8192,564.055
128,0,16,16384,1100.87
128,0,32,16,31.3917
128,0,32,32,31.6903
128,0,32,64,32.2887
128,0,32,128,47.1467
128,0,32,256,63.765
128,0,32,512,96.8537
128,0,32,1024,167.233
128,0,32,2048,300.118
128,0,32,4096,577.878
128,0,32,8192,1187.23
128,0,32,16384,2334.0
128,0,64,16,56.2667
128,0,64,32,56.9493
128,0,64,64,58.155
128,0,64,128,87.2967
128,0,64,256,121.877
128,0,64,512,187.147
128,0,64,1024,315.605
128,0,64,2048,562.103
128,0,64,4096,1453.23
128,0,64,8192,2917.32
128,0,64,16384,5901.06
128,0,128,16,104.171
128,0,128,32,105.301
128,0,128,64,108.821
128,0,128,128,171.307
128,0,128,256,248.427
128,0,128,512,398.732
128,0,128,1024,681.762
128,0,128,2048,1559.41
128,0,128,4096,4303.89
128,0,128,8192,8608.31
128,0,128,16384,21474.5
128,16,0,0,10.4853
128,16,1,16,10.4427
128,16,1,32,10.474
128,16,1,64,10.464
128,16,1,128,10.5067
128,16,1,256,12.4803
128,16,1,512,17.6107
128,16,1,1024,28.1383
128,16,1,2048,50.3363
128,16,1,4096,94.7733
128,16,1,8192,184.907
128,16,1,16384,363.456
128,16,2,16,10.4213
128,16,2,32,10.496
128,16,2,64,10.5067
128,16,2,128,10.6343
128,16,2,256,12.96
128,16,2,512,18.0587
128,16,2,1024,28.4263
128,16,2,2048,50.944
128,16,2,4096,95.2213
128,16,2,8192,184.811
128,16,2,16384,363.361
128,16,4,16,12.021
128,16,4,32,12.2447
128,16,4,64,12.4693
128,16,4,128,15.104
128,16,4,256,18.0057
128,16,4,512,23.381
128,16,4,1024,33.504
128,16,4,2048,54.9657
128,16,4,4096,97.44
128,16,4,8192,188.448
128,16,4,16384,368.513
128,16,8,16,15.7327
128,16,8,32,15.6267
128,16,8,64,15.8077
128,16,8,128,17.376
128,16,8,256,22.6133
128,16,8,512,33.526
128,16,8,1024,56.011
128,16,8,2048,99.7757
128,16,8,4096,189.419
128,16,8,8192,372.748
128,16,8,16384,736.556
128,16,16,16,22.6673
128,16,16,32,22.8377
128,16,16,64,23.1897
128,16,16,128,29.0553
128,16,16,256,37.5677
128,16,16,512,54.0267
128,16,16,1024,86.88
128,16,16,2048,151.787
128,16,16,4096,282.923
128,16,16,8192,564.854
128,16,16,16384,1103.75
128,16,32,16,33.717
128,16,32,32,34.1337
128,16,32,64,34.5387
128,16,32,128,46.912
128,16,32,256,63.776
128,16,32,512,96.7257
128,16,32,1024,166.635
128,16,32,2048,299.83
128,16,32,4096,579.447
128,16,32,8192,1181.87
128,16,32,16384,2321.89
128,16,64,16,58.0693
128,16,64,32,58.731
128,16,64,64,59.691
128,16,64,128,87.872
128,16,64,256,122.251
128,16,64,512,187.98
128,16,64,1024,316.278
128,16,64,2048,562.582
128,16,64,4096,1446.49
128,16,64,8192,2915.84
128,16,64,16384,5872.47
128,16,128,16,104.587
128,16,128,32,105.932
128,16,128,64,109.301
128,16,128,128,170.817
128,16,128,256,248.182
128,16,128,512,398.764
128,16,128,1024,682.04
128,16,128,2048,1556.56
128,16,128,4096,4302.97
128,16,128,8192,8601.91
128,16,128,16384,21183.1
128,32,0,0,10.3147
128,32,1,16,10.5067
128,32,1,32,10.4423
128,32,1,64,10.4637
128,32,1,128,10.3993
128,32,1,256,12.4267
128,32,1,512,17.6
128,32,1,1024,28.1493
128,32,1,2048,50.3253
128,32,1,4096,94.72
128,32,1,8192,184.928
128,32,1,16384,364.833
128,32,2,16,10.4957
128,32,2,32,10.5387
128,32,2,64,10.5383
128,32,2,128,10.5597
128,32,2,256,13.0133
128,32,2,512,18.091
128,32,2,1024,28.491
128,32,2,2048,50.6773
128,32,2,4096,95.36
128,32,2,8192,184.885
128,32,2,16384,364.342
128,32,4,16,11.9573
128,32,4,32,12.0957
128,32,4,64,12.3627
128,32,4,128,14.8693
128,32,4,256,17.675
128,32,4,512,23.104
128,32,4,1024,33.643
128,32,4,2048,55.3493
128,32,4,4096,97.5043
128,32,4,8192,188.502
128,32,4,16384,367.126
128,32,8,16,15.7437
128,32,8,32,15.7867
128,32,8,64,16.0217
128,32,8,128,17.5467
128,32,8,256,22.6137
128,32,8,512,33.3333
128,32,8,1024,55.7863
128,32,8,2048,99.8723
128,32,8,4096,189.419
128,32,8,8192,372.236
128,32,8,16384,739.319
128,32,16,16,22.965
128,32,16,32,23.083
128,32,16,64,23.2853
128,32,16,128,28.928
128,32,16,256,37.824
128,32,16,512,54.0913
128,32,16,1024,86.7203
128,32,16,2048,151.361
128,32,16,4096,283.403
128,32,16,8192,562.433
128,32,16,16384,1103.18
128,32,32,16,33.973
128,32,32,32,34.1127
128,32,32,64,34.5067
128,32,32,128,47.1893
128,32,32,256,63.8933
128,32,32,512,96.6507
128,32,32,1024,167.03
128,32,32,2048,300.341
128,32,32,4096,577.218
128,32,32,8192,1183.43
128,32,32,16384,2319.25
128,32,64,16,57.9947
128,32,64,32,58.6243
128,32,64,64,59.7443
128,32,64,128,87.6483
128,32,64,256,122.123
128,32,64,512,188.065
128,32,64,1024,315.968
128,32,64,2048,562.679
128,32,64,4096,1447.74
128,32,64,8192,2912.72
128,32,64,16384,5841.7
128,32,128,16,104.598
128,32,128,32,105.878
128,32,128,64,109.409
128,32,128,128,170.699
128,32,128,256,247.809
128,32,128,512,398.145
128,32,128,1024,681.901
128,32,128,2048,1554.63
128,32,128,4096,4307.61
128,32,128,8192,8643.22
128,32,128,16384,21435.0
128,64,0,0,10.3787
128,64,1,16,10.3787
128,64,1,32,10.4533
128,64,1,64,10.4
128,64,1,128,10.5283
128,64,1,256,12.2983
128,64,1,512,17.44
128,64,1,1024,28.16
128,64,1,2048,50.6563
128,64,1,4096,94.8157
128,64,1,8192,184.886
128,64,1,16384,364.8
128,64,2,16,10.613
128,64,2,32,10.581
128,64,2,64,10.6023
128,64,2,128,10.7627
128,64,2,256,12.5437
128,64,2,512,17.707
128,64,2,1024,28.4797
128,64,2,2048,50.9547
128,64,2,4096,95.5627
128,64,2,8192,185.227
128,64,2,16384,364.746
128,64,4,16,11.936
128,64,4,32,12.0427
128,64,4,64,12.2667
128,64,4,128,15.2213
128,64,4,256,18.5703
128,64,4,512,23.456
128,64,4,1024,33.8243
128,64,4,2048,55.4133
128,64,4,4096,97.611
128,64,4,8192,188.48
128,64,4,16384,368.043
128,64,8,16,15.7117
128,64,8,32,15.8933
128,64,8,64,15.9253
128,64,8,128,17.504
128,64,8,256,22.688
128,64,8,512,33.536
128,64,8,1024,55.8187
128,64,8,2048,100.128
128,64,8,4096,189.452
128,64,8,8192,372.8
128,64,8,16384,736.609
128,64,16,16,23.2
128,64,16,32,22.997
128,64,16,64,23.4453
128,64,16,128,29.344
128,64,16,256,37.4827
128,64,16,512,54.0797
128,64,16,1024,87.2963
128,64,16,2048,151.723
128,64,16,4096,282.476
128,64,16,8192,562.337
128,64,16,16384,1103.0
128,64,32,16,34.1227
128,64,32,32,34.4217
128,64,32,64,34.6987
128,64,32,128,47.2217
128,64,32,256,64.0327
128,64,32,512,96.694
128,64,32,1024,166.571
128,64,32,2048,299.628
128,64,32,4096,575.629
128,64,32,8192,1186.5
128,64,32,16384,2324.33
128,64,64,16,57.728
128,64,64,32,58.3253
128,64,64,64,59.7547
128,64,64,128,87.3497
128,64,64,256,121.686
128,64,64,512,186.358
128,64,64,1024,315.276
128,64,64,2048,561.197
128,64,64,4096,1448.87
128,64,64,8192,2916.94
128,64,64,16384,5883.78
128,64,128,16,104.758
128,64,128,32,105.952
128,64,128,64,109.152
128,64,128,128,171.179
128,64,128,256,248.353
128,64,128,512,397.697
128,64,128,1024,680.483
128,64,128,2048,1562.46
128,64,128,4096,4305.52
128,64,128,8192,9214.68
128,64,128,16384,21608.6
128,128,0,0,11.339
128,128,1,16,10.784
128,128,1,32,10.7633
128,128,1,64,10.816
128,128,1,128,10.816
128,128,1,256,12.5227
128,128,1,512,17.5147
128,128,1,1024,28.1917
128,128,1,2048,50.3253
128,128,1,4096,94.8267
128,128,1,8192,185.163
128,128,1,16384,364.513
128,128,2,16,10.8693
128,128,2,32,10.8693
128,128,2,64,10.912
128,128,2,128,10.88
128,128,2,256,12.9813
128,128,2,512,18.1657
128,128,2,1024,28.4057
128,128,2,2048,50.7737
128,128,2,4096,95.392
128,128,2,8192,184.619
128,128,2,16384,364.736
128,128,4,16,12.224
128,128,4,32,12.0427
128,128,4,64,12.3737
128,128,4,128,17.0237
128,128,4,256,21.002
128,128,4,512,26.5597
128,128,4,1024,37.2373
128,128,4,2048,58.5497
128,128,4,4096,99.6373
128,128,4,8192,188.224
128,128,4,16384,368.342
128,128,8,16,16.3307
128,128,8,32,16.3733
128,128,8,64,16.5547
128,128,8,128,18.5493
128,128,8,256,22.8057
128,128,8,512,33.504
128,128,8,1024,55.9043
128,128,8,2048,99.9893
128,128,8,4096,189.622
128,128,8,8192,373.152
128,128,8,16384,738.37
128,128,16,16,23.7867
128,128,16,32,23.8937
128,128,16,64,23.9253
128,128,16,128,30.7413
128,128,16,256,39.936
128,128,16,512,56.6507
128,128,16,1024,89.152
128,128,16,2048,153.322
128,128,16,4096,283.809
128,128,16,8192,562.732
128,128,16,16384,1105.33
128,128,32,16,34.88
128,128,32,32,35.0187
128,128,32,64,35.4667
128,128,32,128,47.883
128,128,32,256,64.1597
128,128,32,512,97.0353
128,128,32,1024,166.144
128,128,32,2048,299.617
128,128,32,4096,577.879
128,128,32,8192,1183.61
128,128,32,16384,2316.65
128,128,64,16,59.0303
128,128,64,32,59.4347
128,128,64,64,60.6933
128,128,64,128,88.8103
128,128,64,256,123.062
128,128,64,512,188.373
128,128,64,1024,316.534
128,128,64,2048,564.183
128,128,64,4096,1446.98
128,128,64,8192,2915.95
128,128,64,16384,5956.1
128,128,128,16,105.537
128,128,128,32,106.721
128,128,128,64,109.643
128,128,128,128,171.638
128,128,128,256,248.886
128,128,128,512,398.231
128,128,128,1024,680.589
128,128,128,2048,1553.42
128,128,128,4096,4306.46
128,128,128,8192,8616.82
128,128,128,16384,21662.0
128,256,0,0,13.7493
128,256,1,16,13.3547
128,256,1,32,13.3227
128,256,1,64,13.3333
128,256,1,128,13.2907
128,256,1,256,13.3333
128,256,1,512,17.6217
128,256,1,1024,28.117
128,256,1,2048,50.2727
128,256,1,4096,94.9867
128,256,1,8192,185.291
128,256,1,16384,364.449
128,256,2,16,13.4083
128,256,2,32,13.408
128,256,2,64,13.504
128,256,2,128,13.3767
128,256,2,256,13.4927
128,256,2,512,18.4
128,256,2,1024,28.3943
128,256,2,2048,51.3063
128,256,2,4096,94.9653
128,256,2,8192,185.397
128,256,2,16384,364.139
128,256,4,16,14.7737
128,256,4,32,14.7093
128,256,4,64,14.806
128,256,4,128,17.12
128,256,4,256,22.4537
128,256,4,512,28.9707
128,256,4,1024,40.0747
128,256,4,2048,60.8747
128,256,4,4096,102.475
128,256,4,8192,189.014
128,256,4,16384,367.712
128,256,8,16,18.9337
128,256,8,32,19.1467
128,256,8,64,19.04
128,256,8,128,21.312
128,256,8,256,24.064
128,256,8,512,33.7067
128,256,8,1024,56.2457
128,256,8,2048,100.203
128,256,8,4096,189.781
128,256,8,8192,371.244
128,256,8,16384,738.424
128,256,16,16,26.7307
128,256,16,32,26.9333
128,256,16,64,27.296
128,256,16,128,32.309
128,256,16,256,42.165
128,256,16,512,59.3923
128,256,16,1024,92.0213
128,256,16,2048,155.637
128,256,16,4096,283.968
128,256,16,8192,562.86
128,256,16,16384,1103.49
128,256,32,16,38.4747
128,256,32,32,38.6987
128,256,32,64,39.3067
128,256,32,128,51.232
128,256,32,256,64.9603
128,256,32,512,96.5123
128,256,32,1024,165.803
128,256,32,2048,299.563
128,256,32,4096,578.807
128,256,32,8192,1183.87
128,256,32,16384,2331.38
128,256,64,16,62.0913
128,256,64,32,62.6457
128,256,64,64,63.6907
128,256,64,128,90.0697
128,256,64,256,124.0
128,256,64,512,188.48
128,256,64,1024,316.246
128,256,64,2048,564.088
128,256,64,4096,1445.12
128,256,64,8192,2913.9
128,256,64,16384,5834.5
128,256,128,16,109.568
128,256,128,32,110.902
128,256,128,64,113.792
128,256,128,128,173.75
128,256,128,256,251.158
128,256,128,512,400.332
128,256,128,1024,682.285
128,256,128,2048,1561.23
128,256,128,4096,4307.69
128,256,128,8192,8652.09
128,256,128,16384,21545.6
128,512,0,0,18.5707
128,512,1,16,18.5067
128,512,1,32,18.432
128,512,1,64,18.4957
128,512,1,128,18.6773
128,512,1,256,18.4213
128,512,1,512,18.5173
128,512,1,1024,28.1387
128,512,1,2048,50.432
128,512,1,4096,95.1787
128,512,1,8192,184.885
128,512,1,16384,365.27
128,512,2,16,18.7207
128,512,2,32,18.677
128,512,2,64,18.7947
128,512,2,128,18.6563
128,512,2,256,18.8153
128,512,2,512,18.688
128,512,2,1024,28.7047
128,512,2,2048,50.9867
128,512,2,4096,95.9367
128,512,2,8192,185.515
128,512,2,16384,365.089
128,512,4,16,19.9357
128,512,4,32,19.9257
128,512,4,64,19.947
128,512,4,128,19.9783
128,512,4,256,22.4643
128,512,4,512,32.6613
128,512,4,1024,45.216
128,512,4,2048,66.4103
128,512,4,4096,107.841
128,512,4,8192,192.182
128,512,4,16384,367.799
128,512,8,16,24.1817
128,512,8,32,24.1283
128,512,8,64,24.2027
128,512,8,128,26.6663
128,512,8,256,29.611
128,512,8,512,34.688
128,512,8,1024,56.064
128,512,8,2048,100.256
128,512,8,4096,190.037
128,512,8,8192,368.982
128,512,8,16384,737.889
128,512,16,16,32.4263
128,512,16,32,32.5653
128,512,16,64,33.034
128,512,16,128,40.0857
128,512,16,256,45.686
128,512,16,512,63.6583
128,512,16,1024,97.5147
128,512,16,2048,161.131
128,512,16,4096,288.032
128,512,16,8192,563.02
128,512,16,16384,1104.36
128,512,32,16,45.2797
128,512,32,32,45.2693
128,512,32,64,46.0267
128,512,32,128,57.2697
128,512,32,256,70.9657
128,512,32,512,97.7707
128,512,32,1024,164.79
128,512,32,2048,299.606
128,512,32,4096,576.332
128,512,32,8192,1185.85
128,512,32,16384,2322.9
128,512,64,16,68.9707
128,512,64,32,69.6427
128,512,64,64,70.7413
128,512,64,128,96.9703
128,512,64,256,127.851
128,512,64,512,191.478
128,512,64,1024,319.308
128,512,64,2048,571.853
128,512,64,4096,1449.64
128,512,64,8192,2917.22
128,512,64,16384,5861.16
128,512,128,16,115.756
128,512,128,32,116.939
128,512,128,64,120.075
128,512,128,128,176.726
128,512,128,256,251.787
128,512,128,512,401.633
128,512,128,1024,683.512
128,512,128,2048,1549.94
128,512,128,4096,4314.71
128,512,128,8192,8633.98
128,512,128,16384,21495.2
128,1024,0,0,29.536
128,1024,1,16,29.1627
128,1024,1,32,29.1627
128,1024,1,64,29.227
128,1024,1,128,29.152
128,1024,1,256,29.1417
128,1024,1,512,29.2907
128,1024,1,1024,29.2267
128,1024,1,2048,50.7733
128,1024,1,4096,94.8053
128,1024,1,8192,184.885
128,1024,1,16384,363.649
128,1024,2,16,29.099
128,1024,2,32,29.0883
128,1024,2,64,29.024
128,1024,2,128,29.0347
128,1024,2,256,29.1733
128,1024,2,512,29.3227
128,1024,2,1024,29.5463
128,1024,2,2048,51.1787
128,1024,2,4096,95.6477
128,1024,2,8192,185.546
128,1024,2,16384,362.912
128,1024,4,16,29.856
128,1024,4,32,30.048
128,1024,4,64,29.984
128,1024,4,128,30.144
128,1024,4,256,30.2717
128,1024,4,512,32.6937
128,1024,4,1024,54.9227
128,1024,4,2048,77.5467
128,1024,4,4096,119.532
128,1024,4,8192,202.934
128,1024,4,16384,368.598
128,1024,8,16,34.464
128,1024,8,32,34.7627
128,1024,8,64,34.698
128,1024,8,128,37.2797
128,1024,8,256,40.1067
128,1024,8,512,45.568
128,1024,8,1024,57.248
128,1024,8,2048,100.363
128,1024,8,4096,188.928
128,1024,8,8192,366.827
128,1024,8,16384,732.599
128,1024,16,16,42.88
128,1024,16,32,42.9547
128,1024,16,64,43.4237
128,1024,16,128,50.6987
128,1024,16,256,59.1683
128,1024,16,512,72.672
128,1024,16,1024,106.56
128,1024,16,2048,172.106
128,1024,16,4096,297.782
128,1024,16,8192,559.66
128,1024,16,16384,1103.3
128,1024,32,16,56.5973
128,1024,32,32,56.7253
128,1024,32,64,57.344
128,1024,32,128,71.456
128,1024,32,256,85.9633
128,1024,32,512,109.259
128,1024,32,1024,164.555
128,1024,32,2048,298.135
128,1024,32,4096,572.055
128,1024,32,8192,1191.41
128,1024,32,16384,2317.75
128,1024,64,16,81.611
128,1024,64,32,82.315
128,1024,64,64,83.1253
128,1024,64,128,109.408
128,1024,64,256,141.686
128,1024,64,512,201.099
128,1024,64,1024,323.83
128,1024,64,2048,580.428
128,1024,64,4096,1452.88
128,1024,64,8192,2916.6
128,1024,64,16384,5857.87
128,1024,128,16,128.971
128,1024,128,32,131.179
128,1024,128,64,134.208
128,1024,128,128,191.317
128,1024,128,256,263.766
128,1024,128,512,405.836
128,1024,128,1024,688.824
128,1024,128,2048,1537.68
128,1024,128,4096,4317.39
128,1024,128,8192,8669.09
128,1024,128,16384,21686.4
128,2048,0,0,51.819
128,2048,1,16,51.2537
128,2048,1,32,51.1783
128,2048,1,64,51.189
128,2048,1,128,51.3493
128,2048,1,256,51.2
128,2048,1,512,51.2853
128,2048,1,1024,51.5947
128,2048,1,2048,51.5093
128,2048,1,4096,94.784
128,2048,1,8192,184.224
128,2048,1,16384,363.67
128,2048,2,16,51.2213
128,2048,2,32,51.179
128,2048,2,64,51.328
128,2048,2,128,51.2323
128,2048,2,256,51.168
128,2048,2,512,51.5843
128,2048,2,1024,51.8717
128,2048,2,2048,52.2137
128,2048,2,4096,96.0643
128,2048,2,8192,185.292
128,2048,2,16384,363.808
128,2048,4,16,52.1813
128,2048,4,32,51.883
128,2048,4,64,51.6267
128,2048,4,128,51.7553
128,2048,4,256,52.2777
128,2048,4,512,52.704
128,2048,4,1024,54.6457
128,2048,4,2048,98.507
128,2048,4,4096,142.913
128,2048,4,8192,226.368
128,2048,4,16384,393.739
128,2048,8,16,55.1997
128,2048,8,32,55.5203
128,2048,8,64,55.381
128,2048,8,128,58.0913
128,2048,8,256,61.0453
128,2048,8,512,66.8163
128,2048,8,1024,79.1473
128,2048,8,2048,102.08
128,2048,8,4096,190.187
128,2048,8,8192,365.1
128,2048,8,16384,732.024
128,2048,16,16,63.808
128,2048,16,32,64.0957
128,2048,16,64,64.8
128,2048,16,128,71.8187
128,2048,16,256,80.5227
128,2048,16,512,96.683
128,2048,16,1024,129.216
128,2048,16,2048,192.469
128,2048,16,4096,322.113
128,2048,16,8192,570.849
128,2048,16,16384,1100.22
128,2048,32,16,77.7183
128,2048,32,32,77.984
128,2048,32,64,78.5913
128,2048,32,128,94.059
128,2048,32,256,110.582
128,2048,32,512,141.494
128,2048,32,1024,191.382
128,2048,32,2048,300.192
128,2048,32,4096,571.213
128,2048,32,8192,1188.52
128,2048,32,16384,2340.7
128,2048,64,16,106.304
128,2048,64,32,106.71
128,2048,64,64,108.171
128,2048,64,128,135.627
128,2048,64,256,169.013
128,2048,64,512,228.641
128,2048,64,1024,343.926
128,2048,64,2048,592.642
128,2048,64,4096,1415.41
128,2048,64,8192,2932.97
128,2048,64,16384,5926.94
128,2048,128,16,154.752
128,2048,128,32,155.937
128,2048,128,64,160.15
128,2048,128,128,217.377
128,2048,128,256,286.327
128,2048,128,512,428.033
128,2048,128,1024,697.25
128,2048,128,2048,1556.04
128,2048,128,4096,4378.44
128,2048,128,8192,9441.64
128,2048,128,16384,21592.6
128,4096,0,0,97.195
128,4096,1,16,95.7447
128,4096,1,32,95.723
128,4096,1,64,95.7123
128,4096,1,128,95.9467
128,4096,1,256,95.9147
128,4096,1,512,95.8503
128,4096,1,1024,96.064
128,4096,1,2048,96.2883
128,4096,1,4096,96.33
128,4096,1,8192,185.174
128,4096,1,16384,364.641
128,4096,2,16,95.7757
128,4096,2,32,95.6913
128,4096,2,64,95.8077
128,4096,2,128,95.7867
128,4096,2,256,95.7543
128,4096,2,512,96.2237
128,4096,2,1024,96.566
128,4096,2,2048,96.661
128,4096,2,4096,97.5683
128,4096,2,8192,186.241
128,4096,2,16384,364.449
128,4096,4,16,96.096
128,4096,4,32,95.8723
128,4096,4,64,95.7333
128,4096,4,128,96.2137
128,4096,4,256,96.5657
128,4096,4,512,96.821
128,4096,4,1024,97.6327
128,4096,4,2048,99.1253
128,4096,4,4096,187.211
128,4096,4,8192,271.125
128,4096,4,16384,438.987
128,4096,8,16,97.7493
128,4096,8,32,97.5467
128,4096,8,64,98.3897
128,4096,8,128,100.523
128,4096,8,256,103.626
128,4096,8,512,109.878
128,4096,8,1024,121.771
128,4096,8,2048,144.16
128,4096,8,4096,192.203
128,4096,8,8192,365.74
128,4096,8,16384,731.138
128,4096,16,16,106.048
128,4096,16,32,105.878
128,4096,16,64,106.677
128,4096,16,128,113.984
128,4096,16,256,122.55
128,4096,16,512,138.795
128,4096,16,1024,171.073
128,4096,16,2048,235.136
128,4096,16,4096,364.066
128,4096,16,8192,642.242
128,4096,16,16384,1149.9
128,4096,32,16,119.755
128,4096,32,32,119.52
128,4096,32,64,120.907
128,4096,32,128,135.979
128,4096,32,256,152.534
128,4096,32,512,185.686
128,4096,32,1024,249.152
128,4096,32,2048,346.326
128,4096,32,4096,588.929
128,4096,32,8192,1194.09
128,4096,32,16384,2676.82
128,4096,64,16,147.713
128,4096,64,32,148.96
128,4096,64,64,150.517
128,4096,64,128,182.806
128,4096,64,256,217.142
128,4096,64,512,280.971
128,4096,64,1024,398.519
128,4096,64,2048,630.125
128,4096,64,4096,1520.32
128,4096,64,8192,3264.98
128,4096,64,16384,7686.01
128,4096,128,16,202.55
128,4096,128,32,204.235
128,4096,128,64,208.8
128,4096,128,128,271.883
128,4096,128,256,352.225
128,4096,128,512,478.583
128,4096,128,1024,746.444
128,4096,128,2048,1563.39
128,4096,128,4096,4422.96
128,4096,128,8192,10535.1
128,4096,128,16384,21725.1
128,8192,0,0,185.654
128,8192,1,16,184.832
128,8192,1,32,184.79
128,8192,1,64,185.227
128,8192,1,128,185.088
128,8192,1,256,185.089
128,8192,1,512,186.123
128,8192,1,1024,185.6
128,8192,1,2048,185.248
128,8192,1,4096,184.885
128,8192,1,8192,185.302
128,8192,1,16384,363.99
128,8192,2,16,184.331
128,8192,2,32,184.544
128,8192,2,64,184.619
128,8192,2,128,186.315
128,8192,2,256,185.964
128,8192,2,512,185.323
128,8192,2,1024,185.12
128,8192,2,2048,185.962
128,8192,2,4096,185.867
128,8192,2,8192,187.787
128,8192,2,16384,366.006
128,8192,4,16,185.504
128,8192,4,32,185.377
128,8192,4,64,185.27
128,8192,4,128,185.569
128,8192,4,256,186.027
128,8192,4,512,185.878
128,8192,4,1024,187.616
128,8192,4,2048,188.224
128,8192,4,4096,191.616
128,8192,4,8192,365.964
128,8192,4,16384,549.163
128,8192,8,16,185.131
128,8192,8,32,184.618
128,8192,8,64,185.163
128,8192,8,128,185.003
128,8192,8,256,187.904
128,8192,8,512,194.912
128,8192,8,1024,205.75
128,8192,8,2048,227.702
128,8192,8,4096,275.681
128,8192,8,8192,377.793
128,8192,8,16384,729.644
128,8192,16,16,190.891
128,8192,16,32,190.144
128,8192,16,64,190.742
128,8192,16,128,197.366
128,8192,16,256,206.87
128,8192,16,512,220.918
128,8192,16,1024,254.539
128,8192,16,2048,319.692
128,8192,16,4096,450.305
128,8192,16,8192,733.09
128,8192,16,16384,1335.5
128,8192,32,16,202.316
128,8192,32,32,203.211
128,8192,32,64,203.446
128,8192,32,128,217.739
128,8192,32,256,234.933
128,8192,32,512,267.819
128,8192,32,1024,333.302
128,8192,32,2048,467.116
128,8192,32,4096,663.852
128,8192,32,8192,1194.6
128,8192,32,16384,2676.54
128,8192,64,16,230.784
128,8192,64,32,231.585
128,8192,64,64,233.26
128,8192,64,128,265.003
128,8192,64,256,302.497
128,8192,64,512,376.236
128,8192,64,1024,501.441
128,8192,64,2048,733.527
128,8192,64,4096,1592.12
128,8192,64,8192,3045.37
128,8192,64,16384,7713.32
128,8192,128,16,287.702
128,8192,128,32,289.665
128,8192,128,64,293.516
128,8192,128,128,363.51
128,8192,128,256,448.31
128,8192,128,512,602.658
128,8192,128,1024,833.123
128,8192,128,2048,1705.49
128,8192,128,4096,4454.05
128,8192,128,8192,8873.2
128,8192,128,16384,21866.6
128,16384,0,0,369.856
128,16384,1,16,364.181
128,16384,1,32,364.171
128,16384,1,64,364.149
128,16384,1,128,363.456
128,16384,1,256,364.353
128,16384,1,512,365.419
128,16384,1,1024,364.683
128,16384,1,2048,364.523
128,16384,1,4096,364.085
128,16384,1,8192,365.526
128,16384,1,16384,366.507
128,16384,2,16,364.598
128,16384,2,32,364.556
128,16384,2,64,364.043
128,16384,2,128,364.459
128,16384,2,256,364.555
128,16384,2,512,365.259
128,16384,2,1024,365.462
128,16384,2,2048,364.78
128,16384,2,4096,365.238
128,16384,2,8192,365.44
128,16384,2,16384,367.275
128,16384,4,16,364.695
128,16384,4,32,364.565
128,16384,4,64,364.406
128,16384,4,128,364.843
128,16384,4,256,365.675
128,16384,4,512,365.76
128,16384,4,1024,367.307
128,16384,4,2048,368.022
128,16384,4,4096,370.017
128,16384,4,8192,372.491
128,16384,4,16384,727.5
128,16384,8,16,363.308
128,16384,8,32,364.801
128,16384,8,64,364.693
128,16384,8,128,364.747
128,16384,8,256,365.174
128,16384,8,512,365.184
128,16384,8,1024,373.75
128,16384,8,2048,397.067
128,16384,8,4096,443.361
128,16384,8,8192,549.921
128,16384,8,16384,740.257
128,16384,16,16,363.948
128,16384,16,32,364.725
128,16384,16,64,365.419
128,16384,16,128,365.014
128,16384,16,256,372.939
128,16384,16,512,387.83
128,16384,16,1024,422.113
128,16384,16,2048,485.003
128,16384,16,4096,618.721
128,16384,16,8192,900.482
128,16384,16,16384,1447.59
128,16384,32,16,369.003
128,16384,32,32,369.078
128,16384,32,64,370.443
128,16384,32,128,383.895
128,16384,32,256,401.323
128,16384,32,512,435.371
128,16384,32,1024,499.255
128,16384,32,2048,633.666
128,16384,32,4096,899.565
128,16384,32,8192,1350.19
128,16384,32,16384,2343.37
128,16384,64,16,394.219
128,16384,64,32,396.576
128,16384,64,64,397.761
128,16384,64,128,428.961
128,16384,64,256,468.801
128,16384,64,512,540.247
128,16384,64,1024,683.266
128,16384,64,2048,932.983
128,16384,64,4096,1790.68
128,16384,64,8192,3256.35
128,16384,64,16384,6181.45
128,16384,128,16,452.214
128,16384,128,32,454.657
128,16384,128,64,457.889
128,16384,128,128,526.999
128,16384,128,256,616.877
128,16384,128,512,785.943
128,16384,128,1024,1076.46
128,16384,128,2048,1904.67
128,16384,128,4096,4903.06
128,16384,128,8192,9005.05
128,16384,128,16384,21569.8
256,0,0,0,11.0507
256,0,1,16,11.7763
256,0,1,32,11.7543
256,0,1,64,11.68
256,0,1,128,11.712
256,0,1,256,13.5253
256,0,1,512,18.635
256,0,1,1024,29.0027
256,0,1,2048,50.8587
256,0,1,4096,95.445
256,0,1,8192,185.898
256,0,1,16384,365.707
256,0,2,16,15.8193
256,0,2,32,15.851
256,0,2,64,15.915
256,0,2,128,15.8933
256,0,2,256,18.176
256,0,2,512,23.4023
256,0,2,1024,33.8453
256,0,2,2048,54.2403
256,0,2,4096,96.4803
256,0,2,8192,185.206
256,0,2,16384,366.028
256,0,4,16,16.7567
256,0,4,32,16.6827
256,0,4,64,16.7363
256,0,4,128,18.0697
256,0,4,256,20.8637
256,0,4,512,26.88
256,0,4,1024,37.1093
256,0,4,2048,58.784
256,0,4,4096,101.248
256,0,4,8192,188.694
256,0,4,16384,369.323
256,0,8,16,20.3203
256,0,8,32,20.3733
256,0,8,64,20.3737
256,0,8,128,22.5707
256,0,8,256,27.5517
256,0,8,512,36.6397
256,0,8,1024,58.2827
256,0,8,2048,101.472
256,0,8,4096,190.369
256,0,8,8192,373.943
256,0,8,16384,738.839
256,0,16,16,26.4957
256,0,16,32,26.7623
256,0,16,64,26.9227
256,0,16,128,33.184
256,0,16,256,42.859
256,0,16,512,60.192
256,0,16,1024,92.7677
256,0,16,2048,157.632
256,0,16,4096,287.446
256,0,16,8192,563.372
256,0,16,16384,1103.23
256,0,32,16,40.2023
256,0,32,32,40.4267
256,0,32,64,40.886
256,0,32,128,54.581
256,0,32,256,71.5527
256,0,32,512,103.136
256,0,32,1024,169.024
256,0,32,2048,305.975
256,0,32,4096,581.826
256,0,32,8192,1191.8
256,0,32,16384,2327.61
256,0,64,16,67.9783
256,0,64,32,68.4053
256,0,64,64,69.5467
256,0,64,128,96.8857
256,0,64,256,130.934
256,0,64,512,195.574
256,0,64,1024,325.111
256,0,64,2048,573.666
256,0,64,4096,1454.94
256,0,64,8192,2921.04
256,0,64,16384,5869.78
256,0,128,16,123.03
256,0,128,32,125.067
256,0,128,64,127.872
256,0,128,128,188.481
256,0,128,256,264.577
256,0,128,512,416.214
256,0,128,1024,698.999
256,0,128,2048,1555.21
256,0,128,4096,4311.76
256,0,128,8192,8593.88
256,0,128,16384,21086.3
256,16,0,0,13.1633
256,16,1,16,14.0053
256,16,1,32,14.0057
256,16,1,64,14.08
256,16,1,128,14.0267
256,16,1,256,14.005
256,16,1,512,18.581
256,16,1,1024,29.0457
256,16,1,2048,51.0513
256,16,1,4096,95.221
256,16,1,8192,185.654
256,16,1,16384,365.323
256,16,2,16,18.314
256,16,2,32,18.3037
256,16,2,64,18.4427
256,16,2,128,18.4537
256,16,2,256,18.901
256,16,2,512,23.8723
256,16,2,1024,34.1763
256,16,2,2048,54.934
256,16,2,4096,96.683
256,16,2,8192,185.664
256,16,2,16384,365.953
256,16,4,16,18.795
256,16,4,32,18.9867
256,16,4,64,19.0503
256,16,4,128,20.6403
256,16,4,256,22.3037
256,16,4,512,27.52
256,16,4,1024,38.432
256,16,4,2048,60.3633
256,16,4,4096,103.637
256,16,4,8192,189.259
256,16,4,16384,368.022
256,16,8,16,22.6453
256,16,8,32,22.8907
256,16,8,64,23.2533
256,16,8,128,25.0557
256,16,8,256,28.6077
256,16,8,512,36.875
256,16,8,1024,58.357
256,16,8,2048,101.462
256,16,8,4096,191.478
256,16,8,8192,373.205
256,16,8,16384,738.615
256,16,16,16,29.803
256,16,16,32,29.7283
256,16,16,64,29.9947
256,16,16,128,35.8183
256,16,16,256,43.5737
256,16,16,512,61.888
256,16,16,1024,94.1867
256,16,16,2048,159.264
256,16,16,4096,288.95
256,16,16,8192,561.751
256,16,16,16384,1104.85
256,16,32,16,43.659
256,16,32,32,43.563
256,16,32,64,44.448
256,16,32,128,57.0453
256,16,32,256,73.163
256,16,32,512,104.726
256,16,32,1024,169.388
256,16,32,2048,304.971
256,16,32,4096,580.055
256,16,32,8192,1192.37
256,16,32,16384,2322.39
256,16,64,16,70.443
256,16,64,32,70.8483
256,16,64,64,72.1287
256,16,64,128,97.9633
256,16,64,256,131.542
256,16,64,512,196.652
256,16,64,1024,325.782
256,16,64,2048,576.717
256,16,64,4096,1458.24
256,16,64,8192,2925.28
256,16,64,16384,5841.17
256,16,128,16,125.974
256,16,128,32,126.934
256,16,128,64,129.313
256,16,128,128,188.288
256,16,128,256,265.046
256,16,128,512,415.714
256,16,128,1024,700.119
256,16,128,2048,1565.33
256,16,128,4096,4310.32
256,16,128,8192,8609.02
256,16,128,16384,21378.4
256,32,0,0,13.1623
256,32,1,16,14.0157
256,32,1,32,14.08
256,32,1,64,13.9947
256,32,1,128,14.0267
256,32,1,256,13.9623
256,32,1,512,18.347
256,32,1,1024,28.8857
256,32,1,2048,51.072
256,32,1,4096,95.2957
256,32,1,8192,185.717
256,32,1,16384,365.739
256,32,2,16,18.2503
256,32,2,32,18.3247
256,32,2,64,18.4213
256,32,2,128,18.4853
256,32,2,256,18.624
256,32,2,512,23.7013
256,32,2,1024,34.1333
256,32,2,2048,54.6987
256,32,2,4096,96.4693
256,32,2,8192,185.984
256,32,2,16384,365.76
256,32,4,16,18.9337
256,32,4,32,18.891
256,32,4,64,18.901
256,32,4,128,20.63
256,32,4,256,22.1543
256,32,4,512,27.7973
256,32,4,1024,38.3783
256,32,4,2048,60.6187
256,32,4,4096,103.115
256,32,4,8192,190.111
256,32,4,16384,368.427
256,32,8,16,22.8367
256,32,8,32,23.0083
256,32,8,64,22.944
256,32,8,128,25.3543
256,32,8,256,28.3737
256,32,8,512,37.4183
256,32,8,1024,58.2403
256,32,8,2048,101.526
256,32,8,4096,191.926
256,32,8,8192,374.582
256,32,8,16384,739.779
256,32,16,16,29.706
256,32,16,32,29.622
256,32,16,64,29.6537
256,32,16,128,35.9143
256,32,16,256,43.531
256,32,16,512,61.9203
256,32,16,1024,94.3677
256,32,16,2048,159.286
256,32,16,4096,289.612
256,32,16,8192,562.413
256,32,16,16384,1100.34
256,32,32,16,43.3177
256,32,32,32,43.446
256,32,32,64,43.9467
256,32,32,128,56.6293
256,32,32,256,72.6403
256,32,32,512,103.915
256,32,32,1024,168.822
256,32,32,2048,304.395
256,32,32,4096,582.743
256,32,32,8192,1190.91
256,32,32,16384,2322.43
256,32,64,16,70.4427
256,32,64,32,70.9447
256,32,64,64,72.043
256,32,64,128,97.8677
256,32,64,256,131.595
256,32,64,512,196.449
256,32,64,1024,325.707
256,32,64,2048,575.425
256,32,64,4096,1457.3
256,32,64,8192,2921.91
256,32,64,16384,5885.02
256,32,128,16,125.717
256,32,128,32,126.806
256,32,128,64,129.472
256,32,128,128,188.491
256,32,128,256,264.534
256,32,128,512,414.626
256,32,128,1024,698.445
256,32,128,2048,1565.35
256,32,128,4096,4311.17
256,32,128,8192,8612.26
256,32,128,16384,21580.0
256,64,0,0,13.4293
256,64,1,16,14.0907
256,64,1,32,14.0587
256,64,1,64,14.0803
256,64,1,128,14.101
256,64,1,256,14.0587
256,64,1,512,18.5173
256,64,1,1024,29.0987
256,64,1,2048,51.2003
256,64,1,4096,95.7767
256,64,1,8192,185.824
256,64,1,16384,365.696
256,64,2,16,18.4107
256,64,2,32,18.443
256,64,2,64,18.5497
256,64,2,128,18.72
256,64,2,256,18.9547
256,64,2,512,23.7547
256,64,2,1024,33.9417
256,64,2,2048,54.5703
256,64,2,4096,97.1737
256,64,2,8192,186.07
256,64,2,16384,364.886
256,64,4,16,18.6773
256,64,4,32,18.7627
256,64,4,64,18.9227
256,64,4,128,20.416
256,64,4,256,22.144
256,64,4,512,27.776
256,64,4,1024,38.539
256,64,4,2048,60.0
256,64,4,4096,102.656
256,64,4,8192,188.651
256,64,4,16384,367.83
256,64,8,16,22.784
256,64,8,32,22.8163
256,64,8,64,22.891
256,64,8,128,25.184
256,64,8,256,28.2667
256,64,8,512,36.7897
256,64,8,1024,57.9417
256,64,8,2048,101.003
256,64,8,4096,190.604
256,64,8,8192,373.419
256,64,8,16384,736.961
256,64,16,16,29.6743
256,64,16,32,29.6963
256,64,16,64,30.1223
256,64,16,128,35.9793
256,64,16,256,43.5627
256,64,16,512,61.6537
256,64,16,1024,94.0057
256,64,16,2048,159.264
256,64,16,4096,288.438
256,64,16,8192,563.565
256,64,16,16384,1098.83
256,64,32,16,43.4453
256,64,32,32,43.7543
256,64,32,64,44.4477
256,64,32,128,56.7787
256,64,32,256,72.4803
256,64,32,512,104.076
256,64,32,1024,168.502
256,64,32,2048,304.374
256,64,32,4096,581.346
256,64,32,8192,1193.81
256,64,32,16384,2328.49
256,64,64,16,70.5177
256,64,64,32,71.0297
256,64,64,64,72.4053
256,64,64,128,97.9943
256,64,64,256,131.872
256,64,64,512,196.982
256,64,64,1024,326.561
256,64,64,2048,575.874
256,64,64,4096,1454.15
256,64,64,8192,2921.12
256,64,64,16384,5847.38
256,64,128,16,126.934
256,64,128,32,128.214
256,64,128,64,131.041
256,64,128,128,189.249
256,64,128,256,265.804
256,64,128,512,415.991
256,64,128,1024,700.546
256,64,128,2048,1565.92
256,64,128,4096,4314.12
256,64,128,8192,8767.47
256,64,128,16384,19926.1
256,128,0,0,13.611
256,128,1,16,14.528
256,128,1,32,14.4533
256,128,1,64,14.411
256,128,1,128,14.357
256,128,1,256,14.4537
256,128,1,512,18.666
256,128,1,1024,29.0773
256,128,1,2048,50.976
256,128,1,4096,96.011
256,128,1,8192,185.921
256,128,1,16384,365.664
256,128,2,16,18.6243
256,128,2,32,18.5493
256,128,2,64,18.6667
256,128,2,128,20.9813
256,128,2,256,21.333
256,128,2,512,26.9547
256,128,2,1024,36.3627
256,128,2,2048,57.482
256,128,2,4096,98.2617
256,128,2,8192,185.9
256,128,2,16384,365.6
256,128,4,16,19.6907
256,128,4,32,19.68
256,128,4,64,19.4983
256,128,4,128,21.6213
256,128,4,256,23.4237
256,128,4,512,29.1093
256,128,4,1024,40.2773
256,128,4,2048,61.5467
256,128,4,4096,104.907
256,128,4,8192,190.23
256,128,4,16384,368.811
256,128,8,16,23.584
256,128,8,32,24.0747
256,128,8,64,23.883
256,128,8,128,27.2533
256,128,8,256,31.126
256,128,8,512,38.816
256,128,8,1024,58.465
256,128,8,2048,101.675
256,128,8,4096,191.265
256,128,8,8192,373.43
256,128,8,16384,737.432
256,128,16,16,30.592
256,128,16,32,30.7093
256,128,16,64,30.8057
256,128,16,128,36.9707
256,128,16,256,44.2667
256,128,16,512,62.5923
256,128,16,1024,95.072
256,128,16,2048,159.765
256,128,16,4096,289.451
256,128,16,8192,562.497
256,128,16,16384,1098.19
256,128,32,16,44.5657
256,128,32,32,44.7357
256,128,32,64,45.4077
256,128,32,128,58.0057
256,128,32,256,73.749
256,128,32,512,105.515
256,128,32,1024,169.953
256,128,32,2048,305.014
256,128,32,4096,578.807
256,128,32,8192,1193.55
256,128,32,16384,2329.3
256,128,64,16,71.616
256,128,64,32,72.2247
256,128,64,64,73.3443
256,128,64,128,99.168
256,128,64,256,132.821
256,128,64,512,197.558
256,128,64,1024,326.209
256,128,64,2048,578.604
256,128,64,4096,1453.25
256,128,64,8192,2920.59
256,128,64,16384,5880.26
256,128,128,16,126.998
256,128,128,32,128.566
256,128,128,64,130.784
256,128,128,128,189.835
256,128,128,256,266.689
256,128,128,512,417.164
256,128,128,1024,701.261
256,128,128,2048,1566.63
256,128,128,4096,4313.92
256,128,128,8192,8622.51
256,128,128,16384,21361.3
256,256,0,0,16.149
256,256,1,16,16.896
256,256,1,32,17.013
256,256,1,64,17.109
256,256,1,128,16.9817
256,256,1,256,17.056
256,256,1,512,18.7733
256,256,1,1024,29.2373
256,256,1,2048,51.0833
256,256,1,4096,95.9677
256,256,1,8192,185.771
256,256,1,16384,365.984
256,256,2,16,21.3973
256,256,2,32,21.5037
256,256,2,64,21.4293
256,256,2,128,23.723
256,256,2,256,26.1333
256,256,2,512,29.237
256,256,2,1024,39.5627
256,256,2,2048,60.6507
256,256,2,4096,101.995
256,256,2,8192,186.016
256,256,2,16384,366.368
256,256,4,16,22.08
256,256,4,32,22.4853
256,256,4,64,22.2187
256,256,4,128,24.469
256,256,4,256,27.0297
256,256,4,512,31.7867
256,256,4,1024,42.9443
256,256,4,2048,64.7473
256,256,4,4096,107.221
256,256,4,8192,191.691
256,256,4,16384,366.827
256,256,8,16,26.9123
256,256,8,32,27.1043
256,256,8,64,27.265
256,256,8,128,30.5387
256,256,8,256,32.736
256,256,8,512,43.168
256,256,8,1024,58.2187
256,256,8,2048,101.397
256,256,8,4096,190.795
256,256,8,8192,369.484
256,256,8,16384,735.64
256,256,16,16,34.72
256,256,16,32,34.9653
256,256,16,64,35.0183
256,256,16,128,41.0133
256,256,16,256,48.3733
256,256,16,512,65.1727
256,256,16,1024,98.3253
256,256,16,2048,162.443
256,256,16,4096,293.089
256,256,16,8192,560.813
256,256,16,16384,1098.77
256,256,32,16,48.512
256,256,32,32,48.587
256,256,32,64,49.323
256,256,32,128,62.134
256,256,32,256,76.203
256,256,32,512,108.918
256,256,32,1024,171.595
256,256,32,2048,304.854
256,256,32,4096,577.709
256,256,32,8192,1187.68
256,256,32,16384,2322.81
256,256,64,16,75.7763
256,256,64,32,76.5227
256,256,64,64,77.355
256,256,64,128,103.808
256,256,64,256,135.029
256,256,64,512,199.585
256,256,64,1024,327.873
256,256,64,2048,581.144
256,256,64,4096,1451.1
256,256,64,8192,2925.96
256,256,64,16384,6015.69
256,256,128,16,131.745
256,256,128,32,132.31
256,256,128,64,135.115
256,256,128,128,191.777
256,256,128,256,268.065
256,256,128,512,416.951
256,256,128,1024,700.482
256,256,128,2048,1575.91
256,256,128,4096,4314.9
256,256,128,8192,8633.46
256,256,128,16384,21707.1
256,512,0,0,21.856
256,512,1,16,22.4103
256,512,1,32,22.3573
256,512,1,64,22.2077
256,512,1,128,22.2613
256,512,1,256,22.5177
256,512,1,512,22.731
256,512,1,1024,29.5897
256,512,1,2048,51.6903
256,512,1,4096,95.9567
256,512,1,8192,186.037
256,512,1,16384,365.749
256,512,2,16,26.7623
256,512,2,32,27.0083
256,512,2,64,26.6563
256,512,2,128,28.4693
256,512,2,256,31.6157
256,512,2,512,36.6827
256,512,2,1024,44.992
256,512,2,2048,65.44
256,512,2,4096,106.891
256,512,2,8192,189.333
256,512,2,16384,365.013
256,512,4,16,27.5093
256,512,4,32,27.4343
256,512,4,64,27.9253
256,512,4,128,29.8027
256,512,4,256,32.736
256,512,4,512,37.707
256,512,4,1024,48.608
256,512,4,2048,70.293
256,512,4,4096,112.864
256,512,4,8192,196.736
256,512,4,16384,368.79
256,512,8,16,33.3863
256,512,8,32,33.3757
256,512,8,64,33.792
256,512,8,128,37.888
256,512,8,256,41.9097
256,512,8,512,49.376
256,512,8,1024,65.045
256,512,8,2048,102.251
256,512,8,4096,191.275
256,512,8,8192,368.043
256,512,8,16384,733.911
256,512,16,16,41.856
256,512,16,32,42.027
256,512,16,64,42.2403
256,512,16,128,48.4903
256,512,16,256,55.3067
256,512,16,512,70.219
256,512,16,1024,103.862
256,512,16,2048,167.712
256,512,16,4096,298.614
256,512,16,8192,561.687
256,512,16,16384,1101.75
256,512,32,16,56.246
256,512,32,32,56.9177
256,512,32,64,57.003
256,512,32,128,70.3683
256,512,32,256,84.704
256,512,32,512,112.842
256,512,32,1024,177.718
256,512,32,2048,305.569
256,512,32,4096,576.971
256,512,32,8192,1193.23
256,512,32,16384,2338.89
256,512,64,16,84.405
256,512,64,32,84.3737
256,512,64,64,85.6747
256,512,64,128,111.936
256,512,64,256,143.339
256,512,64,512,203.425
256,512,64,1024,332.918
256,512,64,2048,588.364
256,512,64,4096,1452.24
256,512,64,8192,2924.72
256,512,64,16384,5928.69
256,512,128,16,139.883
256,512,128,32,140.79
256,512,128,64,143.445
256,512,128,128,201.067
256,512,128,256,272.097
256,512,128,512,421.345
256,512,128,1024,702.637
256,512,128,2048,1547.69
256,512,128,4096,4316.06
256,512,128,8192,9210.45
256,512,128,16384,21688.8
256,1024,0,0,32.0217
256,1024,1,16,33.088
256,1024,1,32,32.9493
256,1024,1,64,33.152
256,1024,1,128,33.0027
256,1024,1,256,33.11
256,1024,1,512,33.1413
256,1024,1,1024,33.184
256,1024,1,2048,51.6267
256,1024,1,4096,95.915
256,1024,1,8192,185.366
256,1024,1,16384,364.491
256,1024,2,16,37.0563
256,1024,2,32,37.1523
256,1024,2,64,37.0457
256,1024,2,128,39.712
256,1024,2,256,42.2617
256,1024,2,512,47.9147
256,1024,2,1024,58.5387
256,1024,2,2048,77.3123
256,1024,2,4096,118.773
256,1024,2,8192,201.483
256,1024,2,16384,366.464
256,1024,4,16,38.144
256,1024,4,32,38.0267
256,1024,4,64,38.304
256,1024,4,128,40.832
256,1024,4,256,43.648
256,1024,4,512,49.4083
256,1024,4,1024,59.8827
256,1024,4,2048,80.7787
256,1024,4,4096,122.965
256,1024,4,8192,207.617
256,1024,4,16384,376.502
256,1024,8,16,44.0217
256,1024,8,32,44.203
256,1024,8,64,44.203
256,1024,8,128,49.28
256,1024,8,256,55.072
256,1024,8,512,63.3387
256,1024,8,1024,81.8027
256,1024,8,2048,107.787
256,1024,8,4096,190.806
256,1024,8,8192,366.945
256,1024,8,16384,732.173
256,1024,16,16,55.6483
256,1024,16,32,55.3067
256,1024,16,64,56.2347
256,1024,16,128,63.872
256,1024,16,256,71.6693
256,1024,16,512,82.1017
256,1024,16,1024,113.152
256,1024,16,2048,179.04
256,1024,16,4096,309.121
256,1024,16,8192,574.391
256,1024,16,16384,1099.66
256,1024,32,16,71.1043
256,1024,32,32,71.6693
256,1024,32,64,71.467
256,1024,32,128,85.195
256,1024,32,256,100.736
256,1024,32,512,126.945
256,1024,32,1024,190.337
256,1024,32,2048,313.227
256,1024,32,4096,574.008
256,1024,32,8192,1195.0
256,1024,32,16384,2335.02
256,1024,64,16,99.7977
256,1024,64,32,100.31
256,1024,64,64,101.067
256,1024,64,128,127.978
256,1024,64,256,160.139
256,1024,64,512,219.009
256,1024,64,1024,339.51
256,1024,64,2048,595.18
256,1024,64,4096,1449.64
256,1024,64,8192,2926.36
256,1024,64,16384,5865.77
256,1024,128,16,155.83
256,1024,128,32,157.163
256,1024,128,64,160.213
256,1024,128,128,217.921
256,1024,128,256,290.998
256,1024,128,512,430.359
256,1024,128,1024,710.125
256,1024,128,2048,1533.62
256,1024,128,4096,4324.77
256,1024,128,8192,9447.82
256,1024,128,16384,21678.4
256,2048,0,0,53.8667
256,2048,1,16,55.083
256,2048,1,32,54.9653
256,2048,1,64,55.04
256,2048,1,128,54.8153
256,2048,1,256,54.9227
256,2048,1,512,55.414
256,2048,1,1024,55.701
256,2048,1,2048,55.8613
256,2048,1,4096,96.7893
256,2048,1,8192,186.752
256,2048,1,16384,366.165
256,2048,2,16,57.9307
256,2048,2,32,58.6773
256,2048,2,64,58.8373
256,2048,2,128,60.491
256,2048,2,256,63.6267
256,2048,2,512,68.9497
256,2048,2,1024,80.1593
256,2048,2,2048,102.016
256,2048,2,4096,141.835
256,2048,2,8192,224.225
256,2048,2,16384,388.832
256,2048,4,16,59.691
256,2048,4,32,59.5623
256,2048,4,64,60.0853
256,2048,4,128,62.3467
256,2048,4,256,65.3443
256,2048,4,512,70.5173
256,2048,4,1024,82.1873
256,2048,4,2048,103.488
256,2048,4,4096,145.173
256,2048,4,8192,230.112
256,2048,4,16384,397.675
256,2048,8,16,65.2153
256,2048,8,32,65.5467
256,2048,8,64,65.6857
256,2048,8,128,70.827
256,2048,8,256,76.5013
256,2048,8,512,87.2533
256,2048,8,1024,106.805
256,2048,8,2048,145.62
256,2048,8,4096,193.259
256,2048,8,8192,369.175
256,2048,8,16384,731.875
256,2048,16,16,76.789
256,2048,16,32,77.429
256,2048,16,64,77.6857
256,2048,16,128,88.9067
256,2048,16,256,100.245
256,2048,16,512,116.725
256,2048,16,1024,136.096
256,2048,16,2048,198.496
256,2048,16,4096,330.859
256,2048,16,8192,592.865
256,2048,16,16384,1114.81
256,2048,32,16,98.4967
256,2048,32,32,99.1363
256,2048,32,64,99.7763
256,2048,32,128,115.649
256,2048,32,256,130.614
256,2048,32,512,158.624
256,2048,32,1024,213.952
256,2048,32,2048,344.651
256,2048,32,4096,581.218
256,2048,32,8192,1206.15
256,2048,32,16384,2416.26
256,2048,64,16,129.932
256,2048,64,32,130.998
256,2048,64,64,132.064
256,2048,64,128,159.627
256,2048,64,256,192.459
256,2048,64,512,253.302
256,2048,64,1024,370.337
256,2048,64,2048,610.594
256,2048,64,4096,1473.09
256,2048,64,8192,2984.24
256,2048,64,16384,6146.1
256,2048,128,16,187.061
256,2048,128,32,188.887
256,2048,128,64,192.417
256,2048,128,128,250.028
256,2048,128,256,331.873
256,2048,128,512,472.46
256,2048,128,1024,724.173
256,2048,128,2048,1548.49
256,2048,128,4096,4545.25
256,2048,128,8192,10559.4
256,2048,128,16384,21564.3
256,4096,0,0,97.707
256,4096,1,16,98.2933
256,4096,1,32,98.059
256,4096,1,64,98.4107
256,4096,1,128,98.0377
256,4096,1,256,98.4857
256,4096,1,512,98.07
256,4096,1,1024,98.8593
256,4096,1,2048,98.528
256,4096,1,4096,99.595
256,4096,1,8192,186.913
256,4096,1,16384,366.636
256,4096,2,16,100.033
256,4096,2,32,100.587
256,4096,2,64,100.586
256,4096,2,128,103.35
256,4096,2,256,105.782
256,4096,2,512,111.595
256,4096,2,1024,121.728
256,4096,2,2048,144.299
256,4096,2,4096,188.555
256,4096,2,8192,268.704
256,4096,2,16384,435.02
256,4096,4,16,103.008
256,4096,4,32,102.976
256,4096,4,64,103.392
256,4096,4,128,105.269
256,4096,4,256,108.161
256,4096,4,512,113.867
256,4096,4,1024,125.11
256,4096,4,2048,147.062
256,4096,4,4096,191.723
256,4096,4,8192,273.525
256,4096,4,16384,441.953
256,4096,8,16,107.744
256,4096,8,32,107.701
256,4096,8,64,109.003
256,4096,8,128,113.516
256,4096,8,256,118.56
256,4096,8,512,129.344
256,4096,8,1024,151.2
256,4096,8,2048,192.342
256,4096,8,4096,273.27
256,4096,8,8192,367.905
256,4096,8,16384,725.249
256,4096,16,16,118.955
256,4096,16,32,119.072
256,4096,16,64,119.573
256,4096,16,128,130.827
256,4096,16,256,141.686
256,4096,16,512,162.795
256,4096,16,1024,201.207
256,4096,16,2048,242.88
256,4096,16,4096,372.854
256,4096,16,8192,670.039
256,4096,16,16384,1208.85
256,4096,32,16,141.238
256,4096,32,32,141.344
256,4096,32,64,142.273
256,4096,32,128,164.971
256,4096,32,256,188.417
256,4096,32,512,218.902
256,4096,32,1024,277.664
256,4096,32,2048,389.654
256,4096,32,4096,659.522
256,4096,32,8192,1275.3
256,4096,32,16384,3029.97
256,4096,64,16,184.065
256,4096,64,32,186.007
256,4096,64,64,187.766
256,4096,64,128,217.985
256,4096,64,256,252.29
256,4096,64,512,314.913
256,4096,64,1024,435.126
256,4096,64,2048,666.007
256,4096,64,4096,1511.73
256,4096,64,8192,3506.92
256,4096,64,16384,9159.07
256,4096,128,16,245.847
256,4096,128,32,249.291
256,4096,128,64,251.713
256,4096,128,128,310.913
256,4096,128,256,394.615
256,4096,128,512,551.469
256,4096,128,1024,818.627
256,4096,128,2048,1593.6
256,4096,128,4096,4433.46
256,4096,128,8192,10834.6
256,4096,128,16384,21881.6
256,8192,0,0,187.691
256,8192,1,16,188.15
256,8192,1,32,187.382
256,8192,1,64,187.137
256,8192,1,128,187.616
256,8192,1,256,187.381
256,8192,1,512,187.499
256,8192,1,1024,187.499
256,8192,1,2048,188.171
256,8192,1,4096,187.744
256,8192,1,8192,189.782
256,8192,1,16384,368.619
256,8192,2,16,187.36
256,8192,2,32,187.179
256,8192,2,64,187.029
256,8192,2,128,186.763
256,8192,2,256,189.558
256,8192,2,512,196.129
256,8192,2,1024,205.366
256,8192,2,2048,228.533
256,8192,2,4096,273.216
256,8192,2,8192,363.276
256,8192,2,16384,526.946
256,8192,4,16,187.68
256,8192,4,32,187.19
256,8192,4,64,187.499
256,8192,4,128,189.152
256,8192,4,256,193.014
256,8192,4,512,197.877
256,8192,4,1024,208.662
256,8192,4,2048,231.031
256,8192,4,4096,275.339
256,8192,4,8192,364.406
256,8192,4,16384,543.607
256,8192,8,16,191.82
256,8192,8,32,192.044
256,8192,8,64,192.63
256,8192,8,128,197.878
256,8192,8,256,203.221
256,8192,8,512,214.614
256,8192,8,1024,235.808
256,8192,8,2048,276.385
256,8192,8,4096,363.937
256,8192,8,8192,531.116
256,8192,8,16384,723.096
256,8192,16,16,204.267
256,8192,16,32,202.828
256,8192,16,64,204.331
256,8192,16,128,215.127
256,8192,16,256,227.393
256,8192,16,512,247.852
256,8192,16,1024,289.568
256,8192,16,2048,370.102
256,8192,16,4096,459.328
256,8192,16,8192,732.525
256,8192,16,16384,1393.49
256,8192,32,16,224.321
256,8192,32,32,224.502
256,8192,32,64,226.252
256,8192,32,128,247.755
256,8192,32,256,271.148
256,8192,32,512,318.22
256,8192,32,1024,393.399
256,8192,32,2048,517.324
256,8192,32,4096,745.549
256,8192,32,8192,1349.16
256,8192,32,16384,3079.34
256,8192,64,16,268.182
256,8192,64,32,268.128
256,8192,64,64,269.697
256,8192,64,128,314.72
256,8192,64,256,363.852
256,8192,64,512,435.734
256,8192,64,1024,559.351
256,8192,64,2048,793.966
256,8192,64,4096,1593.26
256,8192,64,8192,3069.55
256,8192,64,16384,8439.88
256,8192,128,16,357.75
256,8192,128,32,360.119
256,8192,128,64,362.476
256,8192,128,128,428.886
256,8192,128,256,509.751
256,8192,128,512,663.629
256,8192,128,1024,966.68
256,8192,128,2048,1600.18
256,8192,128,4096,4629.03
256,8192,128,8192,8872.23
256,8192,128,16384,21918.3
256,16384,0,0,368.235
256,16384,1,16,369.387
256,16384,1,32,368.982
256,16384,1,64,369.536
256,16384,1,128,369.516
256,16384,1,256,368.907
256,16384,1,512,369.131
256,16384,1,1024,369.643
256,16384,1,2048,368.523
256,16384,1,4096,367.297
256,16384,1,8192,367.776
256,16384,1,16384,369.302
256,16384,2,16,365.729
256,16384,2,32,366.187
256,16384,2,64,365.601
256,16384,2,128,365.91
256,16384,2,256,366.315
256,16384,2,512,366.71
256,16384,2,1024,375.424
256,16384,2,2048,395.723
256,16384,2,4096,440.928
256,16384,2,8192,530.05
256,16384,2,16384,726.04
256,16384,4,16,366.006
256,16384,4,32,364.715
256,16384,4,64,365.824
256,16384,4,128,365.611
256,16384,4,256,366.529
256,16384,4,512,368.982
256,16384,4,1024,378.464
256,16384,4,2048,401.516
256,16384,4,4096,444.109
256,16384,4,8192,535.937
256,16384,4,16384,728.397
256,16384,8,16,367.957
256,16384,8,32,368.309
256,16384,8,64,368.855
256,16384,8,128,366.742
256,16384,8,256,372.704
256,16384,8,512,383.841
256,16384,8,1024,404.8
256,16384,8,2048,446.955
256,16384,8,4096,532.449
256,16384,8,8192,713.132
256,16384,8,16384,1048.09
256,16384,16,16,372.002
256,16384,16,32,373.046
256,16384,16,64,372.759
256,16384,16,128,381.74
256,16384,16,256,394.006
256,16384,16,512,416.48
256,16384,16,1024,456.289
256,16384,16,2048,544.61
256,16384,16,4096,710.913
256,16384,16,8192,907.309
256,16384,16,16384,1433.18
256,16384,32,16,390.828
256,16384,32,32,392.854
256,16384,32,64,393.772
256,16384,32,128,414.464
256,16384,32,256,441.409
256,16384,32,512,485.654
256,16384,32,1024,579.458
256,16384,32,2048,742.221
256,16384,32,4096,1002.42
256,16384,32,8192,1504.35
256,16384,32,16384,2645.77
256,16384,64,16,434.006
256,16384,64,32,434.327
256,16384,64,64,435.948
256,16384,64,128,481.74
256,16384,64,256,531.66
256,16384,64,512,631.521
256,16384,64,1024,794.06
256,16384,64,2048,1044.86
256,16384,64,4096,1870.36
256,16384,64,8192,3252.46
256,16384,64,16384,6270.47
256,16384,128,16,523.639
256,16384,128,32,526.636
256,16384,128,64,528.748
256,16384,128,128,619.682
256,16384,128,256,732.258
256,16384,128,512,892.803
256,16384,128,1024,1184.86
256,16384,128,2048,1974.31
256,16384,128,4096,4985.35
256,16384,128,8192,9994.81
256,16384,128,16384,21685.4
512,0,0,0,24.9173
512,0,1,16,25.8133
512,0,1,32,25.952
512,0,1,64,25.7277
512,0,1,128,25.7923
512,0,1,256,27.1573
512,0,1,512,30.0477
512,0,1,1024,40.213
512,0,1,2048,60.8747
512,0,1,4096,102.143
512,0,1,8192,186.027
512,0,1,16384,365.077
512,0,2,16,27.627
512,0,2,32,27.734
512,0,2,64,27.85
512,0,2,128,28.139
512,0,2,256,28.4373
512,0,2,512,32.416
512,0,2,1024,43.4453
512,0,2,2048,64.2237
512,0,2,4096,105.963
512,0,2,8192,188.331
512,0,2,16384,366.155
512,0,4,16,29.4503
512,0,4,32,29.568
512,0,4,64,29.7177
512,0,4,128,30.9763
512,0,4,256,32.1283
512,0,4,512,36.651
512,0,4,1024,53.952
512,0,4,2048,75.4243
512,0,4,4096,117.44
512,0,4,8192,201.462
512,0,4,16384,370.347
512,0,8,16,34.4853
512,0,8,32,34.4317
512,0,8,64,34.6143
512,0,8,128,38.0153
512,0,8,256,40.9497
512,0,8,512,50.2507
512,0,8,1024,71.0407
512,0,8,2048,112.449
512,0,8,4096,198.23
512,0,8,8192,374.358
512,0,8,16384,738.155
512,0,16,16,43.787
512,0,16,32,44.085
512,0,16,64,43.9043
512,0,16,128,50.4107
512,0,16,256,57.3443
512,0,16,512,73.1527
512,0,16,1024,110.966
512,0,16,2048,175.552
512,0,16,4096,304.95
512,0,16,8192,569.942
512,0,16,16384,1104.1
512,0,32,16,61.4077
512,0,32,32,61.3657
512,0,32,64,62.1127
512,0,32,128,74.8163
512,0,32,256,89.4297
512,0,32,512,121.109
512,0,32,1024,184.31
512,0,32,2048,314.487
512,0,32,4096,581.933
512,0,32,8192,1198.17
512,0,32,16384,2338.3
512,0,64,16,96.021
512,0,64,32,96.6407
512,0,64,64,97.6857
512,0,64,128,123.403
512,0,64,256,154.805
512,0,64,512,220.726
512,0,64,1024,348.577
512,0,64,2048,602.668
512,0,64,4096,1465.12
512,0,64,8192,2932.06
512,0,64,16384,5883.94
512,0,128,16,165.419
512,0,128,32,166.38
512,0,128,64,168.737
512,0,128,128,223.841
512,0,128,256,300.417
512,0,128,512,450.188
512,0,128,1024,735.074
512,0,128,2048,1584.09
512,0,128,4096,4321.32
512,0,128,8192,8635.37
512,0,128,16384,21006.4
512,16,0,0,27.2637
512,16,1,16,29.4717
512,16,1,32,29.429
512,16,1,64,29.589
512,16,1,128,29.7707
512,16,1,256,29.7177
512,16,1,512,30.5603
512,16,1,1024,40.8953
512,16,1,2048,61.803
512,16,1,4096,102.454
512,16,1,8192,186.401
512,16,1,16384,363.861
512,16,2,16,30.6457
512,16,2,32,30.8373
512,16,2,64,30.784
512,16,2,128,31.3707
512,16,2,256,31.6157
512,16,2,512,33.6217
512,16,2,1024,44.662
512,16,2,2048,65.6427
512,16,2,4096,106.997
512,16,2,8192,189.877
512,16,2,16384,365.92
512,16,4,16,32.9923
512,16,4,32,32.5863
512,16,4,64,32.822
512,16,4,128,34.2613
512,16,4,256,35.5737
512,16,4,512,37.9093
512,16,4,1024,56.576
512,16,4,2048,78.0477
512,16,4,4096,120.246
512,16,4,8192,205.024
512,16,4,16384,373.365
512,16,8,16,37.6853
512,16,8,32,37.3763
512,16,8,64,38.08
512,16,8,128,41.269
512,16,8,256,44.0853
512,16,8,512,51.6267
512,16,8,1024,72.832
512,16,8,2048,114.048
512,16,8,4096,200.085
512,16,8,8192,373.42
512,16,8,16384,736.737
512,16,16,16,47.029
512,16,16,32,47.371
512,16,16,64,47.3597
512,16,16,128,53.9303
512,16,16,256,60.939
512,16,16,512,75.2
512,16,16,1024,112.139
512,16,16,2048,178.081
512,16,16,4096,307.392
512,16,16,8192,572.086
512,16,16,16384,1105.19
512,16,32,16,64.7477
512,16,32,32,65.152
512,16,32,64,66.0377
512,16,32,128,78.7207
512,16,32,256,92.9067
512,16,32,512,122.443
512,16,32,1024,186.699
512,16,32,2048,316.609
512,16,32,4096,582.785
512,16,32,8192,1202.85
512,16,32,16384,2326.93
512,16,64,16,100.309
512,16,64,32,100.417
512,16,64,64,101.227
512,16,64,128,127.52
512,16,64,256,158.315
512,16,64,512,222.486
512,16,64,1024,350.529
512,16,64,2048,604.3
512,16,64,4096,1470.5
512,16,64,8192,2930.46
512,16,64,16384,5857.82
512,16,128,16,169.067
512,16,128,32,170.144
512,16,128,64,172.715
512,16,128,128,226.368
512,16,128,256,301.718
512,16,128,512,451.554
512,16,128,1024,736.013
512,16,128,2048,1583.91
512,16,128,4096,4324.02
512,16,128,8192,8660.87
512,16,128,16384,21687.0
512,32,0,0,27.7013
512,32,1,16,29.408
512,32,1,32,29.451
512,32,1,64,29.6
512,32,1,128,29.995
512,32,1,256,29.856
512,32,1,512,30.55
512,32,1,1024,40.917
512,32,1,2048,61.5887
512,32,1,4096,102.539
512,32,1,8192,186.336
512,32,1,16384,365.484
512,32,2,16,30.56
512,32,2,32,30.9333
512,32,2,64,30.656
512,32,2,128,31.4777
512,32,2,256,31.8187
512,32,2,512,34.091
512,32,2,1024,44.6397
512,32,2,2048,65.727
512,32,2,4096,107.669
512,32,2,8192,190.027
512,32,2,16384,365.9
512,32,4,16,32.8103
512,32,4,32,32.662
512,32,4,64,32.9817
512,32,4,128,34.5383
512,32,4,256,35.5843
512,32,4,512,37.675
512,32,4,1024,56.448
512,32,4,2048,78.3787
512,32,4,4096,120.33
512,32,4,8192,204.778
512,32,4,16384,371.851
512,32,8,16,37.5253
512,32,8,32,37.771
512,32,8,64,38.315
512,32,8,128,41.5893
512,32,8,256,44.2027
512,32,8,512,51.584
512,32,8,1024,72.768
512,32,8,2048,114.315
512,32,8,4096,199.723
512,32,8,8192,373.675
512,32,8,16384,739.874
512,32,16,16,47.2327
512,32,16,32,47.3493
512,32,16,64,47.6373
512,32,16,128,54.0163
512,32,16,256,61.0133
512,32,16,512,75.2323
512,32,16,1024,111.765
512,32,16,2048,177.952
512,32,16,4096,307.179
512,32,16,8192,570.06
512,32,16,16384,1104.12
512,32,32,16,64.555
512,32,32,32,65.0887
512,32,32,64,65.92
512,32,32,128,78.614
512,32,32,256,93.035
512,32,32,512,122.176
512,32,32,1024,186.902
512,32,32,2048,315.776
512,32,32,4096,582.732
512,32,32,8192,1198.75
512,32,32,16384,2336.11
512,32,64,16,99.7447
512,32,64,32,100.043
512,32,64,64,101.536
512,32,64,128,127.328
512,32,64,256,157.665
512,32,64,512,222.251
512,32,64,1024,350.753
512,32,64,2048,604.055
512,32,64,4096,1469.39
512,32,64,8192,2930.87
512,32,64,16384,5863.46
512,32,128,16,169.249
512,32,128,32,169.942
512,32,128,64,172.566
512,32,128,128,226.657
512,32,128,256,301.612
512,32,128,512,452.183
512,32,128,1024,736.162
512,32,128,2048,1580.24
512,32,128,4096,4323.62
512,32,128,8192,8642.88
512,32,128,16384,21565.2
512,64,0,0,27.5303
512,64,1,16,30.0267
512,64,1,32,29.8453
512,64,1,64,29.728
512,64,1,128,29.899
512,64,1,256,29.9623
512,64,1,512,30.4747
512,64,1,1024,41.0773
512,64,1,2048,61.5257
512,64,1,4096,102.549
512,64,1,8192,185.856
512,64,1,16384,364.886
512,64,2,16,30.9223
512,64,2,32,30.901
512,64,2,64,30.6133
512,64,2,128,31.3277
512,64,2,256,31.6587
512,64,2,512,33.782
512,64,2,1024,44.672
512,64,2,2048,65.7813
512,64,2,4096,106.88
512,64,2,8192,191.115
512,64,2,16384,365.495
512,64,4,16,32.81
512,64,4,32,33.0243
512,64,4,64,32.9177
512,64,4,128,34.4963
512,64,4,256,36.0217
512,64,4,512,38.0267
512,64,4,1024,56.203
512,64,4,2048,78.059
512,64,4,4096,120.864
512,64,4,8192,204.598
512,64,4,16384,371.926
512,64,8,16,37.8457
512,64,8,32,37.9943
512,64,8,64,38.1763
512,64,8,128,41.4833
512,64,8,256,44.608
512,64,8,512,51.7973
512,64,8,1024,72.96
512,64,8,2048,114.261
512,64,8,4096,199.765
512,64,8,8192,373.792
512,64,8,16384,737.751
512,64,16,16,47.1147
512,64,16,32,47.275
512,64,16,64,47.669
512,64,16,128,54.1443
512,64,16,256,60.9597
512,64,16,512,75.4347
512,64,16,1024,111.893
512,64,16,2048,178.069
512,64,16,4096,306.838
512,64,16,8192,571.447
512,64,16,16384,1106.88
512,64,32,16,65.227
512,64,32,32,64.8107
512,64,32,64,66.1443
512,64,32,128,78.8483
512,64,32,256,93.184
512,64,32,512,122.347
512,64,32,1024,186.72
512,64,32,2048,316.332
512,64,32,4096,582.22
512,64,32,8192,1198.15
512,64,32,16384,2347.68
512,64,64,16,99.7973
512,64,64,32,100.555
512,64,64,64,101.27
512,64,64,128,127.371
512,64,64,256,157.611
512,64,64,512,222.454
512,64,64,1024,350.444
512,64,64,2048,603.853
512,64,64,4096,1467.79
512,64,64,8192,2931.91
512,64,64,16384,5880.8
512,64,128,16,169.516
512,64,128,32,170.828
512,64,128,64,172.608
512,64,128,128,226.497
512,64,128,256,301.697
512,64,128,512,451.5
512,64,128,1024,735.885
512,64,128,2048,1575.53
512,64,128,4096,4323.92
512,64,128,8192,8639.38
512,64,128,16384,21685.7
512,128,0,0,30.0057
512,128,1,16,30.8053
512,128,1,32,30.848
512,128,1,64,31.1253
512,128,1,128,31.2537
512,128,1,256,31.542
512,128,1,512,32.8537
512,128,1,1024,43.4887
512,128,1,2048,63.691
512,128,1,4096,105.174
512,128,1,8192,187.68
512,128,1,16384,365.974
512,128,2,16,32.598
512,128,2,32,32.555
512,128,2,64,32.949
512,128,2,128,33.0887
512,128,2,256,33.3013
512,128,2,512,35.264
512,128,2,1024,46.5917
512,128,2,2048,67.5843
512,128,2,4096,109.717
512,128,2,8192,191.808
512,128,2,16384,365.686
512,128,4,16,34.7837
512,128,4,32,34.7627
512,128,4,64,34.8587
512,128,4,128,36.2773
512,128,4,256,38.2827
512,128,4,512,40.1813
512,128,4,1024,57.4403
512,128,4,2048,81.3227
512,128,4,4096,123.659
512,128,4,8192,206.773
512,128,4,16384,375.328
512,128,8,16,40.299
512,128,8,32,39.659
512,128,8,64,39.669
512,128,8,128,43.7123
512,128,8,256,46.7843
512,128,8,512,53.0877
512,128,8,1024,74.7523
512,128,8,2048,115.946
512,128,8,4096,200.768
512,128,8,8192,373.472
512,128,8,16384,736.791
512,128,16,16,49.2267
512,128,16,32,49.1097
512,128,16,64,49.6857
512,128,16,128,56.3413
512,128,16,256,63.221
512,128,16,512,77.3227
512,128,16,1024,113.206
512,128,16,2048,180.555
512,128,16,4096,309.963
512,128,16,8192,573.282
512,128,16,16384,1106.33
512,128,32,16,67.2853
512,128,32,32,67.179
512,128,32,64,67.83
512,128,32,128,80.9063
512,128,32,256,95.222
512,128,32,512,124.32
512,128,32,1024,188.395
512,128,32,2048,317.654
512,128,32,4096,583.543
512,128,32,8192,1198.59
512,128,32,16384,2345.67
512,128,64,16,101.814
512,128,64,32,102.134
512,128,64,64,103.573
512,128,64,128,129.814
512,128,64,256,160.203
512,128,64,512,224.843
512,128,64,1024,352.257
512,128,64,2048,608.663
512,128,64,4096,1466.45
512,128,64,8192,2934.52
512,128,64,16384,5837.15
512,128,128,16,172.918
512,128,128,32,172.342
512,128,128,64,175.136
512,128,128,128,229.077
512,128,128,256,304.065
512,128,128,512,453.132
512,128,128,1024,737.645
512,128,128,2048,1580.6
512,128,128,4096,4327.73
512,128,128,8192,8684.08
512,128,128,16384,21482.2
512,256,0,0,35.2857
512,256,1,16,35.776
512,256,1,32,35.9783
512,256,1,64,36.01
512,256,1,128,36.5013
512,256,1,256,36.3307
512,256,1,512,37.7063
512,256,1,1024,46.1227
512,256,1,2048,67.104
512,256,1,4096,108.619
512,256,1,8192,190.379
512,256,1,16384,365.184
512,256,2,16,38.0263
512,256,2,32,38.005
512,256,2,64,37.8453
512,256,2,128,38.4537
512,256,2,256,38.71
512,256,2,512,39.285
512,256,2,1024,49.579
512,256,2,2048,70.8903
512,256,2,4096,112.203
512,256,2,8192,195.243
512,256,2,16384,365.42
512,256,4,16,39.9683
512,256,4,32,39.9673
512,256,4,64,40.1813
512,256,4,128,41.258
512,256,4,256,43.9143
512,256,4,512,45.8987
512,256,4,1024,58.773
512,256,4,2048,87.2967
512,256,4,4096,128.672
512,256,4,8192,213.964
512,256,4,16384,381.473
512,256,8,16,45.472
512,256,8,32,45.0243
512,256,8,64,45.2057
512,256,8,128,48.9283
512,256,8,256,52.149
512,256,8,512,57.771
512,256,8,1024,78.8697
512,256,8,2048,119.094
512,256,8,4096,204.566
512,256,8,8192,375.585
512,256,8,16384,737.538
512,256,16,16,54.656
512,256,16,32,55.0403
512,256,16,64,54.8807
512,256,16,128,61.8453
512,256,16,256,68.886
512,256,16,512,81.8457
512,256,16,1024,116.032
512,256,16,2048,186.22
512,256,16,4096,315.351
512,256,16,8192,576.205
512,256,16,16384,1104.93
512,256,32,16,72.1177
512,256,32,32,72.9707
512,256,32,64,73.2483
512,256,32,128,87.0617
512,256,32,256,100.982
512,256,32,512,127.606
512,256,32,1024,192.065
512,256,32,2048,320.61
512,256,32,4096,585.901
512,256,32,8192,1206.24
512,256,32,16384,2334.35
512,256,64,16,107.585
512,256,64,32,108.107
512,256,64,64,109.195
512,256,64,128,135.51
512,256,64,256,165.824
512,256,64,512,227.756
512,256,64,1024,355.65
512,256,64,2048,610.53
512,256,64,4096,1466.81
512,256,64,8192,2933.56
512,256,64,16384,5865.98
512,256,128,16,177.558
512,256,128,32,178.283
512,256,128,64,180.769
512,256,128,128,235.308
512,256,128,256,309.59
512,256,128,512,457.377
512,256,128,1024,738.904
512,256,128,2048,1570.07
512,256,128,4096,4322.64
512,256,128,8192,8689.97
512,256,128,16384,21673.6
512,512,0,0,45.7813
512,512,1,16,46.72
512,512,1,32,47.1033
512,512,1,64,46.9333
512,512,1,128,47.0833
512,512,1,256,47.7863
512,512,1,512,47.115
512,512,1,1024,51.6483
512,512,1,2048,72.9493
512,512,1,4096,113.782
512,512,1,8192,196.353
512,512,1,16384,366.486
512,512,2,16,48.6507
512,512,2,32,48.8213
512,512,2,64,48.8427
512,512,2,128,49.365
512,512,2,256,49.397
512,512,2,512,49.5153
512,512,2,1024,55.4033
512,512,2,2048,76.6303
512,512,2,4096,118.741
512,512,2,8192,201.942
512,512,2,16384,368.512
512,512,4,16,50.5707
512,512,4,32,50.5387
512,512,4,64,50.5603
512,512,4,128,52.245
512,512,4,256,52.8213
512,512,4,512,58.9763
512,512,4,1024,66.8057
512,512,4,2048,97.5793
512,512,4,4096,140.438
512,512,4,8192,222.923
512,512,4,16384,390.582
512,512,8,16,54.923
512,512,8,32,55.19
512,512,8,64,54.9867
512,512,8,128,59.4773
512,512,8,256,63.211
512,512,8,512,68.672
512,512,8,1024,84.3307
512,512,8,2048,125.696
512,512,8,4096,210.433
512,512,8,8192,382.23
512,512,8,16384,737.422
512,512,16,16,64.896
512,512,16,32,65.238
512,512,16,64,65.739
512,512,16,128,72.256
512,512,16,256,79.5733
512,512,16,512,93.931
512,512,16,1024,123.893
512,512,16,2048,196.213
512,512,16,4096,325.557
512,512,16,8192,585.559
512,512,16,16384,1110.91
512,512,32,16,83.52
512,512,32,32,84.0427
512,512,32,64,83.914
512,512,32,128,98.016
512,512,32,256,112.085
512,512,32,512,139.361
512,512,32,1024,197.643
512,512,32,2048,327.212
512,512,32,4096,590.593
512,512,32,8192,1208.21
512,512,32,16384,2346.79
512,512,64,16,118.336
512,512,64,32,119.147
512,512,64,64,120.608
512,512,64,128,147.168
512,512,64,256,178.016
512,512,64,512,236.928
512,512,64,1024,363.084
512,512,64,2048,617.55
512,512,64,4096,1470.85
512,512,64,8192,2935.48
512,512,64,16384,5896.22
512,512,128,16,189.269
512,512,128,32,189.867
512,512,128,64,192.022
512,512,128,128,247.093
512,512,128,256,321.996
512,512,128,512,466.829
512,512,128,1024,744.386
512,512,128,2048,1548.39
512,512,128,4096,4332.74
512,512,128,8192,8678.98
512,512,128,16384,21632.2
512,1024,0,0,67.0183
512,1024,1,16,68.3207
512,1024,1,32,68.5017
512,1024,1,64,68.6613
512,1024,1,128,68.8107
512,1024,1,256,68.5017
512,1024,1,512,68.8007
512,1024,1,1024,68.672
512,1024,1,2048,84.1173
512,1024,1,4096,125.151
512,1024,1,8192,207.456
512,1024,1,16384,373.569
512,1024,2,16,69.8457
512,1024,2,32,70.2293
512,1024,2,64,69.9417
512,1024,2,128,70.1223
512,1024,2,256,70.5173
512,1024,2,512,70.517
512,1024,2,1024,70.8377
512,1024,2,2048,87.8297
512,1024,2,4096,129.974
512,1024,2,8192,212.79
512,1024,2,16384,379.456
512,1024,4,16,71.5307
512,1024,4,32,71.8293
512,1024,4,64,71.616
512,1024,4,128,72.8533
512,1024,4,256,73.536
512,1024,4,512,74.6447
512,1024,4,1024,91.7227
512,1024,4,2048,109.344
512,1024,4,4096,160.299
512,1024,4,8192,244.779
512,1024,4,16384,409.931
512,1024,8,16,76.011
512,1024,8,32,75.9363
512,1024,8,64,76.0643
512,1024,8,128,78.9757
512,1024,8,256,82.069
512,1024,8,512,89.291
512,1024,8,1024,100.555
512,1024,8,2048,141.045
512,1024,8,4096,222.614
512,1024,8,8192,391.968
512,1024,8,16384,736.535
512,1024,16,16,84.5763
512,1024,16,32,84.4047
512,1024,16,64,84.8643
512,1024,16,128,92.6293
512,1024,16,256,100.886
512,1024,16,512,115.637
512,1024,16,1024,144.075
512,1024,16,2048,205.313
512,1024,16,4096,347.104
512,1024,16,8192,606.369
512,1024,16,16384,1126.72
512,1024,32,16,104.0
512,1024,32,32,105.237
512,1024,32,64,104.971
512,1024,32,128,119.317
512,1024,32,256,134.806
512,1024,32,512,162.069
512,1024,32,1024,213.451
512,1024,32,2048,342.156
512,1024,32,4096,601.239
512,1024,32,8192,1209.84
512,1024,32,16384,2365.68
512,1024,64,16,140.513
512,1024,64,32,141.077
512,1024,64,64,142.113
512,1024,64,128,169.867
512,1024,64,256,200.3
512,1024,64,512,259.425
512,1024,64,1024,379.137
512,1024,64,2048,631.277
512,1024,64,4096,1469.9
512,1024,64,8192,2937.51
512,1024,64,16384,5959.36
512,1024,128,16,211.297
512,1024,128,32,214.348
512,1024,128,64,215.03
512,1024,128,128,269.547
512,1024,128,256,344.118
512,1024,128,512,494.967
512,1024,128,1024,760.61
512,1024,128,2048,1580.05
512,1024,128,4096,4347.72
512,1024,128,8192,8733.84
512,1024,128,16384,21715.3
512,2048,0,0,108.458
512,2048,1,16,109.121
512,2048,1,32,109.398
512,2048,1,64,109.333
512,2048,1,128,109.45
512,2048,1,256,109.409
512,2048,1,512,109.216
512,2048,1,1024,109.451
512,2048,1,2048,111.52
512,2048,1,4096,146.966
512,2048,1,8192,229.899
512,2048,1,16384,394.965
512,2048,2,16,110.848
512,2048,2,32,111.083
512,2048,2,64,111.286
512,2048,2,128,111.296
512,2048,2,256,111.157
512,2048,2,512,111.082
512,2048,2,1024,114.197
512,2048,2,2048,113.227
512,2048,2,4096,151.562
512,2048,2,8192,234.688
512,2048,2,16384,400.428
512,2048,4,16,112.725
512,2048,4,32,112.864
512,2048,4,64,112.896
512,2048,4,128,113.846
512,2048,4,256,114.006
512,2048,4,512,114.273
512,2048,4,1024,116.641
512,2048,4,2048,154.431
512,2048,4,4096,192.032
512,2048,4,8192,284.502
512,2048,4,16384,450.881
512,2048,8,16,116.64
512,2048,8,32,116.523
512,2048,8,64,116.992
512,2048,8,128,118.955
512,2048,8,256,122.497
512,2048,8,512,128.716
512,2048,8,1024,144.417
512,2048,8,2048,164.139
512,2048,8,4096,247.233
512,2048,8,8192,416.962
512,2048,8,16384,748.686
512,2048,16,16,124.256
512,2048,16,32,124.982
512,2048,16,64,124.918
512,2048,16,128,131.733
512,2048,16,256,139.713
512,2048,16,512,157.27
512,2048,16,1024,188.704
512,2048,16,2048,246.401
512,2048,16,4096,376.929
512,2048,16,8192,646.817
512,2048,16,16384,1165.13
512,2048,32,16,141.889
512,2048,32,32,142.177
512,2048,32,64,143.253
512,2048,32,128,159.381
512,2048,32,256,175.105
512,2048,32,512,203.925
512,2048,32,1024,257.45
512,2048,32,2048,363.499
512,2048,32,4096,626.305
512,2048,32,8192,1220.55
512,2048,32,16384,2438.73
512,2048,64,16,182.454
512,2048,64,32,182.337
512,2048,64,64,184.641
512,2048,64,128,212.673
512,2048,64,256,243.979
512,2048,64,512,303.051
512,2048,64,1024,423.532
512,2048,64,2048,665.101
512,2048,64,4096,1457.54
512,2048,64,8192,3246.2
512,2048,64,16384,6517.66
512,2048,128,16,255.638
512,2048,128,32,255.905
512,2048,128,64,258.07
512,2048,128,128,314.209
512,2048,128,256,385.442
512,2048,128,512,539.969
512,2048,128,1024,827.758
512,2048,128,2048,1565.66
512,2048,128,4096,5365.75
512,2048,128,8192,10751.4
512,2048,128,16384,21803.1
512,4096,0,0,192.224
512,4096,1,16,191.179
512,4096,1,32,191.403
512,4096,1,64,191.339
512,4096,1,128,191.339
512,4096,1,256,191.361
512,4096,1,512,191.499
512,4096,1,1024,191.435
512,4096,1,2048,191.754
512,4096,1,4096,196.662
512,4096,1,8192,273.281
512,4096,1,16384,438.892
512,4096,2,16,192.619
512,4096,2,32,192.373
512,4096,2,64,192.587
512,4096,2,128,192.651
512,4096,2,256,192.8
512,4096,2,512,193.131
512,4096,2,1024,193.066
512,4096,2,2048,196.587
512,4096,2,4096,198.326
512,4096,2,8192,277.377
512,4096,2,16384,445.025
512,4096,4,16,194.432
512,4096,4,32,194.859
512,4096,4,64,194.645
512,4096,4,128,195.296
512,4096,4,256,195.477
512,4096,4,512,195.574
512,4096,4,1024,195.883
512,4096,4,2048,201.333
512,4096,4,4096,279.083
512,4096,4,8192,362.208
512,4096,4,16384,532.267
512,4096,8,16,198.09
512,4096,8,32,198.208
512,4096,8,64,198.262
512,4096,8,128,200.597
512,4096,8,256,202.976
512,4096,8,512,209.728
512,4096,8,1024,220.694
512,4096,8,2048,248.683
512,4096,8,4096,292.513
512,4096,8,8192,461.228
512,4096,8,16384,803.351
512,4096,16,16,205.301
512,4096,16,32,205.526
512,4096,16,64,205.344
512,4096,16,128,211.2
512,4096,16,256,218.284
512,4096,16,512,231.318
512,4096,16,1024,265.761
512,4096,16,2048,333.035
512,4096,16,4096,457.292
512,4096,16,8192,719.714
512,4096,16,16384,1321.2
512,4096,32,16,221.344
512,4096,32,32,221.26
512,4096,32,64,221.376
512,4096,32,128,235.915
512,4096,32,256,251.681
512,4096,32,512,283.404
512,4096,32,1024,343.66
512,4096,32,2048,448.001
512,4096,32,4096,663.437
512,4096,32,8192,1422.0
512,4096,32,16384,3523.87
512,4096,64,16,259.436
512,4096,64,32,259.841
512,4096,64,64,259.83
512,4096,64,128,293.931
512,4096,64,256,325.357
512,4096,64,512,388.406
512,4096,64,1024,511.447
512,4096,64,2048,747.96
512,4096,64,4096,1606.42
512,4096,64,8192,4202.42
512,4096,64,16384,10156.9
512,4096,128,16,339.767
512,4096,128,32,339.361
512,4096,128,64,342.188
512,4096,128,128,400.034
512,4096,128,256,472.524
512,4096,128,512,622.519
512,4096,128,1024,916.526
512,4096,128,2048,1520.34
512,4096,128,4096,4600.68
512,4096,128,8192,11049.3
512,4096,128,16384,22009.5
512,8192,0,0,358.858
512,8192,1,16,358.156
512,8192,1,32,358.113
512,8192,1,64,358.336
512,8192,1,128,357.889
512,8192,1,256,357.782
512,8192,1,512,358.058
512,8192,1,1024,358.528
512,8192,1,2048,358.197
512,8192,1,4096,358.262
512,8192,1,8192,371.723
512,8192,1,16384,528.064
512,8192,2,16,358.134
512,8192,2,32,358.092
512,8192,2,64,358.55
512,8192,2,128,358.944
512,8192,2,256,358.838
512,8192,2,512,358.764
512,8192,2,1024,359.265
512,8192,2,2048,357.92
512,8192,2,4096,365.943
512,8192,2,8192,373.623
512,8192,2,16384,532.193
512,8192,4,16,358.604
512,8192,4,32,358.315
512,8192,4,64,359.083
512,8192,4,128,359.169
512,8192,4,256,359.414
512,8192,4,512,359.351
512,8192,4,1024,359.487
512,8192,4,2048,362.369
512,8192,4,4096,371.798
512,8192,4,8192,529.686
512,8192,4,16384,699.662
512,8192,8,16,362.07
512,8192,8,32,362.23
512,8192,8,64,362.103
512,8192,8,128,364.949
512,8192,8,256,367.467
512,8192,8,512,373.899
512,8192,8,1024,387.873
512,8192,8,2048,407.212
512,8192,8,4096,462.071
512,8192,8,8192,551.169
512,8192,8,16384,900.172
512,8192,16,16,368.118
512,8192,16,32,368.224
512,8192,16,64,369.334
512,8192,16,128,374.379
512,8192,16,256,380.139
512,8192,16,512,391.723
512,8192,16,1024,414.837
512,8192,16,2048,476.225
512,8192,16,4096,623.447
512,8192,16,8192,896.982
512,8192,16,16384,1454.31
512,8192,32,16,384.8
512,8192,32,32,382.902
512,8192,32,64,385.974
512,8192,32,128,396.139
512,8192,32,256,410.518
512,8192,32,512,442.54
512,8192,32,1024,502.69
512,8192,32,2048,626.007
512,8192,32,4096,831.937
512,8192,32,8192,1325.43
512,8192,32,16384,3304.74
512,8192,64,16,417.409
512,8192,64,32,418.614
512,8192,64,64,420.545
512,8192,64,128,448.47
512,8192,64,256,481.538
512,8192,64,512,552.055
512,8192,64,1024,680.801
512,8192,64,2048,922.67
512,8192,64,4096,1707.16
512,8192,64,8192,3243.15
512,8192,64,16384,10033.9
512,8192,128,16,496.429
512,8192,128,32,498.764
512,8192,128,64,499.671
512,8192,128,128,564.663
512,8192,128,256,636.908
512,8192,128,512,788.547
512,8192,128,1024,1078.19
512,8192,128,2048,1806.28
512,8192,128,4096,4788.07
512,8192,128,8192,9383.0
512,8192,128,16384,22119.2
512,16384,0,0,699.948
512,16384,1,16,696.589
512,16384,1,32,696.662
512,16384,1,64,696.907
512,16384,1,128,697.667
512,16384,1,256,695.374
512,16384,1,512,695.191
512,16384,1,1024,696.246
512,16384,1,2048,696.473
512,16384,1,4096,695.512
512,16384,1,8192,700.823
512,16384,1,16384,716.303
512,16384,2,16,696.024
512,16384,2,32,696.653
512,16384,2,64,696.418
512,16384,2,128,696.205
512,16384,2,256,693.955
512,16384,2,512,694.156
512,16384,2,1024,696.59
512,16384,2,2048,694.489
512,16384,2,4096,693.635
512,16384,2,8192,710.144
512,16384,2,16384,726.713
512,16384,4,16,696.45
512,16384,4,32,697.051
512,16384,4,64,696.707
512,16384,4,128,695.277
512,16384,4,256,694.04
512,16384,4,512,694.649
512,16384,4,1024,694.775
512,16384,4,2048,693.912
512,16384,4,4096,707.513
512,16384,4,8192,715.939
512,16384,4,16384,1043.25
512,16384,8,16,696.835
512,16384,8,32,695.704
512,16384,8,64,697.016
512,16384,8,128,696.695
512,16384,8,256,697.464
512,16384,8,512,702.702
512,16384,8,1024,714.391
512,16384,8,2048,735.043
512,16384,8,4096,796.356
512,16384,8,8192,892.045
512,16384,8,16384,1084.75
512,16384,16,16,701.377
512,16384,16,32,701.569
512,16384,16,64,702.849
512,16384,16,128,706.903
512,16384,16,256,710.306
512,16384,16,512,721.218
512,16384,16,1024,743.552
512,16384,16,2048,792.376
512,16384,16,4096,900.823
512,16384,16,8192,1221.72
512,16384,16,16384,1766.69
512,16384,32,16,714.531
512,16384,32,32,715.896
512,16384,32,64,715.425
512,16384,32,128,724.93
512,16384,32,256,737.965
512,16384,32,512,762.445
512,16384,32,1024,821.667
512,16384,32,2048,937.752
512,16384,32,4096,1179.57
512,16384,32,8192,1626.84
512,16384,32,16384,2596.9
512,16384,64,16,745.997
512,16384,64,32,745.005
512,16384,64,64,747.629
512,16384,64,128,770.317
512,16384,64,256,798.413
512,16384,64,512,867.235
512,16384,64,1024,999.001
512,16384,64,2048,1259.93
512,16384,64,4096,2174.72
512,16384,64,8192,3555.74
512,16384,64,16384,7113.04
512,16384,128,16,813.005
512,16384,128,32,813.442
512,16384,128,64,816.152
512,16384,128,128,877.187
512,16384,128,256,948.205
512,16384,128,512,1108.22
512,16384,128,1024,1411.93
512,16384,128,2048,2137.45
512,16384,128,4096,5610.9
512,16384,128,8192,10548.1
512,16384,128,16384,22093.1
1024,0,0,0,61.0667
1024,0,1,16,62.4747
1024,0,1,32,62.0803
1024,0,1,64,62.5167
1024,0,1,128,62.2507
1024,0,1,256,63.0293
1024,0,1,512,64.2667
1024,0,1,1024,67.265
1024,0,1,2048,89.099
1024,0,1,4096,130.507
1024,0,1,8192,212.225
1024,0,1,16384,377.59
1024,0,2,16,63.7873
1024,0,2,32,63.744
1024,0,2,64,64.1073
1024,0,2,128,64.64
1024,0,2,256,65.643
1024,0,2,512,67.3383
1024,0,2,1024,72.6723
1024,0,2,2048,98.123
1024,0,2,4096,139.552
1024,0,2,8192,221.729
1024,0,2,16384,387.744
1024,0,4,16,67.083
1024,0,4,32,66.89
1024,0,4,64,66.6667
1024,0,4,128,68.7573
1024,0,4,256,70.5593
1024,0,4,512,73.7813
1024,0,4,1024,83.1887
1024,0,4,2048,113.6
1024,0,4,4096,166.529
1024,0,4,8192,250.613
1024,0,4,16384,415.681
1024,0,8,16,73.515
1024,0,8,32,73.7817
1024,0,8,64,74.1113
1024,0,8,128,77.5677
1024,0,8,256,80.9073
1024,0,8,512,87.797
1024,0,8,1024,104.448
1024,0,8,2048,148.523
1024,0,8,4096,228.95
1024,0,8,8192,401.355
1024,0,8,16384,745.25
1024,0,16,16,86.6887
1024,0,16,32,87.0717
1024,0,16,64,87.1577
1024,0,16,128,93.9843
1024,0,16,256,101.344
1024,0,16,512,114.976
1024,0,16,1024,146.016
1024,0,16,2048,217.516
1024,0,16,4096,353.143
1024,0,16,8192,612.855
1024,0,16,16384,1133.51
1024,0,32,16,112.235
1024,0,32,32,112.224
1024,0,32,64,112.64
1024,0,32,128,126.507
1024,0,32,256,140.598
1024,0,32,512,167.819
1024,0,32,1024,229.088
1024,0,32,2048,359.392
1024,0,32,4096,624.172
1024,0,32,8192,1230.74
1024,0,32,16384,2378.03
1024,0,64,16,162.528
1024,0,64,32,162.646
1024,0,64,64,164.118
1024,0,64,128,190.689
1024,0,64,256,219.446
1024,0,64,512,278.369
1024,0,64,1024,408.022
1024,0,64,2048,661.122
1024,0,64,4096,1492.22
1024,0,64,8192,2960.16
1024,0,64,16384,5868.51
1024,0,128,16,263.147
1024,0,128,32,264.171
1024,0,128,64,265.664
1024,0,128,128,319.137
1024,0,128,256,384.822
1024,0,128,512,537.463
1024,0,128,1024,824.568
1024,0,128,2048,1616.77
1024,0,128,4096,4350.72
1024,0,128,8192,8744.55
1024,0,128,16384,21705.2
1024,16,0,0,65.8987
1024,16,1,16,66.7417
1024,16,1,32,67.136
1024,16,1,64,67.179
1024,16,1,128,67.4777
1024,16,1,256,68.1813
1024,16,1,512,69.3547
1024,16,1,1024,70.4537
1024,16,1,2048,93.014
1024,16,1,4096,133.483
1024,16,1,8192,215.616
1024,16,1,16384,380.384
1024,16,2,16,68.8963
1024,16,2,32,69.3017
1024,16,2,64,68.906
1024,16,2,128,70.0693
1024,16,2,256,70.7843
1024,16,2,512,72.342
1024,16,2,1024,76.2343
1024,16,2,2048,101.088
1024,16,2,4096,142.539
1024,16,2,8192,225.814
1024,16,2,16384,391.563
1024,16,4,16,71.2743
1024,16,4,32,72.0113
1024,16,4,64,72.3093
1024,16,4,128,74.1233
1024,16,4,256,75.5627
1024,16,4,512,78.7203
1024,16,4,1024,86.3783
1024,16,4,2048,117.313
1024,16,4,4096,172.459
1024,16,4,8192,255.894
1024,16,4,16384,422.838
1024,16,8,16,78.475
1024,16,8,32,78.8053
1024,16,8,64,79.403
1024,16,8,128,82.539
1024,16,8,256,86.518
1024,16,8,512,92.7153
1024,16,8,1024,107.883
1024,16,8,2048,151.552
1024,16,8,4096,231.894
1024,16,8,8192,403.457
1024,16,8,16384,744.343
1024,16,16,16,91.286
1024,16,16,32,92.544
1024,16,16,64,92.054
1024,16,16,128,99.0933
1024,16,16,256,106.592
1024,16,16,512,119.457
1024,16,16,1024,149.568
1024,16,16,2048,220.417
1024,16,16,4096,357.89
1024,16,16,8192,616.982
1024,16,16,16384,1136.1
1024,16,32,16,117.003
1024,16,32,32,117.11
1024,16,32,64,118.037
1024,16,32,128,131.158
1024,16,32,256,145.014
1024,16,32,512,173.099
1024,16,32,1024,232.31
1024,16,32,2048,362.272
1024,16,32,4096,627.138
1024,16,32,8192,1233.11
1024,16,32,16384,2377.98
1024,16,64,16,166.784
1024,16,64,32,167.969
1024,16,64,64,169.462
1024,16,64,128,195.306
1024,16,64,256,224.61
1024,16,64,512,284.342
1024,16,64,1024,411.681
1024,16,64,2048,664.396
1024,16,64,4096,1494.65
1024,16,64,8192,2953.39
1024,16,64,16384,5873.39
1024,16,128,16,268.118
1024,16,128,32,269.655
1024,16,128,64,271.585
1024,16,128,128,324.62
1024,16,128,256,390.006
1024,16,128,512,540.514
1024,16,128,1024,828.471
1024,16,128,2048,1621.22
1024,16,128,4096,4348.41
1024,16,128,8192,8757.88
1024,16,128,16384,21682.6
1024,32,0,0,65.4617
1024,32,1,16,66.9543
1024,32,1,32,67.1257
1024,32,1,64,67.51
1024,32,1,128,67.5947
1024,32,1,256,67.9577
1024,32,1,512,68.6933
1024,32,1,1024,70.3157
1024,32,1,2048,92.5227
1024,32,1,4096,133.515
1024,32,1,8192,215.404
1024,32,1,16384,380.469
1024,32,2,16,68.16
1024,32,2,32,69.0453
1024,32,2,64,68.6183
1024,32,2,128,69.9623
1024,32,2,256,70.6883
1024,32,2,512,72.971
1024,32,2,1024,75.9783
1024,32,2,2048,101.653
1024,32,2,4096,143.158
1024,32,2,8192,226.208
1024,32,2,16384,390.24
1024,32,4,16,72.331
1024,32,4,32,71.4667
1024,32,4,64,72.224
1024,32,4,128,73.6853
1024,32,4,256,75.6163
1024,32,4,512,78.88
1024,32,4,1024,86.229
1024,32,4,2048,117.344
1024,32,4,4096,172.533
1024,32,4,8192,255.095
1024,32,4,16384,422.134
1024,32,8,16,78.9227
1024,32,8,32,78.7947
1024,32,8,64,78.869
1024,32,8,128,82.5493
1024,32,8,256,86.422
1024,32,8,512,92.9283
1024,32,8,1024,107.765
1024,32,8,2048,151.606
1024,32,8,4096,232.192
1024,32,8,8192,402.55
1024,32,8,16384,745.377
1024,32,16,16,91.8193
1024,32,16,32,91.35
1024,32,16,64,92.0107
1024,32,16,128,99.2217
1024,32,16,256,106.56
1024,32,16,512,120.416
1024,32,16,1024,149.44
1024,32,16,2048,220.619
1024,32,16,4096,358.901
1024,32,16,8192,617.419
1024,32,16,16384,1140.42
1024,32,32,16,117.344
1024,32,32,32,117.91
1024,32,32,64,117.644
1024,32,32,128,131.606
1024,32,32,256,145.654
1024,32,32,512,172.651
1024,32,32,1024,232.705
1024,32,32,2048,362.923
1024,32,32,4096,626.455
1024,32,32,8192,1231.25
1024,32,32,16384,2378.53
1024,32,64,16,167.201
1024,32,64,32,167.873
1024,32,64,64,169.302
1024,32,64,128,195.575
1024,32,64,256,224.801
1024,32,64,512,283.979
1024,32,64,1024,411.372
1024,32,64,2048,664.44
1024,32,64,4096,1492.93
1024,32,64,8192,2954.98
1024,32,64,16384,5875.58
1024,32,128,16,267.724
1024,32,128,32,269.217
1024,32,128,64,271.201
1024,32,128,128,324.278
1024,32,128,256,389.751
1024,32,128,512,540.77
1024,32,128,1024,829.486
1024,32,128,2048,1617.58
1024,32,128,4096,4349.11
1024,32,128,8192,8689.14
1024,32,128,16384,21708.8
1024,64,0,0,66.112
1024,64,1,16,66.891
1024,64,1,32,67.7653
1024,64,1,64,68.0
1024,64,1,128,67.7873
1024,64,1,256,68.1707
1024,64,1,512,68.8
1024,64,1,1024,70.8053
1024,64,1,2048,92.256
1024,64,1,4096,133.525
1024,64,1,8192,215.937
1024,64,1,16384,380.022
1024,64,2,16,68.4483
1024,64,2,32,69.2053
1024,64,2,64,69.0453
1024,64,2,128,70.4003
1024,64,2,256,71.232
1024,64,2,512,72.395
1024,64,2,1024,76.1387
1024,64,2,2048,100.778
1024,64,2,4096,143.147
1024,64,2,8192,226.261
1024,64,2,16384,389.271
1024,64,4,16,72.3947
1024,64,4,32,72.0003
1024,64,4,64,72.064
1024,64,4,128,73.909
1024,64,4,256,75.3493
1024,64,4,512,78.9443
1024,64,4,1024,86.475
1024,64,4,2048,117.516
1024,64,4,4096,172.288
1024,64,4,8192,255.169
1024,64,4,16384,424.545
1024,64,8,16,79.1683
1024,64,8,32,79.093
1024,64,8,64,78.688
1024,64,8,128,83.1363
1024,64,8,256,86.4963
1024,64,8,512,93.76
1024,64,8,1024,107.776
1024,64,8,2048,151.959
1024,64,8,4096,232.683
1024,64,8,8192,403.638
1024,64,8,16384,746.017
1024,64,16,16,91.595
1024,64,16,32,92.3743
1024,64,16,64,92.0
1024,64,16,128,99.36
1024,64,16,256,106.486
1024,64,16,512,119.712
1024,64,16,1024,149.27
1024,64,16,2048,220.939
1024,64,16,4096,358.635
1024,64,16,8192,618.092
1024,64,16,16384,1137.44
1024,64,32,16,117.365
1024,64,32,32,117.334
1024,64,32,64,117.793
1024,64,32,128,131.638
1024,64,32,256,146.145
1024,64,32,512,172.704
1024,64,32,1024,232.246
1024,64,32,2048,363.222
1024,64,32,4096,626.775
1024,64,32,8192,1230.58
1024,64,32,16384,2379.65
1024,64,64,16,167.286
1024,64,64,32,168.054
1024,64,64,64,169.536
1024,64,64,128,195.809
1024,64,64,256,224.609
1024,64,64,512,283.585
1024,64,64,1024,411.521
1024,64,64,2048,665.144
1024,64,64,4096,1490.64
1024,64,64,8192,2963.26
1024,64,64,16384,5904.2
1024,64,128,16,268.428
1024,64,128,32,269.292
1024,64,128,64,271.681
1024,64,128,128,325.025
1024,64,128,256,389.932
1024,64,128,512,540.61
1024,64,128,1024,830.04
1024,64,128,2048,1616.81
1024,64,128,4096,4350.57
1024,64,128,8192,9138.19
1024,64,128,16384,21462.9
1024,128,0,0,69.451
1024,128,1,16,70.9117
1024,128,1,32,70.3253
1024,128,1,64,70.6993
1024,128,1,128,71.5413
1024,128,1,256,71.7443
1024,128,1,512,72.7573
1024,128,1,1024,74.1113
1024,128,1,2048,95.8823
1024,128,1,4096,137.632
1024,128,1,8192,219.68
1024,128,1,16384,384.107
1024,128,2,16,72.9173
1024,128,2,32,72.704
1024,128,2,64,72.3733
1024,128,2,128,73.0457
1024,128,2,256,74.3893
1024,128,2,512,75.702
1024,128,2,1024,79.6687
1024,128,2,2048,103.286
1024,128,2,4096,147.104
1024,128,2,8192,230.187
1024,128,2,16384,394.785
1024,128,4,16,75.861
1024,128,4,32,75.7547
1024,128,4,64,75.7863
1024,128,4,128,77.6967
1024,128,4,256,79.8937
1024,128,4,512,82.9443
1024,128,4,1024,89.93
1024,128,4,2048,120.949
1024,128,4,4096,178.4
1024,128,4,8192,261.515
1024,128,4,16384,430.144
1024,128,8,16,82.6133
1024,128,8,32,82.6247
1024,128,8,64,82.5067
1024,128,8,128,86.2397
1024,128,8,256,90.0693
1024,128,8,512,97.6963
1024,128,8,1024,111.2
1024,128,8,2048,154.848
1024,128,8,4096,235.99
1024,128,8,8192,406.241
1024,128,8,16384,748.556
1024,128,16,16,95.307
1024,128,16,32,95.595
1024,128,16,64,95.9463
1024,128,16,128,103.072
1024,128,16,256,109.856
1024,128,16,512,124.309
1024,128,16,1024,152.875
1024,128,16,2048,224.373
1024,128,16,4096,364.236
1024,128,16,8192,622.647
1024,128,16,16384,1141.32
1024,128,32,16,121.281
1024,128,32,32,120.694
1024,128,32,64,121.365
1024,128,32,128,135.157
1024,128,32,256,149.568
1024,128,32,512,177.045
1024,128,32,1024,236.139
1024,128,32,2048,366.103
1024,128,32,4096,629.955
1024,128,32,8192,1236.34
1024,128,32,16384,2385.67
1024,128,64,16,171.328
1024,128,64,32,171.979
1024,128,64,64,173.28
1024,128,64,128,199.19
1024,128,64,256,228.31
1024,128,64,512,288.0
1024,128,64,1024,414.657
1024,128,64,2048,668.12
1024,128,64,4096,1487.75
1024,128,64,8192,2965.27
1024,128,64,16384,5892.61
1024,128,128,16,272.683
1024,128,128,32,273.164
1024,128,128,64,275.628
1024,128,128,128,328.502
1024,128,128,256,394.338
1024,128,128,512,543.533
1024,128,128,1024,833.646
1024,128,128,2048,1625.59
1024,128,128,4096,4352.01
1024,128,128,8192,9102.6
1024,128,128,16384,20731.6
1024,256,0,0,77.899
1024,256,1,16,79.296
1024,256,1,32,79.6803
1024,256,1,64,79.2847
1024,256,1,128,80.1497
1024,256,1,256,80.6613
1024,256,1,512,81.0983
1024,256,1,1024,82.7633
1024,256,1,2048,101.845
1024,256,1,4096,143.947
1024,256,1,8192,227.137
1024,256,1,16384,392.204
1024,256,2,16,80.576
1024,256,2,32,81.163
1024,256,2,64,81.44
1024,256,2,128,82.2613
1024,256,2,256,83.0823
1024,256,2,512,84.4593
1024,256,2,1024,88.3307
1024,256,2,2048,111.189
1024,256,2,4096,155.477
1024,256,2,8192,237.643
1024,256,2,16384,403.542
1024,256,4,16,84.1497
1024,256,4,32,84.4053
1024,256,4,64,84.3847
1024,256,4,128,85.9627
1024,256,4,256,87.744
1024,256,4,512,92.1173
1024,256,4,1024,97.2903
1024,256,4,2048,127.936
1024,256,4,4096,189.974
1024,256,4,8192,273.526
1024,256,4,16384,441.546
1024,256,8,16,91.296
1024,256,8,32,91.2
1024,256,8,64,92.053
1024,256,8,128,94.8267
1024,256,8,256,98.922
1024,256,8,512,105.974
1024,256,8,1024,118.379
1024,256,8,2048,162.422
1024,256,8,4096,243.958
1024,256,8,8192,411.286
1024,256,8,16384,752.097
1024,256,16,16,104.534
1024,256,16,32,104.565
1024,256,16,64,104.512
1024,256,16,128,111.531
1024,256,16,256,119.35
1024,256,16,512,132.673
1024,256,16,1024,159.765
1024,256,16,2048,231.509
1024,256,16,4096,373.388
1024,256,16,8192,631.192
1024,256,16,16384,1150.48
1024,256,32,16,129.237
1024,256,32,32,129.611
1024,256,32,64,130.625
1024,256,32,128,144.555
1024,256,32,256,158.4
1024,256,32,512,186.518
1024,256,32,1024,243.403
1024,256,32,2048,372.972
1024,256,32,4096,636.588
1024,256,32,8192,1230.6
1024,256,32,16384,2391.13
1024,256,64,16,180.587
1024,256,64,32,180.864
1024,256,64,64,182.198
1024,256,64,128,209.153
1024,256,64,256,237.739
1024,256,64,512,295.926
1024,256,64,1024,421.388
1024,256,64,2048,675.032
1024,256,64,4096,1483.1
1024,256,64,8192,2956.56
1024,256,64,16384,5890.75
1024,256,128,16,281.1
1024,256,128,32,282.551
1024,256,128,64,284.844
1024,256,128,128,337.975
1024,256,128,256,402.732
1024,256,128,512,549.569
1024,256,128,1024,841.188
1024,256,128,2048,1627.88
1024,256,128,4096,4351.57
1024,256,128,8192,8849.42
1024,256,128,16384,21674.0
1024,512,0,0,95.009
1024,512,1,16,96.4697
1024,512,1,32,96.4273
1024,512,1,64,96.2567
1024,512,1,128,96.8857
1024,512,1,256,97.1527
1024,512,1,512,97.3863
1024,512,1,1024,99.392
1024,512,1,2048,114.837
1024,512,1,4096,157.685
1024,512,1,8192,240.427
1024,512,1,16384,403.947
1024,512,2,16,97.931
1024,512,2,32,97.4937
1024,512,2,64,97.9303
1024,512,2,128,98.7627
1024,512,2,256,99.989
1024,512,2,512,101.867
1024,512,2,1024,105.216
1024,512,2,2048,124.864
1024,512,2,4096,171.904
1024,512,2,8192,254.229
1024,512,2,16384,418.209
1024,512,4,16,101.216
1024,512,4,32,100.768
1024,512,4,64,101.248
1024,512,4,128,102.891
1024,512,4,256,104.908
1024,512,4,512,108.704
1024,512,4,1024,116.01
1024,512,4,2048,140.96
1024,512,4,4096,201.814
1024,512,4,8192,296.822
1024,512,4,16384,462.743
1024,512,8,16,108.022
1024,512,8,32,107.979
1024,512,8,64,108.266
1024,512,8,128,111.904
1024,512,8,256,115.595
1024,512,8,512,123.179
1024,512,8,1024,135.723
1024,512,8,2048,176.885
1024,512,8,4096,259.83
1024,512,8,8192,424.225
1024,512,8,16384,760.032
1024,512,16,16,121.131
1024,512,16,32,121.611
1024,512,16,64,121.845
1024,512,16,128,128.405
1024,512,16,256,136.384
1024,512,16,512,150.347
1024,512,16,1024,177.44
1024,512,16,2048,246.273
1024,512,16,4096,385.419
1024,512,16,8192,650.86
1024,512,16,16384,1168.73
1024,512,32,16,146.774
1024,512,32,32,147.936
1024,512,32,64,148.224
1024,512,32,128,161.813
1024,512,32,256,176.086
1024,512,32,512,203.862
1024,512,32,1024,258.496
1024,512,32,2048,386.529
1024,512,32,4096,649.814
1024,512,32,8192,1237.44
1024,512,32,16384,2435.23
1024,512,64,16,197.974
1024,512,64,32,198.56
1024,512,64,64,200.064
1024,512,64,128,226.721
1024,512,64,256,255.734
1024,512,64,512,316.076
1024,512,64,1024,434.027
1024,512,64,2048,688.216
1024,512,64,4096,1539.02
1024,512,64,8192,2973.65
1024,512,64,16384,5947.82
1024,512,128,16,299.745
1024,512,128,32,301.1
1024,512,128,64,302.55
1024,512,128,128,356.087
1024,512,128,256,421.014
1024,512,128,512,566.541
1024,512,128,1024,856.632
1024,512,128,2048,1606.75
1024,512,128,4096,4361.9
1024,512,128,8192,9120.28
1024,512,128,16384,21647.3
1024,1024,0,0,126.518
1024,1024,1,16,127.808
1024,1024,1,32,127.552
1024,1024,1,64,127.99
1024,1024,1,128,127.957
1024,1024,1,256,129.504
1024,1024,1,512,130.527
1024,1024,1,1024,133.013
1024,1024,1,2048,137.077
1024,1024,1,4096,186.357
1024,1024,1,8192,269.771
1024,1024,1,16384,433.195
1024,1024,2,16,129.974
1024,1024,2,32,130.187
1024,1024,2,64,130.603
1024,1024,2,128,131.243
1024,1024,2,256,132.342
1024,1024,2,512,134.177
1024,1024,2,1024,138.368
1024,1024,2,2048,149.184
1024,1024,2,4096,200.544
1024,1024,2,8192,286.785
1024,1024,2,16384,451.691
1024,1024,4,16,132.661
1024,1024,4,32,132.288
1024,1024,4,64,133.355
1024,1024,4,128,134.336
1024,1024,4,256,137.217
1024,1024,4,512,141.141
1024,1024,4,1024,150.048
1024,1024,4,2048,168.448
1024,1024,4,4096,228.747
1024,1024,4,8192,343.211
1024,1024,4,16384,509.526
1024,1024,8,16,140.96
1024,1024,8,32,140.939
1024,1024,8,64,139.999
1024,1024,8,128,144.886
1024,1024,8,256,149.515
1024,1024,8,512,158.038
1024,1024,8,1024,171.904
1024,1024,8,2048,202.176
1024,1024,8,4096,288.79
1024,1024,8,8192,452.395
1024,1024,8,16384,783.81
1024,1024,16,16,153.973
1024,1024,16,32,154.837
1024,1024,16,64,155.51
1024,1024,16,128,161.589
1024,1024,16,256,170.304
1024,1024,16,512,185.59
1024,1024,16,1024,212.501
1024,1024,16,2048,273.589
1024,1024,16,4096,414.902
1024,1024,16,8192,688.471
1024,1024,16,16384,1206.1
1024,1024,32,16,181.75
1024,1024,32,32,181.365
1024,1024,32,64,182.4
1024,1024,32,128,196.257
1024,1024,32,256,210.976
1024,1024,32,512,239.425
1024,1024,32,1024,295.019
1024,1024,32,2048,412.811
1024,1024,32,4096,676.962
1024,1024,32,8192,1259.48
1024,1024,32,16384,2556.42
1024,1024,64,16,232.896
1024,1024,64,32,232.875
1024,1024,64,64,233.878
1024,1024,64,128,262.593
1024,1024,64,256,291.563
1024,1024,64,512,351.564
1024,1024,64,1024,467.852
1024,1024,64,2048,715.457
1024,1024,64,4096,1487.03
1024,1024,64,8192,3202.74
1024,1024,64,16384,6256.36
1024,1024,128,16,335.692
1024,1024,128,32,336.79
1024,1024,128,64,339.5
1024,1024,128,128,391.937
1024,1024,128,256,456.461
1024,1024,128,512,602.21
1024,1024,128,1024,888.227
1024,1024,128,2048,1524.94
1024,1024,128,4096,4407.9
1024,1024,128,8192,9915.59
1024,1024,128,16384,21746.2
1024,2048,0,0,188.118
1024,2048,1,16,190.517
1024,2048,1,32,189.291
1024,2048,1,64,190.742
1024,2048,1,128,189.867
1024,2048,1,256,191.413
1024,2048,1,512,192.651
1024,2048,1,1024,195.329
1024,2048,1,2048,193.259
1024,2048,1,4096,230.475
1024,2048,1,8192,330.646
1024,2048,1,16384,495.703
1024,2048,2,16,191.19
1024,2048,2,32,191.498
1024,2048,2,64,191.52
1024,2048,2,128,192.757
1024,2048,2,256,193.6
1024,2048,2,512,196.033
1024,2048,2,1024,200.064
1024,2048,2,2048,219.83
1024,2048,2,4096,254.347
1024,2048,2,8192,348.363
1024,2048,2,16384,512.844
1024,2048,4,16,193.665
1024,2048,4,32,194.198
1024,2048,4,64,195.157
1024,2048,4,128,195.658
1024,2048,4,256,200.032
1024,2048,4,512,204.608
1024,2048,4,1024,216.545
1024,2048,4,2048,234.049
1024,2048,4,4096,278.955
1024,2048,4,8192,405.952
1024,2048,4,16384,606.603
1024,2048,8,16,202.006
1024,2048,8,32,201.856
1024,2048,8,64,202.411
1024,2048,8,128,206.549
1024,2048,8,256,210.838
1024,2048,8,512,222.251
1024,2048,8,1024,240.182
1024,2048,8,2048,269.206
1024,2048,8,4096,345.324
1024,2048,8,8192,521.453
1024,2048,8,16384,832.898
1024,2048,16,16,217.365
1024,2048,16,32,216.299
1024,2048,16,64,218.325
1024,2048,16,128,225.867
1024,2048,16,256,237.003
1024,2048,16,512,251.766
1024,2048,16,1024,281.376
1024,2048,16,2048,337.237
1024,2048,16,4096,470.273
1024,2048,16,8192,753.666
1024,2048,16,16384,1308.09
1024,2048,32,16,247.67
1024,2048,32,32,248.182
1024,2048,32,64,248.907
1024,2048,32,128,263.137
1024,2048,32,256,278.817
1024,2048,32,512,307.222
1024,2048,32,1024,364.715
1024,2048,32,2048,473.825
1024,2048,32,4096,728.397
1024,2048,32,8192,1343.87
1024,2048,32,16384,2943.55
1024,2048,64,16,299.894
1024,2048,64,32,301.942
1024,2048,64,64,303.617
1024,2048,64,128,330.945
1024,2048,64,256,359.713
1024,2048,64,512,422.028
1024,2048,64,1024,542.487
1024,2048,64,2048,769.154
1024,2048,64,4096,1541.26
1024,2048,64,8192,3778.97
1024,2048,64,16384,7996.15
1024,2048,128,16,405.27
1024,2048,128,32,406.753
1024,2048,128,64,407.991
1024,2048,128,128,464.589
1024,2048,128,256,526.53
1024,2048,128,512,671.459
1024,2048,128,1024,953.304
1024,2048,128,2048,1568.85
1024,2048,128,4096,5617.73
1024,2048,128,8192,10990.8
1024,2048,128,16384,21910.3
1024,4096,0,0,311.35
1024,4096,1,16,311.381
1024,4096,1,32,311.307
1024,4096,1,64,313.494
1024,4096,1,128,312.821
1024,4096,1,256,312.395
1024,4096,1,512,314.507
1024,4096,1,1024,315.264
1024,4096,1,2048,315.98
1024,4096,1,4096,316.395
1024,4096,1,8192,436.14
1024,4096,1,16384,619.819
1024,4096,2,16,313.376
1024,4096,2,32,312.726
1024,4096,2,64,313.515
1024,4096,2,128,314.411
1024,4096,2,256,315.2
1024,4096,2,512,317.014
1024,4096,2,1024,322.251
1024,4096,2,2048,341.387
1024,4096,2,4096,384.641
1024,4096,2,8192,461.334
1024,4096,2,16384,636.212
1024,4096,4,16,316.267
1024,4096,4,32,316.928
1024,4096,4,64,316.854
1024,4096,4,128,319.499
1024,4096,4,256,321.868
1024,4096,4,512,327.147
1024,4096,4,1024,336.683
1024,4096,4,2048,358.603
1024,4096,4,4096,398.934
1024,4096,4,8192,484.289
1024,4096,4,16384,736.719
1024,4096,8,16,322.721
1024,4096,8,32,323.617
1024,4096,8,64,325.227
1024,4096,8,128,328.0
1024,4096,8,256,334.07
1024,4096,8,512,343.233
1024,4096,8,1024,364.609
1024,4096,8,2048,404.907
1024,4096,8,4096,478.199
1024,4096,8,8192,640.3
1024,4096,8,16384,976.877
1024,4096,16,16,338.743
1024,4096,16,32,338.572
1024,4096,16,64,338.401
1024,4096,16,128,349.067
1024,4096,16,256,359.393
1024,4096,16,512,376.918
1024,4096,16,1024,413.515
1024,4096,16,2048,467.233
1024,4096,16,4096,590.091
1024,4096,16,8192,854.392
1024,4096,16,16384,1630.8
1024,4096,32,16,370.699
1024,4096,32,32,372.427
1024,4096,32,64,372.128
1024,4096,32,128,389.75
1024,4096,32,256,409.409
1024,4096,32,512,441.601
1024,4096,32,1024,499.266
1024,4096,32,2048,613.975
1024,4096,32,4096,847.491
1024,4096,32,8192,1541.47
1024,4096,32,16384,4124.76
1024,4096,64,16,433.473
1024,4096,64,32,434.551
1024,4096,64,64,435.703
1024,4096,64,128,466.262
1024,4096,64,256,494.775
1024,4096,64,512,557.036
1024,4096,64,1024,681.879
1024,4096,64,2048,917.923
1024,4096,64,4096,1657.82
1024,4096,64,8192,4991.77
1024,4096,64,16384,10901.8
1024,4096,128,16,541.207
1024,4096,128,32,543.373
1024,4096,128,64,544.844
1024,4096,128,128,602.54
1024,4096,128,256,665.57
1024,4096,128,512,804.248
1024,4096,128,1024,1085.35
1024,4096,128,2048,1766.73
1024,4096,128,4096,4788.5
1024,4096,128,8192,11201.5
1024,4096,128,16384,22304.0
1024,8192,0,0,558.422
1024,8192,1,16,557.163
1024,8192,1,32,557.975
1024,8192,1,64,559.2
1024,8192,1,128,557.922
1024,8192,1,256,558.24
1024,8192,1,512,559.381
1024,8192,1,1024,559.03
1024,8192,1,2048,560.609
1024,8192,1,4096,561.868
1024,8192,1,8192,563.008
1024,8192,1,16384,857.603
1024,8192,2,16,558.048
1024,8192,2,32,559.307
1024,8192,2,64,558.379
1024,8192,2,128,559.158
1024,8192,2,256,560.514
1024,8192,2,512,561.995
1024,8192,2,1024,568.161
1024,8192,2,2048,586.625
1024,8192,2,4096,630.497
1024,8192,2,8192,715.809
1024,8192,2,16384,875.255
1024,8192,4,16,562.785
1024,8192,4,32,562.263
1024,8192,4,64,560.779
1024,8192,4,128,563.819
1024,8192,4,256,566.028
1024,8192,4,512,572.288
1024,8192,4,1024,581.91
1024,8192,4,2048,604.342
1024,8192,4,4096,647.928
1024,8192,4,8192,729.195
1024,8192,4,16384,902.486
1024,8192,8,16,568.833
1024,8192,8,32,568.481
1024,8192,8,64,568.63
1024,8192,8,128,572.225
1024,8192,8,256,577.761
1024,8192,8,512,588.022
1024,8192,8,1024,609.046
1024,8192,8,2048,652.939
1024,8192,8,4096,733.26
1024,8192,8,8192,895.129
1024,8192,8,16384,1244.58
1024,8192,16,16,584.907
1024,8192,16,32,584.395
1024,8192,16,64,582.86
1024,8192,16,128,593.344
1024,8192,16,256,603.029
1024,8192,16,512,622.753
1024,8192,16,1024,665.826
1024,8192,16,2048,742.04
1024,8192,16,4096,842.615
1024,8192,16,8192,1103.19
1024,8192,16,16384,1658.59
1024,8192,32,16,616.375
1024,8192,32,32,615.384
1024,8192,32,64,616.758
1024,8192,32,128,635.254
1024,8192,32,256,653.302
1024,8192,32,512,695.117
1024,8192,32,1024,769.527
1024,8192,32,2048,887.607
1024,8192,32,4096,1118.21
1024,8192,32,8192,1662.87
1024,8192,32,16384,3441.38
1024,8192,64,16,681.164
1024,8192,64,32,681.74
1024,8192,64,64,682.508
1024,8192,64,128,720.035
1024,8192,64,256,759.821
1024,8192,64,512,826.008
1024,8192,64,1024,953.198
1024,8192,64,2048,1198.74
1024,8192,64,4096,1673.95
1024,8192,64,8192,3353.37
1024,8192,64,16384,10768.6
1024,8192,128,16,808.973
1024,8192,128,32,812.003
1024,8192,128,64,813.293
1024,8192,128,128,872.515
1024,8192,128,256,937.347
1024,8192,128,512,1070.82
1024,8192,128,1024,1350.23
1024,8192,128,2048,2020.25
1024,8192,128,4096,5634.13
1024,8192,128,8192,10818.2
1024,8192,128,16384,22328.6
1024,16384,0,0,1056.61
1024,16384,1,16,1056.67
1024,16384,1,32,1056.31
1024,16384,1,64,1056.3
1024,16384,1,128,1055.55
1024,16384,1,256,1058.0
1024,16384,1,512,1058.82
1024,16384,1,1024,1057.68
1024,16384,1,2048,1060.67
1024,16384,1,4096,1059.1
1024,16384,1,8192,1060.0
1024,16384,1,16384,1068.89
1024,16384,2,16,1058.69
1024,16384,2,32,1056.92
1024,16384,2,64,1057.9
1024,16384,2,128,1057.06
1024,16384,2,256,1058.41
1024,16384,2,512,1058.35
1024,16384,2,1024,1062.18
1024,16384,2,2048,1080.07
1024,16384,2,4096,1126.68
1024,16384,2,8192,1211.64
1024,16384,2,16384,1378.52
1024,16384,4,16,1058.65
1024,16384,4,32,1058.65
1024,16384,4,64,1057.01
1024,16384,4,128,1061.62
1024,16384,4,256,1062.02
1024,16384,4,512,1066.14
1024,16384,4,1024,1077.72
1024,16384,4,2048,1098.91
1024,16384,4,4096,1146.38
1024,16384,4,8192,1232.31
1024,16384,4,16384,1401.81
1024,16384,8,16,1066.83
1024,16384,8,32,1065.38
1024,16384,8,64,1064.6
1024,16384,8,128,1072.26
1024,16384,8,256,1075.08
1024,16384,8,512,1084.32
1024,16384,8,1024,1103.87
1024,16384,8,2048,1148.13
1024,16384,8,4096,1234.72
1024,16384,8,8192,1398.59
1024,16384,8,16384,1744.57
1024,16384,16,16,1078.06
1024,16384,16,32,1079.2
1024,16384,16,64,1079.94
1024,16384,16,128,1087.66
1024,16384,16,256,1096.79
1024,16384,16,512,1117.6
1024,16384,16,1024,1159.43
1024,16384,16,2048,1243.99
1024,16384,16,4096,1402.24
1024,16384,16,8192,1604.86
1024,16384,16,16384,2133.38
1024,16384,32,16,1109.78
1024,16384,32,32,1110.27
1024,16384,32,64,1110.84
1024,16384,32,128,1128.39
1024,16384,32,256,1148.39
1024,16384,32,512,1187.93
1024,16384,32,1024,1270.69
1024,16384,32,2048,1421.29
1024,16384,32,4096,1674.13
1024,16384,32,8192,2196.1
1024,16384,32,16384,3230.44
1024,16384,64,16,1175.23
1024,16384,64,32,1176.57
1024,16384,64,64,1177.09
1024,16384,64,128,1212.45
1024,16384,64,256,1251.54
1024,16384,64,512,1331.79
1024,16384,64,1024,1484.87
1024,16384,64,2048,1746.49
1024,16384,64,4096,2313.47
1024,16384,64,8192,3269.13
1024,16384,64,16384,7733.56
1024,16384,128,16,1308.69
1024,16384,128,32,1309.02
1024,16384,128,64,1311.1
1024,16384,128,128,1388.25
1024,16384,128,256,1467.37
1024,16384,128,512,1607.61
1024,16384,128,1024,1876.37
1024,16384,128,2048,2518.67
1024,16384,128,4096,5954.08
1024,16384,128,8192,11251.9
1024,16384,128,16384,22017.4
2048,0,0,0,172.609
2048,0,1,16,174.582
2048,0,1,32,173.835
2048,0,1,64,174.23
2048,0,1,128,174.998
2048,0,1,256,175.21
2048,0,1,512,176.0
2048,0,1,1024,177.238
2048,0,1,2048,183.157
2048,0,1,4096,229.334
2048,0,1,8192,314.55
2048,0,1,16384,479.062
2048,0,2,16,176.043
2048,0,2,32,176.523
2048,0,2,64,177.067
2048,0,2,128,177.174
2048,0,2,256,178.912
2048,0,2,512,179.861
2048,0,2,1024,185.664
2048,0,2,2048,193.451
2048,0,2,4096,244.661
2048,0,2,8192,337.366
2048,0,2,16384,501.697
2048,0,4,16,181.173
2048,0,4,32,181.419
2048,0,4,64,180.534
2048,0,4,128,183.979
2048,0,4,256,183.788
2048,0,4,512,187.872
2048,0,4,1024,195.798
2048,0,4,2048,213.025
2048,0,4,4096,275.094
2048,0,4,8192,395.489
2048,0,4,16384,581.676
2048,0,8,16,191.073
2048,0,8,32,192.48
2048,0,8,64,193.345
2048,0,8,128,196.769
2048,0,8,256,199.68
2048,0,8,512,206.955
2048,0,8,1024,219.936
2048,0,8,2048,252.875
2048,0,8,4096,341.43
2048,0,8,8192,508.823
2048,0,8,16384,829.976
2048,0,16,16,213.44
2048,0,16,32,212.171
2048,0,16,64,213.813
2048,0,16,128,222.048
2048,0,16,256,226.657
2048,0,16,512,242.091
2048,0,16,1024,268.064
2048,0,16,2048,331.329
2048,0,16,4096,474.583
2048,0,16,8192,758.829
2048,0,16,16384,1287.88
2048,0,32,16,254.251
2048,0,32,32,255.617
2048,0,32,64,254.795
2048,0,32,128,268.758
2048,0,32,256,283.819
2048,0,32,512,310.731
2048,0,32,1024,367.318
2048,0,32,2048,487.82
2048,0,32,4096,749.197
2048,0,32,8192,1317.94
2048,0,32,16384,2839.44
2048,0,64,16,336.492
2048,0,64,32,336.257
2048,0,64,64,337.494
2048,0,64,128,365.516
2048,0,64,256,393.527
2048,0,64,512,452.013
2048,0,64,1024,569.975
2048,0,64,2048,814.957
2048,0,64,4096,1564.23
2048,0,64,8192,3460.67
2048,0,64,16384,6877.84
2048,0,128,16,498.849
2048,0,128,32,499.074
2048,0,128,64,501.079
2048,0,128,128,555.127
2048,0,128,256,614.765
2048,0,128,512,743.896
2048,0,128,1024,1031.17
2048,0,128,2048,1674.44
2048,0,128,4096,4653.36
2048,0,128,8192,10128.5
2048,0,128,16384,21538.0
2048,16,0,0,181.461
2048,16,1,16,184.108
2048,16,1,32,182.945
2048,16,1,64,184.0
2048,16,1,128,184.64
2048,16,1,256,183.478
2048,16,1,512,183.488
2048,16,1,1024,187.488
2048,16,1,2048,189.675
2048,16,1,4096,235.254
2048,16,1,8192,320.556
2048,16,1,16384,487.265
2048,16,2,16,185.612
2048,16,2,32,185.706
2048,16,2,64,186.261
2048,16,2,128,185.313
2048,16,2,256,187.115
2048,16,2,512,188.502
2048,16,2,1024,192.053
2048,16,2,2048,201.099
2048,16,2,4096,251.381
2048,16,2,8192,346.166
2048,16,2,16384,510.337
2048,16,4,16,189.034
2048,16,4,32,189.451
2048,16,4,64,189.804
2048,16,4,128,193.419
2048,16,4,256,193.579
2048,16,4,512,196.459
2048,16,4,1024,202.784
2048,16,4,2048,219.797
2048,16,4,4096,282.913
2048,16,4,8192,402.038
2048,16,4,16384,591.757
2048,16,8,16,199.98
2048,16,8,32,200.043
2048,16,8,64,200.823
2048,16,8,128,204.246
2048,16,8,256,207.019
2048,16,8,512,214.069
2048,16,8,1024,228.406
2048,16,8,2048,260.011
2048,16,8,4096,347.681
2048,16,8,8192,516.054
2048,16,8,16384,837.154
2048,16,16,16,219.915
2048,16,16,32,221.505
2048,16,16,64,221.664
2048,16,16,128,229.057
2048,16,16,256,234.881
2048,16,16,512,249.579
2048,16,16,1024,276.715
2048,16,16,2048,337.974
2048,16,16,4096,482.518
2048,16,16,8192,766.444
2048,16,16,16384,1295.25
2048,16,32,16,263.094
2048,16,32,32,264.513
2048,16,32,64,264.022
2048,16,32,128,277.388
2048,16,32,256,291.82
2048,16,32,512,318.369
2048,16,32,1024,376.001
2048,16,32,2048,495.138
2048,16,32,4096,754.681
2048,16,32,8192,1320.89
2048,16,32,16384,2857.32
2048,16,64,16,344.065
2048,16,64,32,345.516
2048,16,64,64,345.302
2048,16,64,128,373.303
2048,16,64,256,401.601
2048,16,64,512,460.162
2048,16,64,1024,578.487
2048,16,64,2048,821.528
2048,16,64,4096,1558.28
2048,16,64,8192,3501.79
2048,16,64,16384,6997.67
2048,16,128,16,507.105
2048,16,128,32,508.631
2048,16,128,64,509.037
2048,16,128,128,563.906
2048,16,128,256,623.086
2048,16,128,512,751.704
2048,16,128,1024,1038.14
2048,16,128,2048,1676.81
2048,16,128,4096,4848.4
2048,16,128,8192,10198.4
2048,16,128,16384,21482.6
2048,32,0,0,183.009
2048,32,1,16,182.955
2048,32,1,32,182.112
2048,32,1,64,183.446
2048,32,1,128,183.871
2048,32,1,256,182.987
2048,32,1,512,184.214
2048,32,1,1024,186.891
2048,32,1,2048,189.59
2048,32,1,4096,235.317
2048,32,1,8192,321.047
2048,32,1,16384,486.444
2048,32,2,16,185.813
2048,32,2,32,184.512
2048,32,2,64,185.728
2048,32,2,128,185.611
2048,32,2,256,187.958
2048,32,2,512,189.526
2048,32,2,1024,191.254
2048,32,2,2048,200.405
2048,32,2,4096,250.774
2048,32,2,8192,345.92
2048,32,2,16384,509.719
2048,32,4,16,190.134
2048,32,4,32,190.273
2048,32,4,64,189.6
2048,32,4,128,191.051
2048,32,4,256,193.238
2048,32,4,512,196.821
2048,32,4,1024,206.155
2048,32,4,2048,220.971
2048,32,4,4096,282.987
2048,32,4,8192,402.102
2048,32,4,16384,592.054
2048,32,8,16,199.574
2048,32,8,32,200.427
2048,32,8,64,200.214
2048,32,8,128,204.491
2048,32,8,256,209.75
2048,32,8,512,215.51
2048,32,8,1024,229.483
2048,32,8,2048,261.696
2048,32,8,4096,347.734
2048,32,8,8192,516.567
2048,32,8,16384,837.377
2048,32,16,16,221.601
2048,32,16,32,220.46
2048,32,16,64,221.045
2048,32,16,128,228.598
2048,32,16,256,235.233
2048,32,16,512,250.017
2048,32,16,1024,276.757
2048,32,16,2048,338.156
2048,32,16,4096,482.017
2048,32,16,8192,765.602
2048,32,16,16384,1295.11
2048,32,32,16,261.889
2048,32,32,32,263.136
2048,32,32,64,264.139
2048,32,32,128,278.23
2048,32,32,256,292.406
2048,32,32,512,319.094
2048,32,32,1024,373.985
2048,32,32,2048,495.553
2048,32,32,4096,755.575
2048,32,32,8192,1321.87
2048,32,32,16384,2855.27
2048,32,64,16,343.585
2048,32,64,32,345.366
2048,32,64,64,346.262
2048,32,64,128,373.729
2048,32,64,256,401.911
2048,32,64,512,460.193
2048,32,64,1024,578.146
2048,32,64,2048,820.492
2048,32,64,4096,1555.4
2048,32,64,8192,3525.08
2048,32,64,16384,6998.43
2048,32,128,16,506.839
2048,32,128,32,507.149
2048,32,128,64,508.951
2048,32,128,128,562.786
2048,32,128,256,622.53
2048,32,128,512,751.757
2048,32,128,1024,1038.3
2048,32,128,2048,1675.9
2048,32,128,4096,4773.19
2048,32,128,8192,10227.2
2048,32,128,16384,21650.3
2048,64,0,0,182.774
2048,64,1,16,182.976
2048,64,1,32,182.39
2048,64,1,64,183.179
2048,64,1,128,183.008
2048,64,1,256,184.533
2048,64,1,512,185.451
2048,64,1,1024,186.731
2048,64,1,2048,189.365
2048,64,1,4096,233.867
2048,64,1,8192,321.568
2048,64,1,16384,485.675
2048,64,2,16,184.459
2048,64,2,32,185.174
2048,64,2,64,185.398
2048,64,2,128,186.422
2048,64,2,256,188.022
2048,64,2,512,191.702
2048,64,2,1024,192.331
2048,64,2,2048,199.755
2048,64,2,4096,250.976
2048,64,2,8192,345.846
2048,64,2,16384,513.558
2048,64,4,16,189.696
2048,64,4,32,190.955
2048,64,4,64,189.483
2048,64,4,128,192.246
2048,64,4,256,192.864
2048,64,4,512,196.235
2048,64,4,1024,203.926
2048,64,4,2048,219.648
2048,64,4,4096,283.488
2048,64,4,8192,401.12
2048,64,4,16384,591.628
2048,64,8,16,200.384
2048,64,8,32,201.419
2048,64,8,64,201.483
2048,64,8,128,205.441
2048,64,8,256,208.961
2048,64,8,512,216.32
2048,64,8,1024,229.686
2048,64,8,2048,262.582
2048,64,8,4096,348.225
2048,64,8,8192,515.467
2048,64,8,16384,839.053
2048,64,16,16,220.971
2048,64,16,32,221.164
2048,64,16,64,221.739
2048,64,16,128,229.377
2048,64,16,256,235.819
2048,64,16,512,249.248
2048,64,16,1024,277.718
2048,64,16,2048,339.447
2048,64,16,4096,484.439
2048,64,16,8192,766.189
2048,64,16,16384,1297.19
2048,64,32,16,263.328
2048,64,32,32,263.466
2048,64,32,64,264.513
2048,64,32,128,276.757
2048,64,32,256,292.214
2048,64,32,512,320.918
2048,64,32,1024,375.254
2048,64,32,2048,495.947
2048,64,32,4096,754.936
2048,64,32,8192,1320.56
2048,64,32,16384,2848.69
2048,64,64,16,345.441
2048,64,64,32,345.366
2048,64,64,64,345.324
2048,64,64,128,373.185
2048,64,64,256,402.209
2048,64,64,512,460.29
2048,64,64,1024,577.752
2048,64,64,2048,820.898
2048,64,64,4096,1556.5
2048,64,64,8192,3537.43
2048,64,64,16384,7048.28
2048,64,128,16,507.682
2048,64,128,32,506.775
2048,64,128,64,510.733
2048,64,128,128,563.692
2048,64,128,256,623.33
2048,64,128,512,752.291
2048,64,128,1024,1037.26
2048,64,128,2048,1681.63
2048,64,128,4096,4797.39
2048,64,128,8192,10123.9
2048,64,128,16384,21781.0
2048,128,0,0,189.344
2048,128,1,16,189.771
2048,128,1,32,189.589
2048,128,1,64,188.864
2048,128,1,128,189.76
2048,128,1,256,191.072
2048,128,1,512,191.926
2048,128,1,1024,194.262
2048,128,1,2048,196.246
2048,128,1,4096,241.792
2048,128,1,8192,330.283
2048,128,1,16384,493.078
2048,128,2,16,193.995
2048,128,2,32,191.872
2048,128,2,64,192.128
2048,128,2,128,194.389
2048,128,2,256,194.4
2048,128,2,512,197.601
2048,128,2,1024,201.376
2048,128,2,2048,207.147
2048,128,2,4096,258.272
2048,128,2,8192,355.756
2048,128,2,16384,521.952
2048,128,4,16,198.347
2048,128,4,32,198.849
2048,128,4,64,196.428
2048,128,4,128,198.827
2048,128,4,256,201.43
2048,128,4,512,203.702
2048,128,4,1024,210.528
2048,128,4,2048,226.411
2048,128,4,4096,291.937
2048,128,4,8192,409.196
2048,128,4,16384,604.012
2048,128,8,16,207.947
2048,128,8,32,208.641
2048,128,8,64,208.086
2048,128,8,128,210.997
2048,128,8,256,215.04
2048,128,8,512,222.667
2048,128,8,1024,235.553
2048,128,8,2048,266.358
2048,128,8,4096,356.94
2048,128,8,8192,525.847
2048,128,8,16384,843.875
2048,128,16,16,228.79
2048,128,16,32,228.448
2048,128,16,64,228.545
2048,128,16,128,235.947
2048,128,16,256,242.987
2048,128,16,512,257.216
2048,128,16,1024,287.329
2048,128,16,2048,344.779
2048,128,16,4096,489.494
2048,128,16,8192,774.54
2048,128,16,16384,1306.47
2048,128,32,16,271.051
2048,128,32,32,271.104
2048,128,32,64,270.252
2048,128,32,128,285.313
2048,128,32,256,300.044
2048,128,32,512,327.445
2048,128,32,1024,382.156
2048,128,32,2048,503.437
2048,128,32,4096,761.421
2048,128,32,8192,1329.08
2048,128,32,16384,2867.19
2048,128,64,16,351.372
2048,128,64,32,352.684
2048,128,64,64,353.025
2048,128,64,128,380.418
2048,128,64,256,408.982
2048,128,64,512,466.956
2048,128,64,1024,585.687
2048,128,64,2048,827.896
2048,128,64,4096,1547.93
2048,128,64,8192,3676.77
2048,128,64,16384,7095.21
2048,128,128,16,513.645
2048,128,128,32,514.498
2048,128,128,64,517.741
2048,128,128,128,570.178
2048,128,128,256,630.659
2048,128,128,512,759.16
2048,128,128,1024,1043.74
2048,128,128,2048,1695.52
2048,128,128,4096,4792.1
2048,128,128,8192,10186.6
2048,128,128,16384,21588.2
2048,256,0,0,206.188
2048,256,1,16,206.827
2048,256,1,32,205.152
2048,256,1,64,207.467
2048,256,1,128,206.518
2048,256,1,256,206.412
2048,256,1,512,208.961
2048,256,1,1024,209.909
2048,256,1,2048,213.526
2048,256,1,4096,256.683
2048,256,1,8192,345.441
2048,256,1,16384,508.834
2048,256,2,16,207.99
2048,256,2,32,208.587
2048,256,2,64,209.451
2048,256,2,128,209.973
2048,256,2,256,210.709
2048,256,2,512,212.417
2048,256,2,1024,216.459
2048,256,2,2048,221.153
2048,256,2,4096,274.188
2048,256,2,8192,370.349
2048,256,2,16384,537.57
2048,256,4,16,213.782
2048,256,4,32,214.272
2048,256,4,64,214.432
2048,256,4,128,215.778
2048,256,4,256,216.395
2048,256,4,512,219.072
2048,256,4,1024,227.318
2048,256,4,2048,241.047
2048,256,4,4096,305.334
2048,256,4,8192,426.071
2048,256,4,16384,626.582
2048,256,8,16,223.937
2048,256,8,32,224.054
2048,256,8,64,224.747
2048,256,8,128,228.587
2048,256,8,256,231.116
2048,256,8,512,239.393
2048,256,8,1024,253.537
2048,256,8,2048,282.945
2048,256,8,4096,370.231
2048,256,8,8192,541.335
2048,256,8,16384,862.669
2048,256,16,16,245.173
2048,256,16,32,246.634
2048,256,16,64,244.737
2048,256,16,128,252.065
2048,256,16,256,260.332
2048,256,16,512,273.387
2048,256,16,1024,299.894
2048,256,16,2048,358.827
2048,256,16,4096,503.202
2048,256,16,8192,788.46
2048,256,16,16384,1328.7
2048,256,32,16,286.177
2048,256,32,32,285.995
2048,256,32,64,287.372
2048,256,32,128,300.054
2048,256,32,256,314.721
2048,256,32,512,342.784
2048,256,32,1024,398.487
2048,256,32,2048,517.185
2048,256,32,4096,774.466
2048,256,32,8192,1359.95
2048,256,32,16384,2898.44
2048,256,64,16,367.371
2048,256,64,32,368.226
2048,256,64,64,368.832
2048,256,64,128,396.203
2048,256,64,256,424.833
2048,256,64,512,482.476
2048,256,64,1024,602.06
2048,256,64,2048,840.963
2048,256,64,4096,1548.48
2048,256,64,8192,3784.41
2048,256,64,16384,7612.88
2048,256,128,16,530.988
2048,256,128,32,531.842
2048,256,128,64,533.057
2048,256,128,128,586.839
2048,256,128,256,646.732
2048,256,128,512,773.848
2048,256,128,1024,1055.29
2048,256,128,2048,1702.98
2048,256,128,4096,5316.11
2048,256,128,8192,10548.0
2048,256,128,16384,21755.4
2048,512,0,0,234.614
2048,512,1,16,235.766
2048,512,1,32,236.768
2048,512,1,64,235.158
2048,512,1,128,237.164
2048,512,1,256,237.164
2048,512,1,512,237.708
2048,512,1,1024,239.595
2048,512,1,2048,242.571
2048,512,1,4096,281.877
2048,512,1,8192,370.87
2048,512,1,16384,538.486
2048,512,2,16,238.005
2048,512,2,32,239.382
2048,512,2,64,237.76
2048,512,2,128,239.008
2048,512,2,256,240.928
2048,512,2,512,241.516
2048,512,2,1024,246.582
2048,512,2,2048,252.064
2048,512,2,4096,297.921
2048,512,2,8192,399.062
2048,512,2,16384,567.253
2048,512,4,16,243.894
2048,512,4,32,243.392
2048,512,4,64,243.584
2048,512,4,128,245.345
2048,512,4,256,246.54
2048,512,4,512,250.731
2048,512,4,1024,257.845
2048,512,4,2048,271.019
2048,512,4,4096,331.084
2048,512,4,8192,451.403
2048,512,4,16384,673.313
2048,512,8,16,253.589
2048,512,8,32,252.918
2048,512,8,64,253.44
2048,512,8,128,258.315
2048,512,8,256,261.174
2048,512,8,512,267.798
2048,512,8,1024,282.934
2048,512,8,2048,308.694
2048,512,8,4096,397.057
2048,512,8,8192,568.279
2048,512,8,16384,887.938
2048,512,16,16,275.276
2048,512,16,32,274.39
2048,512,16,64,274.241
2048,512,16,128,281.835
2048,512,16,256,289.014
2048,512,16,512,303.819
2048,512,16,1024,330.496
2048,512,16,2048,386.166
2048,512,16,4096,529.74
2048,512,16,8192,816.749
2048,512,16,16384,1375.56
2048,512,32,16,316.396
2048,512,32,32,315.991
2048,512,32,64,316.726
2048,512,32,128,332.833
2048,512,32,256,345.921
2048,512,32,512,372.491
2048,512,32,1024,429.431
2048,512,32,2048,544.258
2048,512,32,4096,800.28
2048,512,32,8192,1393.67
2048,512,32,16384,2985.49
2048,512,64,16,399.095
2048,512,64,32,399.425
2048,512,64,64,399.916
2048,512,64,128,428.364
2048,512,64,256,456.908
2048,512,64,512,515.116
2048,512,64,1024,632.706
2048,512,64,2048,870.136
2048,512,64,4096,1539.15
2048,512,64,8192,3829.95
2048,512,64,16384,8181.24
2048,512,128,16,561.271
2048,512,128,32,562.733
2048,512,128,64,563.373
2048,512,128,128,618.306
2048,512,128,256,678.584
2048,512,128,512,805.315
2048,512,128,1024,1079.96
2048,512,128,2048,1727.42
2048,512,128,4096,5425.03
2048,512,128,8192,10469.9
2048,512,128,16384,21802.1
2048,1024,0,0,297.675
2048,1024,1,16,298.048
2048,1024,1,32,298.657
2048,1024,1,64,296.972
2048,1024,1,128,298.188
2048,1024,1,256,299.253
2048,1024,1,512,299.798
2048,1024,1,1024,300.726
2048,1024,1,2048,303.179
2048,1024,1,4096,334.241
2048,1024,1,8192,422.039
2048,1024,1,16384,594.977
2048,1024,2,16,299.936
2048,1024,2,32,301.09
2048,1024,2,64,299.787
2048,1024,2,128,300.907
2048,1024,2,256,300.16
2048,1024,2,512,302.432
2048,1024,2,1024,306.816
2048,1024,2,2048,314.336
2048,1024,2,4096,350.657
2048,1024,2,8192,451.989
2048,1024,2,16384,634.017
2048,1024,4,16,304.672
2048,1024,4,32,304.022
2048,1024,4,64,303.467
2048,1024,4,128,306.56
2048,1024,4,256,309.047
2048,1024,4,512,313.762
2048,1024,4,1024,321.719
2048,1024,4,2048,331.574
2048,1024,4,4096,385.227
2048,1024,4,8192,508.673
2048,1024,4,16384,743.681
2048,1024,8,16,313.867
2048,1024,8,32,314.304
2048,1024,8,64,315.265
2048,1024,8,128,319.553
2048,1024,8,256,322.347
2048,1024,8,512,330.466
2048,1024,8,1024,343.083
2048,1024,8,2048,371.211
2048,1024,8,4096,451.158
2048,1024,8,8192,628.898
2048,1024,8,16384,947.938
2048,1024,16,16,336.619
2048,1024,16,32,335.606
2048,1024,16,64,336.385
2048,1024,16,128,342.774
2048,1024,16,256,350.571
2048,1024,16,512,365.324
2048,1024,16,1024,392.769
2048,1024,16,2048,446.785
2048,1024,16,4096,585.741
2048,1024,16,8192,873.901
2048,1024,16,16384,1488.58
2048,1024,32,16,376.929
2048,1024,32,32,378.519
2048,1024,32,64,378.465
2048,1024,32,128,392.267
2048,1024,32,256,407.105
2048,1024,32,512,434.871
2048,1024,32,1024,492.993
2048,1024,32,2048,600.406
2048,1024,32,4096,857.508
2048,1024,32,8192,1427.8
2048,1024,32,16384,3497.71
2048,1024,64,16,460.546
2048,1024,64,32,460.396
2048,1024,64,64,462.294
2048,1024,64,128,488.865
2048,1024,64,256,519.138
2048,1024,64,512,578.819
2048,1024,64,1024,695.628
2048,1024,64,2048,926.894
2048,1024,64,4096,1605.0
2048,1024,64,8192,3956.01
2048,1024,64,16384,8762.93
2048,1024,128,16,624.471
2048,1024,128,32,625.389
2048,1024,128,64,626.456
2048,1024,128,128,681.176
2048,1024,128,256,742.317
2048,1024,128,512,866.873
2048,1024,128,1024,1139.17
2048,1024,128,2048,1785.11
2048,1024,128,4096,5600.34
2048,1024,128,8192,11000.7
2048,1024,128,16384,21845.1
2048,2048,0,0,421.174
2048,2048,1,16,420.833
2048,2048,1,32,420.684
2048,2048,1,64,421.515
2048,2048,1,128,422.326
2048,2048,1,256,421.462
2048,2048,1,512,424.909
2048,2048,1,1024,424.844
2048,2048,1,2048,427.052
2048,2048,1,4096,438.764
2048,2048,1,8192,528.812
2048,2048,1,16384,707.734
2048,2048,2,16,422.144
2048,2048,2,32,422.23
2048,2048,2,64,423.949
2048,2048,2,128,423.265
2048,2048,2,256,424.683
2048,2048,2,512,426.998
2048,2048,2,1024,430.368
2048,2048,2,2048,438.134
2048,2048,2,4096,456.226
2048,2048,2,8192,559.297
2048,2048,2,16384,756.587
2048,2048,4,16,428.353
2048,2048,4,32,427.35
2048,2048,4,64,427.105
2048,2048,4,128,428.982
2048,2048,4,256,430.39
2048,2048,4,512,433.996
2048,2048,4,1024,439.723
2048,2048,4,2048,455.925
2048,2048,4,4096,490.103
2048,2048,4,8192,619.415
2048,2048,4,16384,858.518
2048,2048,8,16,437.451
2048,2048,8,32,437.889
2048,2048,8,64,440.683
2048,2048,8,128,441.238
2048,2048,8,256,444.726
2048,2048,8,512,451.062
2048,2048,8,1024,465.292
2048,2048,8,2048,496.694
2048,2048,8,4096,558.732
2048,2048,8,8192,740.974
2048,2048,8,16384,1077.29
2048,2048,16,16,457.505
2048,2048,16,32,456.886
2048,2048,16,64,456.993
2048,2048,16,128,465.271
2048,2048,16,256,475.127
2048,2048,16,512,488.683
2048,2048,16,1024,515.874
2048,2048,16,2048,571.638
2048,2048,16,4096,697.344
2048,2048,16,8192,982.029
2048,2048,16,16384,1622.78
2048,2048,32,16,498.838
2048,2048,32,32,498.968
2048,2048,32,64,500.493
2048,2048,32,128,512.354
2048,2048,32,256,530.178
2048,2048,32,512,557.046
2048,2048,32,1024,615.681
2048,2048,32,2048,728.076
2048,2048,32,4096,969.294
2048,2048,32,8192,1517.24
2048,2048,32,16384,4482.98
2048,2048,64,16,582.316
2048,2048,64,32,583.777
2048,2048,64,64,583.714
2048,2048,64,128,612.097
2048,2048,64,256,641.815
2048,2048,64,512,699.778
2048,2048,64,1024,821.059
2048,2048,64,2048,1048.01
2048,2048,64,4096,1543.08
2048,2048,64,8192,5218.95
2048,2048,64,16384,10591.4
2048,2048,128,16,747.97
2048,2048,128,32,748.398
2048,2048,128,64,752.908
2048,2048,128,128,806.627
2048,2048,128,256,869.368
2048,2048,128,512,988.441
2048,2048,128,1024,1264.75
2048,2048,128,2048,1883.28
2048,2048,128,4096,5749.44
2048,2048,128,8192,11330.5
2048,2048,128,16384,22493.3
2048,4096,0,0,665.399
2048,4096,1,16,665.099
2048,4096,1,32,666.05
2048,4096,1,64,664.726
2048,4096,1,128,663.19
2048,4096,1,256,668.077
2048,4096,1,512,669.262
2048,4096,1,1024,670.402
2048,4096,1,2048,670.456
2048,4096,1,4096,673.827
2048,4096,1,8192,729.657
2048,4096,1,16384,910.436
2048,4096,2,16,668.952
2048,4096,2,32,667.597
2048,4096,2,64,669.496
2048,4096,2,128,669.656
2048,4096,2,256,669.826
2048,4096,2,512,672.556
2048,4096,2,1024,674.061
2048,4096,2,2048,679.288
2048,4096,2,4096,686.488
2048,4096,2,8192,765.816
2048,4096,2,16384,977.54
2048,4096,4,16,672.867
2048,4096,4,32,673.207
2048,4096,4,64,674.604
2048,4096,4,128,676.3
2048,4096,4,256,676.482
2048,4096,4,512,679.34
2048,4096,4,1024,685.612
2048,4096,4,2048,698.519
2048,4096,4,4096,733.688
2048,4096,4,8192,830.499
2048,4096,4,16384,1089.52
2048,4096,8,16,684.067
2048,4096,8,32,684.013
2048,4096,8,64,683.554
2048,4096,8,128,686.251
2048,4096,8,256,692.023
2048,4096,8,512,695.747
2048,4096,8,1024,708.312
2048,4096,8,2048,741.357
2048,4096,8,4096,790.104
2048,4096,8,8192,957.187
2048,4096,8,16384,1311.86
2048,4096,16,16,702.253
2048,4096,16,32,704.099
2048,4096,16,64,703.992
2048,4096,16,128,710.297
2048,4096,16,256,717.421
2048,4096,16,512,730.798
2048,4096,16,1024,759.128
2048,4096,16,2048,819.565
2048,4096,16,4096,932.612
2048,4096,16,8192,1204.0
2048,4096,16,16384,1863.9
2048,4096,32,16,741.518
2048,4096,32,32,742.403
2048,4096,32,64,742.659
2048,4096,32,128,756.099
2048,4096,32,256,772.238
2048,4096,32,512,800.452
2048,4096,32,1024,858.766
2048,4096,32,2048,974.926
2048,4096,32,4096,1196.8
2048,4096,32,8192,1733.53
2048,4096,32,16384,4941.15
2048,4096,64,16,823.491
2048,4096,64,32,824.568
2048,4096,64,64,825.103
2048,4096,64,128,854.265
2048,4096,64,256,884.514
2048,4096,64,512,943.769
2048,4096,64,1024,1059.99
2048,4096,64,2048,1292.76
2048,4096,64,4096,1843.03
2048,4096,64,8192,5400.18
2048,4096,64,16384,11027.3
2048,4096,128,16,994.382
2048,4096,128,32,993.251
2048,4096,128,64,997.54
2048,4096,128,128,1051.28
2048,4096,128,256,1113.7
2048,4096,128,512,1230.37
2048,4096,128,1024,1495.34
2048,4096,128,2048,2121.96
2048,4096,128,4096,5501.51
2048,4096,128,8192,11353.5
2048,4096,128,16384,22519.4
2048,8192,0,0,1152.27
2048,8192,1,16,1153.27
2048,8192,1,32,1153.76
2048,8192,1,64,1154.6
2048,8192,1,128,1153.6
2048,8192,1,256,1155.49
2048,8192,1,512,1159.12
2048,8192,1,1024,1158.28
2048,8192,1,2048,1158.68
2048,8192,1,4096,1157.75
2048,8192,1,8192,1163.85
2048,8192,1,16384,1303.64
2048,8192,2,16,1158.63
2048,8192,2,32,1156.32
2048,8192,2,64,1157.58
2048,8192,2,128,1156.55
2048,8192,2,256,1159.51
2048,8192,2,512,1161.22
2048,8192,2,1024,1163.18
2048,8192,2,2048,1164.85
2048,8192,2,4096,1169.87
2048,8192,2,8192,1177.39
2048,8192,2,16384,1424.83
2048,8192,4,16,1161.7
2048,8192,4,32,1163.71
2048,8192,4,64,1162.58
2048,8192,4,128,1161.52
2048,8192,4,256,1165.07
2048,8192,4,512,1168.62
2048,8192,4,1024,1171.93
2048,8192,4,2048,1183.18
2048,8192,4,4096,1203.1
2048,8192,4,8192,1307.43
2048,8192,4,16384,1489.26
2048,8192,8,16,1172.35
2048,8192,8,32,1172.46
2048,8192,8,64,1171.51
2048,8192,8,128,1175.73
2048,8192,8,256,1177.84
2048,8192,8,512,1184.29
2048,8192,8,1024,1195.42
2048,8192,8,2048,1219.98
2048,8192,8,4096,1277.16
2048,8192,8,8192,1366.04
2048,8192,8,16384,1730.02
2048,8192,16,16,1190.0
2048,8192,16,32,1191.67
2048,8192,16,64,1190.94
2048,8192,16,128,1199.08
2048,8192,16,256,1205.14
2048,8192,16,512,1217.53
2048,8192,16,1024,1242.85
2048,8192,16,2048,1299.05
2048,8192,16,4096,1423.2
2048,8192,16,8192,1674.43
2048,8192,16,16384,2233.21
2048,8192,32,16,1228.75
2048,8192,32,32,1227.4
2048,8192,32,64,1231.83
2048,8192,32,128,1242.7
2048,8192,32,256,1254.52
2048,8192,32,512,1281.16
2048,8192,32,1024,1343.67
2048,8192,32,2048,1459.89
2048,8192,32,4096,1684.52
2048,8192,32,8192,2148.39
2048,8192,32,16384,3298.21
2048,8192,64,16,1307.01
2048,8192,64,32,1307.87
2048,8192,64,64,1308.66
2048,8192,64,128,1335.95
2048,8192,64,256,1363.31
2048,8192,64,512,1424.35
2048,8192,64,1024,1548.31
2048,8192,64,2048,1792.7
2048,8192,64,4096,2350.73
2048,8192,64,8192,3872.05
2048,8192,64,16384,10893.8
2048,8192,128,16,1477.58
2048,8192,128,32,1476.42
2048,8192,128,64,1479.62
2048,8192,128,128,1537.51
2048,8192,128,256,1598.11
2048,8192,128,512,1718.14
2048,8192,128,1024,1966.83
2048,8192,128,2048,2559.43
2048,8192,128,4096,5731.31
2048,8192,128,8192,11217.3
2048,8192,128,16384,22574.9
2048,16384,0,0,2138.07
2048,16384,1,16,2138.6
2048,16384,1,32,2135.83
2048,16384,1,64,2139.73
2048,16384,1,128,2140.47
2048,16384,1,256,2140.37
2048,16384,1,512,2142.53
2048,16384,1,1024,2141.35
2048,16384,1,2048,2145.07
2048,16384,1,4096,2144.49
2048,16384,1,8192,2145.7
2048,16384,1,16384,2149.24
2048,16384,2,16,2140.17
2048,16384,2,32,2142.07
2048,16384,2,64,2137.64
2048,16384,2,128,2140.8
2048,16384,2,256,2142.53
2048,16384,2,512,2142.58
2048,16384,2,1024,2144.97
2048,16384,2,2048,2149.33
2048,16384,2,4096,2148.39
2048,16384,2,8192,2153.96
2048,16384,2,16384,2159.94
2048,16384,4,16,2144.01
2048,16384,4,32,2146.06
2048,16384,4,64,2147.1
2048,16384,4,128,2146.13
2048,16384,4,256,2147.24
2048,16384,4,512,2152.92
2048,16384,4,1024,2157.21
2048,16384,4,2048,2167.1
2048,16384,4,4096,2176.18
2048,16384,4,8192,2185.52
2048,16384,4,16384,2458.24
2048,16384,8,16,2156.09
2048,16384,8,32,2153.33
2048,16384,8,64,2157.42
2048,16384,8,128,2160.04
2048,16384,8,256,2161.44
2048,16384,8,512,2166.59
2048,16384,8,1024,2177.23
2048,16384,8,2048,2202.42
2048,16384,8,4096,2248.2
2048,16384,8,8192,2346.71
2048,16384,8,16384,2524.85
2048,16384,16,16,2176.62
2048,16384,16,32,2176.54
2048,16384,16,64,2175.13
2048,16384,16,128,2181.65
2048,16384,16,256,2184.66
2048,16384,16,512,2198.08
2048,16384,16,1024,2225.99
2048,16384,16,2048,2269.95
2048,16384,16,4096,2379.63
2048,16384,16,8192,2657.4
2048,16384,16,16384,3222.89
2048,16384,32,16,2211.08
2048,16384,32,32,2212.26
2048,16384,32,64,2210.38
2048,16384,32,128,2224.61
2048,16384,32,256,2233.95
2048,16384,32,512,2263.35
2048,16384,32,1024,2315.22
2048,16384,32,2048,2430.06
2048,16384,32,4096,2674.02
2048,16384,32,8192,3134.67
2048,16384,32,16384,4069.16
2048,16384,64,16,2285.06
2048,16384,64,32,2292.01
2048,16384,64,64,2289.94
2048,16384,64,128,2314.61
2048,16384,64,256,2340.19
2048,16384,64,512,2392.36
2048,16384,64,1024,2509.57
2048,16384,64,2048,2757.19
2048,16384,64,4096,3315.98
2048,16384,64,8192,5534.46
2048,16384,64,16384,10214.9
2048,16384,128,16,2445.46
2048,16384,128,32,2446.0
2048,16384,128,64,2447.32
2048,16384,128,128,2499.8
2048,16384,128,256,2560.03
2048,16384,128,512,2688.67
2048,16384,128,1024,2933.05
2048,16384,128,2048,3513.45
2048,16384,128,4096,6112.35
2048,16384,128,8192,11719.9
2048,16384,128,16384,22590.3
