prefill_chunk,kv_prefill,n_decode,kv_decode,time_us
0,0,1,16,12.1713
0,0,1,32,12.2993
0,0,1,64,12.363
0,0,1,128,17.5907
0,0,1,256,17.9747
0,0,1,512,19.6383
0,0,1,1024,23.607
0,0,1,2048,33.793
0,0,1,4096,48.7807
0,0,1,8192,79.8237
0,0,1,16384,136.295
0,0,2,16,18.0703
0,0,2,32,18.1237
0,0,2,64,18.4017
0,0,2,128,21.942
0,0,2,256,23.212
0,0,2,512,26.934
0,0,2,1024,36.4603
0,0,2,2048,51.7463
0,0,2,4096,81.4017
0,0,2,8192,136.85
0,0,2,16384,246.53
0,0,4,16,18.1447
0,0,4,32,18.4757
0,0,4,64,18.8703
0,0,4,128,22.8807
0,0,4,256,27.7347
0,0,4,512,35.2873
0,0,4,1024,50.7863
0,0,4,2048,79.2787
0,0,4,4096,134.225
0,0,4,8192,241.367
0,0,4,16384,460.439
0,0,8,16,18.8053
0,0,8,32,19.255
0,0,8,64,20.4063
0,0,8,128,29.0693
0,0,8,256,39.213
0,0,8,512,52.4923
0,0,8,1024,82.4467
0,0,8,2048,139.901
0,0,8,4096,250.444
0,0,8,8192,464.098
0,0,8,16384,914.416
0,0,16,16,24.4807
0,0,16,32,25.313
0,0,16,64,27.329
0,0,16,128,37.1753
0,0,16,256,53.9013
0,0,16,512,83.3323
0,0,16,1024,141.02
0,0,16,2048,256.045
0,0,16,4096,484.644
0,0,16,8192,913.134
0,0,16,16384,1815.76
0,0,32,16,34.829
0,0,32,32,35.4683
0,0,32,64,38.84
0,0,32,128,58.2107
0,0,32,256,92.4523
0,0,32,512,157.149
0,0,32,1024,277.432
0,0,32,2048,519.065
0,0,32,4096,1015.14
0,0,32,8192,2003.48
0,0,32,16384,4003.3
0,0,64,16,51.672
0,0,64,32,53.539
0,0,64,64,56.9517
0,0,64,128,91.1303
0,0,64,256,154.471
0,0,64,512,277.283
0,0,64,1024,511.961
0,0,64,2048,976.783
0,0,64,4096,1925.8
0,0,64,8192,3814.79
0,0,64,16384,7641.94
0,0,128,16,89.3913
0,0,128,32,90.5963
0,0,128,64,96.634
0,0,128,128,171.197
0,0,128,256,274.818
0,0,128,512,507
0,0,128,1024,970.499
0,0,128,2048,1889.72
0,0,128,4096,3734.21
0,0,128,8192,7446.46
0,0,128,16384,14872.2
0,0,256,16,163.826
0,0,256,32,167.058
0,0,256,64,183.357
0,0,256,128,313.987
0,0,256,256,520.206
0,0,256,512,987.383
0,0,256,1024,1899.46
0,0,256,2048,3740.1
0,0,256,4096,7394.59
0,0,256,8192,14733.4
0,0,256,16384,29385.1
16,0,0,0,12.6937
16,0,1,16,12.694
16,0,1,32,12.7683
16,0,1,64,12.6297
16,0,1,128,15.3177
16,0,1,256,18.9017
16,0,1,512,25.815
16,0,1,1024,40.1083
16,0,1,2048,68.9197
16,0,1,4096,126.48
16,0,1,8192,240.991
16,0,1,16384,471.55
16,0,2,16,18.0273
16,0,2,32,18.0377
16,0,2,64,18.23
16,0,2,128,21.9953
16,0,2,256,25.6543
16,0,2,512,32.6843
16,0,2,1024,46.8607
16,0,2,2048,75.0213
16,0,2,4096,130.768
16,0,2,8192,246.495
16,0,2,16384,478.932
16,0,4,16,18.252
16,0,4,32,18.3467
16,0,4,64,18.6033
16,0,4,128,24.2997
16,0,4,256,31.4787
16,0,4,512,46.519
16,0,4,1024,75.533
16,0,4,2048,134.577
16,0,4,4096,252.159
16,0,4,8192,489.184
16,0,4,16384,960.37
16,0,8,16,28.7903
16,0,8,32,29.1747
16,0,8,64,29.494
16,0,8,128,41.3027
16,0,8,256,55.8093
16,0,8,512,83.9923
16,0,8,1024,143.046
16,0,8,2048,259.764
16,0,8,4096,494.515
16,0,8,8192,996.617
16,0,8,16384,2027.3
16,0,16,16,44.728
16,0,16,32,45.3247
16,0,16,64,46.2307
16,0,16,128,68.056
16,0,16,256,93.2087
16,0,16,512,144.518
16,0,16,1024,254.762
16,0,16,2048,469.886
16,0,16,4096,1010.47
16,0,16,8192,2210.35
16,0,16,16384,4836.89
16,0,32,16,76.654
16,0,32,32,78.5527
16,0,32,64,80.2593
16,0,32,128,121.765
16,0,32,256,176.327
16,0,32,512,316.173
16,0,32,1024,591.469
16,0,32,2048,1309.64
16,0,32,4096,3050.05
16,0,32,8192,6458.83
16,0,32,16384,12934.2
16,0,64,16,140.742
16,0,64,32,144.891
16,0,64,64,151.067
16,0,64,128,240.489
16,0,64,256,439.004
16,0,64,512,904.237
16,0,64,1024,1766.9
16,0,64,2048,3571.52
16,0,64,4096,7156.05
16,0,64,8192,14426.2
16,0,64,16384,29043.3
16,0,128,16,273.45
16,0,128,32,279.798
16,0,128,64,289.569
16,0,128,128,524.255
16,0,128,256,959.813
16,0,128,512,1888.03
16,0,128,1024,3709.13
16,0,128,2048,7378.57
16,0,128,4096,14684.9
16,0,128,8192,29335.7
16,0,128,16384,58609
16,16,0,0,12.8753
16,16,1,16,12.886
16,16,1,32,12.9927
16,16,1,64,13.0673
16,16,1,128,15.297
16,16,1,256,18.9027
16,16,1,512,25.857
16,16,1,1024,40.204
16,16,1,2048,69.037
16,16,1,4096,126.395
16,16,1,8192,240.99
16,16,1,16384,471.206
16,16,2,16,18.369
16,16,2,32,18.5393
16,16,2,64,18.667
16,16,2,128,22.2727
16,16,2,256,25.8463
16,16,2,512,32.8647
16,16,2,1024,46.9777
16,16,2,2048,75.1707
16,16,2,4096,131.108
16,16,2,8192,246.644
16,16,2,16384,478.877
16,16,4,16,18.571
16,16,4,32,18.806
16,16,4,64,19.2327
16,16,4,128,24.278
16,16,4,256,31.6173
16,16,4,512,46.423
16,16,4,1024,75.2347
16,16,4,2048,134.863
16,16,4,4096,252.234
16,16,4,8192,489.072
16,16,4,16384,960.184
16,16,8,16,29.196
16,16,8,32,29.7717
16,16,8,64,30.3477
16,16,8,128,41.3133
16,16,8,256,55.65
16,16,8,512,84.2267
16,16,8,1024,142.427
16,16,8,2048,260.809
16,16,8,4096,496.646
16,16,8,8192,1003.21
16,16,8,16384,2034.78
16,16,16,16,44.9087
16,16,16,32,45.954
16,16,16,64,47.0953
16,16,16,128,67.8743
16,16,16,256,93.3153
16,16,16,512,144.794
16,16,16,1024,255.22
16,16,16,2048,474.374
16,16,16,4096,977.483
16,16,16,8192,2271.15
16,16,16,16384,4937.99
16,16,32,16,76.7067
16,16,32,32,78.723
16,16,32,64,80.611
16,16,32,128,121.466
16,16,32,256,176.7
16,16,32,512,315.019
16,16,32,1024,587.626
16,16,32,2048,1300.74
16,16,32,4096,3086.94
16,16,32,8192,6290.97
16,16,32,16384,13010.6
16,16,64,16,140.773
16,16,64,32,144.976
16,16,64,64,151.131
16,16,64,128,240.84
16,16,64,256,438.031
16,16,64,512,909.813
16,16,64,1024,1758.93
16,16,64,2048,3618.33
16,16,64,4096,7112.95
16,16,64,8192,14391.4
16,16,64,16384,29071.4
16,16,128,16,273.481
16,16,128,32,279.615
16,16,128,64,290.09
16,16,128,128,530.237
16,16,128,256,962.764
16,16,128,512,1888.68
16,16,128,1024,3708.94
16,16,128,2048,7377.14
16,16,128,4096,14681.8
16,16,128,8192,29337.3
16,16,128,16384,58612.7
16,32,0,0,13.078
16,32,1,16,12.971
16,32,1,32,13.099
16,32,1,64,13.1203
16,32,1,128,15.3603
16,32,1,256,18.8917
16,32,1,512,25.9423
16,32,1,1024,40.1083
16,32,1,2048,68.962
16,32,1,4096,126.415
16,32,1,8192,240.85
16,32,1,16384,471.14
16,32,2,16,18.4227
16,32,2,32,18.5927
16,32,2,64,18.7953
16,32,2,128,22.411
16,32,2,256,25.9313
16,32,2,512,32.9187
16,32,2,1024,47.255
16,32,2,2048,75.1383
16,32,2,4096,131.492
16,32,2,8192,246.718
16,32,2,16384,478.693
16,32,4,16,18.6353
16,32,4,32,18.9663
16,32,4,64,19.3073
16,32,4,128,24.2563
16,32,4,256,31.8087
16,32,4,512,46.2737
16,32,4,1024,75.5753
16,32,4,2048,134.916
16,32,4,4096,252.04
16,32,4,8192,489.147
16,32,4,16384,960.213
16,32,8,16,29.2057
16,32,8,32,29.6007
16,32,8,64,30.2087
16,32,8,128,41.3237
16,32,8,256,55.6073
16,32,8,512,84.088
16,32,8,1024,142.489
16,32,8,2048,260.211
16,32,8,4096,495.579
16,32,8,8192,1001.07
16,32,8,16384,2052.07
16,32,16,16,45.068
16,32,16,32,45.8783
16,32,16,64,47.0627
16,32,16,128,68.013
16,32,16,256,93.347
16,32,16,512,144.197
16,32,16,1024,254.834
16,32,16,2048,467.619
16,32,16,4096,1021.72
16,32,16,8192,2356.62
16,32,16,16384,4796.55
16,32,32,16,76.706
16,32,32,32,78.701
16,32,32,64,80.856
16,32,32,128,121.71
16,32,32,256,177.168
16,32,32,512,315.615
16,32,32,1024,588.797
16,32,32,2048,1327.32
16,32,32,4096,3056.23
16,32,32,8192,6348.52
16,32,32,16384,13095.3
16,32,64,16,141.007
16,32,64,32,145.189
16,32,64,64,150.789
16,32,64,128,241.244
16,32,64,256,438.542
16,32,64,512,910.578
16,32,64,1024,1770.36
16,32,64,2048,3600.08
16,32,64,4096,7137.95
16,32,64,8192,14456.6
16,32,64,16384,29056.9
16,32,128,16,273.437
16,32,128,32,279.88
16,32,128,64,290.046
16,32,128,128,534.267
16,32,128,256,963.177
16,32,128,512,1887.88
16,32,128,1024,3710.59
16,32,128,2048,7376.23
16,32,128,4096,14692.2
16,32,128,8192,29342.2
16,32,128,16384,58610.3
16,64,0,0,13.0883
16,64,1,16,13.0453
16,64,1,32,13.0997
16,64,1,64,13.1733
16,64,1,128,15.3283
16,64,1,256,18.827
16,64,1,512,25.91
16,64,1,1024,40.0653
16,64,1,2048,68.9413
16,64,1,4096,126.586
16,64,1,8192,240.946
16,64,1,16384,471.214
16,64,2,16,18.667
16,64,2,32,18.6887
16,64,2,64,18.923
16,64,2,128,22.5713
16,64,2,256,26.145
16,64,2,512,33.164
16,64,2,1024,47.1267
16,64,2,2048,75.33
16,64,2,4096,131.331
16,64,2,8192,246.589
16,64,2,16384,479.128
16,64,4,16,18.8267
16,64,4,32,19.0933
16,64,4,64,19.532
16,64,4,128,24.3637
16,64,4,256,31.6703
16,64,4,512,46.3907
16,64,4,1024,75.0633
16,64,4,2048,134.511
16,64,4,4096,252.082
16,64,4,8192,489.038
16,64,4,16384,960.518
16,64,8,16,29.3453
16,64,8,32,29.921
16,64,8,64,30.4433
16,64,8,128,41.2597
16,64,8,256,55.5963
16,64,8,512,84.312
16,64,8,1024,142.703
16,64,8,2048,260.007
16,64,8,4096,496.974
16,64,8,8192,994.77
16,64,8,16384,2061.3
16,64,16,16,45.1113
16,64,16,32,45.9967
16,64,16,64,47.126
16,64,16,128,67.9593
16,64,16,256,93.2187
16,64,16,512,144.345
16,64,16,1024,254.962
16,64,16,2048,468.674
16,64,16,4096,1011.7
16,64,16,8192,2302.27
16,64,16,16384,4795.91
16,64,32,16,76.8663
16,64,32,32,78.84
16,64,32,64,80.6207
16,64,32,128,121.838
16,64,32,256,176.197
16,64,32,512,315.134
16,64,32,1024,590.267
16,64,32,2048,1332.57
16,64,32,4096,3115.09
16,64,32,8192,6406.09
16,64,32,16384,12846.1
16,64,64,16,140.985
16,64,64,32,145.231
16,64,64,64,151.642
16,64,64,128,241.479
16,64,64,256,441.89
16,64,64,512,908.282
16,64,64,1024,1785.42
16,64,64,2048,3571.33
16,64,64,4096,7193.2
16,64,64,8192,14490.7
16,64,64,16384,29033.4
16,64,128,16,273.458
16,64,128,32,279.837
16,64,128,64,289.832
16,64,128,128,530.959
16,64,128,256,962.887
16,64,128,512,1887.6
16,64,128,1024,3714.07
16,64,128,2048,7377.01
16,64,128,4096,14691.4
16,64,128,8192,29344.4
16,64,128,16384,58623.3
16,128,0,0,16.534
16,128,1,16,15.4563
16,128,1,32,15.499
16,128,1,64,15.52
16,128,1,128,16.3523
16,128,1,256,18.955
16,128,1,512,25.9417
16,128,1,1024,40.1613
16,128,1,2048,69.0367
16,128,1,4096,126.542
16,128,1,8192,240.977
16,128,1,16384,471.529
16,128,2,16,22.1023
16,128,2,32,22.2403
16,128,2,64,22.5283
16,128,2,128,25.3663
16,128,2,256,29.59
16,128,2,512,36.6197
16,128,2,1024,50.668
16,128,2,2048,78.946
16,128,2,4096,135.139
16,128,2,8192,248.229
16,128,2,16384,480.319
16,128,4,16,23.5847
16,128,4,32,23.6577
16,128,4,64,23.5947
16,128,4,128,25.6313
16,128,4,256,31.7857
16,128,4,512,46.452
16,128,4,1024,75.3363
16,128,4,2048,134.32
16,128,4,4096,252.035
16,128,4,8192,490.002
16,128,4,16384,959.458
16,128,8,16,32.7033
16,128,8,32,33.087
16,128,8,64,33.717
16,128,8,128,43.0173
16,128,8,256,55.8387
16,128,8,512,84.0833
16,128,8,1024,142.759
16,128,8,2048,261.634
16,128,8,4096,496.454
16,128,8,8192,998.412
16,128,8,16384,2058.73
16,128,16,16,48.4253
16,128,16,32,49.332
16,128,16,64,50.2813
16,128,16,128,69.566
16,128,16,256,93.5113
16,128,16,512,144.07
16,128,16,1024,260.376
16,128,16,2048,486.407
16,128,16,4096,993.492
16,128,16,8192,2315.24
16,128,16,16384,4948.71
16,128,32,16,80.0183
16,128,32,32,81.7683
16,128,32,64,83.4747
16,128,32,128,123.932
16,128,32,256,179.323
16,128,32,512,312.322
16,128,32,1024,602.884
16,128,32,2048,1322.65
16,128,32,4096,3243.16
16,128,32,8192,6473.04
16,128,32,16384,12986.8
16,128,64,16,143.26
16,128,64,32,146.929
16,128,64,64,151.974
16,128,64,128,245.177
16,128,64,256,440.404
16,128,64,512,917.926
16,128,64,1024,1783.69
16,128,64,2048,3580.98
16,128,64,4096,7215.53
16,128,64,8192,14500.5
16,128,64,16384,29017.1
16,128,128,16,274.712
16,128,128,32,281.187
16,128,128,64,291.245
16,128,128,128,542.396
16,128,128,256,967.557
16,128,128,512,1893.25
16,128,128,1024,3712.56
16,128,128,2048,7378.67
16,128,128,4096,14700.1
16,128,128,8192,29341.3
16,128,128,16384,58604
16,256,0,0,19.9143
16,256,1,16,18.986
16,256,1,32,19.071
16,256,1,64,19.0613
16,256,1,128,19.0397
16,256,1,256,19.7967
16,256,1,512,25.9513
16,256,1,1024,40.2127
16,256,1,2048,69.0113
16,256,1,4096,126.557
16,256,1,8192,241.049
16,256,1,16384,471.733
16,256,2,16,25.6203
16,256,2,32,25.802
16,256,2,64,25.909
16,256,2,128,28.9797
16,256,2,256,32.6607
16,256,2,512,40.447
16,256,2,1024,54.3977
16,256,2,2048,82.5683
16,256,2,4096,138.492
16,256,2,8192,250.308
16,256,2,16384,482.43
16,256,4,16,30.644
16,256,4,32,30.6557
16,256,4,64,30.6447
16,256,4,128,30.9217
16,256,4,256,33.109
16,256,4,512,46.5157
16,256,4,1024,75.2837
16,256,4,2048,134.599
16,256,4,4096,252.569
16,256,4,8192,489.309
16,256,4,16384,959.42
16,256,8,16,36.351
16,256,8,32,36.8203
16,256,8,64,37.1723
16,256,8,128,46.6547
16,256,8,256,57.6937
16,256,8,512,84.5737
16,256,8,1024,142.631
16,256,8,2048,265.657
16,256,8,4096,501.437
16,256,8,8192,1018.64
16,256,8,16384,2059.5
16,256,16,16,52.286
16,256,16,32,53.1183
16,256,16,64,54.3557
16,256,16,128,73.2567
16,256,16,256,95.3787
16,256,16,512,144.636
16,256,16,1024,275.79
16,256,16,2048,500.563
16,256,16,4096,1058.14
16,256,16,8192,2386.52
16,256,16,16384,4824.07
16,256,32,16,83.9443
16,256,32,32,85.8113
16,256,32,64,87.7633
16,256,32,128,126.183
16,256,32,256,182.331
16,256,32,512,314.552
16,256,32,1024,621.808
16,256,32,2048,1383.84
16,256,32,4096,3020.96
16,256,32,8192,6216.56
16,256,32,16384,12865.9
16,256,64,16,147.281
16,256,64,32,150.791
16,256,64,64,155.356
16,256,64,128,246.095
16,256,64,256,447.722
16,256,64,512,918.644
16,256,64,1024,1799.72
16,256,64,2048,3599.8
16,256,64,4096,7163.84
16,256,64,8192,14448.7
16,256,64,16384,29085.3
16,256,128,16,276.047
16,256,128,32,282.842
16,256,128,64,293.028
16,256,128,128,540.062
16,256,128,256,969.076
16,256,128,512,1893.73
16,256,128,1024,3717.16
16,256,128,2048,7395.81
16,256,128,4096,14689.6
16,256,128,8192,29348.6
16,256,128,16384,58618.5
16,512,0,0,26.9537
16,512,1,16,26.0897
16,512,1,32,26.1007
16,512,1,64,26.1113
16,512,1,128,26.1327
16,512,1,256,26.0893
16,512,1,512,26.89
16,512,1,1024,40.298
16,512,1,2048,69.1823
16,512,1,4096,126.557
16,512,1,8192,241.158
16,512,1,16384,471.67
16,512,2,16,32.511
16,512,2,32,32.575
16,512,2,64,32.6503
16,512,2,128,36.159
16,512,2,256,39.967
16,512,2,512,47.263
16,512,2,1024,62.9747
16,512,2,2048,91.4643
16,512,2,4096,147.325
16,512,2,8192,257.925
16,512,2,16384,486.271
16,512,4,16,37.6737
16,512,4,32,37.802
16,512,4,64,38.0577
16,512,4,128,44.5003
16,512,4,256,45.2043
16,512,4,512,48.1907
16,512,4,1024,75.4647
16,512,4,2048,133.426
16,512,4,4096,253.541
16,512,4,8192,489.674
16,512,4,16384,962.57
16,512,8,16,43.4977
16,512,8,32,44.031
16,512,8,64,44.6707
16,512,8,128,53.6953
16,512,8,256,64.532
16,512,8,512,86.6007
16,512,8,1024,141.149
16,512,8,2048,268.304
16,512,8,4096,548.372
16,512,8,8192,1062.5
16,512,8,16384,2108.91
16,512,16,16,61.5457
16,512,16,32,61.9607
16,512,16,64,62.6657
16,512,16,128,80.7233
16,512,16,256,101.801
16,512,16,512,147.932
16,512,16,1024,255.663
16,512,16,2048,543.764
16,512,16,4096,1239.2
16,512,16,8192,2507.32
16,512,16,16384,5344.69
16,512,32,16,93.3527
16,512,32,32,94.7927
16,512,32,64,96.0293
16,512,32,128,134.984
16,512,32,256,188.604
16,512,32,512,322.244
16,512,32,1024,634.406
16,512,32,2048,1520
16,512,32,4096,3253.05
16,512,32,8192,6610.48
16,512,32,16384,13336.2
16,512,64,16,155.644
16,512,64,32,159.89
16,512,64,64,164.338
16,512,64,128,251.899
16,512,64,256,456.684
16,512,64,512,916.909
16,512,64,1024,1808.11
16,512,64,2048,3624.65
16,512,64,4096,7211.72
16,512,64,8192,14524.6
16,512,64,16384,29105.7
16,512,128,16,283.781
16,512,128,32,290.063
16,512,128,64,300.932
16,512,128,128,550.623
16,512,128,256,975.832
16,512,128,512,1903.9
16,512,128,1024,3725.3
16,512,128,2048,7387.6
16,512,128,4096,14709.2
16,512,128,8192,29366.6
16,512,128,16384,58620.6
16,1024,0,0,41.2467
16,1024,1,16,40.2443
16,1024,1,32,40.191
16,1024,1,64,40.373
16,1024,1,128,40.2233
16,1024,1,256,40.3613
16,1024,1,512,40.469
16,1024,1,1024,41.2043
16,1024,1,2048,69.2683
16,1024,1,4096,126.653
16,1024,1,8192,241.158
16,1024,1,16384,471.531
16,1024,2,16,46.4203
16,1024,2,32,46.495
16,1024,2,64,46.591
16,1024,2,128,49.951
16,1024,2,256,53.7477
16,1024,2,512,61.7163
16,1024,2,1024,77.012
16,1024,2,2048,109.257
16,1024,2,4096,168.562
16,1024,2,8192,286.437
16,1024,2,16384,506.913
16,1024,4,16,51.668
16,1024,4,32,51.5083
16,1024,4,64,52.0097
16,1024,4,128,58.7083
16,1024,4,256,65.4063
16,1024,4,512,74.0153
16,1024,4,1024,78.324
16,1024,4,2048,133.917
16,1024,4,4096,253.765
16,1024,4,8192,492.471
16,1024,4,16384,968.014
16,1024,8,16,57.3857
16,1024,8,32,57.9727
16,1024,8,64,58.6973
16,1024,8,128,68.4573
16,1024,8,256,78.964
16,1024,8,512,100.478
16,1024,8,1024,145.896
16,1024,8,2048,261.584
16,1024,8,4096,550.87
16,1024,8,8192,1118.16
16,1024,8,16384,2269.6
16,1024,16,16,78.1633
16,1024,16,32,78.6867
16,1024,16,64,79.935
16,1024,16,128,100.062
16,1024,16,256,116.936
16,1024,16,512,161.885
16,1024,16,1024,258.672
16,1024,16,2048,509.409
16,1024,16,4096,1278.12
16,1024,16,8192,2674.73
16,1024,16,16384,5498.85
16,1024,32,16,110.782
16,1024,32,32,112.137
16,1024,32,64,114.174
16,1024,32,128,154.237
16,1024,32,256,206.397
16,1024,32,512,341.977
16,1024,32,1024,587.413
16,1024,32,2048,1468.63
16,1024,32,4096,3338.89
16,1024,32,8192,6560.47
16,1024,32,16384,13411.9
16,1024,64,16,174.247
16,1024,64,32,178.397
16,1024,64,64,182.066
16,1024,64,128,271.333
16,1024,64,256,487.384
16,1024,64,512,941.113
16,1024,64,1024,1811.06
16,1024,64,2048,3618.3
16,1024,64,4096,7254.67
16,1024,64,8192,14523.3
16,1024,64,16384,29080.8
16,1024,128,16,302.992
16,1024,128,32,308.261
16,1024,128,64,319.13
16,1024,128,128,568.865
16,1024,128,256,993.669
16,1024,128,512,1916.03
16,1024,128,1024,3738.06
16,1024,128,2048,7405.93
16,1024,128,4096,14724.7
16,1024,128,8192,29376.4
16,1024,128,16384,58639.8
16,2048,0,0,69.919
16,2048,1,16,68.884
16,2048,1,32,68.788
16,2048,1,64,68.895
16,2048,1,128,68.8843
16,2048,1,256,68.959
16,2048,1,512,69.0337
16,2048,1,1024,69.1507
16,2048,1,2048,70.1207
16,2048,1,4096,126.74
16,2048,1,8192,241.179
16,2048,1,16384,472.055
16,2048,2,16,73.983
16,2048,2,32,74.0253
16,2048,2,64,74.4947
16,2048,2,128,77.705
16,2048,2,256,81.5983
16,2048,2,512,89.5877
16,2048,2,1024,105.641
16,2048,2,2048,136.563
16,2048,2,4096,197.436
16,2048,2,8192,315.472
16,2048,2,16384,556.834
16,2048,4,16,79.1773
16,2048,4,32,79.305
16,2048,4,64,79.9777
16,2048,4,128,86.42
16,2048,4,256,93.449
16,2048,4,512,107.902
16,2048,4,1024,130.174
16,2048,4,2048,137.385
16,2048,4,4096,253.671
16,2048,4,8192,492.035
16,2048,4,16384,967.696
16,2048,8,16,85.3
16,2048,8,32,85.684
16,2048,8,64,86.4943
16,2048,8,128,95.9557
16,2048,8,256,106.974
16,2048,8,512,129.363
16,2048,8,1024,173.693
16,2048,8,2048,262.46
16,2048,8,4096,517.964
16,2048,8,8192,1106.67
16,2048,8,16384,2320.81
16,2048,16,16,106.036
16,2048,16,32,106.921
16,2048,16,64,108.585
16,2048,16,128,130.6
16,2048,16,256,155.528
16,2048,16,512,197.159
16,2048,16,1024,287.344
16,2048,16,2048,473.048
16,2048,16,4096,1196.31
16,2048,16,8192,2696.35
16,2048,16,16384,5323.19
16,2048,32,16,143.4
16,2048,32,32,145.64
16,2048,32,64,146.995
16,2048,32,128,187.698
16,2048,32,256,246.961
16,2048,32,512,378.959
16,2048,32,1024,654.667
16,2048,32,2048,1415.39
16,2048,32,4096,3327.65
16,2048,32,8192,6673.18
16,2048,32,16384,13376.5
16,2048,64,16,210.631
16,2048,64,32,213.479
16,2048,64,64,217.042
16,2048,64,128,307.824
16,2048,64,256,544.813
16,2048,64,512,991.516
16,2048,64,1024,1850.6
16,2048,64,2048,3645.58
16,2048,64,4096,7278.51
16,2048,64,8192,14528.1
16,2048,64,16384,29109.1
16,2048,128,16,337.499
16,2048,128,32,345.126
16,2048,128,64,356.582
16,2048,128,128,618.37
16,2048,128,256,1048.23
16,2048,128,512,1958.19
16,2048,128,1024,3768.25
16,2048,128,2048,7438.15
16,2048,128,4096,14845.3
16,2048,128,8192,29405.1
16,2048,128,16384,58677.9
16,4096,0,0,127.422
16,4096,1,16,126.217
16,4096,1,32,126.249
16,4096,1,64,126.206
16,4096,1,128,126.366
16,4096,1,256,126.398
16,4096,1,512,126.441
16,4096,1,1024,126.43
16,4096,1,2048,126.718
16,4096,1,4096,127.635
16,4096,1,8192,241.373
16,4096,1,16384,472.09
16,4096,2,16,130.035
16,4096,2,32,130.153
16,4096,2,64,130.174
16,4096,2,128,133.129
16,4096,2,256,136.83
16,4096,2,512,144.67
16,4096,2,1024,160.371
16,4096,2,2048,195.026
16,4096,2,4096,253.65
16,4096,2,8192,375.461
16,4096,2,16384,614.913
16,4096,4,16,135.006
16,4096,4,32,134.323
16,4096,4,64,135.252
16,4096,4,128,141.246
16,4096,4,256,148.788
16,4096,4,512,163.56
16,4096,4,1024,193.863
16,4096,4,2048,243.068
16,4096,4,4096,256.263
16,4096,4,8192,488.654
16,4096,4,16384,968.871
16,4096,8,16,141.673
16,4096,8,32,141.193
16,4096,8,64,143.027
16,4096,8,128,151.688
16,4096,8,256,162.952
16,4096,8,512,184.541
16,4096,8,1024,232.594
16,4096,8,2048,318.769
16,4096,8,4096,497.755
16,4096,8,8192,1093.18
16,4096,8,16384,2272.74
16,4096,16,16,161.032
16,4096,16,32,162.175
16,4096,16,64,163.902
16,4096,16,128,186.909
16,4096,16,256,211.826
16,4096,16,512,277.491
16,4096,16,1024,390.117
16,4096,16,2048,537.902
16,4096,16,4096,1011.32
16,4096,16,8192,2619.76
16,4096,16,16384,5765.22
16,4096,32,16,202.835
16,4096,32,32,204.85
16,4096,32,64,206.12
16,4096,32,128,251.804
16,4096,32,256,311.9
16,4096,32,512,462.618
16,4096,32,1024,762.456
16,4096,32,2048,1505.88
16,4096,32,4096,3249.79
16,4096,32,8192,6620.24
16,4096,32,16384,13408.7
16,4096,64,16,277.01
16,4096,64,32,280.294
16,4096,64,64,283.324
16,4096,64,128,378.448
16,4096,64,256,642.616
16,4096,64,512,1100.12
16,4096,64,1024,1969.07
16,4096,64,2048,3717.02
16,4096,64,4096,7271.43
16,4096,64,8192,14558.9
16,4096,64,16384,29186.7
16,4096,128,16,410.384
16,4096,128,32,414.747
16,4096,128,64,432.368
16,4096,128,128,703.863
16,4096,128,256,1145.06
16,4096,128,512,2065.13
16,4096,128,1024,3858.54
16,4096,128,2048,7502.36
16,4096,128,4096,14802.5
16,4096,128,8192,29482.2
16,4096,128,16384,58760.9
16,8192,0,0,243.111
16,8192,1,16,242.013
16,8192,1,32,242.024
16,8192,1,64,242.098
16,8192,1,128,242.12
16,8192,1,256,242.344
16,8192,1,512,242.547
16,8192,1,1024,242.706
16,8192,1,2048,242.61
16,8192,1,4096,242.643
16,8192,1,8192,243.422
16,8192,1,16384,471.972
16,8192,2,16,245.384
16,8192,2,32,245.373
16,8192,2,64,245.276
16,8192,2,128,247.08
16,8192,2,256,249.181
16,8192,2,512,255.336
16,8192,2,1024,272.136
16,8192,2,2048,314.204
16,8192,2,4096,372.795
16,8192,2,8192,493.914
16,8192,2,16384,731.853
16,8192,4,16,245.031
16,8192,4,32,245.447
16,8192,4,64,245.737
16,8192,4,128,252.242
16,8192,4,256,259.325
16,8192,4,512,275.069
16,8192,4,1024,303.601
16,8192,4,2048,367.014
16,8192,4,4096,482.778
16,8192,4,8192,496.506
16,8192,4,16384,955.701
16,8192,8,16,253.415
16,8192,8,32,254.462
16,8192,8,64,254.216
16,8192,8,128,263.612
16,8192,8,256,274.354
16,8192,8,512,296.125
16,8192,8,1024,343.527
16,8192,8,2048,436.123
16,8192,8,4096,612.27
16,8192,8,8192,1016.89
16,8192,8,16384,2350.97
16,8192,16,16,272.466
16,8192,16,32,273.213
16,8192,16,64,274.792
16,8192,16,128,297.148
16,8192,16,256,322.278
16,8192,16,512,388.145
16,8192,16,1024,514.49
16,8192,16,2048,755.971
16,8192,16,4096,1199.41
16,8192,16,8192,2471.61
16,8192,16,16384,5355.27
16,8192,32,16,313.022
16,8192,32,32,314.599
16,8192,32,64,316.231
16,8192,32,128,365.852
16,8192,32,256,440.518
16,8192,32,512,585.136
16,8192,32,1024,932.547
16,8192,32,2048,1714.13
16,8192,32,4096,3424.93
16,8192,32,8192,6637.71
16,8192,32,16384,13554.6
16,8192,64,16,390.897
16,8192,64,32,395.803
16,8192,64,64,400.38
16,8192,64,128,526.928
16,8192,64,256,816.237
16,8192,64,512,1276.54
16,8192,64,1024,2163.09
16,8192,64,2048,3951.02
16,8192,64,4096,7450.34
16,8192,64,8192,14675.1
16,8192,64,16384,29283.2
16,8192,128,16,545.691
16,8192,128,32,554.949
16,8192,128,64,596.538
16,8192,128,128,875.97
16,8192,128,256,1326.88
16,8192,128,512,2272.65
16,8192,128,1024,4076
16,8192,128,2048,7688.08
16,8192,128,4096,14917.6
16,8192,128,8192,29596.9
16,8192,128,16384,58915.8
16,16384,0,0,476.336
16,16384,1,16,475.292
16,16384,1,32,475.172
16,16384,1,64,475.227
16,16384,1,128,475.068
16,16384,1,256,475.344
16,16384,1,512,475.312
16,16384,1,1024,476.102
16,16384,1,2048,475.718
16,16384,1,4096,475.889
16,16384,1,8192,475.91
16,16384,1,16384,476.699
16,16384,2,16,478.46
16,16384,2,32,478.437
16,16384,2,64,483.238
16,16384,2,128,484.422
16,16384,2,256,482.022
16,16384,2,512,485.744
16,16384,2,1024,493.19
16,16384,2,2048,553.693
16,16384,2,4096,613.349
16,16384,2,8192,731.489
16,16384,2,16384,974.94
16,16384,4,16,475.568
16,16384,4,32,475.483
16,16384,4,64,475.43
16,16384,4,128,476.539
16,16384,4,256,481.381
16,16384,4,512,495.792
16,16384,4,1024,527.525
16,16384,4,2048,602.457
16,16384,4,4096,716.653
16,16384,4,8192,949.622
16,16384,4,16384,978.388
16,16384,8,16,479.727
16,16384,8,32,478.481
16,16384,8,64,477.808
16,16384,8,128,486.854
16,16384,8,256,500.484
16,16384,8,512,520.454
16,16384,8,1024,567.771
16,16384,8,2048,667.845
16,16384,8,4096,852.846
16,16384,8,8192,1232.54
16,16384,8,16384,2064.89
16,16384,16,16,495.707
16,16384,16,32,495.207
16,16384,16,64,498.629
16,16384,16,128,520.422
16,16384,16,256,546.897
16,16384,16,512,610.65
16,16384,16,1024,737.442
16,16384,16,2048,1018.19
16,16384,16,4096,1706.91
16,16384,16,8192,2778.91
16,16384,16,16384,4728.32
16,16384,32,16,535.302
16,16384,32,32,535.526
16,16384,32,64,537.67
16,16384,32,128,586.63
16,16384,32,256,663.146
16,16384,32,512,826.382
16,16384,32,1024,1211.57
16,16384,32,2048,2049.59
16,16384,32,4096,3898.29
16,16384,32,8192,6771.83
16,16384,32,16384,13118.1
16,16384,64,16,615.642
16,16384,64,32,616.091
16,16384,64,64,623.674
16,16384,64,128,752.314
16,16384,64,256,1044.32
16,16384,64,512,1579.97
16,16384,64,1024,2535.08
16,16384,64,2048,4337.35
16,16384,64,4096,7894.7
16,16384,64,8192,14969.3
16,16384,64,16384,29451.3
16,16384,128,16,777.157
16,16384,128,32,791.493
16,16384,128,64,847.748
16,16384,128,128,1130.49
16,16384,128,256,1637.09
16,16384,128,512,2647.72
16,16384,128,1024,4486.48
16,16384,128,2048,8109.77
16,16384,128,4096,15298.2
16,16384,128,8192,29804.6
16,16384,128,16384,59176.2
32,0,0,0,12.821
32,0,1,16,12.9387
32,0,1,32,12.9913
32,0,1,64,13.0133
32,0,1,128,15.3597
32,0,1,256,18.9223
32,0,1,512,26.0053
32,0,1,1024,40.2133
32,0,1,2048,69.2367
32,0,1,4096,126.815
32,0,1,8192,241.513
32,0,1,16384,472.508
32,0,2,16,18.3253
32,0,2,32,18.4213
32,0,2,64,18.5597
32,0,2,128,22.4217
32,0,2,256,25.9407
32,0,2,512,32.8637
32,0,2,1024,47.146
32,0,2,2048,75.0827
32,0,2,4096,131.519
32,0,2,8192,246.9
32,0,2,16384,479.324
32,0,4,16,18.4533
32,0,4,32,18.5387
32,0,4,64,18.8373
32,0,4,128,24.3937
32,0,4,256,31.743
32,0,4,512,46.24
32,0,4,1024,75.818
32,0,4,2048,135.583
32,0,4,4096,253.235
32,0,4,8192,489.618
32,0,4,16384,960.563
32,0,8,16,29.056
32,0,8,32,29.3753
32,0,8,64,29.888
32,0,8,128,41.269
32,0,8,256,55.7117
32,0,8,512,84.7667
32,0,8,1024,143.86
32,0,8,2048,261.203
32,0,8,4096,496.914
32,0,8,8192,994.382
32,0,8,16384,2024.13
32,0,16,16,44.9487
32,0,16,32,45.7277
32,0,16,64,46.4
32,0,16,128,67.7863
32,0,16,256,93.0023
32,0,16,512,145.332
32,0,16,1024,257.897
32,0,16,2048,473.116
32,0,16,4096,1018.87
32,0,16,8192,2263.22
32,0,16,16384,4719.88
32,0,32,16,76.885
32,0,32,32,78.8477
32,0,32,64,80.6503
32,0,32,128,122.058
32,0,32,256,174.399
32,0,32,512,316.818
32,0,32,1024,590.535
32,0,32,2048,1267.8
32,0,32,4096,3103.19
32,0,32,8192,6372.66
32,0,32,16384,12920.6
32,0,64,16,141.364
32,0,64,32,145.716
32,0,64,64,150.634
32,0,64,128,240.809
32,0,64,256,435.997
32,0,64,512,913.125
32,0,64,1024,1759.54
32,0,64,2048,3605.52
32,0,64,4096,7176.37
32,0,64,8192,14427.9
32,0,64,16384,29065
32,0,128,16,273.684
32,0,128,32,280.361
32,0,128,64,290.099
32,0,128,128,532.765
32,0,128,256,963.269
32,0,128,512,1889.96
32,0,128,1024,3712.2
32,0,128,2048,7377.77
32,0,128,4096,14688.9
32,0,128,8192,29350.3
32,0,128,16384,58612.1
32,16,0,0,12.9707
32,16,1,16,12.949
32,16,1,32,13.088
32,16,1,64,13.29
32,16,1,128,15.36
32,16,1,256,18.912
32,16,1,512,25.8773
32,16,1,1024,40.1813
32,16,1,2048,69.0447
32,16,1,4096,126.911
32,16,1,8192,241.545
32,16,1,16384,472.541
32,16,2,16,18.5383
32,16,2,32,18.8367
32,16,2,64,18.8587
32,16,2,128,22.5277
32,16,2,256,26.0267
32,16,2,512,33.333
32,16,2,1024,47.061
32,16,2,2048,75.285
32,16,2,4096,131.551
32,16,2,8192,246.953
32,16,2,16384,479.314
32,16,4,16,18.6023
32,16,4,32,18.8907
32,16,4,64,19.2213
32,16,4,128,24.2667
32,16,4,256,31.605
32,16,4,512,46.1763
32,16,4,1024,75.967
32,16,4,2048,135.22
32,16,4,4096,252.991
32,16,4,8192,489.575
32,16,4,16384,960.403
32,16,8,16,29.2047
32,16,8,32,29.802
32,16,8,64,30.3037
32,16,8,128,41.1197
32,16,8,256,55.5943
32,16,8,512,84.1267
32,16,8,1024,143.306
32,16,8,2048,261.118
32,16,8,4096,496.648
32,16,8,8192,1013.15
32,16,8,16384,2028.52
32,16,16,16,44.98
32,16,16,32,45.9303
32,16,16,64,47.0177
32,16,16,128,67.7547
32,16,16,256,93.109
32,16,16,512,145.354
32,16,16,1024,258.421
32,16,16,2048,474.781
32,16,16,4096,991.984
32,16,16,8192,2313.16
32,16,16,16384,4878.81
32,16,32,16,76.8527
32,16,32,32,78.8263
32,16,32,64,80.7887
32,16,32,128,121.973
32,16,32,256,174.122
32,16,32,512,315.572
32,16,32,1024,585.511
32,16,32,2048,1313.17
32,16,32,4096,3040.31
32,16,32,8192,6377.02
32,16,32,16384,12937.9
32,16,64,16,141.503
32,16,64,32,145.867
32,16,64,64,150.826
32,16,64,128,240.618
32,16,64,256,436.97
32,16,64,512,907.335
32,16,64,1024,1770.89
32,16,64,2048,3612.31
32,16,64,4096,7146.55
32,16,64,8192,14525
32,16,64,16384,29067.7
32,16,128,16,273.78
32,16,128,32,280.254
32,16,128,64,290.676
32,16,128,128,536.584
32,16,128,256,964.507
32,16,128,512,1889.52
32,16,128,1024,3713.27
32,16,128,2048,7375.28
32,16,128,4096,14684.1
32,16,128,8192,29345.7
32,16,128,16384,58608.5
32,32,0,0,13.0667
32,32,1,16,13.0133
32,32,1,32,13.0663
32,32,1,64,13.2693
32,32,1,128,15.3813
32,32,1,256,18.8587
32,32,1,512,25.984
32,32,1,1024,40.1813
32,32,1,2048,69.1623
32,32,1,4096,126.836
32,32,1,8192,241.502
32,32,1,16384,472.708
32,32,2,16,18.5597
32,32,2,32,18.7087
32,32,2,64,18.901
32,32,2,128,22.421
32,32,2,256,25.952
32,32,2,512,33.205
32,32,2,1024,47.2637
32,32,2,2048,75.3483
32,32,2,4096,131.274
32,32,2,8192,246.9
32,32,2,16384,478.899
32,32,4,16,18.5387
32,32,4,32,18.8903
32,32,4,64,19.392
32,32,4,128,24.224
32,32,4,256,31.531
32,32,4,512,46.2713
32,32,4,1024,76.0847
32,32,4,2048,135.36
32,32,4,4096,252.522
32,32,4,8192,489.278
32,32,4,16384,962.172
32,32,8,16,29.2157
32,32,8,32,29.8453
32,32,8,64,30.2187
32,32,8,128,41.162
32,32,8,256,55.4337
32,32,8,512,84.5647
32,32,8,1024,143.583
32,32,8,2048,261.258
32,32,8,4096,498.014
32,32,8,8192,987.356
32,32,8,16384,2005.76
32,32,16,16,45.045
32,32,16,32,46.0477
32,32,16,64,46.9547
32,32,16,128,67.829
32,32,16,256,93.013
32,32,16,512,145.291
32,32,16,1024,257.727
32,32,16,2048,472.841
32,32,16,4096,1035.21
32,32,16,8192,2235.03
32,32,16,16384,4780.01
32,32,32,16,76.8953
32,32,32,32,78.7303
32,32,32,64,81.0347
32,32,32,128,122.133
32,32,32,256,174.293
32,32,32,512,315.583
32,32,32,1024,585.696
32,32,32,2048,1323.98
32,32,32,4096,3037.9
32,32,32,8192,6414.98
32,32,32,16384,12758.2
32,32,64,16,141.483
32,32,64,32,145.631
32,32,64,64,151.103
32,32,64,128,240.17
32,32,64,256,436.958
32,32,64,512,915.869
32,32,64,1024,1772.46
32,32,64,2048,3587.22
32,32,64,4096,7158.3
32,32,64,8192,14500.3
32,32,64,16384,29049
32,32,128,16,274.004
32,32,128,32,280.351
32,32,128,64,290.569
32,32,128,128,529.396
32,32,128,256,962.205
32,32,128,512,1890.36
32,32,128,1024,3716.62
32,32,128,2048,7379.78
32,32,128,4096,14689.7
32,32,128,8192,29338.4
32,32,128,16384,58599.5
32,64,0,0,13.1307
32,64,1,16,13.0667
32,64,1,32,13.1947
32,64,1,64,13.2907
32,64,1,128,15.4027
32,64,1,256,18.9653
32,64,1,512,25.952
32,64,1,1024,40.2453
32,64,1,2048,69.0663
32,64,1,4096,126.773
32,64,1,8192,241.503
32,64,1,16384,472.457
32,64,2,16,18.752
32,64,2,32,19.04
32,64,2,64,19.1253
32,64,2,128,22.7947
32,64,2,256,26.2293
32,64,2,512,33.312
32,64,2,1024,47.2107
32,64,2,2048,75.136
32,64,2,4096,131.306
32,64,2,8192,247.05
32,64,2,16384,479.327
32,64,4,16,18.9117
32,64,4,32,19.0827
32,64,4,64,19.4347
32,64,4,128,24.2133
32,64,4,256,31.7337
32,64,4,512,46.1647
32,64,4,1024,75.9993
32,64,4,2048,134.527
32,64,4,4096,252.724
32,64,4,8192,488.022
32,64,4,16384,958.77
32,64,8,16,29.4187
32,64,8,32,29.962
32,64,8,64,30.464
32,64,8,128,41.312
32,64,8,256,55.691
32,64,8,512,84.608
32,64,8,1024,143.605
32,64,8,2048,261.077
32,64,8,4096,501.012
32,64,8,8192,984.628
32,64,8,16384,2039.13
32,64,16,16,45.2157
32,64,16,32,46.293
32,64,16,64,47.1257
32,64,16,128,67.936
32,64,16,256,93.3333
32,64,16,512,145.535
32,64,16,1024,257.877
32,64,16,2048,472.329
32,64,16,4096,1005.5
32,64,16,8192,2332.14
32,64,16,16384,4668.09
32,64,32,16,77.0447
32,64,32,32,79.0077
32,64,32,64,80.8957
32,64,32,128,122.155
32,64,32,256,174.581
32,64,32,512,315.252
32,64,32,1024,593.15
32,64,32,2048,1330.88
32,64,32,4096,3206.52
32,64,32,8192,6496.68
32,64,32,16384,13002.7
32,64,64,16,141.642
32,64,64,32,145.792
32,64,64,64,150.955
32,64,64,128,240.842
32,64,64,256,434.612
32,64,64,512,902.761
32,64,64,1024,1773.28
32,64,64,2048,3575.24
32,64,64,4096,7198.92
32,64,64,8192,14520
32,64,64,16384,29078.8
32,64,128,16,273.834
32,64,128,32,280.256
32,64,128,64,290.57
32,64,128,128,539.072
32,64,128,256,963.658
32,64,128,512,1891.14
32,64,128,1024,3715.05
32,64,128,2048,7384.35
32,64,128,4096,14695.2
32,64,128,8192,29353.6
32,64,128,16384,58602.3
32,128,0,0,16.587
32,128,1,16,15.7437
32,128,1,32,15.7653
32,128,1,64,15.808
32,128,1,128,16.4477
32,128,1,256,18.9653
32,128,1,512,26.0477
32,128,1,1024,40.2137
32,128,1,2048,69.1957
32,128,1,4096,126.709
32,128,1,8192,241.546
32,128,1,16384,472.565
32,128,2,16,22.2503
32,128,2,32,22.4427
32,128,2,64,22.6883
32,128,2,128,25.632
32,128,2,256,29.8133
32,128,2,512,36.8427
32,128,2,1024,51.6473
32,128,2,2048,78.976
32,128,2,4096,134.847
32,128,2,8192,248.576
32,128,2,16384,480.948
32,128,4,16,23.9137
32,128,4,32,23.9787
32,128,4,64,23.8613
32,128,4,128,25.6743
32,128,4,256,31.5093
32,128,4,512,46.229
32,128,4,1024,75.445
32,128,4,2048,134.655
32,128,4,4096,252.085
32,128,4,8192,488.799
32,128,4,16384,959.028
32,128,8,16,32.7683
32,128,8,32,33.344
32,128,8,64,33.76
32,128,8,128,42.9013
32,128,8,256,55.9787
32,128,8,512,84.3843
32,128,8,1024,143.072
32,128,8,2048,262.196
32,128,8,4096,498.185
32,128,8,8192,1000.38
32,128,8,16384,2045.48
32,128,16,16,48.5867
32,128,16,32,49.3333
32,128,16,64,50.2933
32,128,16,128,69.4507
32,128,16,256,93.7487
32,128,16,512,145.237
32,128,16,1024,265.119
32,128,16,2048,489.994
32,128,16,4096,1029.62
32,128,16,8192,2352.83
32,128,16,16384,4822.08
32,128,32,16,80.2453
32,128,32,32,82.144
32,128,32,64,83.947
32,128,32,128,123.531
32,128,32,256,176.608
32,128,32,512,311.36
32,128,32,1024,609.716
32,128,32,2048,1329.55
32,128,32,4096,3138.28
32,128,32,8192,6345.14
32,128,32,16384,12691.8
32,128,64,16,144.31
32,128,64,32,147.914
32,128,64,64,151.69
32,128,64,128,242.496
32,128,64,256,445.066
32,128,64,512,919.733
32,128,64,1024,1778.3
32,128,64,2048,3588.44
32,128,64,4096,7194.8
32,128,64,8192,14564.4
32,128,64,16384,29052.5
32,128,128,16,274.677
32,128,128,32,282.006
32,128,128,64,291.616
32,128,128,128,532.512
32,128,128,256,968.385
32,128,128,512,1891.58
32,128,128,1024,3715.06
32,128,128,2048,7381.79
32,128,128,4096,14699.1
32,128,128,8192,29343.1
32,128,128,16384,58626.1
32,256,0,0,20.1067
32,256,1,16,19.253
32,256,1,32,19.4343
32,256,1,64,19.3703
32,256,1,128,19.488
32,256,1,256,19.947
32,256,1,512,26.0803
32,256,1,1024,40.32
32,256,1,2048,69.3337
32,256,1,4096,126.934
32,256,1,8192,241.695
32,256,1,16384,472.587
32,256,2,16,25.984
32,256,2,32,26.0267
32,256,2,64,26.261
32,256,2,128,29.4713
32,256,2,256,32.9707
32,256,2,512,40.7143
32,256,2,1024,54.7197
32,256,2,2048,82.592
32,256,2,4096,138.805
32,256,2,8192,250.591
32,256,2,16384,482.346
32,256,4,16,30.8373
32,256,4,32,31.0397
32,256,4,64,30.8907
32,256,4,128,31.36
32,256,4,256,33.2903
32,256,4,512,46.4213
32,256,4,1024,75.595
32,256,4,2048,134.784
32,256,4,4096,252.534
32,256,4,8192,488.255
32,256,4,16384,958.996
32,256,8,16,36.5867
32,256,8,32,36.9383
32,256,8,64,37.3653
32,256,8,128,46.4533
32,256,8,256,57.5997
32,256,8,512,84.7253
32,256,8,1024,143.403
32,256,8,2048,267.211
32,256,8,4096,507.072
32,256,8,8192,1015.66
32,256,8,16384,2050.27
32,256,16,16,52.3737
32,256,16,32,53.3867
32,256,16,64,54.411
32,256,16,128,73.0773
32,256,16,256,95.4453
32,256,16,512,146.347
32,256,16,1024,277.611
32,256,16,2048,511.209
32,256,16,4096,1083.07
32,256,16,8192,2282.62
32,256,16,16384,4971.73
32,256,32,16,84.288
32,256,32,32,86.112
32,256,32,64,88.032
32,256,32,128,126.219
32,256,32,256,180.288
32,256,32,512,312.96
32,256,32,1024,619.286
32,256,32,2048,1431.57
32,256,32,4096,3025.95
32,256,32,8192,6361.72
32,256,32,16384,12960.6
32,256,64,16,147.989
32,256,64,32,151.691
32,256,64,64,155.2
32,256,64,128,244.672
32,256,64,256,449.696
32,256,64,512,915.52
32,256,64,1024,1800.9
32,256,64,2048,3607.32
32,256,64,4096,7182.29
32,256,64,8192,14527.7
32,256,64,16384,29091.7
32,256,128,16,276.224
32,256,128,32,283.04
32,256,128,64,293.536
32,256,128,128,542.635
32,256,128,256,972.417
32,256,128,512,1896.03
32,256,128,1024,3720.66
32,256,128,2048,7389.27
32,256,128,4096,14698.1
32,256,128,8192,29363.6
32,256,128,16384,58623.3
32,512,0,0,27.1363
32,512,1,16,26.3573
32,512,1,32,26.3787
32,512,1,64,26.4
32,512,1,128,26.464
32,512,1,256,26.7627
32,512,1,512,27.04
32,512,1,1024,40.416
32,512,1,2048,69.3017
32,512,1,4096,126.901
32,512,1,8192,241.76
32,512,1,16384,472.608
32,512,2,16,32.608
32,512,2,32,33.2693
32,512,2,64,32.9493
32,512,2,128,36.2773
32,512,2,256,40.0207
32,512,2,512,47.4983
32,512,2,1024,63.9783
32,512,2,2048,91.9253
32,512,2,4096,148.075
32,512,2,8192,259.595
32,512,2,16384,486.592
32,512,4,16,37.7707
32,512,4,32,37.952
32,512,4,64,38.1233
32,512,4,128,44.4903
32,512,4,256,45.643
32,512,4,512,48.512
32,512,4,1024,76.0217
32,512,4,2048,134.144
32,512,4,4096,253.643
32,512,4,8192,491.029
32,512,4,16384,961.26
32,512,8,16,43.6693
32,512,8,32,44.1813
32,512,8,64,44.6507
32,512,8,128,53.813
32,512,8,256,64.5333
32,512,8,512,86.9863
32,512,8,1024,141.973
32,512,8,2048,267.723
32,512,8,4096,553.472
32,512,8,8192,1086.83
32,512,8,16384,2141.91
32,512,16,16,61.9203
32,512,16,32,62.3043
32,512,16,64,62.9757
32,512,16,128,80.5657
32,512,16,256,102.475
32,512,16,512,150.027
32,512,16,1024,258.251
32,512,16,2048,535.691
32,512,16,4096,1212.58
32,512,16,8192,2620.09
32,512,16,16384,5348.59
32,512,32,16,93.9097
32,512,32,32,95.4883
32,512,32,64,96.5547
32,512,32,128,134.528
32,512,32,256,185.333
32,512,32,512,319.659
32,512,32,1024,621.43
32,512,32,2048,1536.79
32,512,32,4096,3337.94
32,512,32,8192,6540.89
32,512,32,16384,13366.9
32,512,64,16,156.843
32,512,64,32,160.513
32,512,64,64,164.043
32,512,64,128,250.528
32,512,64,256,457.314
32,512,64,512,915.532
32,512,64,1024,1805.21
32,512,64,2048,3630.85
32,512,64,4096,7215.74
32,512,64,8192,14529.5
32,512,64,16384,29112.8
32,512,128,16,284.726
32,512,128,32,290.88
32,512,128,64,301.057
32,512,128,128,544.8
32,512,128,256,977.891
32,512,128,512,1904.86
32,512,128,1024,3727.29
32,512,128,2048,7396.58
32,512,128,4096,14704.9
32,512,128,8192,29350.5
32,512,128,16384,58631.6
32,1024,0,0,41.4187
32,1024,1,16,40.5653
32,1024,1,32,40.6613
32,1024,1,64,40.651
32,1024,1,128,40.7147
32,1024,1,256,40.939
32,1024,1,512,41.1413
32,1024,1,1024,41.5247
32,1024,1,2048,69.4187
32,1024,1,4096,126.977
32,1024,1,8192,241.792
32,1024,1,16384,472.609
32,1024,2,16,46.6133
32,1024,2,32,46.688
32,1024,2,64,46.784
32,1024,2,128,50.2083
32,1024,2,256,53.9413
32,1024,2,512,61.568
32,1024,2,1024,77.429
32,1024,2,2048,109.525
32,1024,2,4096,167.648
32,1024,2,8192,287.2
32,1024,2,16384,520.886
32,1024,4,16,51.5093
32,1024,4,32,51.7757
32,1024,4,64,52.288
32,1024,4,128,58.3147
32,1024,4,256,65.8243
32,1024,4,512,75.0933
32,1024,4,1024,78.741
32,1024,4,2048,134.507
32,1024,4,4096,254.219
32,1024,4,8192,492.823
32,1024,4,16384,968.023
32,1024,8,16,57.7603
32,1024,8,32,58.2727
32,1024,8,64,58.7307
32,1024,8,128,67.936
32,1024,8,256,78.8907
32,1024,8,512,101.173
32,1024,8,1024,147.061
32,1024,8,2048,262.304
32,1024,8,4096,537.571
32,1024,8,8192,1107.85
32,1024,8,16384,2342.68
32,1024,16,16,78.3147
32,1024,16,32,79.2743
32,1024,16,64,80.298
32,1024,16,128,100.417
32,1024,16,256,117.28
32,1024,16,512,164.917
32,1024,16,1024,261.451
32,1024,16,2048,509.427
32,1024,16,4096,1221.21
32,1024,16,8192,2559.2
32,1024,16,16384,5477.05
32,1024,32,16,110.891
32,1024,32,32,112.214
32,1024,32,64,114.283
32,1024,32,128,154.613
32,1024,32,256,204.502
32,1024,32,512,341.099
32,1024,32,1024,586.604
32,1024,32,2048,1480.3
32,1024,32,4096,3304.46
32,1024,32,8192,6540.28
32,1024,32,16384,13428.2
32,1024,64,16,175.094
32,1024,64,32,178.742
32,1024,64,64,182.571
32,1024,64,128,270.006
32,1024,64,256,488.982
32,1024,64,512,937.229
32,1024,64,1024,1814.83
32,1024,64,2048,3640.29
32,1024,64,4096,7251.19
32,1024,64,8192,14517.9
32,1024,64,16384,29123.8
32,1024,128,16,303.435
32,1024,128,32,309.623
32,1024,128,64,319.884
32,1024,128,128,573.516
32,1024,128,256,998.307
32,1024,128,512,1919.05
32,1024,128,1024,3740.06
32,1024,128,2048,7415.6
32,1024,128,4096,14727.2
32,1024,128,8192,29388
32,1024,128,16384,58640.6
32,2048,0,0,70.1443
32,2048,1,16,69.2587
32,2048,1,32,69.1523
32,2048,1,64,69.249
32,2048,1,128,69.451
32,2048,1,256,69.6637
32,2048,1,512,69.856
32,2048,1,1024,69.9093
32,2048,1,2048,70.5917
32,2048,1,4096,127.105
32,2048,1,8192,241.804
32,2048,1,16384,472.684
32,2048,2,16,74.432
32,2048,2,32,74.731
32,2048,2,64,74.4533
32,2048,2,128,77.8243
32,2048,2,256,81.7397
32,2048,2,512,89.515
32,2048,2,1024,106.123
32,2048,2,2048,137.035
32,2048,2,4096,197.419
32,2048,2,8192,318.176
32,2048,2,16384,556.876
32,2048,4,16,79.2223
32,2048,4,32,79.3173
32,2048,4,64,79.8083
32,2048,4,128,86.123
32,2048,4,256,93.4193
32,2048,4,512,107.926
32,2048,4,1024,132.032
32,2048,4,2048,138.827
32,2048,4,4096,253.557
32,2048,4,8192,492.289
32,2048,4,16384,968.749
32,2048,8,16,85.5143
32,2048,8,32,85.8987
32,2048,8,64,86.571
32,2048,8,128,95.8933
32,2048,8,256,107.456
32,2048,8,512,129.611
32,2048,8,1024,174.561
32,2048,8,2048,263.372
32,2048,8,4096,528.108
32,2048,8,8192,1142.56
32,2048,8,16384,2276.66
32,2048,16,16,106.091
32,2048,16,32,107.477
32,2048,16,64,108.576
32,2048,16,128,130.805
32,2048,16,256,156.107
32,2048,16,512,199.969
32,2048,16,1024,288.716
32,2048,16,2048,477.655
32,2048,16,4096,1166.2
32,2048,16,8192,2616.91
32,2048,16,16384,5364.49
32,2048,32,16,143.595
32,2048,32,32,145.761
32,2048,32,64,147.542
32,2048,32,128,187.125
32,2048,32,256,243.969
32,2048,32,512,376.481
32,2048,32,1024,650.668
32,2048,32,2048,1374.21
32,2048,32,4096,3252.65
32,2048,32,8192,6675.77
32,2048,32,16384,13186.6
32,2048,64,16,210.944
32,2048,64,32,213.814
32,2048,64,64,216.769
32,2048,64,128,306.007
32,2048,64,256,553.068
32,2048,64,512,1000.17
32,2048,64,1024,1842.55
32,2048,64,2048,3636.3
32,2048,64,4096,7273.04
32,2048,64,8192,14601.2
32,2048,64,16384,29144.9
32,2048,128,16,338.796
32,2048,128,32,345.345
32,2048,128,64,356.684
32,2048,128,128,616.343
32,2048,128,256,1051.06
32,2048,128,512,1957.45
32,2048,128,1024,3771.71
32,2048,128,2048,7441.71
32,2048,128,4096,14748.3
32,2048,128,8192,29399
32,2048,128,16384,58694.6
32,4096,0,0,127.413
32,4096,1,16,126.71
32,4096,1,32,126.571
32,4096,1,64,126.657
32,4096,1,128,126.805
32,4096,1,256,127.094
32,4096,1,512,127.264
32,4096,1,1024,127.617
32,4096,1,2048,127.68
32,4096,1,4096,128.043
32,4096,1,8192,241.921
32,4096,1,16384,472.695
32,4096,2,16,130.229
32,4096,2,32,130.539
32,4096,2,64,130.571
32,4096,2,128,133.515
32,4096,2,256,137.068
32,4096,2,512,145.11
32,4096,2,1024,161.58
32,4096,2,2048,195.264
32,4096,2,4096,254.23
32,4096,2,8192,375.191
32,4096,2,16384,615.149
32,4096,4,16,135.21
32,4096,4,32,134.71
32,4096,4,64,134.827
32,4096,4,128,141.153
32,4096,4,256,148.747
32,4096,4,512,162.816
32,4096,4,1024,194.049
32,4096,4,2048,244.31
32,4096,4,4096,256.225
32,4096,4,8192,489.561
32,4096,4,16384,967.566
32,4096,8,16,141.461
32,4096,8,32,141.451
32,4096,8,64,141.803
32,4096,8,128,152.075
32,4096,8,256,162.689
32,4096,8,512,185.216
32,4096,8,1024,233.515
32,4096,8,2048,319.436
32,4096,8,4096,498.369
32,4096,8,8192,1086
32,4096,8,16384,2283.15
32,4096,16,16,161.046
32,4096,16,32,163.084
32,4096,16,64,163.83
32,4096,16,128,186.23
32,4096,16,256,213.045
32,4096,16,512,279.713
32,4096,16,1024,390.936
32,4096,16,2048,540.396
32,4096,16,4096,977.528
32,4096,16,8192,2601.5
32,4096,16,16384,5469.49
32,4096,32,16,202.667
32,4096,32,32,205.089
32,4096,32,64,206.379
32,4096,32,128,252.598
32,4096,32,256,309.844
32,4096,32,512,460.492
32,4096,32,1024,754.883
32,4096,32,2048,1509.01
32,4096,32,4096,3206.65
32,4096,32,8192,6569.3
32,4096,32,16384,13373.1
32,4096,64,16,277.739
32,4096,64,32,280.598
32,4096,64,64,284.93
32,4096,64,128,377.314
32,4096,64,256,647.768
32,4096,64,512,1102.31
32,4096,64,1024,1973.79
32,4096,64,2048,3719.56
32,4096,64,4096,7247.69
32,4096,64,8192,14616.6
32,4096,64,16384,29018.3
32,4096,128,16,410.86
32,4096,128,32,416.525
32,4096,128,64,432.301
32,4096,128,128,706.659
32,4096,128,256,1136.5
32,4096,128,512,2069.52
32,4096,128,1024,3855.72
32,4096,128,2048,7496.19
32,4096,128,4096,14802.1
32,4096,128,8192,29485.8
32,4096,128,16384,58752.2
32,8192,0,0,243.275
32,8192,1,16,242.571
32,8192,1,32,242.582
32,8192,1,64,242.476
32,8192,1,128,242.86
32,8192,1,256,243.073
32,8192,1,512,243.019
32,8192,1,1024,243.105
32,8192,1,2048,243.468
32,8192,1,4096,243.467
32,8192,1,8192,244.192
32,8192,1,16384,473.186
32,8192,2,16,245.814
32,8192,2,32,245.878
32,8192,2,64,245.878
32,8192,2,128,247.339
32,8192,2,256,249.878
32,8192,2,512,256.044
32,8192,2,1024,272.587
32,8192,2,2048,314.711
32,8192,2,4096,373.516
32,8192,2,8192,491.063
32,8192,2,16384,733.561
32,8192,4,16,246.56
32,8192,4,32,246.881
32,8192,4,64,245.686
32,8192,4,128,252.513
32,8192,4,256,259.734
32,8192,4,512,273.974
32,8192,4,1024,304.854
32,8192,4,2048,366.998
32,8192,4,4096,481.792
32,8192,4,8192,495.767
32,8192,4,16384,956.388
32,8192,8,16,253.601
32,8192,8,32,253.111
32,8192,8,64,255.073
32,8192,8,128,263.361
32,8192,8,256,273.793
32,8192,8,512,296.758
32,8192,8,1024,344.3
32,8192,8,2048,437.273
32,8192,8,4096,613.346
32,8192,8,8192,1003.87
32,8192,8,16384,2284.98
32,8192,16,16,272.183
32,8192,16,32,273.857
32,8192,16,64,274.87
32,8192,16,128,296.897
32,8192,16,256,322.795
32,8192,16,512,390.008
32,8192,16,1024,516.909
32,8192,16,2048,760.995
32,8192,16,4096,1190.44
32,8192,16,8192,2436.69
32,8192,16,16384,5413.58
32,8192,32,16,312.833
32,8192,32,32,315.17
32,8192,32,64,317.004
32,8192,32,128,366.177
32,8192,32,256,438.412
32,8192,32,512,587.855
32,8192,32,1024,922.135
32,8192,32,2048,1666.75
32,8192,32,4096,3424.29
32,8192,32,8192,6663.7
32,8192,32,16384,13538.7
32,8192,64,16,391.916
32,8192,64,32,395.074
32,8192,64,64,400.674
32,8192,64,128,528.055
32,8192,64,256,807.64
32,8192,64,512,1281.49
32,8192,64,1024,2176.57
32,8192,64,2048,3940.43
32,8192,64,4096,7435.58
32,8192,64,8192,14743.7
32,8192,64,16384,29268.4
32,8192,128,16,545.912
32,8192,128,32,556.323
32,8192,128,64,596.708
32,8192,128,128,878.949
32,8192,128,256,1321.8
32,8192,128,512,2271.55
32,8192,128,1024,4079.9
32,8192,128,2048,7675.45
32,8192,128,4096,14922.7
32,8192,128,8192,29590.1
32,8192,128,16384,58923.6
32,16384,0,0,476.493
32,16384,1,16,475.885
32,16384,1,32,476.067
32,16384,1,64,475.79
32,16384,1,128,476.099
32,16384,1,256,476.204
32,16384,1,512,476.375
32,16384,1,1024,476.652
32,16384,1,2048,476.589
32,16384,1,4096,476.616
32,16384,1,8192,476.61
32,16384,1,16384,477.794
32,16384,2,16,479.021
32,16384,2,32,483.874
32,16384,2,64,479.107
32,16384,2,128,481.132
32,16384,2,256,482.541
32,16384,2,512,486.093
32,16384,2,1024,494.563
32,16384,2,2048,557.027
32,16384,2,4096,615.982
32,16384,2,8192,731.576
32,16384,2,16384,970.224
32,16384,4,16,475.724
32,16384,4,32,475.554
32,16384,4,64,475.533
32,16384,4,128,476.461
32,16384,4,256,482.712
32,16384,4,512,497.228
32,16384,4,1024,526.477
32,16384,4,2048,603.416
32,16384,4,4096,716.696
32,16384,4,8192,949.903
32,16384,4,16384,976.858
32,16384,8,16,477.698
32,16384,8,32,477.485
32,16384,8,64,479.041
32,16384,8,128,486.924
32,16384,8,256,497.879
32,16384,8,512,518.807
32,16384,8,1024,566.509
32,16384,8,2048,668.91
32,16384,8,4096,855.204
32,16384,8,8192,1251.18
32,16384,8,16384,2056.44
32,16384,16,16,494.255
32,16384,16,32,497.006
32,16384,16,64,495.768
32,16384,16,128,518.807
32,16384,16,256,544.674
32,16384,16,512,610.957
32,16384,16,1024,739.556
32,16384,16,2048,1024.44
32,16384,16,4096,1705.97
32,16384,16,8192,2894.43
32,16384,16,16384,5253.02
32,16384,32,16,535.202
32,16384,32,32,537.005
32,16384,32,64,540.93
32,16384,32,128,586.232
32,16384,32,256,659.641
32,16384,32,512,820.846
32,16384,32,1024,1197.84
32,16384,32,2048,2047.82
32,16384,32,4096,3862.08
32,16384,32,8192,7032.26
32,16384,32,16384,13317
32,16384,64,16,612.835
32,16384,64,32,617.122
32,16384,64,64,620.824
32,16384,64,128,750.66
32,16384,64,256,1051.19
32,16384,64,512,1566.98
32,16384,64,1024,2523.22
32,16384,64,2048,4339.06
32,16384,64,4096,7855.51
32,16384,64,8192,14973.3
32,16384,64,16384,29508.7
32,16384,128,16,776.729
32,16384,128,32,793.242
32,16384,128,64,847.919
32,16384,128,128,1146.23
32,16384,128,256,1648.35
32,16384,128,512,2646.39
32,16384,128,1024,4485.32
32,16384,128,2048,8120.27
32,16384,128,4096,15301.3
32,16384,128,8192,29807.6
32,16384,128,16384,59174.8
64,0,0,0,13.3123
64,0,1,16,13.184
64,0,1,32,13.216
64,0,1,64,13.1733
64,0,1,128,15.168
64,0,1,256,18.6667
64,0,1,512,25.771
64,0,1,1024,40.2023
64,0,1,2048,68.9493
64,0,1,4096,126.401
64,0,1,8192,240.78
64,0,1,16384,471.288
64,0,2,16,18.763
64,0,2,32,18.7523
64,0,2,64,18.763
64,0,2,128,22.5813
64,0,2,256,26.4327
64,0,2,512,33.8567
64,0,2,1024,47.4667
64,0,2,2048,75.1577
64,0,2,4096,131.286
64,0,2,8192,246.968
64,0,2,16384,479.427
64,0,4,16,19.1147
64,0,4,32,19.158
64,0,4,64,19.306
64,0,4,128,24.181
64,0,4,256,31.808
64,0,4,512,46.6777
64,0,4,1024,76.2457
64,0,4,2048,135.371
64,0,4,4096,253.345
64,0,4,8192,488.813
64,0,4,16384,961.54
64,0,8,16,29.8563
64,0,8,32,30.3253
64,0,8,64,30.3467
64,0,8,128,41.206
64,0,8,256,55.7547
64,0,8,512,84.9817
64,0,8,1024,144.118
64,0,8,2048,262.614
64,0,8,4096,497.666
64,0,8,8192,1006.65
64,0,8,16384,2020.75
64,0,16,16,45.611
64,0,16,32,46.3047
64,0,16,64,46.998
64,0,16,128,68.2667
64,0,16,256,93.5257
64,0,16,512,146.049
64,0,16,1024,259.319
64,0,16,2048,474.69
64,0,16,4096,1002.21
64,0,16,8192,2323.11
64,0,16,16384,4849.12
64,0,32,16,77.4293
64,0,32,32,79.3393
64,0,32,64,81.3123
64,0,32,128,122.411
64,0,32,256,176.043
64,0,32,512,315.927
64,0,32,1024,586.254
64,0,32,2048,1306.67
64,0,32,4096,3145.85
64,0,32,8192,6441.96
64,0,32,16384,12915
64,0,64,16,142.144
64,0,64,32,146.198
64,0,64,64,151.296
64,0,64,128,241.346
64,0,64,256,438.242
64,0,64,512,915.791
64,0,64,1024,1774.85
64,0,64,2048,3577.38
64,0,64,4096,7204.32
64,0,64,8192,14517
64,0,64,16384,28976.4
64,0,128,16,276.205
64,0,128,32,282.658
64,0,128,64,293.431
64,0,128,128,534.286
64,0,128,256,967.003
64,0,128,512,1893.73
64,0,128,1024,3722.91
64,0,128,2048,7384.41
64,0,128,4096,14696.3
64,0,128,8192,29351.8
64,0,128,16384,58619.8
64,16,0,0,13.451
64,16,1,16,13.2267
64,16,1,32,13.2693
64,16,1,64,13.4617
64,16,1,128,15.0937
64,16,1,256,18.741
64,16,1,512,25.76
64,16,1,1024,39.9897
64,16,1,2048,68.7687
64,16,1,4096,126.294
64,16,1,8192,240.898
64,16,1,16384,471.032
64,16,2,16,18.8373
64,16,2,32,19.0183
64,16,2,64,19.1253
64,16,2,128,22.7423
64,16,2,256,26.3363
64,16,2,512,33.8453
64,16,2,1024,47.7873
64,16,2,2048,75.1687
64,16,2,4096,131.627
64,16,2,8192,247.767
64,16,2,16384,479.15
64,16,4,16,19.2
64,16,4,32,19.392
64,16,4,64,19.755
64,16,4,128,24.2027
64,16,4,256,31.691
64,16,4,512,46.699
64,16,4,1024,76.0217
64,16,4,2048,135.211
64,16,4,4096,253.335
64,16,4,8192,488.918
64,16,4,16384,960.432
64,16,8,16,29.963
64,16,8,32,30.5493
64,16,8,64,30.8907
64,16,8,128,41.5147
64,16,8,256,55.5413
64,16,8,512,84.7153
64,16,8,1024,144.203
64,16,8,2048,261.334
64,16,8,4096,495.394
64,16,8,8192,980.902
64,16,8,16384,2031.79
64,16,16,16,45.6747
64,16,16,32,46.4217
64,16,16,64,47.4773
64,16,16,128,68.299
64,16,16,256,93.4937
64,16,16,512,145.75
64,16,16,1024,260.119
64,16,16,2048,472.632
64,16,16,4096,1036.01
64,16,16,8192,2312.36
64,16,16,16384,5053.93
64,16,32,16,77.451
64,16,32,32,79.691
64,16,32,64,81.632
64,16,32,128,122.402
64,16,32,256,176.406
64,16,32,512,316.758
64,16,32,1024,590.584
64,16,32,2048,1345.88
64,16,32,4096,3186.9
64,16,32,8192,6349.54
64,16,32,16384,12997.4
64,16,64,16,142.326
64,16,64,32,146.262
64,16,64,64,151.702
64,16,64,128,242.604
64,16,64,256,441.422
64,16,64,512,917.393
64,16,64,1024,1777.87
64,16,64,2048,3578.89
64,16,64,4096,7199.47
64,16,64,8192,14473
64,16,64,16384,29020
64,16,128,16,276.45
64,16,128,32,283.085
64,16,128,64,293.228
64,16,128,128,536.004
64,16,128,256,967.974
64,16,128,512,1893.16
64,16,128,1024,3720.47
64,16,128,2048,7383.13
64,16,128,4096,14697.7
64,16,128,8192,29354.2
64,16,128,16384,58609.4
64,32,0,0,13.408
64,32,1,16,13.131
64,32,1,32,13.259
64,32,1,64,13.3763
64,32,1,128,15.1147
64,32,1,256,18.8367
64,32,1,512,25.675
64,32,1,1024,39.8723
64,32,1,2048,68.6937
64,32,1,4096,126.347
64,32,1,8192,240.983
64,32,1,16384,471.086
64,32,2,16,18.9337
64,32,2,32,19.1253
64,32,2,64,19.3387
64,32,2,128,22.816
64,32,2,256,26.496
64,32,2,512,33.9097
64,32,2,1024,47.456
64,32,2,2048,76.4373
64,32,2,4096,132.001
64,32,2,8192,247.01
64,32,2,16384,483.161
64,32,4,16,19.179
64,32,4,32,19.499
64,32,4,64,19.797
64,32,4,128,24.352
64,32,4,256,31.8507
64,32,4,512,46.5923
64,32,4,1024,76.054
64,32,4,2048,135.296
64,32,4,4096,253.27
64,32,4,8192,489.517
64,32,4,16384,960.709
64,32,8,16,30.1547
64,32,8,32,30.3473
64,32,8,64,30.9863
64,32,8,128,41.217
64,32,8,256,55.809
64,32,8,512,84.875
64,32,8,1024,144.181
64,32,8,2048,261.826
64,32,8,4096,496.366
64,32,8,8192,999.803
64,32,8,16384,2024.28
64,32,16,16,45.8033
64,32,16,32,46.6137
64,32,16,64,47.5953
64,32,16,128,68.032
64,32,16,256,93.7717
64,32,16,512,146.23
64,32,16,1024,259.607
64,32,16,2048,475.662
64,32,16,4096,1009.33
64,32,16,8192,2286.89
64,32,16,16384,4984.11
64,32,32,16,77.6003
64,32,32,32,79.585
64,32,32,64,81.5467
64,32,32,128,122.465
64,32,32,256,175.746
64,32,32,512,317.336
64,32,32,1024,588.974
64,32,32,2048,1320.53
64,32,32,4096,3218.09
64,32,32,8192,6415.73
64,32,32,16384,12973.9
64,32,64,16,142.348
64,32,64,32,146.22
64,32,64,64,151.757
64,32,64,128,242.433
64,32,64,256,438.83
64,32,64,512,911.238
64,32,64,1024,1770.52
64,32,64,2048,3586.21
64,32,64,4096,7216.65
64,32,64,8192,14454.1
64,32,64,16384,29091.2
64,32,128,16,276.323
64,32,128,32,282.615
64,32,128,64,293.282
64,32,128,128,542.287
64,32,128,256,967.196
64,32,128,512,1894.05
64,32,128,1024,3719.94
64,32,128,2048,7389.12
64,32,128,4096,14706
64,32,128,8192,29355.3
64,32,128,16384,58606.3
64,64,0,0,13.5253
64,64,1,16,13.216
64,64,1,32,13.3447
64,64,1,64,13.3763
64,64,1,128,15.2217
64,64,1,256,18.6347
64,64,1,512,25.6747
64,64,1,1024,40.096
64,64,1,2048,68.7367
64,64,1,4096,126.305
64,64,1,8192,240.812
64,64,1,16384,471.128
64,64,2,16,18.9547
64,64,2,32,19.1573
64,64,2,64,19.296
64,64,2,128,22.741
64,64,2,256,26.6883
64,64,2,512,34.2187
64,64,2,1024,48.2567
64,64,2,2048,76.3737
64,64,2,4096,131.585
64,64,2,8192,247.372
64,64,2,16384,479.266
64,64,4,16,19.4137
64,64,4,32,19.4667
64,64,4,64,19.8513
64,64,4,128,24.427
64,64,4,256,31.9467
64,64,4,512,46.9017
64,64,4,1024,76.2993
64,64,4,2048,135.478
64,64,4,4096,252.93
64,64,4,8192,489.731
64,64,4,16384,959.631
64,64,8,16,30.144
64,64,8,32,30.699
64,64,8,64,31.1147
64,64,8,128,41.2803
64,64,8,256,55.7983
64,64,8,512,84.3843
64,64,8,1024,144.001
64,64,8,2048,262.157
64,64,8,4096,498.029
64,64,8,8192,978.162
64,64,8,16384,2029.38
64,64,16,16,45.984
64,64,16,32,46.7207
64,64,16,64,47.8407
64,64,16,128,68.2673
64,64,16,256,93.9527
64,64,16,512,146.027
64,64,16,1024,259.724
64,64,16,2048,474.928
64,64,16,4096,1005.7
64,64,16,8192,2309.02
64,64,16,16384,5105.53
64,64,32,16,77.6433
64,64,32,32,79.6277
64,64,32,64,81.707
64,64,32,128,122.55
64,64,32,256,176.481
64,64,32,512,316.93
64,64,32,1024,587.503
64,64,32,2048,1302.78
64,64,32,4096,3271.32
64,64,32,8192,6392.22
64,64,32,16384,12910.1
64,64,64,16,142.444
64,64,64,32,146.614
64,64,64,64,151.841
64,64,64,128,241.804
64,64,64,256,439.736
64,64,64,512,917.542
64,64,64,1024,1771
64,64,64,2048,3593.17
64,64,64,4096,7232.41
64,64,64,8192,14501.6
64,64,64,16384,29076.9
64,64,128,16,276.503
64,64,128,32,282.904
64,64,128,64,293.485
64,64,128,128,538.66
64,64,128,256,970.791
64,64,128,512,1895.52
64,64,128,1024,3719
64,64,128,2048,7385.58
64,64,128,4096,14706.3
64,64,128,8192,29352.7
64,64,128,16384,58627.8
64,128,0,0,17.1627
64,128,1,16,16.1497
64,128,1,32,16.0743
64,128,1,64,16.128
64,128,1,128,16.4697
64,128,1,256,18.752
64,128,1,512,25.6747
64,128,1,1024,39.9683
64,128,1,2048,68.854
64,128,1,4096,126.412
64,128,1,8192,240.759
64,128,1,16384,471.289
64,128,2,16,22.6027
64,128,2,32,22.902
64,128,2,64,23.2
64,128,2,128,25.771
64,128,2,256,30.7947
64,128,2,512,38.6563
64,128,2,1024,52.5223
64,128,2,2048,80.6833
64,128,2,4096,136.246
64,128,2,8192,249.143
64,128,2,16384,481.934
64,128,4,16,24.5873
64,128,4,32,24.651
64,128,4,64,24.6933
64,128,4,128,26.3893
64,128,4,256,31.7237
64,128,4,512,46.5067
64,128,4,1024,76.0327
64,128,4,2048,135.03
64,128,4,4096,252.737
64,128,4,8192,490.435
64,128,4,16384,960.981
64,128,8,16,33.4503
64,128,8,32,33.8777
64,128,8,64,34.336
64,128,8,128,43.2963
64,128,8,256,56.288
64,128,8,512,84.6093
64,128,8,1024,143.585
64,128,8,2048,262.764
64,128,8,4096,500.303
64,128,8,8192,1011.74
64,128,8,16384,2055.21
64,128,16,16,49.355
64,128,16,32,50.091
64,128,16,64,50.9443
64,128,16,128,69.782
64,128,16,256,94.368
64,128,16,512,145.654
64,128,16,1024,271.224
64,128,16,2048,494.2
64,128,16,4096,1011.94
64,128,16,8192,2345.71
64,128,16,16384,4986.16
64,128,32,16,81.1527
64,128,32,32,83.0293
64,128,32,64,84.917
64,128,32,128,124.129
64,128,32,256,178.914
64,128,32,512,312.941
64,128,32,1024,609.924
64,128,32,2048,1346.93
64,128,32,4096,3234.11
64,128,32,8192,6431.57
64,128,32,16384,12917.3
64,128,64,16,145.259
64,128,64,32,148.619
64,128,64,64,152.427
64,128,64,128,244.45
64,128,64,256,455.897
64,128,64,512,928.73
64,128,64,1024,1786.29
64,128,64,2048,3589.84
64,128,64,4096,7221.69
64,128,64,8192,14503
64,128,64,16384,29073.8
64,128,128,16,277.474
64,128,128,32,284.397
64,128,128,64,294.349
64,128,128,128,545.466
64,128,128,256,971.624
64,128,128,512,1898.11
64,128,128,1024,3723.95
64,128,128,2048,7391.59
64,128,128,4096,14708
64,128,128,8192,29360.6
64,128,128,16384,58702.4
64,256,0,0,20.555
64,256,1,16,19.6057
64,256,1,32,19.659
64,256,1,64,19.627
64,256,1,128,19.968
64,256,1,256,20.0853
64,256,1,512,25.8453
64,256,1,1024,40.0853
64,256,1,2048,68.8213
64,256,1,4096,126.476
64,256,1,8192,240.759
64,256,1,16384,471.353
64,256,2,16,26.4213
64,256,2,32,26.432
64,256,2,64,26.635
64,256,2,128,29.8033
64,256,2,256,33.0243
64,256,2,512,42.6887
64,256,2,1024,56.7147
64,256,2,2048,84.8753
64,256,2,4096,140.929
64,256,2,8192,252.055
64,256,2,16384,483.184
64,256,4,16,31.3923
64,256,4,32,31.6917
64,256,4,64,31.8833
64,256,4,128,32.3097
64,256,4,256,33.2693
64,256,4,512,46.5603
64,256,4,1024,76.256
64,256,4,2048,135.361
64,256,4,4096,253.346
64,256,4,8192,490.446
64,256,4,16384,960.806
64,256,8,16,37.174
64,256,8,32,37.504
64,256,8,64,38.1653
64,256,8,128,47.1793
64,256,8,256,57.9733
64,256,8,512,85.1957
64,256,8,1024,144.033
64,256,8,2048,270.637
64,256,8,4096,510.407
64,256,8,8192,1019.22
64,256,8,16384,2066.82
64,256,16,16,53.2487
64,256,16,32,53.9417
64,256,16,64,54.9983
64,256,16,128,73.697
64,256,16,256,95.937
64,256,16,512,146.572
64,256,16,1024,279.725
64,256,16,2048,511.663
64,256,16,4096,1071.61
64,256,16,8192,2324.16
64,256,16,16384,4871.96
64,256,32,16,85.0247
64,256,32,32,86.8487
64,256,32,64,89.0463
64,256,32,128,127.5
64,256,32,256,183.362
64,256,32,512,314.69
64,256,32,1024,629.349
64,256,32,2048,1385.41
64,256,32,4096,3309.39
64,256,32,8192,6490.86
64,256,32,16384,12739.7
64,256,64,16,148.791
64,256,64,32,152.503
64,256,64,64,156.663
64,256,64,128,246.626
64,256,64,256,454.435
64,256,64,512,924.722
64,256,64,1024,1813.18
64,256,64,2048,3632.39
64,256,64,4096,7212.42
64,256,64,8192,14500.5
64,256,64,16384,29068.3
64,256,128,16,278.296
64,256,128,32,285.335
64,256,128,64,295.842
64,256,128,128,546.778
64,256,128,256,977.982
64,256,128,512,1899.6
64,256,128,1024,3726.4
64,256,128,2048,7390.15
64,256,128,4096,14705.2
64,256,128,8192,29357.3
64,256,128,16384,58623.5
64,512,0,0,27.6267
64,512,1,16,26.656
64,512,1,32,26.698
64,512,1,64,26.731
64,512,1,128,26.7733
64,512,1,256,27.0297
64,512,1,512,27.1147
64,512,1,1024,40.619
64,512,1,2048,69.1953
64,512,1,4096,126.839
64,512,1,8192,241.101
64,512,1,16384,471.46
64,512,2,16,33.0777
64,512,2,32,33.078
64,512,2,64,33.216
64,512,2,128,36.2133
64,512,2,256,40.1073
64,512,2,512,48.438
64,512,2,1024,65.3663
64,512,2,2048,92.608
64,512,2,4096,148.79
64,512,2,8192,260.503
64,512,2,16384,487.396
64,512,4,16,38.262
64,512,4,32,38.4853
64,512,4,64,38.5923
64,512,4,128,44.672
64,512,4,256,46.689
64,512,4,512,48.9283
64,512,4,1024,76.395
64,512,4,2048,134.497
64,512,4,4096,254.125
64,512,4,8192,492.079
64,512,4,16384,962.206
64,512,8,16,44.2777
64,512,8,32,44.608
64,512,8,64,45.3763
64,512,8,128,54.337
64,512,8,256,65.0247
64,512,8,512,87.2327
64,512,8,1024,142.379
64,512,8,2048,268.729
64,512,8,4096,550.735
64,512,8,8192,1103.79
64,512,8,16384,2204.76
64,512,16,16,62.668
64,512,16,32,63.1263
64,512,16,64,63.9367
64,512,16,128,81.142
64,512,16,256,103.244
64,512,16,512,151.062
64,512,16,1024,257.399
64,512,16,2048,537.134
64,512,16,4096,1230.48
64,512,16,8192,2653.23
64,512,16,16384,5349.53
64,512,32,16,95.2437
64,512,32,32,96.811
64,512,32,64,98.0807
64,512,32,128,135.297
64,512,32,256,188.279
64,512,32,512,322.297
64,512,32,1024,617.607
64,512,32,2048,1534.09
64,512,32,4096,3353.6
64,512,32,8192,6556.18
64,512,32,16384,13463.9
64,512,64,16,158.167
64,512,64,32,161.068
64,512,64,64,165.506
64,512,64,128,252.344
64,512,64,256,461.754
64,512,64,512,924.094
64,512,64,1024,1814.69
64,512,64,2048,3626.31
64,512,64,4096,7253.96
64,512,64,8192,14472
64,512,64,16384,29007.6
64,512,128,16,287.373
64,512,128,32,293.518
64,512,128,64,304.462
64,512,128,128,557.85
64,512,128,256,985.694
64,512,128,512,1909.28
64,512,128,1024,3733.68
64,512,128,2048,7403.63
64,512,128,4096,14713
64,512,128,8192,29377.1
64,512,128,16384,58629.8
64,1024,0,0,41.8243
64,1024,1,16,41.0567
64,1024,1,32,40.8963
64,1024,1,64,40.9177
64,1024,1,128,41.0777
64,1024,1,256,41.2803
64,1024,1,512,41.6747
64,1024,1,1024,42.2937
64,1024,1,2048,69.697
64,1024,1,4096,127.116
64,1024,1,8192,241.666
64,1024,1,16384,472.431
64,1024,2,16,47.0297
64,1024,2,32,47.1043
64,1024,2,64,47.2107
64,1024,2,128,50.4007
64,1024,2,256,54.1877
64,1024,2,512,63.563
64,1024,2,1024,78.721
64,1024,2,2048,110.23
64,1024,2,4096,169.005
64,1024,2,8192,289.016
64,1024,2,16384,527.844
64,1024,4,16,52.1497
64,1024,4,32,52.4057
64,1024,4,64,52.8537
64,1024,4,128,58.4007
64,1024,4,256,66.017
64,1024,4,512,75.5633
64,1024,4,1024,79.6063
64,1024,4,2048,134.988
64,1024,4,4096,255.171
64,1024,4,8192,492.804
64,1024,4,16384,969.097
64,1024,8,16,58.315
64,1024,8,32,58.635
64,1024,8,64,59.3177
64,1024,8,128,68.7473
64,1024,8,256,79.691
64,1024,8,512,101.676
64,1024,8,1024,147.169
64,1024,8,2048,263.97
64,1024,8,4096,543.024
64,1024,8,8192,1115.97
64,1024,8,16384,2305.89
64,1024,16,16,79.0083
64,1024,16,32,79.862
64,1024,16,64,80.8963
64,1024,16,128,101.302
64,1024,16,256,118.156
64,1024,16,512,165.708
64,1024,16,1024,262.498
64,1024,16,2048,499.267
64,1024,16,4096,1269.59
64,1024,16,8192,2658.48
64,1024,16,16384,5377.39
64,1024,32,16,111.927
64,1024,32,32,113.719
64,1024,32,64,115.361
64,1024,32,128,156.012
64,1024,32,256,207.095
64,1024,32,512,342.979
64,1024,32,1024,589.201
64,1024,32,2048,1509.43
64,1024,32,4096,3305.97
64,1024,32,8192,6599.29
64,1024,32,16384,13197.6
64,1024,64,16,176.237
64,1024,64,32,179.81
64,1024,64,64,183.276
64,1024,64,128,272.194
64,1024,64,256,491.119
64,1024,64,512,949.428
64,1024,64,1024,1815.24
64,1024,64,2048,3645.85
64,1024,64,4096,7274.76
64,1024,64,8192,14561.9
64,1024,64,16384,29005.1
64,1024,128,16,305.933
64,1024,128,32,311.576
64,1024,128,64,323.352
64,1024,128,128,574.779
64,1024,128,256,1000.65
64,1024,128,512,1922.96
64,1024,128,1024,3746.29
64,1024,128,2048,7415.89
64,1024,128,4096,14732.1
64,1024,128,8192,29384.8
64,1024,128,16384,58650.4
64,2048,0,0,70.5923
64,2048,1,16,69.5153
64,2048,1,32,69.5043
64,2048,1,64,69.5683
64,2048,1,128,69.75
64,2048,1,256,69.899
64,2048,1,512,70.07
64,2048,1,1024,70.8167
64,2048,1,2048,71.361
64,2048,1,4096,127.33
64,2048,1,8192,241.826
64,2048,1,16384,472.303
64,2048,2,16,74.6247
64,2048,2,32,74.838
64,2048,2,64,74.902
64,2048,2,128,77.8037
64,2048,2,256,82.07
64,2048,2,512,90.732
64,2048,2,1024,105.964
64,2048,2,2048,138.124
64,2048,2,4096,198.445
64,2048,2,8192,318.467
64,2048,2,16384,559.269
64,2048,4,16,79.9263
64,2048,4,32,80.246
64,2048,4,64,80.7367
64,2048,4,128,86.209
64,2048,4,256,94.721
64,2048,4,512,109.014
64,2048,4,1024,133.142
64,2048,4,2048,138.988
64,2048,4,4096,254.423
64,2048,4,8192,493.476
64,2048,4,16384,968.638
64,2048,8,16,86.049
64,2048,8,32,86.7423
64,2048,8,64,87.5633
64,2048,8,128,96.353
64,2048,8,256,107.969
64,2048,8,512,130.465
64,2048,8,1024,174.808
64,2048,8,2048,265.089
64,2048,8,4096,531.6
64,2048,8,8192,1126.06
64,2048,8,16384,2264.5
64,2048,16,16,106.785
64,2048,16,32,107.65
64,2048,16,64,109.302
64,2048,16,128,131.521
64,2048,16,256,156.737
64,2048,16,512,201.367
64,2048,16,1024,292.003
64,2048,16,2048,477.262
64,2048,16,4096,1211.41
64,2048,16,8192,2727.99
64,2048,16,16384,5353
64,2048,32,16,144.609
64,2048,32,32,146.785
64,2048,32,64,148.855
64,2048,32,128,188.172
64,2048,32,256,246.647
64,2048,32,512,379.971
64,2048,32,1024,648.209
64,2048,32,2048,1414.39
64,2048,32,4096,3312.75
64,2048,32,8192,6777.44
64,2048,32,16384,13325.4
64,2048,64,16,212.535
64,2048,64,32,213.965
64,2048,64,64,218.147
64,2048,64,128,308.856
64,2048,64,256,548.527
64,2048,64,512,1006.68
64,2048,64,1024,1841.65
64,2048,64,2048,3663.52
64,2048,64,4096,7265.21
64,2048,64,8192,14537.8
64,2048,64,16384,29033.4
64,2048,128,16,341.144
64,2048,128,32,348.089
64,2048,128,64,359.566
64,2048,128,128,626.075
64,2048,128,256,1054.06
64,2048,128,512,1965.83
64,2048,128,1024,3775.74
64,2048,128,2048,7439.34
64,2048,128,4096,14757.6
64,2048,128,8192,29418.7
64,2048,128,16384,58686.4
64,4096,0,0,127.884
64,4096,1,16,126.924
64,4096,1,32,126.903
64,4096,1,64,126.861
64,4096,1,128,127.095
64,4096,1,256,127.137
64,4096,1,512,127.446
64,4096,1,1024,128.097
64,4096,1,2048,128.566
64,4096,1,4096,128.758
64,4096,1,8192,241.997
64,4096,1,16384,472.473
64,4096,2,16,131.159
64,4096,2,32,130.914
64,4096,2,64,130.935
64,4096,2,128,133.121
64,4096,2,256,137.132
64,4096,2,512,146.177
64,4096,2,1024,161.645
64,4096,2,2048,195.639
64,4096,2,4096,254.818
64,4096,2,8192,377.295
64,4096,2,16384,618.203
64,4096,4,16,135.052
64,4096,4,32,136.29
64,4096,4,64,135.478
64,4096,4,128,141.484
64,4096,4,256,150.71
64,4096,4,512,164.44
64,4096,4,1024,194.263
64,4096,4,2048,247.693
64,4096,4,4096,256.877
64,4096,4,8192,491.194
64,4096,4,16384,968.649
64,4096,8,16,141.868
64,4096,8,32,142.785
64,4096,8,64,143.159
64,4096,8,128,151.884
64,4096,8,256,163.895
64,4096,8,512,186.445
64,4096,8,1024,233.517
64,4096,8,2048,320.472
64,4096,8,4096,497.05
64,4096,8,8192,1097.92
64,4096,8,16384,2336.56
64,4096,16,16,161.954
64,4096,16,32,163.361
64,4096,16,64,164.481
64,4096,16,128,187.308
64,4096,16,256,213.069
64,4096,16,512,280.717
64,4096,16,1024,394.99
64,4096,16,2048,541.68
64,4096,16,4096,1016.28
64,4096,16,8192,2601.16
64,4096,16,16384,5403.98
64,4096,32,16,204.013
64,4096,32,32,205.965
64,4096,32,64,207.266
64,4096,32,128,254.317
64,4096,32,256,311.833
64,4096,32,512,466.715
64,4096,32,1024,751.122
64,4096,32,2048,1486.12
64,4096,32,4096,3199.37
64,4096,32,8192,6599.48
64,4096,32,16384,13408.7
64,4096,64,16,277.251
64,4096,64,32,281.667
64,4096,64,64,285.081
64,4096,64,128,377.582
64,4096,64,256,647.91
64,4096,64,512,1103.96
64,4096,64,1024,1971.05
64,4096,64,2048,3736.3
64,4096,64,4096,7293.27
64,4096,64,8192,14659.7
64,4096,64,16384,29194.1
64,4096,128,16,412.132
64,4096,128,32,419.481
64,4096,128,64,436.121
64,4096,128,128,710.738
64,4096,128,256,1148.68
64,4096,128,512,2072.82
64,4096,128,1024,3865.79
64,4096,128,2048,7499.8
64,4096,128,4096,14810.7
64,4096,128,8192,29491
64,4096,128,16384,58859.5
64,8192,0,0,243.726
64,8192,1,16,242.733
64,8192,1,32,242.594
64,8192,1,64,242.701
64,8192,1,128,242.872
64,8192,1,256,242.957
64,8192,1,512,243.139
64,8192,1,1024,243.832
64,8192,1,2048,244.109
64,8192,1,4096,243.8
64,8192,1,8192,244.867
64,8192,1,16384,472.848
64,8192,2,16,246.37
64,8192,2,32,246.061
64,8192,2,64,246.37
64,8192,2,128,247.714
64,8192,2,256,249.763
64,8192,2,512,257.485
64,8192,2,1024,273.293
64,8192,2,2048,315.107
64,8192,2,4096,373.572
64,8192,2,8192,492.485
64,8192,2,16384,734.568
64,8192,4,16,248.44
64,8192,4,32,246.466
64,8192,4,64,246.712
64,8192,4,128,253.144
64,8192,4,256,259.502
64,8192,4,512,275.545
64,8192,4,1024,305.347
64,8192,4,2048,367.918
64,8192,4,4096,483.346
64,8192,4,8192,498.725
64,8192,4,16384,956.095
64,8192,8,16,254.487
64,8192,8,32,254.936
64,8192,8,64,255.096
64,8192,8,128,263.672
64,8192,8,256,274.68
64,8192,8,512,297.667
64,8192,8,1024,344.717
64,8192,8,2048,436.676
64,8192,8,4096,613.509
64,8192,8,8192,992.874
64,8192,8,16384,2337.37
64,8192,16,16,272.611
64,8192,16,32,273.145
64,8192,16,64,274.829
64,8192,16,128,297.913
64,8192,16,256,323.279
64,8192,16,512,391.502
64,8192,16,1024,518.907
64,8192,16,2048,770.898
64,8192,16,4096,1239.57
64,8192,16,8192,2356.5
64,8192,16,16384,5478.01
64,8192,32,16,314.52
64,8192,32,32,317.091
64,8192,32,64,317.635
64,8192,32,128,366.682
64,8192,32,256,438.18
64,8192,32,512,597.745
64,8192,32,1024,937.374
64,8192,32,2048,1732.65
64,8192,32,4096,3444.5
64,8192,32,8192,6737.58
64,8192,32,16384,13565.4
64,8192,64,16,392.633
64,8192,64,32,396.441
64,8192,64,64,400.815
64,8192,64,128,528.933
64,8192,64,256,810.354
64,8192,64,512,1284.93
64,8192,64,1024,2176.49
64,8192,64,2048,3951.37
64,8192,64,4096,7452.78
64,8192,64,8192,14760.8
64,8192,64,16384,29229.5
64,8192,128,16,544.006
64,8192,128,32,558.288
64,8192,128,64,601.041
64,8192,128,128,879.784
64,8192,128,256,1336.42
64,8192,128,512,2279.64
64,8192,128,1024,4079.01
64,8192,128,2048,7692.34
64,8192,128,4096,14925
64,8192,128,8192,29607
64,8192,128,16384,58914.4
64,16384,0,0,476.826
64,16384,1,16,475.727
64,16384,1,32,475.824
64,16384,1,64,475.846
64,16384,1,128,475.93
64,16384,1,256,475.983
64,16384,1,512,476.218
64,16384,1,1024,477.231
64,16384,1,2048,477.349
64,16384,1,4096,477.156
64,16384,1,8192,477.412
64,16384,1,16384,477.946
64,16384,2,16,478.842
64,16384,2,32,479.226
64,16384,2,64,479.376
64,16384,2,128,480.602
64,16384,2,256,482.683
64,16384,2,512,486.821
64,16384,2,1024,495.227
64,16384,2,2048,555.706
64,16384,2,4096,613.798
64,16384,2,8192,732.424
64,16384,2,16384,970.119
64,16384,4,16,475.844
64,16384,4,32,475.76
64,16384,4,64,475.887
64,16384,4,128,477.092
64,16384,4,256,483.056
64,16384,4,512,497.637
64,16384,4,1024,529.52
64,16384,4,2048,602.641
64,16384,4,4096,718.055
64,16384,4,8192,950.218
64,16384,4,16384,978.4
64,16384,8,16,477.756
64,16384,8,32,477.626
64,16384,8,64,479.322
64,16384,8,128,487.109
64,16384,8,256,500.176
64,16384,8,512,520.059
64,16384,8,1024,566.716
64,16384,8,2048,669.947
64,16384,8,4096,855.144
64,16384,8,8192,1262.1
64,16384,8,16384,2053.13
64,16384,16,16,495.973
64,16384,16,32,495.812
64,16384,16,64,500.432
64,16384,16,128,523.526
64,16384,16,256,546.086
64,16384,16,512,614.653
64,16384,16,1024,737.37
64,16384,16,2048,1018
64,16384,16,4096,1678.13
64,16384,16,8192,2760.64
64,16384,16,16384,5070.28
64,16384,32,16,534.949
64,16384,32,32,538.576
64,16384,32,64,538.993
64,16384,32,128,587.633
64,16384,32,256,663.858
64,16384,32,512,825.865
64,16384,32,1024,1189.27
64,16384,32,2048,2056.8
64,16384,32,4096,3732.41
64,16384,32,8192,7024.08
64,16384,32,16384,13321.9
64,16384,64,16,615.334
64,16384,64,32,619.985
64,16384,64,64,621.905
64,16384,64,128,754.514
64,16384,64,256,1048.68
64,16384,64,512,1564.91
64,16384,64,1024,2535.12
64,16384,64,2048,4333
64,16384,64,4096,7854.46
64,16384,64,8192,15004.3
64,16384,64,16384,29492.6
64,16384,128,16,779.293
64,16384,128,32,793.436
64,16384,128,64,853.331
64,16384,128,128,1148.63
64,16384,128,256,1640.18
64,16384,128,512,2647.62
64,16384,128,1024,4489.44
64,16384,128,2048,8117.39
64,16384,128,4096,15310.1
64,16384,128,8192,29809.2
64,16384,128,16384,59190.2
128,0,0,0,14.208
128,0,1,16,19.4777
128,0,1,32,19.6373
128,0,1,64,19.744
128,0,1,128,23.3817
128,0,1,256,26.7843
128,0,1,512,33.75
128,0,1,1024,47.7557
128,0,1,2048,76.3843
128,0,1,4096,132.93
128,0,1,8192,244.194
128,0,1,16384,473.2
128,0,2,16,20.1173
128,0,2,32,20.224
128,0,2,64,20.278
128,0,2,128,24.5767
128,0,2,256,31.606
128,0,2,512,40.128
128,0,2,1024,54.006
128,0,2,2048,81.8783
128,0,2,4096,137.729
128,0,2,8192,249.315
128,0,2,16384,476.965
128,0,4,16,25.59
128,0,4,32,25.7927
128,0,4,64,25.9093
128,0,4,128,31.8617
128,0,4,256,39.2327
128,0,4,512,53.3447
128,0,4,1024,82.1553
128,0,4,2048,139.287
128,0,4,4096,254.563
128,0,4,8192,489.338
128,0,4,16384,960.253
128,0,8,16,32.6403
128,0,8,32,33.2803
128,0,8,64,33.3977
128,0,8,128,44.0427
128,0,8,256,58.155
128,0,8,512,86.7957
128,0,8,1024,144.13
128,0,8,2048,261.507
128,0,8,4096,498.543
128,0,8,8192,991.829
128,0,8,16384,2029.12
128,0,16,16,50.23
128,0,16,32,51.2647
128,0,16,64,52.1393
128,0,16,128,73.0037
128,0,16,256,97.5583
128,0,16,512,148.012
128,0,16,1024,271.309
128,0,16,2048,488.901
128,0,16,4096,1001.26
128,0,16,8192,2285.6
128,0,16,16384,4799.72
128,0,32,16,85.6753
128,0,32,32,87.8943
128,0,32,64,89.292
128,0,32,128,131.437
128,0,32,256,183.649
128,0,32,512,329.561
128,0,32,1024,623.623
128,0,32,2048,1341.71
128,0,32,4096,3249.13
128,0,32,8192,6471.26
128,0,32,16384,13006
128,0,64,16,158.818
128,0,64,32,162.22
128,0,64,64,165.601
128,0,64,128,254.67
128,0,64,256,457.86
128,0,64,512,940.959
128,0,64,1024,1792.5
128,0,64,2048,3630.8
128,0,64,4096,7274.99
128,0,64,8192,14544.5
128,0,64,16384,29084.6
128,0,128,16,303.416
128,0,128,32,309.316
128,0,128,64,317.625
128,0,128,128,542.747
128,0,128,256,970.751
128,0,128,512,1896.28
128,0,128,1024,3719.02
128,0,128,2048,7388.21
128,0,128,4096,14707.7
128,0,128,8192,29355.6
128,0,128,16384,58628.1
128,16,0,0,16.896
128,16,1,16,22.9547
128,16,1,32,23.0823
128,16,1,64,23.2
128,16,1,128,23.6377
128,16,1,256,26.9977
128,16,1,512,33.9847
128,16,1,1024,47.9043
128,16,1,2048,76.193
128,16,1,4096,131.969
128,16,1,8192,244.098
128,16,1,16384,472.87
128,16,2,16,23.4993
128,16,2,32,23.8193
128,16,2,64,23.979
128,16,2,128,25.227
128,16,2,256,31.2747
128,16,2,512,40.5973
128,16,2,1024,54.4
128,16,2,2048,83.1053
128,16,2,4096,138.231
128,16,2,8192,251.277
128,16,2,16384,476.836
128,16,4,16,28.6197
128,16,4,32,28.8327
128,16,4,64,29.0347
128,16,4,128,33.206
128,16,4,256,40.587
128,16,4,512,54.465
128,16,4,1024,82.753
128,16,4,2048,139.66
128,16,4,4096,253.742
128,16,4,8192,490.053
128,16,4,16384,960.224
128,16,8,16,36.4913
128,16,8,32,37.099
128,16,8,64,37.3977
128,16,8,128,44.3947
128,16,8,256,58.1987
128,16,8,512,86.2193
128,16,8,1024,144.322
128,16,8,2048,261.816
128,16,8,4096,504.252
128,16,8,8192,994.22
128,16,8,16384,2032.19
128,16,16,16,53.814
128,16,16,32,54.5507
128,16,16,64,55.4457
128,16,16,128,73.473
128,16,16,256,97.7717
128,16,16,512,148.546
128,16,16,1024,275.884
128,16,16,2048,503.663
128,16,16,4096,1021.21
128,16,16,8192,2358.84
128,16,16,16384,4859.16
128,16,32,16,88.4387
128,16,32,32,90.209
128,16,32,64,91.8193
128,16,32,128,132.289
128,16,32,256,183.394
128,16,32,512,331.971
128,16,32,1024,632.423
128,16,32,2048,1318.18
128,16,32,4096,3263.58
128,16,32,8192,6397.15
128,16,32,16384,13156.5
128,16,64,16,159.841
128,16,64,32,163.329
128,16,64,64,166.7
128,16,64,128,256.184
128,16,64,256,458.938
128,16,64,512,944.447
128,16,64,1024,1793.06
128,16,64,2048,3613.72
128,16,64,4096,7296.6
128,16,64,8192,14494.6
128,16,64,16384,29092.2
128,16,128,16,304.441
128,16,128,32,310.371
128,16,128,64,318.979
128,16,128,128,550.181
128,16,128,256,969.514
128,16,128,512,1900
128,16,128,1024,3721.29
128,16,128,2048,7390.58
128,16,128,4096,14712
128,16,128,8192,29353.2
128,16,128,16384,58618.9
128,32,0,0,17.0027
128,32,1,16,22.9553
128,32,1,32,23.1473
128,32,1,64,23.233
128,32,1,128,23.6377
128,32,1,256,26.923
128,32,1,512,33.7397
128,32,1,1024,47.8307
128,32,1,2048,76.1183
128,32,1,4096,132.268
128,32,1,8192,245.356
128,32,1,16384,472.901
128,32,2,16,23.6697
128,32,2,32,23.8617
128,32,2,64,23.68
128,32,2,128,25.3443
128,32,2,256,31.4147
128,32,2,512,40.5123
128,32,2,1024,54.4953
128,32,2,2048,81.995
128,32,2,4096,138.241
128,32,2,8192,251.373
128,32,2,16384,478.725
128,32,4,16,28.928
128,32,4,32,29.2373
128,32,4,64,29.355
128,32,4,128,33.2693
128,32,4,256,40.6723
128,32,4,512,54.2193
128,32,4,1024,82.3473
128,32,4,2048,138.945
128,32,4,4096,253.667
128,32,4,8192,491.322
128,32,4,16384,959.413
128,32,8,16,36.811
128,32,8,32,37.0453
128,32,8,64,37.3337
128,32,8,128,44.662
128,32,8,256,58.1767
128,32,8,512,86.5717
128,32,8,1024,143.703
128,32,8,2048,262.574
128,32,8,4096,498.171
128,32,8,8192,1014.34
128,32,8,16384,2031.71
128,32,16,16,54.0913
128,32,16,32,54.9763
128,32,16,64,55.6273
128,32,16,128,73.9203
128,32,16,256,97.729
128,32,16,512,148.46
128,32,16,1024,276.419
128,32,16,2048,500.528
128,32,16,4096,1032.13
128,32,16,8192,2242.78
128,32,16,16384,4970.47
128,32,32,16,88.662
128,32,32,32,90.401
128,32,32,64,91.809
128,32,32,128,132.759
128,32,32,256,183.533
128,32,32,512,329.038
128,32,32,1024,626.619
128,32,32,2048,1372.4
128,32,32,4096,3170.29
128,32,32,8192,6451.95
128,32,32,16384,13042.9
128,32,64,16,160.098
128,32,64,32,163.533
128,32,64,64,166.786
128,32,64,128,255.256
128,32,64,256,458.468
128,32,64,512,942.985
128,32,64,1024,1794.08
128,32,64,2048,3613
128,32,64,4096,7266.99
128,32,64,8192,14539.1
128,32,64,16384,29082.9
128,32,128,16,304.505
128,32,128,32,310.798
128,32,128,64,318.638
128,32,128,128,538.63
128,32,128,256,969.066
128,32,128,512,1896.72
128,32,128,1024,3721.2
128,32,128,2048,7391.98
128,32,128,4096,14706.2
128,32,128,8192,29355.9
128,32,128,16384,58615.1
128,64,0,0,17.163
128,64,1,16,23.339
128,64,1,32,23.307
128,64,1,64,23.414
128,64,1,128,23.7763
128,64,1,256,27.051
128,64,1,512,33.899
128,64,1,1024,47.8723
128,64,1,2048,76.1073
128,64,1,4096,132.535
128,64,1,8192,245.442
128,64,1,16384,472.336
128,64,2,16,23.808
128,64,2,32,23.9573
128,64,2,64,23.9473
128,64,2,128,25.5573
128,64,2,256,31.3603
128,64,2,512,40.7367
128,64,2,1024,54.3683
128,64,2,2048,82.518
128,64,2,4096,138.86
128,64,2,8192,251.981
128,64,2,16384,478.756
128,64,4,16,29.0027
128,64,4,32,29.3443
128,64,4,64,29.419
128,64,4,128,33.4513
128,64,4,256,40.6613
128,64,4,512,54.4327
128,64,4,1024,82.5187
128,64,4,2048,139.062
128,64,4,4096,253.666
128,64,4,8192,490.458
128,64,4,16384,958.997
128,64,8,16,36.8963
128,64,8,32,37.2053
128,64,8,64,37.7177
128,64,8,128,44.704
128,64,8,256,58.187
128,64,8,512,86.4433
128,64,8,1024,143.82
128,64,8,2048,261.773
128,64,8,4096,499.632
128,64,8,8192,992.522
128,64,8,16384,2032.58
128,64,16,16,54.3153
128,64,16,32,55.062
128,64,16,64,55.83
128,64,16,128,73.6977
128,64,16,256,97.964
128,64,16,512,148.151
128,64,16,1024,279.491
128,64,16,2048,506.65
128,64,16,4096,1043.07
128,64,16,8192,2252.39
128,64,16,16384,4851.89
128,64,32,16,88.7263
128,64,32,32,90.465
128,64,32,64,92.0333
128,64,32,128,132.481
128,64,32,256,184.482
128,64,32,512,330.478
128,64,32,1024,644.189
128,64,32,2048,1355.7
128,64,32,4096,3254.66
128,64,32,8192,6409.45
128,64,32,16384,13060
128,64,64,16,160.247
128,64,64,32,163.532
128,64,64,64,166.765
128,64,64,128,256.163
128,64,64,256,467.802
128,64,64,512,949.365
128,64,64,1024,1803.91
128,64,64,2048,3595.78
128,64,64,4096,7260.06
128,64,64,8192,14482.1
128,64,64,16384,29086.3
128,64,128,16,304.419
128,64,128,32,311.268
128,64,128,64,318.787
128,64,128,128,549.115
128,64,128,256,970.89
128,64,128,512,1898.83
128,64,128,1024,3723.93
128,64,128,2048,7396.96
128,64,128,4096,14712.5
128,64,128,8192,29359.8
128,64,128,16384,58611.7
128,128,0,0,17.952
128,128,1,16,23.6377
128,128,1,32,23.7233
128,128,1,64,23.958
128,128,1,128,26.624
128,128,1,256,30.5067
128,128,1,512,38.3153
128,128,1,1024,52.0223
128,128,1,2048,80.2043
128,128,1,4096,135.916
128,128,1,8192,247.843
128,128,1,16384,474.021
128,128,2,16,25.0457
128,128,2,32,25.099
128,128,2,64,25.1627
128,128,2,128,27.3607
128,128,2,256,31.7767
128,128,2,512,46.0697
128,128,2,1024,62.1557
128,128,2,2048,90.0597
128,128,2,4096,145.868
128,128,2,8192,257.145
128,128,2,16384,483.205
128,128,4,16,29.8347
128,128,4,32,29.9947
128,128,4,64,30.2733
128,128,4,128,35.7437
128,128,4,256,42.9227
128,128,4,512,57.4403
128,128,4,1024,85.9427
128,128,4,2048,142.871
128,128,4,4096,256.473
128,128,4,8192,491.322
128,128,4,16384,961.644
128,128,8,16,39.1797
128,128,8,32,39.4773
128,128,8,64,39.841
128,128,8,128,46.6463
128,128,8,256,58.9127
128,128,8,512,87.02
128,128,8,1024,143.383
128,128,8,2048,262.36
128,128,8,4096,502.395
128,128,8,8192,1007.26
128,128,8,16384,2064.57
128,128,16,16,56.1283
128,128,16,32,56.8213
128,128,16,64,57.707
128,128,16,128,75.713
128,128,16,256,99.0303
128,128,16,512,148.076
128,128,16,1024,280.814
128,128,16,2048,526.256
128,128,16,4096,1084.65
128,128,16,8192,2326.86
128,128,16,16384,5172.84
128,128,32,16,90.401
128,128,32,32,92.5447
128,128,32,64,93.7717
128,128,32,128,134.721
128,128,32,256,189.037
128,128,32,512,331.085
128,128,32,1024,651.719
128,128,32,2048,1452.17
128,128,32,4096,3190.68
128,128,32,8192,6389.42
128,128,32,16384,13050.6
128,128,64,16,161.708
128,128,64,32,165.218
128,128,64,64,167.991
128,128,64,128,258.19
128,128,64,256,467.109
128,128,64,512,944.076
128,128,64,1024,1816.44
128,128,64,2048,3618.99
128,128,64,4096,7205.15
128,128,64,8192,14495.9
128,128,64,16384,29135.2
128,128,128,16,305.946
128,128,128,32,312.27
128,128,128,64,320.835
128,128,128,128,543.078
128,128,128,256,975.168
128,128,128,512,1900.8
128,128,128,1024,3724.69
128,128,128,2048,7397.46
128,128,128,4096,14707.1
128,128,128,8192,29353.5
128,128,128,16384,58624.7
128,256,0,0,21.4507
128,256,1,16,27.403
128,256,1,32,27.3393
128,256,1,64,27.616
128,256,1,128,30.9873
128,256,1,256,33.8357
128,256,1,512,41.451
128,256,1,1024,55.4887
128,256,1,2048,83.5103
128,256,1,4096,139.969
128,256,1,8192,252.14
128,256,1,16384,476.4
128,256,2,16,28.9603
128,256,2,32,28.864
128,256,2,64,28.896
128,256,2,128,32.0117
128,256,2,256,34.3587
128,256,2,512,45.9633
128,256,2,1024,69.8033
128,256,2,2048,97.1637
128,256,2,4096,152.684
128,256,2,8192,268.463
128,256,2,16384,489.415
128,256,4,16,34.1333
128,256,4,32,34.2087
128,256,4,64,34.2937
128,256,4,128,40.0647
128,256,4,256,47.019
128,256,4,512,61.132
128,256,4,1024,89.505
128,256,4,2048,146.54
128,256,4,4096,259.726
128,256,4,8192,491.803
128,256,4,16384,962.987
128,256,8,16,44.7257
128,256,8,32,45.2913
128,256,8,64,45.792
128,256,8,128,53.323
128,256,8,256,61.409
128,256,8,512,87.4253
128,256,8,1024,143.308
128,256,8,2048,272.055
128,256,8,4096,511.814
128,256,8,8192,1027.02
128,256,8,16384,2071.17
128,256,16,16,61.8353
128,256,16,32,62.7957
128,256,16,64,63.7767
128,256,16,128,81.4303
128,256,16,256,101.462
128,256,16,512,149.473
128,256,16,1024,286.873
128,256,16,2048,552.849
128,256,16,4096,1187.81
128,256,16,8192,2529.07
128,256,16,16384,5115.2
128,256,32,16,96.567
128,256,32,32,98.1663
128,256,32,64,99.681
128,256,32,128,137.793
128,256,32,256,192.034
128,256,32,512,332.622
128,256,32,1024,690.162
128,256,32,2048,1496.56
128,256,32,4096,3291.08
128,256,32,8192,6413.69
128,256,32,16384,12908.5
128,256,64,16,167.287
128,256,64,32,170.455
128,256,64,64,173.516
128,256,64,128,260.216
128,256,64,256,469.679
128,256,64,512,947.915
128,256,64,1024,1842.57
128,256,64,2048,3654.84
128,256,64,4096,7305.4
128,256,64,8192,14553.5
128,256,64,16384,29141.1
128,256,128,16,308.878
128,256,128,32,315.213
128,256,128,64,323.225
128,256,128,128,555.729
128,256,128,256,978.976
128,256,128,512,1903.49
128,256,128,1024,3728.23
128,256,128,2048,7397.8
128,256,128,4096,14714
128,256,128,8192,29369.7
128,256,128,16384,58715.2
128,512,0,0,28.6933
128,512,1,16,34.432
128,512,1,32,34.5067
128,512,1,64,34.5603
128,512,1,128,38.4437
128,512,1,256,41.76
128,512,1,512,48.5873
128,512,1,1024,63.4567
128,512,1,2048,91.7237
128,512,1,4096,147.021
128,512,1,8192,259.427
128,512,1,16384,485.53
128,512,2,16,36.0647
128,512,2,32,35.9683
128,512,2,64,36.0217
128,512,2,128,39.467
128,512,2,256,43.051
128,512,2,512,49.185
128,512,2,1024,74.6253
128,512,2,2048,112.46
128,512,2,4096,168.834
128,512,2,8192,281.742
128,512,2,16384,504.955
128,512,4,16,45.9737
128,512,4,32,46.1973
128,512,4,64,46.603
128,512,4,128,48.0963
128,512,4,256,54.262
128,512,4,512,68.6303
128,512,4,1024,97.3663
128,512,4,2048,154.956
128,512,4,4096,271.363
128,512,4,8192,503.046
128,512,4,16384,967.295
128,512,8,16,54.305
128,512,8,32,54.4003
128,512,8,64,54.987
128,512,8,128,65.6223
128,512,8,256,74.497
128,512,8,512,89.9743
128,512,8,1024,144.534
128,512,8,2048,268.493
128,512,8,4096,536.604
128,512,8,8192,1088.69
128,512,8,16384,2182.5
128,512,16,16,72.8117
128,512,16,32,73.3233
128,512,16,64,74.2413
128,512,16,128,93.75
128,512,16,256,113.762
128,512,16,512,154.039
128,512,16,1024,258.274
128,512,16,2048,642.268
128,512,16,4096,1407.44
128,512,16,8192,2803.31
128,512,16,16384,5781.65
128,512,32,16,107.553
128,512,32,32,109.356
128,512,32,64,111.02
128,512,32,128,149.709
128,512,32,256,198.7
128,512,32,512,336.771
128,512,32,1024,658.578
128,512,32,2048,1623.79
128,512,32,4096,3375.59
128,512,32,8192,6639.3
128,512,32,16384,13406.3
128,512,64,16,179.319
128,512,64,32,182.285
128,512,64,64,185.272
128,512,64,128,269.358
128,512,64,256,477.904
128,512,64,512,948.597
128,512,64,1024,1844.79
128,512,64,2048,3662.29
128,512,64,4096,7303.16
128,512,64,8192,14598
128,512,64,16384,29147.3
128,512,128,16,319.545
128,512,128,32,325.22
128,512,128,64,333.667
128,512,128,128,554.054
128,512,128,256,985.899
128,512,128,512,1913.7
128,512,128,1024,3736.63
128,512,128,2048,7398.77
128,512,128,4096,14720.7
128,512,128,8192,29367.1
128,512,128,16384,58644.7
128,1024,0,0,42.9977
128,1024,1,16,48.8113
128,1024,1,32,48.79
128,1024,1,64,48.886
128,1024,1,128,52.4597
128,1024,1,256,55.9797
128,1024,1,512,63.0087
128,1024,1,1024,77.4517
128,1024,1,2048,107.457
128,1024,1,4096,161.794
128,1024,1,8192,274.008
128,1024,1,16384,499.824
128,1024,2,16,49.8353
128,1024,2,32,50.166
128,1024,2,64,50.038
128,1024,2,128,53.5043
128,1024,2,256,57.4947
128,1024,2,512,64.8533
128,1024,2,1024,78.8377
128,1024,2,2048,130.7
128,1024,2,4096,200.045
128,1024,2,8192,316.527
128,1024,2,16384,551.229
128,1024,4,16,60.1287
128,1024,4,32,60.416
128,1024,4,64,60.6407
128,1024,4,128,69.8357
128,1024,4,256,75.5733
128,1024,4,512,83.5423
128,1024,4,1024,112.108
128,1024,4,2048,171.426
128,1024,4,4096,291.301
128,1024,4,8192,535.716
128,1024,4,16384,1020.96
128,1024,8,16,74.539
128,1024,8,32,74.774
128,1024,8,64,75.0193
128,1024,8,128,85.6533
128,1024,8,256,94.828
128,1024,8,512,117.324
128,1024,8,1024,149.154
128,1024,8,2048,267.907
128,1024,8,4096,558.918
128,1024,8,8192,1139.72
128,1024,8,16384,2335.39
128,1024,16,16,93.302
128,1024,16,32,94.0067
128,1024,16,64,95.1047
128,1024,16,128,114.039
128,1024,16,256,135.17
128,1024,16,512,179.832
128,1024,16,1024,263.032
128,1024,16,2048,568.753
128,1024,16,4096,1428.63
128,1024,16,8192,2849.04
128,1024,16,16384,5921.1
128,1024,32,16,129.537
128,1024,32,32,130.956
128,1024,32,64,132.065
128,1024,32,128,171.885
128,1024,32,256,223.352
128,1024,32,512,357.006
128,1024,32,1024,613.66
128,1024,32,2048,1564.34
128,1024,32,4096,3383.14
128,1024,32,8192,6780.5
128,1024,32,16384,13580.5
128,1024,64,16,202.136
128,1024,64,32,205.08
128,1024,64,64,207.778
128,1024,64,128,292.024
128,1024,64,256,511.173
128,1024,64,512,973.694
128,1024,64,1024,1839.21
128,1024,64,2048,3678.97
128,1024,64,4096,7293.64
128,1024,64,8192,14551.8
128,1024,64,16384,29169.4
128,1024,128,16,343.096
128,1024,128,32,348.868
128,1024,128,64,357.581
128,1024,128,128,583.014
128,1024,128,256,1002.21
128,1024,128,512,1928.02
128,1024,128,1024,3749.91
128,1024,128,2048,7416.08
128,1024,128,4096,14736.2
128,1024,128,8192,29396.5
128,1024,128,16384,58654
128,2048,0,0,71.798
128,2048,1,16,77.4303
128,2048,1,32,77.3553
128,2048,1,64,77.3983
128,2048,1,128,81.0143
128,2048,1,256,84.2673
128,2048,1,512,91.4573
128,2048,1,1024,106.839
128,2048,1,2048,135.959
128,2048,1,4096,192.866
128,2048,1,8192,307.789
128,2048,1,16384,539.163
128,2048,2,16,78.1023
128,2048,2,32,78.2407
128,2048,2,64,78.0913
128,2048,2,128,82.0807
128,2048,2,256,85.5907
128,2048,2,512,93.1957
128,2048,2,1024,107.873
128,2048,2,2048,137.612
128,2048,2,4096,249.09
128,2048,2,8192,373.112
128,2048,2,16384,609.2
128,2048,4,16,88.4593
128,2048,4,32,89.0357
128,2048,4,64,89.1317
128,2048,4,128,97.878
128,2048,4,256,108.716
128,2048,4,512,130.55
128,2048,4,1024,141.046
128,2048,4,2048,198.412
128,2048,4,4096,320.717
128,2048,4,8192,565.338
128,2048,4,16384,1049.98
128,2048,8,16,104.566
128,2048,8,32,105.441
128,2048,8,64,106.263
128,2048,8,128,124.674
128,2048,8,256,134.583
128,2048,8,512,153.942
128,2048,8,1024,206.477
128,2048,8,2048,266.115
128,2048,8,4096,521.477
128,2048,8,8192,1202.2
128,2048,8,16384,2383.56
128,2048,16,16,132.716
128,2048,16,32,134.573
128,2048,16,64,135.073
128,2048,16,128,155.34
128,2048,16,256,176.279
128,2048,16,512,216.077
128,2048,16,1024,327.833
128,2048,16,2048,475.929
128,2048,16,4096,1401.85
128,2048,16,8192,2913.17
128,2048,16,16384,5728.83
128,2048,32,16,169.58
128,2048,32,32,172.737
128,2048,32,64,173.057
128,2048,32,128,215.714
128,2048,32,256,271.533
128,2048,32,512,417.412
128,2048,32,1024,685.359
128,2048,32,2048,1402.13
128,2048,32,4096,3350.98
128,2048,32,8192,6697.15
128,2048,32,16384,13456
128,2048,64,16,245.666
128,2048,64,32,248.717
128,2048,64,64,251.106
128,2048,64,128,337.741
128,2048,64,256,571.151
128,2048,64,512,1025.15
128,2048,64,1024,1892.38
128,2048,64,2048,3670.53
128,2048,64,4096,7317.75
128,2048,64,8192,14599.9
128,2048,64,16384,29199.8
128,2048,128,16,388.472
128,2048,128,32,395.374
128,2048,128,64,404.025
128,2048,128,128,626.544
128,2048,128,256,1057.68
128,2048,128,512,1965.09
128,2048,128,1024,3779.53
128,2048,128,2048,7444.18
128,2048,128,4096,14756.8
128,2048,128,8192,29428.3
128,2048,128,16384,58719.8
128,4096,0,0,129.121
128,4096,1,16,133.132
128,4096,1,32,134.881
128,4096,1,64,134.476
128,4096,1,128,138.305
128,4096,1,256,141.388
128,4096,1,512,148.961
128,4096,1,1024,163.511
128,4096,1,2048,193.208
128,4096,1,4096,251.917
128,4096,1,8192,366.723
128,4096,1,16384,598.405
128,4096,2,16,134.305
128,4096,2,32,135.393
128,4096,2,64,135.159
128,4096,2,128,138.498
128,4096,2,256,142.305
128,4096,2,512,150.018
128,4096,2,1024,165.613
128,4096,2,2048,195.906
128,4096,2,4096,253.538
128,4096,2,8192,483.002
128,4096,2,16384,721.809
128,4096,4,16,145.207
128,4096,4,32,145.462
128,4096,4,64,145.314
128,4096,4,128,154.924
128,4096,4,256,165.794
128,4096,4,512,186.914
128,4096,4,1024,229.559
128,4096,4,2048,256.813
128,4096,4,4096,372.344
128,4096,4,8192,614.981
128,4096,4,16384,1110.35
128,4096,8,16,161.303
128,4096,8,32,161.527
128,4096,8,64,162.69
128,4096,8,128,180.951
128,4096,8,256,202.466
128,4096,8,512,244.13
128,4096,8,1024,281.634
128,4096,8,2048,379.374
128,4096,8,4096,500.911
128,4096,8,8192,1079.75
128,4096,8,16384,2333.89
128,4096,16,16,191.777
128,4096,16,32,193.239
128,4096,16,64,194.071
128,4096,16,128,230.061
128,4096,16,256,258.146
128,4096,16,512,311.501
128,4096,16,1024,410.127
128,4096,16,2048,632.272
128,4096,16,4096,1083.24
128,4096,16,8192,2966.71
128,4096,16,16384,6036.44
128,4096,32,16,252.429
128,4096,32,32,253.698
128,4096,32,64,254.978
128,4096,32,128,298.136
128,4096,32,256,361.614
128,4096,32,512,530.81
128,4096,32,1024,821.457
128,4096,32,2048,1563.59
128,4096,32,4096,3394.05
128,4096,32,8192,6872.46
128,4096,32,16384,13596.7
128,4096,64,16,328.579
128,4096,64,32,331.075
128,4096,64,64,334.989
128,4096,64,128,425.283
128,4096,64,256,678.555
128,4096,64,512,1126.93
128,4096,64,1024,2003.42
128,4096,64,2048,3768.39
128,4096,64,4096,7384.53
128,4096,64,8192,14663.3
128,4096,64,16384,29243.6
128,4096,128,16,475.93
128,4096,128,32,482.628
128,4096,128,64,495.653
128,4096,128,128,730.726
128,4096,128,256,1155.72
128,4096,128,512,2077.22
128,4096,128,1024,3864.21
128,4096,128,2048,7509.95
128,4096,128,4096,14824.4
128,4096,128,8192,29498.3
128,4096,128,16384,58796.9
128,8192,0,0,244.932
128,8192,1,16,247.256
128,8192,1,32,246.829
128,8192,1,64,247.608
128,8192,1,128,250.093
128,8192,1,256,253.784
128,8192,1,512,260.781
128,8192,1,1024,276.482
128,8192,1,2048,310.392
128,8192,1,4096,370.126
128,8192,1,8192,485.039
128,8192,1,16384,716.731
128,8192,2,16,246.659
128,8192,2,32,246.796
128,8192,2,64,247.126
128,8192,2,128,250.83
128,8192,2,256,255.202
128,8192,2,512,261.634
128,8192,2,1024,279.437
128,8192,2,2048,311.662
128,8192,2,4096,371.512
128,8192,2,8192,485.817
128,8192,2,16384,943.806
128,8192,4,16,259.661
128,8192,4,32,258.296
128,8192,4,64,257.762
128,8192,4,128,267.074
128,8192,4,256,278.51
128,8192,4,512,299.801
128,8192,4,1024,342.777
128,8192,4,2048,431.535
128,8192,4,4096,488.58
128,8192,4,8192,724.135
128,8192,4,16384,1201.24
128,8192,8,16,273.496
128,8192,8,32,275.447
128,8192,8,64,274.904
128,8192,8,128,293.325
128,8192,8,256,315.439
128,8192,8,512,357.091
128,8192,8,1024,446.191
128,8192,8,2048,538.384
128,8192,8,4096,725.681
128,8192,8,8192,1014.5
128,8192,8,16384,2284.38
128,8192,16,16,306.084
128,8192,16,32,306.211
128,8192,16,64,306.157
128,8192,16,128,343.63
128,8192,16,256,381.614
128,8192,16,512,466.468
128,8192,16,1024,571.173
128,8192,16,2048,788.873
128,8192,16,4096,1441.11
128,8192,16,8192,2585.52
128,8192,16,16384,6211.16
128,8192,32,16,367.481
128,8192,32,32,369.72
128,8192,32,64,372.29
128,8192,32,128,446.469
128,8192,32,256,528.805
128,8192,32,512,729.713
128,8192,32,1024,1050.54
128,8192,32,2048,1809.2
128,8192,32,4096,3420.33
128,8192,32,8192,6768.37
128,8192,32,16384,13615.4
128,8192,64,16,490.021
128,8192,64,32,494.767
128,8192,64,64,498.64
128,8192,64,128,600.401
128,8192,64,256,835.731
128,8192,64,512,1312.48
128,8192,64,1024,2196.14
128,8192,64,2048,3972.18
128,8192,64,4096,7534.8
128,8192,64,8192,14797
128,8192,64,16384,29348.7
128,8192,128,16,644.955
128,8192,128,32,653.99
128,8192,128,64,669.479
128,8192,128,128,903.71
128,8192,128,256,1342.6
128,8192,128,512,2277.41
128,8192,128,1024,4083.32
128,8192,128,2048,7683.28
128,8192,128,4096,14936
128,8192,128,8192,29672.2
128,8192,128,16384,58919.6
128,16384,0,0,478.381
128,16384,1,16,477.69
128,16384,1,32,477.636
128,16384,1,64,478.095
128,16384,1,128,478.106
128,16384,1,256,479.588
128,16384,1,512,486.554
128,16384,1,1024,502.18
128,16384,1,2048,544.549
128,16384,1,4096,604.784
128,16384,1,8192,724.187
128,16384,1,16384,955.069
128,16384,2,16,478.169
128,16384,2,32,478.351
128,16384,2,64,478.489
128,16384,2,128,478.521
128,16384,2,256,479.727
128,16384,2,512,487.225
128,16384,2,1024,504.964
128,16384,2,2048,545.968
128,16384,2,4096,605.029
128,16384,2,8192,724.327
128,16384,2,16384,957.522
128,16384,4,16,482.883
128,16384,4,32,482.65
128,16384,4,64,482.96
128,16384,4,128,494.799
128,16384,4,256,504.592
128,16384,4,512,527.993
128,16384,4,1024,567.898
128,16384,4,2048,665.754
128,16384,4,4096,837.232
128,16384,4,8192,954.156
128,16384,4,16384,1445.36
128,16384,8,16,497.231
128,16384,8,32,501.883
128,16384,8,64,501.018
128,16384,8,128,519.514
128,16384,8,256,541.03
128,16384,8,512,583.653
128,16384,8,1024,672.583
128,16384,8,2048,849.937
128,16384,8,4096,1076.23
128,16384,8,8192,1473.86
128,16384,8,16384,2199.4
128,16384,16,16,531.749
128,16384,16,32,533.646
128,16384,16,64,533.082
128,16384,16,128,570.853
128,16384,16,256,609.734
128,16384,16,512,692.977
128,16384,16,1024,876.222
128,16384,16,2048,1137.48
128,16384,16,4096,1618.61
128,16384,16,8192,3169.76
128,16384,16,16384,5235.46
128,16384,32,16,597.242
128,16384,32,32,595.024
128,16384,32,64,597.542
128,16384,32,128,672.379
128,16384,32,256,778.694
128,16384,32,512,1014.32
128,16384,32,1024,1462.04
128,16384,32,2048,2278.61
128,16384,32,4096,3891.12
128,16384,32,8192,7157.02
128,16384,32,16384,13384
128,16384,64,16,723.047
128,16384,64,32,726.875
128,16384,64,64,734.258
128,16384,64,128,903.016
128,16384,64,256,1137.87
128,16384,64,512,1639.46
128,16384,64,1024,2566.44
128,16384,64,2048,4381.35
128,16384,64,4096,7936.76
128,16384,64,8192,14984.5
128,16384,64,16384,29725.4
128,16384,128,16,977.727
128,16384,128,32,985.011
128,16384,128,64,998.13
128,16384,128,128,1235.85
128,16384,128,256,1693.47
128,16384,128,512,2674.11
128,16384,128,1024,4490.79
128,16384,128,2048,8122.3
128,16384,128,4096,15303.2
128,16384,128,8192,29829.5
128,16384,128,16384,59111.8
256,0,0,0,29.0457
256,0,1,16,29.9523
256,0,1,32,30.1973
256,0,1,64,30.0803
256,0,1,128,30.0817
256,0,1,256,34.5067
256,0,1,512,43.3927
256,0,1,1024,57.4413
256,0,1,2048,84.8753
256,0,1,4096,141.441
256,0,1,8192,251.469
256,0,1,16384,477.017
256,0,2,16,33.6213
256,0,2,32,33.5683
256,0,2,64,33.6753
256,0,2,128,36.235
256,0,2,256,40.9497
256,0,2,512,49.9097
256,0,2,1024,70.444
256,0,2,2048,98.0493
256,0,2,4096,155.073
256,0,2,8192,268.11
256,0,2,16384,492.751
256,0,4,16,38.646
256,0,4,32,38.9127
256,0,4,64,39.456
256,0,4,128,42.87
256,0,4,256,50.2513
256,0,4,512,66.8167
256,0,4,1024,93.8777
256,0,4,2048,150.604
256,0,4,4096,266.03
256,0,4,8192,494.724
256,0,4,16384,965.192
256,0,8,16,49.7503
256,0,8,32,50.2513
256,0,8,64,50.326
256,0,8,128,58.8913
256,0,8,256,72.6833
256,0,8,512,98.6563
256,0,8,1024,151.244
256,0,8,2048,276.429
256,0,8,4096,526.277
256,0,8,8192,1020.81
256,0,8,16384,2036.4
256,0,16,16,70.2407
256,0,16,32,71.1153
256,0,16,64,71.734
256,0,16,128,90.5927
256,0,16,256,115.073
256,0,16,512,162.764
256,0,16,1024,302.168
256,0,16,2048,562.523
256,0,16,4096,1199.01
256,0,16,8192,2351.41
256,0,16,16384,5207.09
256,0,32,16,110.508
256,0,32,32,112.396
256,0,32,64,113.42
256,0,32,128,154.198
256,0,32,256,202.7
256,0,32,512,405.838
256,0,32,1024,717.169
256,0,32,2048,1431.93
256,0,32,4096,3176.97
256,0,32,8192,6311.12
256,0,32,16384,12984
256,0,64,16,192.108
256,0,64,32,196.034
256,0,64,64,198.871
256,0,64,128,284.92
256,0,64,256,483.641
256,0,64,512,967.168
256,0,64,1024,1865.18
256,0,64,2048,3669.78
256,0,64,4096,7255.92
256,0,64,8192,14563.4
256,0,64,16384,29127
256,0,128,16,362.499
256,0,128,32,368.537
256,0,128,64,375.822
256,0,128,128,573.243
256,0,128,256,976.457
256,0,128,512,1905.79
256,0,128,1024,3727.26
256,0,128,2048,7400.88
256,0,128,4096,14716.4
256,0,128,8192,29373.1
256,0,128,16384,58638.9
256,16,0,0,32.4907
256,16,1,16,35.2537
256,16,1,32,35.2323
256,16,1,64,35.6373
256,16,1,128,35.6587
256,16,1,256,36.332
256,16,1,512,45.6427
256,16,1,1024,59.5627
256,16,1,2048,87.2543
256,16,1,4096,143.703
256,16,1,8192,255.704
256,16,1,16384,479.749
256,16,2,16,37.728
256,16,2,32,37.9947
256,16,2,64,38.091
256,16,2,128,40.843
256,16,2,256,43.414
256,16,2,512,51.5093
256,16,2,1024,75.0193
256,16,2,2048,103.212
256,16,2,4096,159.778
256,16,2,8192,272.568
256,16,2,16384,497.637
256,16,4,16,43.168
256,16,4,32,43.9047
256,16,4,64,43.6697
256,16,4,128,47.766
256,16,4,256,52.342
256,16,4,512,68.822
256,16,4,1024,97.633
256,16,4,2048,152.759
256,16,4,4096,267.522
256,16,4,8192,495.951
256,16,4,16384,964.585
256,16,8,16,54.4753
256,16,8,32,55.094
256,16,8,64,55.2
256,16,8,128,64.054
256,16,8,256,75.115
256,16,8,512,101.27
256,16,8,1024,152.769
256,16,8,2048,280.398
256,16,8,4096,536.57
256,16,8,8192,1056.5
256,16,8,16384,2106.79
256,16,16,16,75.02
256,16,16,32,76.0217
256,16,16,64,76.801
256,16,16,128,95.0197
256,16,16,256,117.654
256,16,16,512,165.58
256,16,16,1024,297.485
256,16,16,2048,591.344
256,16,16,4096,1223.86
256,16,16,8192,2550.52
256,16,16,16384,5193.66
256,16,32,16,116.161
256,16,32,32,116.993
256,16,32,64,118.347
256,16,32,128,156.929
256,16,32,256,205.036
256,16,32,512,419.791
256,16,32,1024,732.87
256,16,32,2048,1468.78
256,16,32,4096,3180.46
256,16,32,8192,6455.18
256,16,32,16384,12764.6
256,16,64,16,197.208
256,16,64,32,199.916
256,16,64,64,202.711
256,16,64,128,287.043
256,16,64,256,479.354
256,16,64,512,969.545
256,16,64,1024,1869.58
256,16,64,2048,3675.84
256,16,64,4096,7251.3
256,16,64,8192,14589.8
256,16,64,16384,29159
256,16,128,16,364.707
256,16,128,32,370.5
256,16,128,64,377.977
256,16,128,128,576.944
256,16,128,256,974.324
256,16,128,512,1905.75
256,16,128,1024,3729.35
256,16,128,2048,7406.33
256,16,128,4096,14719.2
256,16,128,8192,29374.5
256,16,128,16384,58647.4
256,32,0,0,32.683
256,32,1,16,35.5417
256,32,1,32,35.2643
256,32,1,64,35.8507
256,32,1,128,35.808
256,32,1,256,36.096
256,32,1,512,45.8773
256,32,1,1024,59.7547
256,32,1,2048,87.115
256,32,1,4096,142.893
256,32,1,8192,254.85
256,32,1,16384,477.881
256,32,2,16,37.899
256,32,2,32,37.8247
256,32,2,64,37.9953
256,32,2,128,41.045
256,32,2,256,43.6807
256,32,2,512,51.766
256,32,2,1024,74.934
256,32,2,2048,103.137
256,32,2,4096,160.183
256,32,2,8192,271.086
256,32,2,16384,496.528
256,32,4,16,43.2757
256,32,4,32,43.7657
256,32,4,64,44.2357
256,32,4,128,47.777
256,32,4,256,52.374
256,32,4,512,68.9503
256,32,4,1024,97.4837
256,32,4,2048,152.972
256,32,4,4096,266.893
256,32,4,8192,497.209
256,32,4,16384,965.598
256,32,8,16,54.8277
256,32,8,32,55.2223
256,32,8,64,55.6483
256,32,8,128,63.9263
256,32,8,256,74.827
256,32,8,512,101.494
256,32,8,1024,152.481
256,32,8,2048,280.92
256,32,8,4096,532.72
256,32,8,8192,1070.34
256,32,8,16384,2126.72
256,32,16,16,75.1263
256,32,16,32,76.2453
256,32,16,64,76.9717
256,32,16,128,95.1373
256,32,16,256,117.078
256,32,16,512,165.954
256,32,16,1024,300.867
256,32,16,2048,588.379
256,32,16,4096,1251.23
256,32,16,8192,2620.1
256,32,16,16384,5478.45
256,32,32,16,116.214
256,32,32,32,117.643
256,32,32,64,118.294
256,32,32,128,156.375
256,32,32,256,204.492
256,32,32,512,415.236
256,32,32,1024,724.818
256,32,32,2048,1521.33
256,32,32,4096,3225.28
256,32,32,8192,6412.88
256,32,32,16384,12966.9
256,32,64,16,197.057
256,32,64,32,199.596
256,32,64,64,203.682
256,32,64,128,287.725
256,32,64,256,480.795
256,32,64,512,971.668
256,32,64,1024,1870.56
256,32,64,2048,3702.56
256,32,64,4096,7302.65
256,32,64,8192,14606.1
256,32,64,16384,29135.6
256,32,128,16,364.846
256,32,128,32,370.883
256,32,128,64,378.169
256,32,128,128,579.334
256,32,128,256,975.169
256,32,128,512,1903.46
256,32,128,1024,3729.83
256,32,128,2048,7408.54
256,32,128,4096,14720
256,32,128,8192,29385.7
256,32,128,16384,58639.4
256,64,0,0,32.5653
256,64,1,16,35.6377
256,64,1,32,35.4563
256,64,1,64,35.3813
256,64,1,128,35.7337
256,64,1,256,36.2027
256,64,1,512,45.5897
256,64,1,1024,59.691
256,64,1,2048,87.1903
256,64,1,4096,143.841
256,64,1,8192,254.914
256,64,1,16384,479.961
256,64,2,16,37.888
256,64,2,32,37.9737
256,64,2,64,37.8993
256,64,2,128,41.0987
256,64,2,256,43.1677
256,64,2,512,51.6377
256,64,2,1024,75.0193
256,64,2,2048,103.766
256,64,2,4096,159.543
256,64,2,8192,272.461
256,64,2,16384,497.295
256,64,4,16,43.2857
256,64,4,32,43.862
256,64,4,64,43.8513
256,64,4,128,48.1393
256,64,4,256,52.396
256,64,4,512,69.132
256,64,4,1024,97.6223
256,64,4,2048,152.257
256,64,4,4096,267.267
256,64,4,8192,498.138
256,64,4,16384,964.063
256,64,8,16,54.592
256,64,8,32,55.1047
256,64,8,64,55.3707
256,64,8,128,64.3953
256,64,8,256,74.7633
256,64,8,512,101.59
256,64,8,1024,152.492
256,64,8,2048,277.272
256,64,8,4096,542.757
256,64,8,8192,1067.88
256,64,8,16384,2131.77
256,64,16,16,75.5627
256,64,16,32,76.2773
256,64,16,64,76.9923
256,64,16,128,94.9987
256,64,16,256,117.516
256,64,16,512,165.569
256,64,16,1024,306.008
256,64,16,2048,598.758
256,64,16,4096,1254.23
256,64,16,8192,2608.39
256,64,16,16384,5266.57
256,64,32,16,115.798
256,64,32,32,117.068
256,64,32,64,118.827
256,64,32,128,156.278
256,64,32,256,204.589
256,64,32,512,414.65
256,64,32,1024,725.266
256,64,32,2048,1514.57
256,64,32,4096,3288.96
256,64,32,8192,6544.43
256,64,32,16384,13052.3
256,64,64,16,197.506
256,64,64,32,200.503
256,64,64,64,203.501
256,64,64,128,287.724
256,64,64,256,485.22
256,64,64,512,970.132
256,64,64,1024,1875.86
256,64,64,2048,3701.34
256,64,64,4096,7342.76
256,64,64,8192,14618.9
256,64,64,16384,29124.4
256,64,128,16,364.953
256,64,128,32,370.681
256,64,128,64,378.095
256,64,128,128,577.499
256,64,128,256,978.122
256,64,128,512,1905.34
256,64,128,1024,3731.53
256,64,128,2048,7403.41
256,64,128,4096,14725.2
256,64,128,8192,29383.5
256,64,128,16384,58651.8
256,128,0,0,35.9683
256,128,1,16,36.576
256,128,1,32,36.918
256,128,1,64,36.9493
256,128,1,128,37.3763
256,128,1,256,37.6437
256,128,1,512,48.4273
256,128,1,1024,64.588
256,128,1,2048,92.4917
256,128,1,4096,148.055
256,128,1,8192,258.424
256,128,1,16384,483.951
256,128,2,16,40.715
256,128,2,32,41.0137
256,128,2,64,41.2593
256,128,2,128,44.0223
256,128,2,256,47.51
256,128,2,512,55.7553
256,128,2,1024,77.398
256,128,2,2048,109.206
256,128,2,4096,165.388
256,128,2,8192,278.51
256,128,2,16384,502.096
256,128,4,16,46.518
256,128,4,32,46.6563
256,128,4,64,46.667
256,128,4,128,51.6593
256,128,4,256,56.9187
256,128,4,512,71.51
256,128,4,1024,102.156
256,128,4,2048,157.836
256,128,4,4096,271.458
256,128,4,8192,500.156
256,128,4,16384,965.332
256,128,8,16,57.227
256,128,8,32,57.7393
256,128,8,64,58.422
256,128,8,128,66.9553
256,128,8,256,77.5373
256,128,8,512,104.215
256,128,8,1024,156.108
256,128,8,2048,293.176
256,128,8,4096,552.006
256,128,8,8192,1086.86
256,128,8,16384,2163.1
256,128,16,16,78.7633
256,128,16,32,79.5527
256,128,16,64,80.2773
256,128,16,128,98.849
256,128,16,256,119.83
256,128,16,512,168.758
256,128,16,1024,290.946
256,128,16,2048,594.917
256,128,16,4096,1326.02
256,128,16,8192,2656.37
256,128,16,16384,5503.04
256,128,32,16,118.934
256,128,32,32,120.364
256,128,32,64,121.846
256,128,32,128,160.055
256,128,32,256,208.184
256,128,32,512,410.148
256,128,32,1024,747.901
256,128,32,2048,1575.32
256,128,32,4096,3395.93
256,128,32,8192,6649.18
256,128,32,16384,13326.2
256,128,64,16,200.12
256,128,64,32,203.287
256,128,64,64,206.147
256,128,64,128,291.351
256,128,64,256,484.453
256,128,64,512,969.215
256,128,64,1024,1878.41
256,128,64,2048,3701.29
256,128,64,4096,7350.83
256,128,64,8192,14656
256,128,64,16384,29181.2
256,128,128,16,367.833
256,128,128,32,373.775
256,128,128,64,381.156
256,128,128,128,581.585
256,128,128,256,981.471
256,128,128,512,1907.71
256,128,128,1024,3731.61
256,128,128,2048,7406.45
256,128,128,4096,14728
256,128,128,8192,29386.1
256,128,128,16384,58636.2
256,256,0,0,42.9017
256,256,1,16,43.798
256,256,1,32,43.713
256,256,1,64,43.8947
256,256,1,128,44.3527
256,256,1,256,43.8937
256,256,1,512,49.2063
256,256,1,1024,72.1603
256,256,1,2048,99.3503
256,256,1,4096,156.044
256,256,1,8192,266.808
256,256,1,16384,488.869
256,256,2,16,47.723
256,256,2,32,47.7443
256,256,2,64,47.607
256,256,2,128,51.424
256,256,2,256,54.795
256,256,2,512,62.305
256,256,2,1024,78.7743
256,256,2,2048,120.022
256,256,2,4096,175.618
256,256,2,8192,288.941
256,256,2,16384,511.877
256,256,4,16,53.7813
256,256,4,32,53.8137
256,256,4,64,54.3263
256,256,4,128,58.3687
256,256,4,256,62.593
256,256,4,512,77.2597
256,256,4,1024,110.092
256,256,4,2048,165.356
256,256,4,4096,278.499
256,256,4,8192,505.551
256,256,4,16384,968.574
256,256,8,16,65.7283
256,256,8,32,65.7817
256,256,8,64,65.8567
256,256,8,128,75.2537
256,256,8,256,85.473
256,256,8,512,109.537
256,256,8,1024,163.959
256,256,8,2048,304.931
256,256,8,4096,585.424
256,256,8,8192,1131
256,256,8,16384,2216.04
256,256,16,16,86.2943
256,256,16,32,87.4563
256,256,16,64,87.702
256,256,16,128,106.55
256,256,16,256,126.711
256,256,16,512,173.602
256,256,16,1024,319.353
256,256,16,2048,659.868
256,256,16,4096,1331.58
256,256,16,8192,2731.51
256,256,16,16384,5612.21
256,256,32,16,126.668
256,256,32,32,128.492
256,256,32,64,130.305
256,256,32,128,168.097
256,256,32,256,213.997
256,256,32,512,393.316
256,256,32,1024,791.389
256,256,32,2048,1648.26
256,256,32,4096,3418.95
256,256,32,8192,6637.07
256,256,32,16384,13379.2
256,256,64,16,208.663
256,256,64,32,212.013
256,256,64,64,215.085
256,256,64,128,296.461
256,256,64,256,490.767
256,256,64,512,971.946
256,256,64,1024,1880.73
256,256,64,2048,3707.79
256,256,64,4096,7332.96
256,256,64,8192,14669.1
256,256,64,16384,29231.1
256,256,128,16,373.668
256,256,128,32,379.065
256,256,128,64,386.745
256,256,128,128,585.585
256,256,128,256,986.048
256,256,128,512,1910.13
256,256,128,1024,3733.94
256,256,128,2048,7409.81
256,256,128,4096,14726.6
256,256,128,8192,29384.8
256,256,128,16384,58648.1
256,512,0,0,56.854
256,512,1,16,57.5573
256,512,1,32,57.8243
256,512,1,64,57.8667
256,512,1,128,57.5897
256,512,1,256,58.091
256,512,1,512,57.9953
256,512,1,1024,76.684
256,512,1,2048,113.494
256,512,1,4096,169.794
256,512,1,8192,283.427
256,512,1,16384,502.245
256,512,2,16,61.7393
256,512,2,32,61.4727
256,512,2,64,61.5257
256,512,2,128,65.121
256,512,2,256,69.1957
256,512,2,512,76.0757
256,512,2,1024,90.3477
256,512,2,2048,135.18
256,512,2,4096,196.503
256,512,2,8192,309.144
256,512,2,16384,531.599
256,512,4,16,66.9547
256,512,4,32,67.3077
256,512,4,64,67.2007
256,512,4,128,74.9127
256,512,4,256,79.083
256,512,4,512,90.1663
256,512,4,1024,114.422
256,512,4,2048,181.602
256,512,4,4096,294.105
256,512,4,8192,518.31
256,512,4,16384,981.461
256,512,8,16,80.032
256,512,8,32,80.8543
256,512,8,64,81.1747
256,512,8,128,90.433
256,512,8,256,101.526
256,512,8,512,121.111
256,512,8,1024,173.196
256,512,8,2048,304.632
256,512,8,4096,643.612
256,512,8,8192,1225.08
256,512,8,16384,2434.53
256,512,16,16,102.219
256,512,16,32,102.593
256,512,16,64,103.265
256,512,16,128,123.255
256,512,16,256,143.586
256,512,16,512,184.77
256,512,16,1024,312.91
256,512,16,2048,724.904
256,512,16,4096,1438.69
256,512,16,8192,2956.68
256,512,16,16384,6164.4
256,512,32,16,143.042
256,512,32,32,145.111
256,512,32,64,146.114
256,512,32,128,184.493
256,512,32,256,227.64
256,512,32,512,382.798
256,512,32,1024,784.412
256,512,32,2048,1766.75
256,512,32,4096,3483.8
256,512,32,8192,6979.37
256,512,32,16384,13957
256,512,64,16,224.707
256,512,64,32,227.757
256,512,64,64,230.786
256,512,64,128,312.526
256,512,64,256,496.976
256,512,64,512,980.149
256,512,64,1024,1887.55
256,512,64,2048,3718.4
256,512,64,4096,7342.9
256,512,64,8192,14683.7
256,512,64,16384,29250.5
256,512,128,16,390.297
256,512,128,32,396.302
256,512,128,64,403.673
256,512,128,128,598.396
256,512,128,256,990.912
256,512,128,512,1918.59
256,512,128,1024,3742.28
256,512,128,2048,7415.98
256,512,128,4096,14736.1
256,512,128,8192,29402
256,512,128,16384,58659.7
256,1024,0,0,84.854
256,1024,1,16,85.7613
256,1024,1,32,85.526
256,1024,1,64,85.8893
256,1024,1,128,86.113
256,1024,1,256,85.59
256,1024,1,512,85.996
256,1024,1,1024,86.582
256,1024,1,2048,133.302
256,1024,1,4096,198.444
256,1024,1,8192,309.624
256,1024,1,16384,533.349
256,1024,2,16,89.078
256,1024,2,32,89.047
256,1024,2,64,89.078
256,1024,2,128,92.4173
256,1024,2,256,96.342
256,1024,2,512,104.15
256,1024,2,1024,118.412
256,1024,2,2048,147.287
256,1024,2,4096,237.708
256,1024,2,8192,353.624
256,1024,2,16384,591.697
256,1024,4,16,94.4753
256,1024,4,32,95.019
256,1024,4,64,95.0513
256,1024,4,128,101.196
256,1024,4,256,109.772
256,1024,4,512,122.071
256,1024,4,1024,148.877
256,1024,4,2048,202.242
256,1024,4,4096,328.698
256,1024,4,8192,576.763
256,1024,4,16384,1061.05
256,1024,8,16,107.809
256,1024,8,32,108.599
256,1024,8,64,108.534
256,1024,8,128,120.119
256,1024,8,256,130.817
256,1024,8,512,150.902
256,1024,8,1024,192.077
256,1024,8,2048,319.299
256,1024,8,4096,635.483
256,1024,8,8192,1291.37
256,1024,8,16384,2671.59
256,1024,16,16,131.97
256,1024,16,32,132.961
256,1024,16,64,132.993
256,1024,16,128,153.633
256,1024,16,256,174.914
256,1024,16,512,216.589
256,1024,16,1024,305.336
256,1024,16,2048,749.907
256,1024,16,4096,1549.92
256,1024,16,8192,3067.71
256,1024,16,16384,6098.98
256,1024,32,16,174.37
256,1024,32,32,175.906
256,1024,32,64,176.813
256,1024,32,128,217.218
256,1024,32,256,260.984
256,1024,32,512,439.407
256,1024,32,1024,654.844
256,1024,32,2048,1762.45
256,1024,32,4096,3537.28
256,1024,32,8192,6969.71
256,1024,32,16384,13878.8
256,1024,64,16,257.027
256,1024,64,32,260.728
256,1024,64,64,262.905
256,1024,64,128,344.761
256,1024,64,256,532.497
256,1024,64,512,997.418
256,1024,64,1024,1882.28
256,1024,64,2048,3734.12
256,1024,64,4096,7368.4
256,1024,64,8192,14687.2
256,1024,64,16384,29252.9
256,1024,128,16,423.812
256,1024,128,32,429.145
256,1024,128,64,436.794
256,1024,128,128,627.953
256,1024,128,256,1005.33
256,1024,128,512,1936.27
256,1024,128,1024,3758.82
256,1024,128,2048,7430
256,1024,128,4096,14756.8
256,1024,128,8192,29425.6
256,1024,128,16384,58704.6
256,2048,0,0,140.225
256,2048,1,16,140.929
256,2048,1,32,140.833
256,2048,1,64,141.409
256,2048,1,128,141.313
256,2048,1,256,140.492
256,2048,1,512,141.26
256,2048,1,1024,141.314
256,2048,1,2048,144.076
256,2048,1,4096,244.995
256,2048,1,8192,367.663
256,2048,1,16384,599.418
256,2048,2,16,144.449
256,2048,2,32,144.055
256,2048,2,64,144.844
256,2048,2,128,147.372
256,2048,2,256,151.596
256,2048,2,512,158.434
256,2048,2,1024,174.807
256,2048,2,2048,201.986
256,2048,2,4096,258.883
256,2048,2,8192,435.983
256,2048,2,16384,675.261
256,2048,4,16,149.986
256,2048,4,32,149.654
256,2048,4,64,150.444
256,2048,4,128,154.711
256,2048,4,256,158.124
256,2048,4,512,178.466
256,2048,4,1024,204.29
256,2048,4,2048,263.351
256,2048,4,4096,377.071
256,2048,4,8192,626.333
256,2048,4,16384,1124.6
256,2048,8,16,162.7
256,2048,8,32,162.839
256,2048,8,64,162.701
256,2048,8,128,173.73
256,2048,8,256,186.263
256,2048,8,512,208.344
256,2048,8,1024,252.622
256,2048,8,2048,336.74
256,2048,8,4096,623.931
256,2048,8,8192,1288.32
256,2048,8,16384,2619.41
256,2048,16,16,187.458
256,2048,16,32,189.069
256,2048,16,64,187.97
256,2048,16,128,212.803
256,2048,16,256,235.501
256,2048,16,512,278.616
256,2048,16,1024,371.865
256,2048,16,2048,547.59
256,2048,16,4096,1566.95
256,2048,16,8192,3236.16
256,2048,16,16384,6079.62
256,2048,32,16,235.203
256,2048,32,32,235.288
256,2048,32,64,237.432
256,2048,32,128,278.179
256,2048,32,256,322.852
256,2048,32,512,481.637
256,2048,32,1024,799.613
256,2048,32,2048,1468.73
256,2048,32,4096,3540.74
256,2048,32,8192,7042.76
256,2048,32,16384,13899.5
256,2048,64,16,319.822
256,2048,64,32,323.256
256,2048,64,64,325.71
256,2048,64,128,408.793
256,2048,64,256,588.54
256,2048,64,512,1048.93
256,2048,64,1024,1930.2
256,2048,64,2048,3729.56
256,2048,64,4096,7392.76
256,2048,64,8192,14744.5
256,2048,64,16384,29306.9
256,2048,128,16,487.151
256,2048,128,32,494.063
256,2048,128,64,503.216
256,2048,128,128,695.549
256,2048,128,256,1057.08
256,2048,128,512,1970.59
256,2048,128,1024,3787.38
256,2048,128,2048,7468.4
256,2048,128,4096,14784.7
256,2048,128,8192,29484.2
256,2048,128,16384,58779.5
256,4096,0,0,251.448
256,4096,1,16,252.014
256,4096,1,32,251.767
256,4096,1,64,251.853
256,4096,1,128,251.992
256,4096,1,256,251.395
256,4096,1,512,251.522
256,4096,1,1024,251.544
256,4096,1,2048,259.425
256,4096,1,4096,260.162
256,4096,1,8192,482.245
256,4096,1,16384,713.49
256,4096,2,16,256.077
256,4096,2,32,255.843
256,4096,2,64,255.138
256,4096,2,128,258.979
256,4096,2,256,263.064
256,4096,2,512,269.816
256,4096,2,1024,284.75
256,4096,2,2048,317.987
256,4096,2,4096,371.461
256,4096,2,8192,488.068
256,4096,2,16384,841.438
256,4096,4,16,260.547
256,4096,4,32,262.328
256,4096,4,64,261.912
256,4096,4,128,266.019
256,4096,4,256,270.095
256,4096,4,512,276.472
256,4096,4,1024,318.904
256,4096,4,2048,372.089
256,4096,4,4096,492.561
256,4096,4,8192,732.807
256,4096,4,16384,1215.84
256,4096,8,16,274.072
256,4096,8,32,273.571
256,4096,8,64,275.128
256,4096,8,128,284.281
256,4096,8,256,295.533
256,4096,8,512,318.649
256,4096,8,1024,371.95
256,4096,8,2048,456.496
256,4096,8,4096,625.468
256,4096,8,8192,1342.04
256,4096,8,16384,2769.22
256,4096,16,16,296.622
256,4096,16,32,297.721
256,4096,16,64,297.134
256,4096,16,128,321.027
256,4096,16,256,348.782
256,4096,16,512,401.53
256,4096,16,1024,504.378
256,4096,16,2048,707.389
256,4096,16,4096,1127.19
256,4096,16,8192,3145.98
256,4096,16,16384,6410.18
256,4096,32,16,346.563
256,4096,32,32,346.062
256,4096,32,64,348.228
256,4096,32,128,396.036
256,4096,32,256,445.359
256,4096,32,512,630.151
256,4096,32,1024,923.049
256,4096,32,2048,1709.02
256,4096,32,4096,3472.11
256,4096,32,8192,7049.89
256,4096,32,16384,14120
256,4096,64,16,439.631
256,4096,64,32,444.048
256,4096,64,64,446.948
256,4096,64,128,536.399
256,4096,64,256,698.664
256,4096,64,512,1149.53
256,4096,64,1024,2035.66
256,4096,64,2048,3821.47
256,4096,64,4096,7402.56
256,4096,64,8192,14797.8
256,4096,64,16384,29429.4
256,4096,128,16,613.734
256,4096,128,32,620.689
256,4096,128,64,633.638
256,4096,128,128,822.931
256,4096,128,256,1171.49
256,4096,128,512,2078.97
256,4096,128,1024,3872.03
256,4096,128,2048,7518.15
256,4096,128,4096,14851.6
256,4096,128,8192,29554.3
256,4096,128,16384,58909.1
256,8192,0,0,474.992
256,8192,1,16,474.81
256,8192,1,32,474.341
256,8192,1,64,474.16
256,8192,1,128,475.152
256,8192,1,256,473.37
256,8192,1,512,473.999
256,8192,1,1024,475.077
256,8192,1,2048,474.982
256,8192,1,4096,489.808
256,8192,1,8192,493.008
256,8192,1,16384,939.658
256,8192,2,16,478.842
256,8192,2,32,477.903
256,8192,2,64,478.703
256,8192,2,128,481.274
256,8192,2,256,485.947
256,8192,2,512,492.805
256,8192,2,1024,507.952
256,8192,2,2048,539.899
256,8192,2,4096,608.625
256,8192,2,8192,710.247
256,8192,2,16384,947.957
256,8192,4,16,483.056
256,8192,4,32,482.117
256,8192,4,64,483.589
256,8192,4,128,487.866
256,8192,4,256,492.666
256,8192,4,512,497.797
256,8192,4,1024,513.402
256,8192,4,2048,603.708
256,8192,4,4096,707.784
256,8192,4,8192,944.393
256,8192,4,16384,1423.96
256,8192,8,16,494.724
256,8192,8,32,496.506
256,8192,8,64,496.026
256,8192,8,128,506.864
256,8192,8,256,520.485
256,8192,8,512,540.464
256,8192,8,1024,585.48
256,8192,8,2048,696.712
256,8192,8,4096,855.69
256,8192,8,8192,1264.04
256,8192,8,16384,2831
256,8192,16,16,518.874
256,8192,16,32,519.045
256,8192,16,64,520.208
256,8192,16,128,540.635
256,8192,16,256,565.041
256,8192,16,512,618.95
256,8192,16,1024,746.129
256,8192,16,2048,996.149
256,8192,16,4096,1591.56
256,8192,16,8192,2758.54
256,8192,16,16384,6495.78
256,8192,32,16,562.386
256,8192,32,32,566.353
256,8192,32,64,565.734
256,8192,32,128,621.714
256,8192,32,256,673.351
256,8192,32,512,847.785
256,8192,32,1024,1196.33
256,8192,32,2048,1973.33
256,8192,32,4096,3530.53
256,8192,32,8192,6953.31
256,8192,32,16384,14241.2
256,8192,64,16,663.933
256,8192,64,32,670.143
256,8192,64,64,672.103
256,8192,64,128,780.264
256,8192,64,256,919.381
256,8192,64,512,1343.95
256,8192,64,1024,2243.84
256,8192,64,2048,4015.58
256,8192,64,4096,7545.55
256,8192,64,8192,14869.1
256,8192,64,16384,29531.5
256,8192,128,16,862.441
256,8192,128,32,869.449
256,8192,128,64,882.857
256,8192,128,128,1077.04
256,8192,128,256,1393.07
256,8192,128,512,2286.04
256,8192,128,1024,4085.61
256,8192,128,2048,7694.31
256,8192,128,4096,14957.3
256,8192,128,8192,29680.4
256,8192,128,16384,59026.5
256,16384,0,0,923.903
256,16384,1,16,925.835
256,16384,1,32,926.422
256,16384,1,64,925.067
256,16384,1,128,925.193
256,16384,1,256,925.194
256,16384,1,512,923.721
256,16384,1,1024,925.322
256,16384,1,2048,928.107
256,16384,1,4096,927.787
256,16384,1,8192,952.086
256,16384,1,16384,962.623
256,16384,2,16,927.05
256,16384,2,32,927.731
256,16384,2,64,927.091
256,16384,2,128,928.82
256,16384,2,256,930.729
256,16384,2,512,939.508
256,16384,2,1024,954.09
256,16384,2,2048,993.749
256,16384,2,4096,1056.78
256,16384,2,8192,1183.84
256,16384,2,16384,1396.35
256,16384,4,16,931.463
256,16384,4,32,932.383
256,16384,4,64,930.559
256,16384,4,128,936.244
256,16384,4,256,939.018
256,16384,4,512,947.989
256,16384,4,1024,963.935
256,16384,4,2048,1000.47
256,16384,4,4096,1183.25
256,16384,4,8192,1381.39
256,16384,4,16384,1860.84
256,16384,8,16,942.912
256,16384,8,32,945.139
256,16384,8,64,945.246
256,16384,8,128,954.741
256,16384,8,256,966.892
256,16384,8,512,989.237
256,16384,8,1024,1037.08
256,16384,8,2048,1137.27
256,16384,8,4096,1320.12
256,16384,8,8192,1697.93
256,16384,8,16384,2645.22
256,16384,16,16,965.759
256,16384,16,32,967.957
256,16384,16,64,967.423
256,16384,16,128,990.207
256,16384,16,256,1012.1
256,16384,16,512,1058.83
256,16384,16,1024,1188.4
256,16384,16,2048,1498.97
256,16384,16,4096,2015.4
256,16384,16,8192,3379.07
256,16384,16,16384,5999.25
256,16384,32,16,1015.85
256,16384,32,32,1015.53
256,16384,32,64,1018.26
256,16384,32,128,1063.7
256,16384,32,256,1114.3
256,16384,32,512,1272.57
256,16384,32,1024,1662.07
256,16384,32,2048,2395.3
256,16384,32,4096,4034.08
256,16384,32,8192,7069.15
256,16384,32,16384,13710.2
256,16384,64,16,1110.72
256,16384,64,32,1115.46
256,16384,64,64,1117.74
256,16384,64,128,1227.01
256,16384,64,256,1380.78
256,16384,64,512,1766.65
256,16384,64,1024,2625.42
256,16384,64,2048,4424.41
256,16384,64,4096,7984.78
256,16384,64,8192,15186.9
256,16384,64,16384,29703.1
256,16384,128,16,1323.73
256,16384,128,32,1337.69
256,16384,128,64,1347.38
256,16384,128,128,1564.45
256,16384,128,256,1841.41
256,16384,128,512,2696.78
256,16384,128,1024,4492.83
256,16384,128,2048,8112.67
256,16384,128,4096,15331.4
256,16384,128,8192,29922.6
256,16384,128,16384,59274.4
512,0,0,0,62.2727
512,0,1,16,64.086
512,0,1,32,64.0327
512,0,1,64,64.716
512,0,1,128,65.0677
512,0,1,256,67.0617
512,0,1,512,72.107
512,0,1,1024,88.7903
512,0,1,2048,118.412
512,0,1,4096,174.445
512,0,1,8192,284.739
512,0,1,16384,507.451
512,0,2,16,66.6247
512,0,2,32,67.233
512,0,2,64,68.001
512,0,2,128,70.187
512,0,2,256,72.6087
512,0,2,512,80.5763
512,0,2,1024,101.462
512,0,2,2048,142.039
512,0,2,4096,206.029
512,0,2,8192,319.47
512,0,2,16384,544.293
512,0,4,16,73.739
512,0,4,32,75.0087
512,0,4,64,74.3263
512,0,4,128,79.4673
512,0,4,256,84.0223
512,0,4,512,97.2807
512,0,4,1024,128.769
512,0,4,2048,187.17
512,0,4,4096,299.085
512,0,4,8192,528.742
512,0,4,16384,995.053
512,0,8,16,87.6383
512,0,8,32,88.3743
512,0,8,64,88.7697
512,0,8,128,97.943
512,0,8,256,108.545
512,0,8,512,132.684
512,0,8,1024,185.346
512,0,8,2048,328.368
512,0,8,4096,635.195
512,0,8,8192,1217.87
512,0,8,16384,2378.17
512,0,16,16,114.711
512,0,16,32,115.116
512,0,16,64,116.353
512,0,16,128,135.063
512,0,16,256,155.97
512,0,16,512,203.992
512,0,16,1024,371.823
512,0,16,2048,752.627
512,0,16,4096,1400.13
512,0,16,8192,2830.25
512,0,16,16384,5511.86
512,0,32,16,167.576
512,0,32,32,169.548
512,0,32,64,170.637
512,0,32,128,209.261
512,0,32,256,253.817
512,0,32,512,472.112
512,0,32,1024,889.843
512,0,32,2048,1775.19
512,0,32,4096,3516.47
512,0,32,8192,6820.04
512,0,32,16384,13812
512,0,64,16,273.411
512,0,64,32,276.174
512,0,64,64,277.742
512,0,64,128,359.492
512,0,64,256,507.515
512,0,64,512,992.415
512,0,64,1024,1910.19
512,0,64,2048,3754.88
512,0,64,4096,7403.24
512,0,64,8192,14703.9
512,0,64,16384,29253.3
512,0,128,16,487.067
512,0,128,32,491.962
512,0,128,64,499.333
512,0,128,128,692.018
512,0,128,256,1002.42
512,0,128,512,1922.9
512,0,128,1024,3749.03
512,0,128,2048,7427.46
512,0,128,4096,14744.7
512,0,128,8192,29409.1
512,0,128,16384,58668.2
512,16,0,0,69.7923
512,16,1,16,71.5743
512,16,1,32,71.553
512,16,1,64,72.0333
512,16,1,128,72.0643
512,16,1,256,73.7287
512,16,1,512,76.4057
512,16,1,1024,93.4197
512,16,1,2048,123.916
512,16,1,4096,179.372
512,16,1,8192,290.222
512,16,1,16384,515.056
512,16,2,16,74.038
512,16,2,32,74.2517
512,16,2,64,73.675
512,16,2,128,76.7047
512,16,2,256,79.094
512,16,2,512,84.364
512,16,2,1024,106.508
512,16,2,2048,148.29
512,16,2,4096,215.821
512,16,2,8192,328.686
512,16,2,16384,553.884
512,16,4,16,81.772
512,16,4,32,81.921
512,16,4,64,81.836
512,16,4,128,86.55
512,16,4,256,91.1267
512,16,4,512,101.655
512,16,4,1024,133.335
512,16,4,2048,193.474
512,16,4,4096,305.784
512,16,4,8192,543.856
512,16,4,16384,1012.93
512,16,8,16,95.158
512,16,8,32,95.6803
512,16,8,64,95.8197
512,16,8,128,104.812
512,16,8,256,115.232
512,16,8,512,136.929
512,16,8,1024,189.751
512,16,8,2048,330.563
512,16,8,4096,673.298
512,16,8,8192,1239.4
512,16,8,16384,2459.68
512,16,16,16,122.134
512,16,16,32,122.999
512,16,16,64,123.713
512,16,16,128,142.657
512,16,16,256,163.127
512,16,16,512,208.589
512,16,16,1024,379.118
512,16,16,2048,758.888
512,16,16,4096,1442.1
512,16,16,8192,2904.88
512,16,16,16384,5736.38
512,16,32,16,175.522
512,16,32,32,176.855
512,16,32,64,178.156
512,16,32,128,217.091
512,16,32,256,258.285
512,16,32,512,468.005
512,16,32,1024,888.053
512,16,32,2048,1785.63
512,16,32,4096,3526.82
512,16,32,8192,7046.58
512,16,32,16384,13993.7
512,16,64,16,280.494
512,16,64,32,283.982
512,16,64,64,285.613
512,16,64,128,365.476
512,16,64,256,505.285
512,16,64,512,994.976
512,16,64,1024,1910.76
512,16,64,2048,3751.65
512,16,64,4096,7404.79
512,16,64,8192,14746.3
512,16,64,16384,29293.9
512,16,128,16,491.782
512,16,128,32,497.339
512,16,128,64,504.283
512,16,128,128,697.095
512,16,128,256,1002.23
512,16,128,512,1924.12
512,16,128,1024,3750.27
512,16,128,2048,7427.04
512,16,128,4096,14752.9
512,16,128,8192,29418.9
512,16,128,16384,58677.1
512,32,0,0,69.729
512,32,1,16,71.521
512,32,1,32,71.233
512,32,1,64,71.702
512,32,1,128,71.6057
512,32,1,256,73.814
512,32,1,512,76.2777
512,32,1,1024,93.4093
512,32,1,2048,124.94
512,32,1,4096,179.916
512,32,1,8192,291.533
512,32,1,16384,513.212
512,32,2,16,74.5503
512,32,2,32,74.4857
512,32,2,64,74.4223
512,32,2,128,76.6517
512,32,2,256,79.6277
512,32,2,512,84.7903
512,32,2,1024,106.754
512,32,2,2048,148.097
512,32,2,4096,216.525
512,32,2,8192,327.448
512,32,2,16384,553.659
512,32,4,16,81.6963
512,32,4,32,81.9533
512,32,4,64,81.7823
512,32,4,128,86.38
512,32,4,256,91.66
512,32,4,512,101.932
512,32,4,1024,133.9
512,32,4,2048,193.986
512,32,4,4096,306.723
512,32,4,8192,539.708
512,32,4,16384,1015.41
512,32,8,16,95.3717
512,32,8,32,95.0727
512,32,8,64,95.9477
512,32,8,128,105.431
512,32,8,256,115.67
512,32,8,512,137.1
512,32,8,1024,190.103
512,32,8,2048,341.934
512,32,8,4096,663.986
512,32,8,8192,1226.72
512,32,8,16384,2432.63
512,32,16,16,122.444
512,32,16,32,123.67
512,32,16,64,123.191
512,32,16,128,142.743
512,32,16,256,162.946
512,32,16,512,208.013
512,32,16,1024,364.697
512,32,16,2048,754.141
512,32,16,4096,1469.58
512,32,16,8192,2878.11
512,32,16,16384,5793.2
512,32,32,16,175.265
512,32,32,32,176.994
512,32,32,64,177.986
512,32,32,128,216.6
512,32,32,256,259.203
512,32,32,512,461.082
512,32,32,1024,901.705
512,32,32,2048,1775.94
512,32,32,4096,3565.1
512,32,32,8192,6989.55
512,32,32,16384,14068.7
512,32,64,16,280.515
512,32,64,32,283.694
512,32,64,64,285.817
512,32,64,128,364.729
512,32,64,256,510.534
512,32,64,512,993.44
512,32,64,1024,1912.87
512,32,64,2048,3752.14
512,32,64,4096,7410.93
512,32,64,8192,14722.6
512,32,64,16384,29300.3
512,32,128,16,491.973
512,32,128,32,497.114
512,32,128,64,504.634
512,32,128,128,695.805
512,32,128,256,1002.73
512,32,128,512,1925.62
512,32,128,1024,3750.2
512,32,128,2048,7427.67
512,32,128,4096,14757.3
512,32,128,8192,29414.2
512,32,128,16384,58685.5
512,64,0,0,69.1637
512,64,1,16,70.8917
512,64,1,32,71.3927
512,64,1,64,71.1797
512,64,1,128,72.1927
512,64,1,256,74.081
512,64,1,512,75.2223
512,64,1,1024,93.0463
512,64,1,2048,125.206
512,64,1,4096,180.269
512,64,1,8192,290.745
512,64,1,16384,515.643
512,64,2,16,74.198
512,64,2,32,74.6673
512,64,2,64,73.7713
512,64,2,128,76.193
512,64,2,256,78.806
512,64,2,512,84.577
512,64,2,1024,106.209
512,64,2,2048,148.268
512,64,2,4096,215.149
512,64,2,8192,327.619
512,64,2,16384,551.621
512,64,4,16,82.305
512,64,4,32,82.7533
512,64,4,64,81.9743
512,64,4,128,85.8887
512,64,4,256,91.4997
512,64,4,512,102.22
512,64,4,1024,133.676
512,64,4,2048,193.88
512,64,4,4096,307.492
512,64,4,8192,542.15
512,64,4,16384,1013.04
512,64,8,16,95.7557
512,64,8,32,95.1477
512,64,8,64,94.9873
512,64,8,128,105.387
512,64,8,256,115.126
512,64,8,512,137.111
512,64,8,1024,190.509
512,64,8,2048,342.019
512,64,8,4096,676.338
512,64,8,8192,1240.62
512,64,8,16384,2445.81
512,64,16,16,122.572
512,64,16,32,123.233
512,64,16,64,123.639
512,64,16,128,142.945
512,64,16,256,163.618
512,64,16,512,208.738
512,64,16,1024,366.66
512,64,16,2048,738.535
512,64,16,4096,1473.58
512,64,16,8192,2858.38
512,64,16,16384,5539.83
512,64,32,16,174.85
512,64,32,32,176.887
512,64,32,64,177.975
512,64,32,128,216.738
512,64,32,256,259.501
512,64,32,512,472.027
512,64,32,1024,911.124
512,64,32,2048,1803.41
512,64,32,4096,3552.66
512,64,32,8192,6999.82
512,64,32,16384,13945.6
512,64,64,16,281.134
512,64,64,32,283.224
512,64,64,64,285.891
512,64,64,128,364.399
512,64,64,256,507.878
512,64,64,512,995.795
512,64,64,1024,1915.47
512,64,64,2048,3760.41
512,64,64,4096,7413.66
512,64,64,8192,14708
512,64,64,16384,29288.7
512,64,128,16,491.355
512,64,128,32,497.104
512,64,128,64,505.541
512,64,128,128,696.957
512,64,128,256,1004.52
512,64,128,512,1924.53
512,64,128,1024,3753.21
512,64,128,2048,7437.87
512,64,128,4096,14761.4
512,64,128,8192,29431.8
512,64,128,16384,58689.2
512,128,0,0,74.8597
512,128,1,16,76.5877
512,128,1,32,76.4273
512,128,1,64,76.0327
512,128,1,128,77.131
512,128,1,256,79.2437
512,128,1,512,81.3877
512,128,1,1024,98.4333
512,128,1,2048,130.817
512,128,1,4096,185.954
512,128,1,8192,296.686
512,128,1,16384,519.632
512,128,2,16,79.681
512,128,2,32,79.8087
512,128,2,64,79.8193
512,128,2,128,82.658
512,128,2,256,85.0783
512,128,2,512,89.601
512,128,2,1024,111.916
512,128,2,2048,153.378
512,128,2,4096,226.862
512,128,2,8192,338.786
512,128,2,16384,563.548
512,128,4,16,86.9657
512,128,4,32,86.8913
512,128,4,64,87.3717
512,128,4,128,91.8297
512,128,4,256,96.8437
512,128,4,512,108.001
512,128,4,1024,139.222
512,128,4,2048,200.887
512,128,4,4096,317.763
512,128,4,8192,561.361
512,128,4,16384,1028.36
512,128,8,16,100.854
512,128,8,32,101.313
512,128,8,64,101.772
512,128,8,128,111.276
512,128,8,256,121.644
512,128,8,512,142.903
512,128,8,1024,194.861
512,128,8,2048,352.633
512,128,8,4096,688.156
512,128,8,8192,1275.66
512,128,8,16384,2456.29
512,128,16,16,128.002
512,128,16,32,128.951
512,128,16,64,128.855
512,128,16,128,148.556
512,128,16,256,168.429
512,128,16,512,213.858
512,128,16,1024,373.145
512,128,16,2048,759.037
512,128,16,4096,1519.78
512,128,16,8192,3024.34
512,128,16,16384,6066.9
512,128,32,16,180.684
512,128,32,32,181.708
512,128,32,64,183.448
512,128,32,128,222.754
512,128,32,256,264.749
512,128,32,512,460.646
512,128,32,1024,912.778
512,128,32,2048,1804.58
512,128,32,4096,3584.13
512,128,32,8192,7001.86
512,128,32,16384,13934.6
512,128,64,16,286.862
512,128,64,32,289.614
512,128,64,64,292.216
512,128,64,128,370.169
512,128,64,256,513.498
512,128,64,512,995.157
512,128,64,1024,1912.82
512,128,64,2048,3754.03
512,128,64,4096,7428.89
512,128,64,8192,14747.3
512,128,64,16384,29363.8
512,128,128,16,498.256
512,128,128,32,502.992
512,128,128,64,510.203
512,128,128,128,701.725
512,128,128,256,1006.16
512,128,128,512,1926.05
512,128,128,1024,3751.01
512,128,128,2048,7427.18
512,128,128,4096,14759.9
512,128,128,8192,29413.5
512,128,128,16384,58703.2
512,256,0,0,87.67
512,256,1,16,88.8753
512,256,1,32,88.865
512,256,1,64,88.598
512,256,1,128,90.8277
512,256,1,256,92.854
512,256,1,512,94.571
512,256,1,1024,107.244
512,256,1,2048,140.503
512,256,1,4096,198.893
512,256,1,8192,310.308
512,256,1,16384,532.891
512,256,2,16,92.1073
512,256,2,32,92.502
512,256,2,64,92.758
512,256,2,128,95.1793
512,256,2,256,97.3453
512,256,2,512,102.401
512,256,2,1024,122.039
512,256,2,2048,162.455
512,256,2,4096,246.584
512,256,2,8192,358.852
512,256,2,16384,582.705
512,256,4,16,99.6597
512,256,4,32,99.457
512,256,4,64,99.9047
512,256,4,128,104.513
512,256,4,256,110.305
512,256,4,512,119.863
512,256,4,1024,149.377
512,256,4,2048,209.773
512,256,4,4096,342.222
512,256,4,8192,603.1
512,256,4,16384,1066.48
512,256,8,16,113.675
512,256,8,32,113.665
512,256,8,64,114.188
512,256,8,128,123.51
512,256,8,256,134.668
512,256,8,512,153.72
512,256,8,1024,206.424
512,256,8,2048,347.843
512,256,8,4096,689.745
512,256,8,8192,1309.33
512,256,8,16384,2586.05
512,256,16,16,141.57
512,256,16,32,141.793
512,256,16,64,142.433
512,256,16,128,161.559
512,256,16,256,182.807
512,256,16,512,224.493
512,256,16,1024,391.279
512,256,16,2048,819.071
512,256,16,4096,1568.67
512,256,16,8192,3134.69
512,256,16,16384,6170.44
512,256,32,16,194.541
512,256,32,32,196.002
512,256,32,64,196.707
512,256,32,128,237.09
512,256,32,256,278.606
512,256,32,512,465.307
512,256,32,1024,922.306
512,256,32,2048,1831.09
512,256,32,4096,3584.04
512,256,32,8192,7162.39
512,256,32,16384,14230
512,256,64,16,300.633
512,256,64,32,303.364
512,256,64,64,305.678
512,256,64,128,383.951
512,256,64,256,523.141
512,256,64,512,999.926
512,256,64,1024,1917.73
512,256,64,2048,3766
512,256,64,4096,7429.97
512,256,64,8192,14782.8
512,256,64,16384,29399.3
512,256,128,16,511.152
512,256,128,32,517.18
512,256,128,64,523.771
512,256,128,128,712.935
512,256,128,256,1010.81
512,256,128,512,1929.78
512,256,128,1024,3756.74
512,256,128,2048,7438.5
512,256,128,4096,14770.2
512,256,128,8192,29435
512,256,128,16384,58716.1
512,512,0,0,112.791
512,512,1,16,113.965
512,512,1,32,113.217
512,512,1,64,114.689
512,512,1,128,116.78
512,512,1,256,116.877
512,512,1,512,120.279
512,512,1,1024,127.233
512,512,1,2048,159.404
512,512,1,4096,223.629
512,512,1,8192,334.489
512,512,1,16384,558.373
512,512,2,16,117.911
512,512,2,32,117.729
512,512,2,64,117.825
512,512,2,128,119.734
512,512,2,256,122.284
512,512,2,512,126.358
512,512,2,1024,139.521
512,512,2,2048,185.55
512,512,2,4096,268.835
512,512,2,8192,399.876
512,512,2,16384,622.309
512,512,4,16,124.204
512,512,4,32,124.417
512,512,4,64,124.044
512,512,4,128,128.93
512,512,4,256,134.668
512,512,4,512,144.556
512,512,4,1024,170.231
512,512,4,2048,231.917
512,512,4,4096,369.7
512,512,4,8192,635.282
512,512,4,16384,1130.92
512,512,8,16,137.964
512,512,8,32,138.07
512,512,8,64,138.007
512,512,8,128,148.652
512,512,8,256,159.372
512,512,8,512,180.172
512,512,8,1024,226.05
512,512,8,2048,363.267
512,512,8,4096,712.73
512,512,8,8192,1411.58
512,512,8,16384,2790.33
512,512,16,16,166.092
512,512,16,32,167.149
512,512,16,64,167.405
512,512,16,128,187.406
512,512,16,256,208.983
512,512,16,512,250.168
512,512,16,1024,414.479
512,512,16,2048,883.027
512,512,16,4096,1707.36
512,512,16,8192,3391.01
512,512,16,16384,6675.53
512,512,32,16,219.959
512,512,32,32,220.941
512,512,32,64,221.869
512,512,32,128,263.032
512,512,32,256,305.881
512,512,32,512,479.802
512,512,32,1024,907.316
512,512,32,2048,1851.62
512,512,32,4096,3638.25
512,512,32,8192,7192.17
512,512,32,16384,14384.7
512,512,64,16,325.785
512,512,64,32,328.698
512,512,64,64,332.163
512,512,64,128,411.599
512,512,64,256,539.291
512,512,64,512,1005.39
512,512,64,1024,1925.02
512,512,64,2048,3771.71
512,512,64,4096,7442.05
512,512,64,8192,14780.5
512,512,64,16384,29420
512,512,128,16,537.69
512,512,128,32,542.63
512,512,128,64,550.928
512,512,128,128,733.586
512,512,128,256,1019.42
512,512,128,512,1937.61
512,512,128,1024,3763.38
512,512,128,2048,7453.21
512,512,128,4096,14784.8
512,512,128,8192,29459
512,512,128,16384,58747.7
512,1024,0,0,168.578
512,1024,1,16,167.394
512,1024,1,32,167.448
512,1024,1,64,168.429
512,1024,1,128,168.3
512,1024,1,256,168.77
512,1024,1,512,172.066
512,1024,1,1024,175.34
512,1024,1,2048,197.527
512,1024,1,4096,259.618
512,1024,1,8192,391.183
512,1024,1,16384,611.132
512,1024,2,16,169.89
512,1024,2,32,169.506
512,1024,2,64,169.996
512,1024,2,128,171.02
512,1024,2,256,173.996
512,1024,2,512,177.484
512,1024,2,1024,183.117
512,1024,2,2048,224.034
512,1024,2,4096,301.646
512,1024,2,8192,479.706
512,1024,2,16384,728.605
512,1024,4,16,175.564
512,1024,4,32,176.589
512,1024,4,64,175.959
512,1024,4,128,179.34
512,1024,4,256,183.863
512,1024,4,512,193.879
512,1024,4,1024,213.847
512,1024,4,2048,270.787
512,1024,4,4096,394.201
512,1024,4,8192,716.254
512,1024,4,16384,1307.01
512,1024,8,16,187.522
512,1024,8,32,188.461
512,1024,8,64,187.81
512,1024,8,128,198.306
512,1024,8,256,208.855
512,1024,8,512,230.488
512,1024,8,1024,271.587
512,1024,8,2048,405.306
512,1024,8,4096,649.821
512,1024,8,8192,1432.11
512,1024,8,16384,3021.54
512,1024,16,16,215.394
512,1024,16,32,215.778
512,1024,16,64,216.983
512,1024,16,128,238.136
512,1024,16,256,259.576
512,1024,16,512,301.486
512,1024,16,1024,400.441
512,1024,16,2048,830.133
512,1024,16,4096,1766.07
512,1024,16,8192,3506.74
512,1024,16,16384,6871.71
512,1024,32,16,270.627
512,1024,32,32,271.832
512,1024,32,64,273.347
512,1024,32,128,314.287
512,1024,32,256,357.977
512,1024,32,512,516.816
512,1024,32,1024,783.763
512,1024,32,2048,1864.71
512,1024,32,4096,3663.06
512,1024,32,8192,7232.49
512,1024,32,16384,14397.8
512,1024,64,16,377.22
512,1024,64,32,380.857
512,1024,64,64,382.681
512,1024,64,128,464.933
512,1024,64,256,578.468
512,1024,64,512,1021.82
512,1024,64,1024,1942.52
512,1024,64,2048,3792.72
512,1024,64,4096,7472.32
512,1024,64,8192,14831.9
512,1024,64,16384,29455
512,1024,128,16,590.833
512,1024,128,32,595.121
512,1024,128,64,604.924
512,1024,128,128,786.792
512,1024,128,256,1044.86
512,1024,128,512,1953.27
512,1024,128,1024,3783.74
512,1024,128,2048,7472.04
512,1024,128,4096,14823.4
512,1024,128,8192,29505.1
512,1024,128,16384,58821
512,2048,0,0,278.2
512,2048,1,16,280.183
512,2048,1,32,279.629
512,2048,1,64,277.967
512,2048,1,128,275.865
512,2048,1,256,277.593
512,2048,1,512,277.082
512,2048,1,1024,280.749
512,2048,1,2048,285.998
512,2048,1,4096,336.569
512,2048,1,8192,471.589
512,2048,1,16384,737.748
512,2048,2,16,280.526
512,2048,2,32,278.318
512,2048,2,64,279.075
512,2048,2,128,281.102
512,2048,2,256,279.438
512,2048,2,512,282.819
512,2048,2,1024,287.79
512,2048,2,2048,293.934
512,2048,2,4096,392.025
512,2048,2,8192,553.627
512,2048,2,16384,887.978
512,2048,4,16,283.608
512,2048,4,32,282.286
512,2048,4,64,283.747
512,2048,4,128,282.798
512,2048,4,256,287.982
512,2048,4,512,293.378
512,2048,4,1024,320.142
512,2048,4,2048,355.718
512,2048,4,4096,472.049
512,2048,4,8192,735.901
512,2048,4,16384,1386.16
512,2048,8,16,290.403
512,2048,8,32,289.635
512,2048,8,64,291.107
512,2048,8,128,298.488
512,2048,8,256,308.536
512,2048,8,512,330.777
512,2048,8,1024,371.747
512,2048,8,2048,472.656
512,2048,8,4096,696.413
512,2048,8,8192,1542.82
512,2048,8,16384,3153.14
512,2048,16,16,317.294
512,2048,16,32,317.156
512,2048,16,64,318.467
512,2048,16,128,337.241
512,2048,16,256,359.171
512,2048,16,512,403.759
512,2048,16,1024,505.722
512,2048,16,2048,699.912
512,2048,16,4096,1647.02
512,2048,16,8192,3458.2
512,2048,16,16384,6925.12
512,2048,32,16,370.554
512,2048,32,32,371.801
512,2048,32,64,372.688
512,2048,32,128,415.62
512,2048,32,256,460.08
512,2048,32,512,570.81
512,2048,32,1024,992.917
512,2048,32,2048,1555.99
512,2048,32,4096,3670.78
512,2048,32,8192,7282.51
512,2048,32,16384,14427.1
512,2048,64,16,479.93
512,2048,64,32,482.864
512,2048,64,64,485.83
512,2048,64,128,571.644
512,2048,64,256,677.383
512,2048,64,512,1070.15
512,2048,64,1024,1976.77
512,2048,64,2048,3818.18
512,2048,64,4096,7517.77
512,2048,64,8192,14920
512,2048,64,16384,29557.6
512,2048,128,16,694.951
512,2048,128,32,701.65
512,2048,128,64,711.421
512,2048,128,128,891.881
512,2048,128,256,1119.82
512,2048,128,512,1981.22
512,2048,128,1024,3820.4
512,2048,128,2048,7533.74
512,2048,128,4096,14875.4
512,2048,128,8192,29600.6
512,2048,128,16384,58926.1
512,4096,0,0,500.218
512,4096,1,16,498.533
512,4096,1,32,497.296
512,4096,1,64,498.181
512,4096,1,128,500.015
512,4096,1,256,498.32
512,4096,1,512,498.427
512,4096,1,1024,499.738
512,4096,1,2048,503.27
512,4096,1,4096,508.229
512,4096,1,8192,617.533
512,4096,1,16384,919.37
512,4096,2,16,499.706
512,4096,2,32,500.24
512,4096,2,64,498.778
512,4096,2,128,500.027
512,4096,2,256,502.043
512,4096,2,512,501.146
512,4096,2,1024,502.981
512,4096,2,2048,509.68
512,4096,2,4096,519.472
512,4096,2,8192,733.651
512,4096,2,16384,1088.35
512,4096,4,16,504.698
512,4096,4,32,504.08
512,4096,4,64,504.507
512,4096,4,128,503.942
512,4096,4,256,503.706
512,4096,4,512,505.104
512,4096,4,1024,516.763
512,4096,4,2048,570.321
512,4096,4,4096,637.183
512,4096,4,8192,868.009
512,4096,4,16384,1381.23
512,4096,8,16,509.851
512,4096,8,32,508.827
512,4096,8,64,508.369
512,4096,8,128,510.3
512,4096,8,256,515.408
512,4096,8,512,529.649
512,4096,8,1024,572.561
512,4096,8,2048,654.29
512,4096,8,4096,871.529
512,4096,8,8192,1360.06
512,4096,8,16384,3239.47
512,4096,16,16,523.441
512,4096,16,32,523.547
512,4096,16,64,523.59
512,4096,16,128,540.838
512,4096,16,256,559.643
512,4096,16,512,601.991
512,4096,16,1024,700.85
512,4096,16,2048,953.398
512,4096,16,4096,1406.14
512,4096,16,8192,3612.59
512,4096,16,16384,6940.28
512,4096,32,16,572.924
512,4096,32,32,571.846
512,4096,32,64,573.414
512,4096,32,128,614.716
512,4096,32,256,661.768
512,4096,32,512,761.395
512,4096,32,1024,1130.99
512,4096,32,2048,1927.82
512,4096,32,4096,3365.34
512,4096,32,8192,7385.7
512,4096,32,16384,14554.7
512,4096,64,16,679.772
512,4096,64,32,685.928
512,4096,64,64,688.296
512,4096,64,128,774.493
512,4096,64,256,883.166
512,4096,64,512,1186.4
512,4096,64,1024,2093.66
512,4096,64,2048,3881.63
512,4096,64,4096,7578.15
512,4096,64,8192,15023.9
512,4096,64,16384,29781.1
512,4096,128,16,902.079
512,4096,128,32,910.56
512,4096,128,64,921.802
512,4096,128,128,1102.95
512,4096,128,256,1311.85
512,4096,128,512,2090.78
512,4096,128,1024,3890.69
512,4096,128,2048,7570.16
512,4096,128,4096,14973.2
512,4096,128,8192,29708.6
512,4096,128,16384,59138.4
512,8192,0,0,947.595
512,8192,1,16,941.567
512,8192,1,32,946.635
512,8192,1,64,945.163
512,8192,1,128,944.982
512,8192,1,256,944.415
512,8192,1,512,942.304
512,8192,1,1024,944.682
512,8192,1,2048,943.839
512,8192,1,4096,947.636
512,8192,1,8192,953.952
512,8192,1,16384,1184.8
512,8192,2,16,946.602
512,8192,2,32,947.712
512,8192,2,64,947.466
512,8192,2,128,944.747
512,8192,2,256,945.291
512,8192,2,512,946.037
512,8192,2,1024,946.25
512,8192,2,2048,947.349
512,8192,2,4096,952.97
512,8192,2,8192,968.138
512,8192,2,16384,1419.23
512,8192,4,16,951.766
512,8192,4,32,951.637
512,8192,4,64,949.259
512,8192,4,128,949.385
512,8192,4,256,949.407
512,8192,4,512,951.839
512,8192,4,1024,950.323
512,8192,4,2048,956.565
512,8192,4,4096,1075.67
512,8192,4,8192,1200.07
512,8192,4,16384,1666.53
512,8192,8,16,952.91
512,8192,8,32,953.205
512,8192,8,64,952.276
512,8192,8,128,950.549
512,8192,8,256,954.709
512,8192,8,512,951.678
512,8192,8,1024,983.958
512,8192,8,2048,1052.46
512,8192,8,4096,1216.43
512,8192,8,8192,1669.08
512,8192,8,16384,3059.01
512,8192,16,16,965.959
512,8192,16,32,966.976
512,8192,16,64,966.367
512,8192,16,128,968.545
512,8192,16,256,975.595
512,8192,16,512,1011.37
512,8192,16,1024,1099.33
512,8192,16,2048,1320.48
512,8192,16,4096,1982.45
512,8192,16,8192,3422.31
512,8192,16,16384,7227.99
512,8192,32,16,986.303
512,8192,32,32,988.255
512,8192,32,64,989.834
512,8192,32,128,1022.84
512,8192,32,256,1063.9
512,8192,32,512,1162.97
512,8192,32,1024,1444.25
512,8192,32,2048,2222.97
512,8192,32,4096,3853.43
512,8192,32,8192,7135.65
512,8192,32,16384,14761.3
512,8192,64,16,1083.99
512,8192,64,32,1087.17
512,8192,64,64,1090.54
512,8192,64,128,1177.03
512,8192,64,256,1286.2
512,8192,64,512,1525.03
512,8192,64,1024,2298.69
512,8192,64,2048,4107.36
512,8192,64,4096,7733.16
512,8192,64,8192,15158
512,8192,64,16384,30036.5
512,8192,128,16,1311.97
512,8192,128,32,1320.1
512,8192,128,64,1330.87
512,8192,128,128,1514.68
512,8192,128,256,1717.92
512,8192,128,512,2310.96
512,8192,128,1024,4119.43
512,8192,128,2048,7791.64
512,8192,128,4096,15085.7
512,8192,128,8192,29977.2
512,8192,128,16384,59404.4
512,16384,0,0,1844.16
512,16384,1,16,1841.63
512,16384,1,32,1839.08
512,16384,1,64,1844.5
512,16384,1,128,1841.93
512,16384,1,256,1840.73
512,16384,1,512,1841.61
512,16384,1,1024,1839.93
512,16384,1,2048,1838.4
512,16384,1,4096,1841.77
512,16384,1,8192,1843.38
512,16384,1,16384,1857.01
512,16384,2,16,1840.52
512,16384,2,32,1843.68
512,16384,2,64,1842.69
512,16384,2,128,1844.65
512,16384,2,256,1845.32
512,16384,2,512,1842.73
512,16384,2,1024,1844.01
512,16384,2,2048,1843.28
512,16384,2,4096,1842.88
512,16384,2,8192,1848.71
512,16384,2,16384,1877.48
512,16384,4,16,1842.93
512,16384,4,32,1846.65
512,16384,4,64,1841.84
512,16384,4,128,1845.11
512,16384,4,256,1845.49
512,16384,4,512,1842.87
512,16384,4,1024,1843.22
512,16384,4,2048,1849.58
512,16384,4,4096,1854.15
512,16384,4,8192,2088.88
512,16384,4,16384,2338.05
512,16384,8,16,1844.37
512,16384,8,32,1845.08
512,16384,8,64,1844.21
512,16384,8,128,1845.02
512,16384,8,256,1846.11
512,16384,8,512,1848.47
512,16384,8,1024,1849.24
512,16384,8,2048,1910.01
512,16384,8,4096,2028.02
512,16384,8,8192,2432.07
512,16384,8,16384,3590.14
512,16384,16,16,1866.5
512,16384,16,32,1862.63
512,16384,16,64,1862.83
512,16384,16,128,1866.92
512,16384,16,256,1870.13
512,16384,16,512,1882.02
512,16384,16,1024,1928.41
512,16384,16,2048,2093.53
512,16384,16,4096,2738.41
512,16384,16,8192,4003.51
512,16384,16,16384,7093.34
512,16384,32,16,1883.03
512,16384,32,32,1884.29
512,16384,32,64,1885.31
512,16384,32,128,1891.51
512,16384,32,256,1902.08
512,16384,32,512,1988.4
512,16384,32,1024,2191.14
512,16384,32,2048,2877.58
512,16384,32,4096,4425.17
512,16384,32,8192,7821.18
512,16384,32,16384,14251.9
512,16384,64,16,1923.15
512,16384,64,32,1927.78
512,16384,64,64,1932.95
512,16384,64,128,2006.98
512,16384,64,256,2102.65
512,16384,64,512,2319.4
512,16384,64,1024,2853.58
512,16384,64,2048,4537.98
512,16384,64,4096,8184.48
512,16384,64,8192,15483.4
512,16384,64,16384,30189
512,16384,128,16,2134.03
512,16384,128,32,2138.97
512,16384,128,64,2145
512,16384,128,128,2325.73
512,16384,128,256,2533.86
512,16384,128,512,2994.63
512,16384,128,1024,4521.47
512,16384,128,2048,8147.58
512,16384,128,4096,15478.5
512,16384,128,8192,30212.4
512,16384,128,16384,59807
1024,0,0,0,162.488
1024,0,1,16,166.199
1024,0,1,32,166.903
1024,0,1,64,168.29
1024,0,1,128,169.111
1024,0,1,256,168.791
1024,0,1,512,173.165
1024,0,1,1024,180.578
1024,0,1,2048,214.082
1024,0,1,4096,283.811
1024,0,1,8192,395.408
1024,0,1,16384,618.364
1024,0,2,16,169.144
1024,0,2,32,170.519
1024,0,2,64,171.778
1024,0,2,128,174.701
1024,0,2,256,176.428
1024,0,2,512,182.402
1024,0,2,1024,196.141
1024,0,2,2048,241.369
1024,0,2,4096,325.391
1024,0,2,8192,495.451
1024,0,2,16384,720.765
1024,0,4,16,180.578
1024,0,4,32,180.738
1024,0,4,64,180.598
1024,0,4,128,186.317
1024,0,4,256,190.2
1024,0,4,512,200.749
1024,0,4,1024,228.727
1024,0,4,2048,291.565
1024,0,4,4096,466.95
1024,0,4,8192,768.841
1024,0,4,16384,1272.65
1024,0,8,16,201.015
1024,0,8,32,199.469
1024,0,8,64,199.191
1024,0,8,128,209.752
1024,0,8,256,220.952
1024,0,8,512,241.741
1024,0,8,1024,289.689
1024,0,8,2048,481.337
1024,0,8,4096,891.817
1024,0,8,8192,1641.08
1024,0,8,16384,3028.62
1024,0,16,16,237.122
1024,0,16,32,237.827
1024,0,16,64,237.827
1024,0,16,128,259.107
1024,0,16,256,279.726
1024,0,16,512,323.354
1024,0,16,1024,522.971
1024,0,16,2048,956.715
1024,0,16,4096,1849.15
1024,0,16,8192,3542.92
1024,0,16,16384,6837.54
1024,0,32,16,314.734
1024,0,32,32,317.198
1024,0,32,64,320.505
1024,0,32,128,357.241
1024,0,32,256,403.215
1024,0,32,512,540.806
1024,0,32,1024,1011.53
1024,0,32,2048,1942.78
1024,0,32,4096,3731.03
1024,0,32,8192,7333.13
1024,0,32,16384,14539.4
1024,0,64,16,466.757
1024,0,64,32,469.06
1024,0,64,64,471.664
1024,0,64,128,552.56
1024,0,64,256,656.242
1024,0,64,512,1031.58
1024,0,64,1024,1965.83
1024,0,64,2048,3817.51
1024,0,64,4096,7495.01
1024,0,64,8192,14859.6
1024,0,64,16384,29527.3
1024,0,128,16,771.23
1024,0,128,32,777.161
1024,0,128,64,785.993
1024,0,128,128,974.346
1024,0,128,256,1196.85
1024,0,128,512,1972.98
1024,0,128,1024,3803.74
1024,0,128,2048,7486.97
1024,0,128,4096,14829.6
1024,0,128,8192,29486.9
1024,0,128,16384,58814.4
1024,16,0,0,174.402
1024,16,1,16,179.415
1024,16,1,32,180.962
1024,16,1,64,179.341
1024,16,1,128,180.387
1024,16,1,256,183.084
1024,16,1,512,184.855
1024,16,1,1024,191.543
1024,16,1,2048,225.464
1024,16,1,4096,294.062
1024,16,1,8192,412.025
1024,16,1,16384,637.65
1024,16,2,16,185.495
1024,16,2,32,184.161
1024,16,2,64,184.333
1024,16,2,128,184.685
1024,16,2,256,188.716
1024,16,2,512,194.946
1024,16,2,1024,207.565
1024,16,2,2048,250.851
1024,16,2,4096,337.379
1024,16,2,8192,514.225
1024,16,2,16384,742.43
1024,16,4,16,193.26
1024,16,4,32,194.274
1024,16,4,64,192.983
1024,16,4,128,198.786
1024,16,4,256,204.386
1024,16,4,512,214.946
1024,16,4,1024,238.21
1024,16,4,2048,299.961
1024,16,4,4096,472.645
1024,16,4,8192,793.575
1024,16,4,16384,1309.61
1024,16,8,16,212.76
1024,16,8,32,213.88
1024,16,8,64,213.506
1024,16,8,128,224.387
1024,16,8,256,234.456
1024,16,8,512,254.531
1024,16,8,1024,300.504
1024,16,8,2048,495.557
1024,16,8,4096,889.61
1024,16,8,8192,1670.16
1024,16,8,16384,3135.57
1024,16,16,16,250.989
1024,16,16,32,252.173
1024,16,16,64,251.896
1024,16,16,128,273.432
1024,16,16,256,294.788
1024,16,16,512,334.244
1024,16,16,1024,526.257
1024,16,16,2048,978.143
1024,16,16,4096,1870.01
1024,16,16,8192,3593.71
1024,16,16,16384,6973.18
1024,16,32,16,328.078
1024,16,32,32,328.676
1024,16,32,64,332.036
1024,16,32,128,373.934
1024,16,32,256,417.007
1024,16,32,512,545.158
1024,16,32,1024,1010.69
1024,16,32,2048,1948.6
1024,16,32,4096,3751.81
1024,16,32,8192,7370.38
1024,16,32,16384,14506.2
1024,16,64,16,479.45
1024,16,64,32,482.885
1024,16,64,64,484.486
1024,16,64,128,565.35
1024,16,64,256,668.316
1024,16,64,512,1033.08
1024,16,64,1024,1967.69
1024,16,64,2048,3834.28
1024,16,64,4096,7505.5
1024,16,64,8192,14875.6
1024,16,64,16384,29522.2
1024,16,128,16,785.129
1024,16,128,32,790.334
1024,16,128,64,798.921
1024,16,128,128,986.006
1024,16,128,256,1204.76
1024,16,128,512,1974.17
1024,16,128,1024,3802.67
1024,16,128,2048,7505.57
1024,16,128,4096,14836.9
1024,16,128,8192,29526.4
1024,16,128,16384,58827.2
1024,32,0,0,174.017
1024,32,1,16,178.829
1024,32,1,32,181.303
1024,32,1,64,180.546
1024,32,1,128,182.156
1024,32,1,256,181.73
1024,32,1,512,186.168
1024,32,1,1024,191.074
1024,32,1,2048,227.182
1024,32,1,4096,295.641
1024,32,1,8192,410.703
1024,32,1,16384,635.836
1024,32,2,16,184.312
1024,32,2,32,184.652
1024,32,2,64,185.079
1024,32,2,128,185.986
1024,32,2,256,189.816
1024,32,2,512,194.562
1024,32,2,1024,207.566
1024,32,2,2048,251.96
1024,32,2,4096,334.66
1024,32,2,8192,506.48
1024,32,2,16384,737.864
1024,32,4,16,193.486
1024,32,4,32,194.189
1024,32,4,64,192.269
1024,32,4,128,199.063
1024,32,4,256,204.888
1024,32,4,512,215.821
1024,32,4,1024,237.092
1024,32,4,2048,303.021
1024,32,4,4096,481.595
1024,32,4,8192,802.334
1024,32,4,16384,1318.78
1024,32,8,16,212.43
1024,32,8,32,211.586
1024,32,8,64,212.62
1024,32,8,128,224.248
1024,32,8,256,235.534
1024,32,8,512,255.725
1024,32,8,1024,302.094
1024,32,8,2048,500.283
1024,32,8,4096,897.301
1024,32,8,8192,1672.58
1024,32,8,16384,3136.84
1024,32,16,16,250.242
1024,32,16,32,250.957
1024,32,16,64,252.856
1024,32,16,128,272.141
1024,32,16,256,293.401
1024,32,16,512,337.967
1024,32,16,1024,526.608
1024,32,16,2048,969.505
1024,32,16,4096,1873.24
1024,32,16,8192,3615.85
1024,32,16,16384,6962.65
1024,32,32,16,328.996
1024,32,32,32,330.478
1024,32,32,64,331.022
1024,32,32,128,373.562
1024,32,32,256,415.716
1024,32,32,512,544.401
1024,32,32,1024,1013.64
1024,32,32,2048,1950.2
1024,32,32,4096,3756.78
1024,32,32,8192,7335.81
1024,32,32,16384,14536.3
1024,32,64,16,479.312
1024,32,64,32,482.982
1024,32,64,64,485.689
1024,32,64,128,565.638
1024,32,64,256,668.093
1024,32,64,512,1032.35
1024,32,64,1024,1968.28
1024,32,64,2048,3836.02
1024,32,64,4096,7509.54
1024,32,64,8192,14878.7
1024,32,64,16384,29538.7
1024,32,128,16,785.268
1024,32,128,32,789.342
1024,32,128,64,797.683
1024,32,128,128,985.291
1024,32,128,256,1204.59
1024,32,128,512,1974.51
1024,32,128,1024,3805.66
1024,32,128,2048,7506.02
1024,32,128,4096,14840.6
1024,32,128,8192,29529.6
1024,32,128,16384,58835
1024,64,0,0,174.114
1024,64,1,16,180.695
1024,64,1,32,180.802
1024,64,1,64,179.096
1024,64,1,128,180.248
1024,64,1,256,181.26
1024,64,1,512,185.954
1024,64,1,1024,190.85
1024,64,1,2048,226.296
1024,64,1,4096,294.083
1024,64,1,8192,406.938
1024,64,1,16384,633.703
1024,64,2,16,185.069
1024,64,2,32,183.181
1024,64,2,64,184.781
1024,64,2,128,187.8
1024,64,2,256,189.282
1024,64,2,512,194.733
1024,64,2,1024,203.565
1024,64,2,2048,249.56
1024,64,2,4096,333.081
1024,64,2,8192,506.214
1024,64,2,16384,748.008
1024,64,4,16,192.333
1024,64,4,32,193.954
1024,64,4,64,194.06
1024,64,4,128,199.405
1024,64,4,256,202.957
1024,64,4,512,214.114
1024,64,4,1024,235.939
1024,64,4,2048,300.793
1024,64,4,4096,472.006
1024,64,4,8192,794.227
1024,64,4,16384,1296.58
1024,64,8,16,211.299
1024,64,8,32,214.083
1024,64,8,64,213.922
1024,64,8,128,224.301
1024,64,8,256,232.749
1024,64,8,512,256.643
1024,64,8,1024,299.129
1024,64,8,2048,494.234
1024,64,8,4096,892.351
1024,64,8,8192,1653.98
1024,64,8,16384,3156.79
1024,64,16,16,252.472
1024,64,16,32,251.075
1024,64,16,64,251.012
1024,64,16,128,272.878
1024,64,16,256,294.36
1024,64,16,512,334.031
1024,64,16,1024,529.147
1024,64,16,2048,973.612
1024,64,16,4096,1879.57
1024,64,16,8192,3616.33
1024,64,16,16384,6967.09
1024,64,32,16,327.491
1024,64,32,32,329.358
1024,64,32,64,332.506
1024,64,32,128,370.777
1024,64,32,256,412.111
1024,64,32,512,545.414
1024,64,32,1024,1015.81
1024,64,32,2048,1951.72
1024,64,32,4096,3770.37
1024,64,32,8192,7363.93
1024,64,32,16384,14473.6
1024,64,64,16,479.898
1024,64,64,32,481.872
1024,64,64,64,486.823
1024,64,64,128,567.718
1024,64,64,256,668.071
1024,64,64,512,1032.26
1024,64,64,1024,1974.36
1024,64,64,2048,3844.1
1024,64,64,4096,7516.14
1024,64,64,8192,14870.5
1024,64,64,16384,29535.9
1024,64,128,16,783.795
1024,64,128,32,789.854
1024,64,128,64,798.803
1024,64,128,128,985.035
1024,64,128,256,1205.46
1024,64,128,512,1975.22
1024,64,128,1024,3806.01
1024,64,128,2048,7516.72
1024,64,128,4096,14840.6
1024,64,128,8192,29529.9
1024,64,128,16384,58830.9
1024,128,0,0,186.391
1024,128,1,16,190.487
1024,128,1,32,190.669
1024,128,1,64,189.304
1024,128,1,128,192.653
1024,128,1,256,192.482
1024,128,1,512,195.191
1024,128,1,1024,200.898
1024,128,1,2048,236.749
1024,128,1,4096,304.014
1024,128,1,8192,425.168
1024,128,1,16384,650.439
1024,128,2,16,194.53
1024,128,2,32,194.914
1024,128,2,64,195.767
1024,128,2,128,198.051
1024,128,2,256,201.026
1024,128,2,512,205.677
1024,128,2,1024,215.255
1024,128,2,2048,262.626
1024,128,2,4096,347.663
1024,128,2,8192,523.569
1024,128,2,16384,770.494
1024,128,4,16,201.677
1024,128,4,32,203.202
1024,128,4,64,203.533
1024,128,4,128,211.159
1024,128,4,256,213.282
1024,128,4,512,224.237
1024,128,4,1024,245.026
1024,128,4,2048,311.074
1024,128,4,4096,482.287
1024,128,4,8192,816.351
1024,128,4,16384,1359.25
1024,128,8,16,221.4
1024,128,8,32,221.922
1024,128,8,64,222.958
1024,128,8,128,233.177
1024,128,8,256,244.739
1024,128,8,512,264.163
1024,128,8,1024,309.657
1024,128,8,2048,496.988
1024,128,8,4096,905.269
1024,128,8,8192,1656.58
1024,128,8,16384,3144.35
1024,128,16,16,261.005
1024,128,16,32,260.568
1024,128,16,64,264.782
1024,128,16,128,284.163
1024,128,16,256,304.782
1024,128,16,512,345.23
1024,128,16,1024,528.966
1024,128,16,2048,937.387
1024,128,16,4096,1866.98
1024,128,16,8192,3609.51
1024,128,16,16384,6976.93
1024,128,32,16,338.041
1024,128,32,32,342.617
1024,128,32,64,342.372
1024,128,32,128,381.092
1024,128,32,256,423.952
1024,128,32,512,549.34
1024,128,32,1024,1013.77
1024,128,32,2048,1958.92
1024,128,32,4096,3776.6
1024,128,32,8192,7379.59
1024,128,32,16384,14617.8
1024,128,64,16,491.963
1024,128,64,32,495.078
1024,128,64,64,496.976
1024,128,64,128,575.836
1024,128,64,256,679.858
1024,128,64,512,1035.07
1024,128,64,1024,1967.22
1024,128,64,2048,3831.34
1024,128,64,4096,7510.06
1024,128,64,8192,14877
1024,128,64,16384,29536.1
1024,128,128,16,794.793
1024,128,128,32,801.992
1024,128,128,64,809
1024,128,128,128,996.629
1024,128,128,256,1216.21
1024,128,128,512,1975.5
1024,128,128,1024,3805.23
1024,128,128,2048,7501.62
1024,128,128,4096,14845.2
1024,128,128,8192,29522.7
1024,128,128,16384,58801.7
1024,256,0,0,208.279
1024,256,1,16,213.421
1024,256,1,32,214.808
1024,256,1,64,213.048
1024,256,1,128,214.115
1024,256,1,256,215.319
1024,256,1,512,217.89
1024,256,1,1024,223.64
1024,256,1,2048,254.03
1024,256,1,4096,324.334
1024,256,1,8192,449.66
1024,256,1,16384,673.256
1024,256,2,16,218.968
1024,256,2,32,219.299
1024,256,2,64,217.571
1024,256,2,128,219.832
1024,256,2,256,221.144
1024,256,2,512,229.091
1024,256,2,1024,239.149
1024,256,2,2048,281.486
1024,256,2,4096,365.476
1024,256,2,8192,549.979
1024,256,2,16384,829.897
1024,256,4,16,228.781
1024,256,4,32,224.28
1024,256,4,64,227.362
1024,256,4,128,234.264
1024,256,4,256,238.029
1024,256,4,512,248.365
1024,256,4,1024,268.856
1024,256,4,2048,334.574
1024,256,4,4096,490.884
1024,256,4,8192,830.108
1024,256,4,16384,1369.9
1024,256,8,16,247.373
1024,256,8,32,248.216
1024,256,8,64,246.136
1024,256,8,128,255.96
1024,256,8,256,269.678
1024,256,8,512,289.059
1024,256,8,1024,330.616
1024,256,8,2048,506.064
1024,256,8,4096,907.394
1024,256,8,8192,1685.92
1024,256,8,16384,3268.99
1024,256,16,16,284.163
1024,256,16,32,283.588
1024,256,16,64,284.548
1024,256,16,128,308.634
1024,256,16,256,329.135
1024,256,16,512,369.177
1024,256,16,1024,530.257
1024,256,16,2048,918.304
1024,256,16,4096,1912.93
1024,256,16,8192,3691.33
1024,256,16,16384,7114.03
1024,256,32,16,362.03
1024,256,32,32,366.117
1024,256,32,64,365.134
1024,256,32,128,407.162
1024,256,32,256,451.056
1024,256,32,512,557.617
1024,256,32,1024,1015.58
1024,256,32,2048,1969.11
1024,256,32,4096,3808.73
1024,256,32,8192,7442.89
1024,256,32,16384,14683.1
1024,256,64,16,514.118
1024,256,64,32,516.977
1024,256,64,64,519.046
1024,256,64,128,599.591
1024,256,64,256,701.607
1024,256,64,512,1038.27
1024,256,64,1024,1971.79
1024,256,64,2048,3855.76
1024,256,64,4096,7528.53
1024,256,64,8192,14890
1024,256,64,16384,29563.4
1024,256,128,16,819.561
1024,256,128,32,824.617
1024,256,128,64,832.958
1024,256,128,128,1016.63
1024,256,128,256,1233.89
1024,256,128,512,1980.81
1024,256,128,1024,3808.39
1024,256,128,2048,7517.42
1024,256,128,4096,14863.5
1024,256,128,8192,29546.6
1024,256,128,16384,58850.5
1024,512,0,0,253.656
1024,512,1,16,261.347
1024,512,1,32,259.853
1024,512,1,64,259.972
1024,512,1,128,260.056
1024,512,1,256,262.19
1024,512,1,512,265.006
1024,512,1,1024,271.31
1024,512,1,2048,296.889
1024,512,1,4096,367.301
1024,512,1,8192,494.844
1024,512,1,16384,718.141
1024,512,2,16,263.054
1024,512,2,32,263.79
1024,512,2,64,264.397
1024,512,2,128,264.643
1024,512,2,256,267.256
1024,512,2,512,272.472
1024,512,2,1024,284.985
1024,512,2,2048,323.738
1024,512,2,4096,412.633
1024,512,2,8192,587.964
1024,512,2,16384,932.757
1024,512,4,16,272.824
1024,512,4,32,273.283
1024,512,4,64,275.896
1024,512,4,128,279.992
1024,512,4,256,282.158
1024,512,4,512,295.854
1024,512,4,1024,313.038
1024,512,4,2048,373.199
1024,512,4,4096,518.938
1024,512,4,8192,879.093
1024,512,4,16384,1479.65
1024,512,8,16,294.137
1024,512,8,32,295.054
1024,512,8,64,295.054
1024,512,8,128,301.742
1024,512,8,256,316.718
1024,512,8,512,337.496
1024,512,8,1024,374.5
1024,512,8,2048,519.174
1024,512,8,4096,886.889
1024,512,8,8192,1807.24
1024,512,8,16384,3490.07
1024,512,16,16,329.017
1024,512,16,32,330.254
1024,512,16,64,332.036
1024,512,16,128,350.564
1024,512,16,256,372.175
1024,512,16,512,413.658
1024,512,16,1024,532.572
1024,512,16,2048,987.082
1024,512,16,4096,1943.83
1024,512,16,8192,3730.76
1024,512,16,16384,7200.59
1024,512,32,16,407.194
1024,512,32,32,412.538
1024,512,32,64,414.672
1024,512,32,128,451.397
1024,512,32,256,494.811
1024,512,32,512,598.46
1024,512,32,1024,1022.87
1024,512,32,2048,1984.25
1024,512,32,4096,3838.3
1024,512,32,8192,7498.94
1024,512,32,16384,14782.2
1024,512,64,16,561.905
1024,512,64,32,562.45
1024,512,64,64,566.865
1024,512,64,128,647.559
1024,512,64,256,748.893
1024,512,64,512,1043.8
1024,512,64,1024,1984.05
1024,512,64,2048,3859.11
1024,512,64,4096,7565.16
1024,512,64,8192,14931.1
1024,512,64,16384,29606.2
1024,512,128,16,866.122
1024,512,128,32,871.498
1024,512,128,64,881.578
1024,512,128,128,1062.41
1024,512,128,256,1270.98
1024,512,128,512,1988.3
1024,512,128,1024,3818.76
1024,512,128,2048,7529.52
1024,512,128,4096,14894.7
1024,512,128,8192,29598
1024,512,128,16384,58903.2
1024,1024,0,0,346.287
1024,1024,1,16,350.073
1024,1024,1,32,352.004
1024,1024,1,64,349.859
1024,1024,1,128,352.995
1024,1024,1,256,355.556
1024,1024,1,512,355.162
1024,1024,1,1024,360.484
1024,1024,1,2048,372.378
1024,1024,1,4096,450.32
1024,1024,1,8192,588.795
1024,1024,1,16384,827.327
1024,1024,2,16,355.321
1024,1024,2,32,357.114
1024,1024,2,64,355.652
1024,1024,2,128,356.527
1024,1024,2,256,363.674
1024,1024,2,512,368.058
1024,1024,2,1024,378.778
1024,1024,2,2048,404.911
1024,1024,2,4096,494.384
1024,1024,2,8192,671.399
1024,1024,2,16384,1030.72
1024,1024,4,16,363.994
1024,1024,4,32,364.9
1024,1024,4,64,365.444
1024,1024,4,128,371.906
1024,1024,4,256,377.54
1024,1024,4,512,384.39
1024,1024,4,1024,406.874
1024,1024,4,2048,455.973
1024,1024,4,4096,592.87
1024,1024,4,8192,882.795
1024,1024,4,16384,1609.33
1024,1024,8,16,381.294
1024,1024,8,32,381.648
1024,1024,8,64,382.042
1024,1024,8,128,397.114
1024,1024,8,256,403.386
1024,1024,8,512,424.357
1024,1024,8,1024,471.355
1024,1024,8,2048,573.094
1024,1024,8,4096,943.658
1024,1024,8,8192,1903.38
1024,1024,8,16384,3680.03
1024,1024,16,16,420.688
1024,1024,16,32,419.685
1024,1024,16,64,424.484
1024,1024,16,128,443.493
1024,1024,16,256,463.268
1024,1024,16,512,506.992
1024,1024,16,1024,602.834
1024,1024,16,2048,977.162
1024,1024,16,4096,1944.33
1024,1024,16,8192,3772.12
1024,1024,16,16384,7310.33
1024,1024,32,16,499.441
1024,1024,32,32,502.353
1024,1024,32,64,504.464
1024,1024,32,128,547.9
1024,1024,32,256,591.921
1024,1024,32,512,682.61
1024,1024,32,1024,1034.92
1024,1024,32,2048,2010.47
1024,1024,32,4096,3865.85
1024,1024,32,8192,7566.17
1024,1024,32,16384,14847.1
1024,1024,64,16,654.173
1024,1024,64,32,657.597
1024,1024,64,64,658.237
1024,1024,64,128,742.26
1024,1024,64,256,842.836
1024,1024,64,512,1094.64
1024,1024,64,1024,2007.59
1024,1024,64,2048,3910.41
1024,1024,64,4096,7618.48
1024,1024,64,8192,15027.6
1024,1024,64,16384,29704.9
1024,1024,128,16,961.568
1024,1024,128,32,966.465
1024,1024,128,64,975.51
1024,1024,128,128,1160.17
1024,1024,128,256,1352.33
1024,1024,128,512,2006.23
1024,1024,128,1024,3843.72
1024,1024,128,2048,7578.03
1024,1024,128,4096,14950
1024,1024,128,8192,29676.6
1024,1024,128,16384,59025.2
1024,2048,0,0,531.579
1024,2048,1,16,535.888
1024,2048,1,32,534.683
1024,2048,1,64,535.398
1024,2048,1,128,543.462
1024,2048,1,256,545.724
1024,2048,1,512,544.315
1024,2048,1,1024,551.163
1024,2048,1,2048,559.867
1024,2048,1,4096,607.506
1024,2048,1,8192,758.131
1024,2048,1,16384,1018.72
1024,2048,2,16,540.998
1024,2048,2,32,542.588
1024,2048,2,64,546.331
1024,2048,2,128,550.417
1024,2048,2,256,548.241
1024,2048,2,512,549.127
1024,2048,2,1024,558.331
1024,2048,2,2048,576.71
1024,2048,2,4096,652.338
1024,2048,2,8192,839.06
1024,2048,2,16384,1184.61
1024,2048,4,16,552.657
1024,2048,4,32,555.174
1024,2048,4,64,553.702
1024,2048,4,128,552.166
1024,2048,4,256,557.051
1024,2048,4,512,570.033
1024,2048,4,1024,591.697
1024,2048,4,2048,629.939
1024,2048,4,4096,757.672
1024,2048,4,8192,1042.19
1024,2048,4,16384,1707.59
1024,2048,8,16,568.987
1024,2048,8,32,565.361
1024,2048,8,64,564.848
1024,2048,8,128,575.505
1024,2048,8,256,585.458
1024,2048,8,512,612.135
1024,2048,8,1024,652.466
1024,2048,8,2048,744.862
1024,2048,8,4096,1027.87
1024,2048,8,8192,1985.02
1024,2048,8,16384,3812.74
1024,2048,16,16,605.042
1024,2048,16,32,603.452
1024,2048,16,64,602.812
1024,2048,16,128,622.545
1024,2048,16,256,651.432
1024,2048,16,512,695.368
1024,2048,16,1024,784.915
1024,2048,16,2048,1016.8
1024,2048,16,4096,2026.23
1024,2048,16,8192,3890.49
1024,2048,16,16384,7455.09
1024,2048,32,16,682.622
1024,2048,32,32,689.757
1024,2048,32,64,690.963
1024,2048,32,128,731.977
1024,2048,32,256,778.526
1024,2048,32,512,877.833
1024,2048,32,1024,1098.41
1024,2048,32,2048,1994.11
1024,2048,32,4096,3864.91
1024,2048,32,8192,7695.82
1024,2048,32,16384,15043.7
1024,2048,64,16,837.47
1024,2048,64,32,840.744
1024,2048,64,64,844.778
1024,2048,64,128,929.12
1024,2048,64,256,1029.88
1024,2048,64,512,1237.45
1024,2048,64,1024,2087.84
1024,2048,64,2048,3949.72
1024,2048,64,4096,7696.83
1024,2048,64,8192,15188.4
1024,2048,64,16384,29923.2
1024,2048,128,16,1147.34
1024,2048,128,32,1153.91
1024,2048,128,64,1167.37
1024,2048,128,128,1345.01
1024,2048,128,256,1539.22
1024,2048,128,512,2059.27
1024,2048,128,1024,3901.05
1024,2048,128,2048,7636.25
1024,2048,128,4096,15033.3
1024,2048,128,8192,29827.6
1024,2048,128,16384,59186.3
1024,4096,0,0,919.018
1024,4096,1,16,925.003
1024,4096,1,32,926.506
1024,4096,1,64,933.983
1024,4096,1,128,923.872
1024,4096,1,256,940.352
1024,4096,1,512,924.564
1024,4096,1,1024,934.56
1024,4096,1,2048,930.645
1024,4096,1,4096,943.979
1024,4096,1,8192,1050.03
1024,4096,1,16384,1361.69
1024,4096,2,16,936.139
1024,4096,2,32,929.055
1024,4096,2,64,936.811
1024,4096,2,128,936.097
1024,4096,2,256,939.06
1024,4096,2,512,940.651
1024,4096,2,1024,936.544
1024,4096,2,2048,947.263
1024,4096,2,4096,965.547
1024,4096,2,8192,1169.33
1024,4096,2,16384,1538.42
1024,4096,4,16,943.819
1024,4096,4,32,944.14
1024,4096,4,64,936.479
1024,4096,4,128,938.176
1024,4096,4,256,947.23
1024,4096,4,512,943.84
1024,4096,4,1024,958.924
1024,4096,4,2048,1000.31
1024,4096,4,4096,1088.27
1024,4096,4,8192,1342.17
1024,4096,4,16384,1987.05
1024,4096,8,16,957.536
1024,4096,8,32,957.269
1024,4096,8,64,959.52
1024,4096,8,128,954.621
1024,4096,8,256,966.849
1024,4096,8,512,980.107
1024,4096,8,1024,1015.14
1024,4096,8,2048,1114.95
1024,4096,8,4096,1313.82
1024,4096,8,8192,1854.14
1024,4096,8,16384,3930.55
1024,4096,16,16,970.539
1024,4096,16,32,979.851
1024,4096,16,64,981.323
1024,4096,16,128,989.6
1024,4096,16,256,1019.4
1024,4096,16,512,1053.03
1024,4096,16,1024,1148.11
1024,4096,16,2048,1349.6
1024,4096,16,4096,1861.92
1024,4096,16,8192,3983.23
1024,4096,16,16384,7621.26
1024,4096,32,16,1049.42
1024,4096,32,32,1060.28
1024,4096,32,64,1061.96
1024,4096,32,128,1092.19
1024,4096,32,256,1147.99
1024,4096,32,512,1235.04
1024,4096,32,1024,1459.11
1024,4096,32,2048,2219.1
1024,4096,32,4096,4041.44
1024,4096,32,8192,7699.34
1024,4096,32,16384,15327.9
1024,4096,64,16,1204.85
1024,4096,64,32,1207.15
1024,4096,64,64,1212.06
1024,4096,64,128,1300.49
1024,4096,64,256,1398.78
1024,4096,64,512,1599.29
1024,4096,64,1024,2156.4
1024,4096,64,2048,4202.12
1024,4096,64,4096,7845.33
1024,4096,64,8192,15374.9
1024,4096,64,16384,30307.3
1024,4096,128,16,1519.44
1024,4096,128,32,1528.86
1024,4096,128,64,1541.89
1024,4096,128,128,1717.08
1024,4096,128,256,1907.14
1024,4096,128,512,2334.66
1024,4096,128,1024,4013.2
1024,4096,128,2048,7760.88
1024,4096,128,4096,15262.1
1024,4096,128,8192,30060.1
1024,4096,128,16384,59492.4
1024,8192,0,0,1699.46
1024,8192,1,16,1718.99
1024,8192,1,32,1718.72
1024,8192,1,64,1703.64
1024,8192,1,128,1720.31
1024,8192,1,256,1718.21
1024,8192,1,512,1708.12
1024,8192,1,1024,1720.63
1024,8192,1,2048,1705.19
1024,8192,1,4096,1722.46
1024,8192,1,8192,1725.35
1024,8192,1,16384,1939.85
1024,8192,2,16,1718.52
1024,8192,2,32,1717.09
1024,8192,2,64,1722.79
1024,8192,2,128,1722.7
1024,8192,2,256,1725.69
1024,8192,2,512,1710.65
1024,8192,2,1024,1711.87
1024,8192,2,2048,1710.94
1024,8192,2,4096,1742.43
1024,8192,2,8192,1760.43
1024,8192,2,16384,2184.61
1024,8192,4,16,1727.19
1024,8192,4,32,1730.3
1024,8192,4,64,1740.12
1024,8192,4,128,1711.01
1024,8192,4,256,1728.92
1024,8192,4,512,1732.63
1024,8192,4,1024,1739.64
1024,8192,4,2048,1763.93
1024,8192,4,4096,1861.16
1024,8192,4,8192,2002.51
1024,8192,4,16384,2471.94
1024,8192,8,16,1741.84
1024,8192,8,32,1741.37
1024,8192,8,64,1740.84
1024,8192,8,128,1724.12
1024,8192,8,256,1745.17
1024,8192,8,512,1741.95
1024,8192,8,1024,1789.93
1024,8192,8,2048,1861.96
1024,8192,8,4096,2019.04
1024,8192,8,8192,2455.42
1024,8192,8,16384,3760.13
1024,8192,16,16,1755.14
1024,8192,16,32,1757.6
1024,8192,16,64,1755.9
1024,8192,16,128,1765.44
1024,8192,16,256,1769.9
1024,8192,16,512,1804.17
1024,8192,16,1024,1891.27
1024,8192,16,2048,2079.56
1024,8192,16,4096,2682.06
1024,8192,16,8192,4014.93
1024,8192,16,16384,7964.76
1024,8192,32,16,1791.31
1024,8192,32,32,1808.04
1024,8192,32,64,1809.05
1024,8192,32,128,1854.11
1024,8192,32,256,1898.62
1024,8192,32,512,1987.39
1024,8192,32,1024,2178.63
1024,8192,32,2048,2707.56
1024,8192,32,4096,4471.54
1024,8192,32,8192,8189.72
1024,8192,32,16384,15467.6
1024,8192,64,16,1944.39
1024,8192,64,32,1948.24
1024,8192,64,64,1951.01
1024,8192,64,128,2037.18
1024,8192,64,256,2131.5
1024,8192,64,512,2329.71
1024,8192,64,1024,2744.98
1024,8192,64,2048,4295.46
1024,8192,64,4096,8373.44
1024,8192,64,8192,15545.9
1024,8192,64,16384,30656.5
1024,8192,128,16,2261.28
1024,8192,128,32,2285.16
1024,8192,128,64,2279.47
1024,8192,128,128,2480.54
1024,8192,128,256,2671.61
1024,8192,128,512,3039.83
1024,8192,128,1024,4158.49
1024,8192,128,2048,8066.43
1024,8192,128,4096,15456.5
1024,8192,128,8192,30524.6
1024,8192,128,16384,60031.3
1024,16384,0,0,3258.61
1024,16384,1,16,3294.83
1024,16384,1,32,3263.79
1024,16384,1,64,3292.54
1024,16384,1,128,3272.79
1024,16384,1,256,3295.96
1024,16384,1,512,3294.23
1024,16384,1,1024,3266.32
1024,16384,1,2048,3264.82
1024,16384,1,4096,3277.03
1024,16384,1,8192,3306.37
1024,16384,1,16384,3315.66
1024,16384,2,16,3291.86
1024,16384,2,32,3294.22
1024,16384,2,64,3292.79
1024,16384,2,128,3295.02
1024,16384,2,256,3296.91
1024,16384,2,512,3269.56
1024,16384,2,1024,3298.68
1024,16384,2,2048,3281.08
1024,16384,2,4096,3302.17
1024,16384,2,8192,3320.1
1024,16384,2,16384,3341.32
1024,16384,4,16,3297.09
1024,16384,4,32,3297.73
1024,16384,4,64,3301.44
1024,16384,4,128,3302.31
1024,16384,4,256,3304.63
1024,16384,4,512,3309.01
1024,16384,4,1024,3289.55
1024,16384,4,2048,3311.09
1024,16384,4,4096,3336.22
1024,16384,4,8192,3557.25
1024,16384,4,16384,3802.86
1024,16384,8,16,3309.18
1024,16384,8,32,3309.26
1024,16384,8,64,3310.37
1024,16384,8,128,3319.18
1024,16384,8,256,3317.84
1024,16384,8,512,3321.94
1024,16384,8,1024,3330.63
1024,16384,8,2048,3363.54
1024,16384,8,4096,3560.2
1024,16384,8,8192,3864.83
1024,16384,8,16384,4758.94
1024,16384,16,16,3321.31
1024,16384,16,32,3323.56
1024,16384,16,64,3325.91
1024,16384,16,128,3332.89
1024,16384,16,256,3336.91
1024,16384,16,512,3350.93
1024,16384,16,1024,3391.61
1024,16384,16,2048,3585.98
1024,16384,16,4096,3933.56
1024,16384,16,8192,5486
1024,16384,16,16384,8741.97
1024,16384,32,16,3355.47
1024,16384,32,32,3376.04
1024,16384,32,64,3382.85
1024,16384,32,128,3401.41
1024,16384,32,256,3418.77
1024,16384,32,512,3461.74
1024,16384,32,1024,3692.17
1024,16384,32,2048,4065.27
1024,16384,32,4096,5261.75
1024,16384,32,8192,9044.55
1024,16384,32,16384,16224.7
1024,16384,64,16,3435.39
1024,16384,64,32,3435.16
1024,16384,64,64,3452.18
1024,16384,64,128,3553.02
1024,16384,64,256,3615.76
1024,16384,64,512,3818.7
1024,16384,64,1024,4251.46
1024,16384,64,2048,5226.06
1024,16384,64,4096,8654.92
1024,16384,64,8192,16627.6
1024,16384,64,16384,30977.2
1024,16384,128,16,3764.33
1024,16384,128,32,3800.76
1024,16384,128,64,3778.26
1024,16384,128,128,3949.72
1024,16384,128,256,4127.15
1024,16384,128,512,4530.35
1024,16384,128,1024,5331.59
1024,16384,128,2048,8527.88
1024,16384,128,4096,16024.8
1024,16384,128,8192,31004.2
1024,16384,128,16384,60936.7
2048,0,0,0,488.026
2048,0,1,16,490.906
2048,0,1,32,497.104
2048,0,1,64,491.761
2048,0,1,128,493.115
2048,0,1,256,494.469
2048,0,1,512,503.952
2048,0,1,1024,502.608
2048,0,1,2048,522.118
2048,0,1,4096,595.271
2048,0,1,8192,733.865
2048,0,1,16384,1000.12
2048,0,2,16,499.973
2048,0,2,32,497.455
2048,0,2,64,502.94
2048,0,2,128,501.03
2048,0,2,256,505.041
2048,0,2,512,509.787
2048,0,2,1024,528.145
2048,0,2,2048,546.652
2048,0,2,4096,640.946
2048,0,2,8192,812.021
2048,0,2,16384,1190.07
2048,0,4,16,513.627
2048,0,4,32,510.651
2048,0,4,64,518.459
2048,0,4,128,524.658
2048,0,4,256,523.728
2048,0,4,512,532.988
2048,0,4,1024,558.952
2048,0,4,2048,608.241
2048,0,4,4096,756.416
2048,0,4,8192,1116.29
2048,0,4,16384,2017.08
2048,0,8,16,543.014
2048,0,8,32,544.924
2048,0,8,64,553.767
2048,0,8,128,566.311
2048,0,8,256,576.903
2048,0,8,512,588.316
2048,0,8,1024,635.154
2048,0,8,2048,735.709
2048,0,8,4096,1111.06
2048,0,8,8192,2091.47
2048,0,8,16384,3957.97
2048,0,16,16,608.53
2048,0,16,32,609.842
2048,0,16,64,616.529
2048,0,16,128,623.74
2048,0,16,256,661.309
2048,0,16,512,710.952
2048,0,16,1024,798.249
2048,0,16,2048,1105.89
2048,0,16,4096,2091.04
2048,0,16,8192,3997.84
2048,0,16,16384,7735.1
2048,0,32,16,734.419
2048,0,32,32,732.807
2048,0,32,64,743.625
2048,0,32,128,776.35
2048,0,32,256,835.391
2048,0,32,512,932.32
2048,0,32,1024,1140.9
2048,0,32,2048,2072.18
2048,0,32,4096,4029.51
2048,0,32,8192,7784.06
2048,0,32,16384,15238.8
2048,0,64,16,989.302
2048,0,64,32,981.728
2048,0,64,64,979.968
2048,0,64,128,1066.74
2048,0,64,256,1165.94
2048,0,64,512,1371.51
2048,0,64,1024,2068.35
2048,0,64,2048,4028.75
2048,0,64,4096,7742.71
2048,0,64,8192,15127.6
2048,0,64,16384,29810.3
2048,0,128,16,1466.1
2048,0,128,32,1491.14
2048,0,128,64,1512.32
2048,0,128,128,1712.86
2048,0,128,256,1887.67
2048,0,128,512,2360.32
2048,0,128,1024,3936.87
2048,0,128,2048,7644.08
2048,0,128,4096,15037
2048,0,128,8192,29732
2048,0,128,16384,59095.5
2048,16,0,0,504.762
2048,16,1,16,518.215
2048,16,1,32,517.307
2048,16,1,64,520.304
2048,16,1,128,514.993
2048,16,1,256,526.246
2048,16,1,512,521.617
2048,16,1,1024,533.585
2048,16,1,2048,537.617
2048,16,1,4096,607.697
2048,16,1,8192,754.323
2048,16,1,16384,1034.37
2048,16,2,16,522.203
2048,16,2,32,516.059
2048,16,2,64,522.609
2048,16,2,128,524.038
2048,16,2,256,526.844
2048,16,2,512,532.987
2048,16,2,1024,551.368
2048,16,2,2048,566.738
2048,16,2,4096,660.861
2048,16,2,8192,843.103
2048,16,2,16384,1220.51
2048,16,4,16,541.864
2048,16,4,32,535.377
2048,16,4,64,534.694
2048,16,4,128,545.179
2048,16,4,256,547.675
2048,16,4,512,560.806
2048,16,4,1024,577.404
2048,16,4,2048,624.221
2048,16,4,4096,764.051
2048,16,4,8192,1135.48
2048,16,4,16384,2037.54
2048,16,8,16,568.124
2048,16,8,32,569.543
2048,16,8,64,571.932
2048,16,8,128,578.321
2048,16,8,256,600.253
2048,16,8,512,611.719
2048,16,8,1024,649.276
2048,16,8,2048,755.368
2048,16,8,4096,1112.57
2048,16,8,8192,2105.51
2048,16,8,16384,3971.42
2048,16,16,16,632.316
2048,16,16,32,642.461
2048,16,16,64,633.105
2048,16,16,128,658.056
2048,16,16,256,673.959
2048,16,16,512,721.672
2048,16,16,1024,823.262
2048,16,16,2048,1103.08
2048,16,16,4096,2099.62
2048,16,16,8192,4021.78
2048,16,16,16384,7771.29
2048,16,32,16,758.963
2048,16,32,32,754.377
2048,16,32,64,757.727
2048,16,32,128,798.025
2048,16,32,256,850.24
2048,16,32,512,955.979
2048,16,32,1024,1173.66
2048,16,32,2048,2076.44
2048,16,32,4096,4046.59
2048,16,32,8192,7800.74
2048,16,32,16384,15243.8
2048,16,64,16,1011.32
2048,16,64,32,1007.99
2048,16,64,64,1013.47
2048,16,64,128,1087.3
2048,16,64,256,1205.55
2048,16,64,512,1397.17
2048,16,64,1024,2071.53
2048,16,64,2048,4029.18
2048,16,64,4096,7762.6
2048,16,64,8192,15145.6
2048,16,64,16384,29838.9
2048,16,128,16,1516.05
2048,16,128,32,1518.23
2048,16,128,64,1535.92
2048,16,128,128,1706.58
2048,16,128,256,1924.55
2048,16,128,512,2370.06
2048,16,128,1024,3939.02
2048,16,128,2048,7653.94
2048,16,128,4096,15062.7
2048,16,128,8192,29763.4
2048,16,128,16384,59124.6
2048,32,0,0,512.934
2048,32,1,16,513.286
2048,32,1,32,514.822
2048,32,1,64,520.859
2048,32,1,128,510.683
2048,32,1,256,517.254
2048,32,1,512,523.313
2048,32,1,1024,525.499
2048,32,1,2048,536.241
2048,32,1,4096,608.732
2048,32,1,8192,751.241
2048,32,1,16384,1015.51
2048,32,2,16,527.206
2048,32,2,32,522.235
2048,32,2,64,526.363
2048,32,2,128,530.289
2048,32,2,256,533.904
2048,32,2,512,532.667
2048,32,2,1024,543.046
2048,32,2,2048,572.134
2048,32,2,4096,660.936
2048,32,2,8192,849.481
2048,32,2,16384,1196.42
2048,32,4,16,533.478
2048,32,4,32,539.632
2048,32,4,64,537.425
2048,32,4,128,542.107
2048,32,4,256,546.843
2048,32,4,512,568.124
2048,32,4,1024,577.586
2048,32,4,2048,624.23
2048,32,4,4096,769.065
2048,32,4,8192,1141.11
2048,32,4,16384,2084.75
2048,32,8,16,578.119
2048,32,8,32,573.735
2048,32,8,64,572.423
2048,32,8,128,581.702
2048,32,8,256,592.679
2048,32,8,512,611.376
2048,32,8,1024,654.151
2048,32,8,2048,756.947
2048,32,8,4096,1114.32
2048,32,8,8192,2109.14
2048,32,8,16384,3977.35
2048,32,16,16,630.321
2048,32,16,32,632.722
2048,32,16,64,633.213
2048,32,16,128,664.862
2048,32,16,256,684.221
2048,32,16,512,727.689
2048,32,16,1024,822.325
2048,32,16,2048,1106.35
2048,32,16,4096,2110.17
2048,32,16,8192,4038.56
2048,32,16,16384,7782.68
2048,32,32,16,756.297
2048,32,32,32,758.696
2048,32,32,64,750.761
2048,32,32,128,801.439
2048,32,32,256,855.658
2048,32,32,512,943.446
2048,32,32,1024,1156.87
2048,32,32,2048,2083.76
2048,32,32,4096,4049.81
2048,32,32,8192,7799.62
2048,32,32,16384,15255.8
2048,32,64,16,1002.42
2048,32,64,32,1001.33
2048,32,64,64,1005.94
2048,32,64,128,1104.39
2048,32,64,256,1189.13
2048,32,64,512,1411.08
2048,32,64,1024,2074.04
2048,32,64,2048,4029.14
2048,32,64,4096,7769.91
2048,32,64,8192,15137.2
2048,32,64,16384,29829.1
2048,32,128,16,1511.06
2048,32,128,32,1498.83
2048,32,128,64,1536.33
2048,32,128,128,1711.82
2048,32,128,256,1907.68
2048,32,128,512,2385.46
2048,32,128,1024,3939.68
2048,32,128,2048,7661.46
2048,32,128,4096,15060.8
2048,32,128,8192,29752.8
2048,32,128,16384,59130.9
2048,64,0,0,512.71
2048,64,1,16,524.944
2048,64,1,32,513.264
2048,64,1,64,525.403
2048,64,1,128,524.027
2048,64,1,256,525.072
2048,64,1,512,527.675
2048,64,1,1024,527.366
2048,64,1,2048,540.806
2048,64,1,4096,614.706
2048,64,1,8192,764.542
2048,64,1,16384,1027.69
2048,64,2,16,520.816
2048,64,2,32,528.187
2048,64,2,64,526.203
2048,64,2,128,527.601
2048,64,2,256,531.323
2048,64,2,512,544.828
2048,64,2,1024,546.074
2048,64,2,2048,579.463
2048,64,2,4096,673.853
2048,64,2,8192,852.489
2048,64,2,16384,1209.36
2048,64,4,16,534.523
2048,64,4,32,536.156
2048,64,4,64,534
2048,64,4,128,546.193
2048,64,4,256,554.513
2048,64,4,512,555.558
2048,64,4,1024,581.489
2048,64,4,2048,631.1
2048,64,4,4096,767.464
2048,64,4,8192,1147.68
2048,64,4,16384,2053.55
2048,64,8,16,567.314
2048,64,8,32,567.911
2048,64,8,64,568.433
2048,64,8,128,587.057
2048,64,8,256,592.253
2048,64,8,512,611.74
2048,64,8,1024,665.693
2048,64,8,2048,774.548
2048,64,8,4096,1111.72
2048,64,8,8192,2106.49
2048,64,8,16384,3975.93
2048,64,16,16,631.89
2048,64,16,32,637.746
2048,64,16,64,633.223
2048,64,16,128,660.862
2048,64,16,256,672.531
2048,64,16,512,733.075
2048,64,16,1024,813.843
2048,64,16,2048,1110.01
2048,64,16,4096,2106.33
2048,64,16,8192,4037.98
2048,64,16,16384,7775.71
2048,64,32,16,757.459
2048,64,32,32,755.636
2048,64,32,64,763.518
2048,64,32,128,801.246
2048,64,32,256,850.932
2048,64,32,512,952.022
2048,64,32,1024,1171.33
2048,64,32,2048,2077.35
2048,64,32,4096,4054.1
2048,64,32,8192,7821.7
2048,64,32,16384,15247.9
2048,64,64,16,1014.62
2048,64,64,32,1000.02
2048,64,64,64,1003.19
2048,64,64,128,1103.65
2048,64,64,256,1208.39
2048,64,64,512,1402.49
2048,64,64,1024,2082.27
2048,64,64,2048,4035.8
2048,64,64,4096,7772.11
2048,64,64,8192,15170.8
2048,64,64,16384,29841.5
2048,64,128,16,1526.36
2048,64,128,32,1497.7
2048,64,128,64,1532.43
2048,64,128,128,1717.44
2048,64,128,256,1914.25
2048,64,128,512,2408.73
2048,64,128,1024,3952.39
2048,64,128,2048,7652.84
2048,64,128,4096,15050.3
2048,64,128,8192,29775.3
2048,64,128,16384,59133
2048,128,0,0,525.435
2048,128,1,16,534.866
2048,128,1,32,535.708
2048,128,1,64,535.195
2048,128,1,128,544.657
2048,128,1,256,538.908
2048,128,1,512,542.396
2048,128,1,1024,544.742
2048,128,1,2048,557.255
2048,128,1,4096,630.855
2048,128,1,8192,783.081
2048,128,1,16384,1057.54
2048,128,2,16,549.745
2048,128,2,32,538.459
2048,128,2,64,549.084
2048,128,2,128,548.87
2048,128,2,256,557.212
2048,128,2,512,565.585
2048,128,2,1024,573.415
2048,128,2,2048,595.708
2048,128,2,4096,685.438
2048,128,2,8192,871.211
2048,128,2,16384,1238.16
2048,128,4,16,555.922
2048,128,4,32,559.697
2048,128,4,64,559.942
2048,128,4,128,559.099
2048,128,4,256,564.998
2048,128,4,512,576.326
2048,128,4,1024,597.735
2048,128,4,2048,653.437
2048,128,4,4096,792.352
2048,128,4,8192,1158.94
2048,128,4,16384,2084.24
2048,128,8,16,599.048
2048,128,8,32,596.605
2048,128,8,64,590.492
2048,128,8,128,605.192
2048,128,8,256,619.666
2048,128,8,512,641.597
2048,128,8,1024,672.487
2048,128,8,2048,785.993
2048,128,8,4096,1121.23
2048,128,8,8192,2102.94
2048,128,8,16384,3994.11
2048,128,16,16,664.477
2048,128,16,32,651.485
2048,128,16,64,659.528
2048,128,16,128,689.077
2048,128,16,256,699.379
2048,128,16,512,754.517
2048,128,16,1024,842.037
2048,128,16,2048,1113.6
2048,128,16,4096,2107.33
2048,128,16,8192,4046.95
2048,128,16,16384,7783.86
2048,128,32,16,775.07
2048,128,32,32,775.796
2048,128,32,64,778.259
2048,128,32,128,828.788
2048,128,32,256,864.042
2048,128,32,512,977.068
2048,128,32,1024,1189.71
2048,128,32,2048,2076.72
2048,128,32,4096,4047.16
2048,128,32,8192,7811.56
2048,128,32,16384,15276
2048,128,64,16,1023.4
2048,128,64,32,1043.73
2048,128,64,64,1036.37
2048,128,64,128,1120.31
2048,128,64,256,1209.64
2048,128,64,512,1432.88
2048,128,64,1024,2085.16
2048,128,64,2048,4024.51
2048,128,64,4096,7766.28
2048,128,64,8192,15159.5
2048,128,64,16384,29853.8
2048,128,128,16,1536.2
2048,128,128,32,1518.83
2048,128,128,64,1530.46
2048,128,128,128,1737.95
2048,128,128,256,1908.86
2048,128,128,512,2405.6
2048,128,128,1024,3961.34
2048,128,128,2048,7646.39
2048,128,128,4096,15050.2
2048,128,128,8192,29756.7
2048,128,128,16384,59124.4
2048,256,0,0,570.235
2048,256,1,16,588.721
2048,256,1,32,579.59
2048,256,1,64,581.393
2048,256,1,128,576.529
2048,256,1,256,586.428
2048,256,1,512,586.214
2048,256,1,1024,592.914
2048,256,1,2048,601.565
2048,256,1,4096,671.026
2048,256,1,8192,815.295
2048,256,1,16384,1087.31
2048,256,2,16,597.02
2048,256,2,32,587.441
2048,256,2,64,586.151
2048,256,2,128,588.647
2048,256,2,256,592.114
2048,256,2,512,613.351
2048,256,2,1024,620.263
2048,256,2,2048,643.399
2048,256,2,4096,731.934
2048,256,2,8192,914.358
2048,256,2,16384,1276.37
2048,256,4,16,598.62
2048,256,4,32,599.751
2048,256,4,64,599.9
2048,256,4,128,611.708
2048,256,4,256,619.89
2048,256,4,512,625.777
2048,256,4,1024,646.535
2048,256,4,2048,691.88
2048,256,4,4096,821.641
2048,256,4,8192,1194
2048,256,4,16384,2151.66
2048,256,8,16,633.799
2048,256,8,32,638.973
2048,256,8,64,641.287
2048,256,8,128,654.025
2048,256,8,256,662.877
2048,256,8,512,690.953
2048,256,8,1024,735.721
2048,256,8,2048,830.11
2048,256,8,4096,1137.94
2048,256,8,8192,2102.62
2048,256,8,16384,4013.87
2048,256,16,16,696.295
2048,256,16,32,697.801
2048,256,16,64,697.287
2048,256,16,128,727.37
2048,256,16,256,746.643
2048,256,16,512,784.937
2048,256,16,1024,878.314
2048,256,16,2048,1130.4
2048,256,16,4096,2117.27
2048,256,16,8192,4057.84
2048,256,16,16384,7841.87
2048,256,32,16,819.476
2048,256,32,32,821.247
2048,256,32,64,826.815
2048,256,32,128,874.111
2048,256,32,256,909.962
2048,256,32,512,1020.29
2048,256,32,1024,1226.68
2048,256,32,2048,2089.62
2048,256,32,4096,4058.17
2048,256,32,8192,7846.44
2048,256,32,16384,15294.2
2048,256,64,16,1062.99
2048,256,64,32,1071.01
2048,256,64,64,1080.34
2048,256,64,128,1158.6
2048,256,64,256,1253.71
2048,256,64,512,1454.82
2048,256,64,1024,2114.34
2048,256,64,2048,4033.7
2048,256,64,4096,7785.8
2048,256,64,8192,15201.4
2048,256,64,16384,29896.5
2048,256,128,16,1578.94
2048,256,128,32,1562.72
2048,256,128,64,1573.94
2048,256,128,128,1768.49
2048,256,128,256,1977.88
2048,256,128,512,2452.04
2048,256,128,1024,4002.28
2048,256,128,2048,7703.17
2048,256,128,4096,15066.1
2048,256,128,8192,29829.3
2048,256,128,16384,59153.2
2048,512,0,0,658.471
2048,512,1,16,678.43
2048,512,1,32,675.356
2048,512,1,64,666.877
2048,512,1,128,675.197
2048,512,1,256,678.247
2048,512,1,512,680.466
2048,512,1,1024,678.951
2048,512,1,2048,705.161
2048,512,1,4096,771.934
2048,512,1,8192,911.286
2048,512,1,16384,1196.66
2048,512,2,16,674.428
2048,512,2,32,673.468
2048,512,2,64,673.885
2048,512,2,128,689.15
2048,512,2,256,694.44
2048,512,2,512,686.717
2048,512,2,1024,697.255
2048,512,2,2048,717.672
2048,512,2,4096,804.542
2048,512,2,8192,993.175
2048,512,2,16384,1360.83
2048,512,4,16,695.624
2048,512,4,32,696.51
2048,512,4,64,698.771
2048,512,4,128,696.616
2048,512,4,256,703.369
2048,512,4,512,713.213
2048,512,4,1024,730.546
2048,512,4,2048,772.009
2048,512,4,4096,911.242
2048,512,4,8192,1229.68
2048,512,4,16384,2221.42
2048,512,8,16,727.23
2048,512,8,32,718.472
2048,512,8,64,720.499
2048,512,8,128,734.803
2048,512,8,256,750.344
2048,512,8,512,779.978
2048,512,8,1024,807.465
2048,512,8,2048,900.181
2048,512,8,4096,1171.67
2048,512,8,8192,2149.31
2048,512,8,16384,4040.75
2048,512,16,16,782.132
2048,512,16,32,795.624
2048,512,16,64,784.894
2048,512,16,128,816.81
2048,512,16,256,824.565
2048,512,16,512,881.13
2048,512,16,1024,983.456
2048,512,16,2048,1191.9
2048,512,16,4096,2151.89
2048,512,16,8192,4109
2048,512,16,16384,7902.79
2048,512,32,16,902.111
2048,512,32,32,922.805
2048,512,32,64,910.645
2048,512,32,128,951.659
2048,512,32,256,998.955
2048,512,32,512,1093.79
2048,512,32,1024,1314.73
2048,512,32,2048,2093.84
2048,512,32,4096,4081.18
2048,512,32,8192,7895.36
2048,512,32,16384,15372
2048,512,64,16,1163.99
2048,512,64,32,1157.58
2048,512,64,64,1157.61
2048,512,64,128,1241.1
2048,512,64,256,1348.12
2048,512,64,512,1542.72
2048,512,64,1024,2149.19
2048,512,64,2048,4026.56
2048,512,64,4096,7809.38
2048,512,64,8192,15259.5
2048,512,64,16384,29971.1
2048,512,128,16,1650.82
2048,512,128,32,1689.96
2048,512,128,64,1678.85
2048,512,128,128,1858.13
2048,512,128,256,2077.77
2048,512,128,512,2511.73
2048,512,128,1024,4049.84
2048,512,128,2048,7728.25
2048,512,128,4096,15110.7
2048,512,128,8192,29851.8
2048,512,128,16384,59237.8
2048,1024,0,0,834.25
2048,1024,1,16,842.623
2048,1024,1,32,845.311
2048,1024,1,64,844.213
2048,1024,1,128,858.143
2048,1024,1,256,852.852
2048,1024,1,512,848.745
2048,1024,1,1024,867.381
2048,1024,1,2048,877.205
2048,1024,1,4096,928.117
2048,1024,1,8192,1067.03
2048,1024,1,16384,1367.4
2048,1024,2,16,854.762
2048,1024,2,32,846.228
2048,1024,2,64,857.536
2048,1024,2,128,856.298
2048,1024,2,256,870.633
2048,1024,2,512,868.767
2048,1024,2,1024,884.342
2048,1024,2,2048,901.909
2048,1024,2,4096,980.065
2048,1024,2,8192,1182.9
2048,1024,2,16384,1545.58
2048,1024,4,16,865.856
2048,1024,4,32,861.514
2048,1024,4,64,877.706
2048,1024,4,128,873.322
2048,1024,4,256,887.007
2048,1024,4,512,887.296
2048,1024,4,1024,924.342
2048,1024,4,2048,949.974
2048,1024,4,4096,1076.77
2048,1024,4,8192,1384.3
2048,1024,4,16384,2307.33
2048,1024,8,16,899.584
2048,1024,8,32,905.407
2048,1024,8,64,894.922
2048,1024,8,128,912.128
2048,1024,8,256,927.552
2048,1024,8,512,940.459
2048,1024,8,1024,990.54
2048,1024,8,2048,1093.68
2048,1024,8,4096,1310.05
2048,1024,8,8192,2220.94
2048,1024,8,16384,4141.03
2048,1024,16,16,964.748
2048,1024,16,32,960.641
2048,1024,16,64,971.265
2048,1024,16,128,979.83
2048,1024,16,256,1008.92
2048,1024,16,512,1059.28
2048,1024,16,1024,1157.12
2048,1024,16,2048,1347.04
2048,1024,16,4096,2205.65
2048,1024,16,8192,4182.07
2048,1024,16,16384,8010
2048,1024,32,16,1091.3
2048,1024,32,32,1084.07
2048,1024,32,64,1089.71
2048,1024,32,128,1142.51
2048,1024,32,256,1194.23
2048,1024,32,512,1275.27
2048,1024,32,1024,1488.4
2048,1024,32,2048,2105.13
2048,1024,32,4096,4147.67
2048,1024,32,8192,7988.9
2048,1024,32,16384,15546.2
2048,1024,64,16,1325.77
2048,1024,64,32,1349.17
2048,1024,64,64,1336.42
2048,1024,64,128,1426.77
2048,1024,64,256,1531.4
2048,1024,64,512,1739.33
2048,1024,64,1024,2229.99
2048,1024,64,2048,4129.79
2048,1024,64,4096,7884.19
2048,1024,64,8192,15413.6
2048,1024,64,16384,30145.4
2048,1024,128,16,1822.7
2048,1024,128,32,1862.32
2048,1024,128,64,1856.68
2048,1024,128,128,2033.56
2048,1024,128,256,2235.32
2048,1024,128,512,2656.51
2048,1024,128,1024,4107.23
2048,1024,128,2048,7806.49
2048,1024,128,4096,15234
2048,1024,128,8192,30036.7
2048,1024,128,16384,59388.4
2048,2048,0,0,1186.53
2048,2048,1,16,1204.23
2048,2048,1,32,1203.75
2048,2048,1,64,1226.86
2048,2048,1,128,1194.43
2048,2048,1,256,1215.85
2048,2048,1,512,1216.17
2048,2048,1,1024,1233.9
2048,2048,1,2048,1237.25
2048,2048,1,4096,1266.51
2048,2048,1,8192,1395.92
2048,2048,1,16384,1692.85
2048,2048,2,16,1225.24
2048,2048,2,32,1222.12
2048,2048,2,64,1225.24
2048,2048,2,128,1210.53
2048,2048,2,256,1214.91
2048,2048,2,512,1230.05
2048,2048,2,1024,1251.64
2048,2048,2,2048,1271.68
2048,2048,2,4096,1316.18
2048,2048,2,8192,1517.84
2048,2048,2,16384,1895.85
2048,2048,4,16,1220.86
2048,2048,4,32,1215.72
2048,2048,4,64,1222.3
2048,2048,4,128,1240.92
2048,2048,4,256,1232.95
2048,2048,4,512,1254.25
2048,2048,4,1024,1263.01
2048,2048,4,2048,1303.32
2048,2048,4,4096,1407.81
2048,2048,4,8192,1718.95
2048,2048,4,16384,2472.19
2048,2048,8,16,1260.11
2048,2048,8,32,1282.65
2048,2048,8,64,1267.48
2048,2048,8,128,1263.48
2048,2048,8,256,1270.81
2048,2048,8,512,1314.08
2048,2048,8,1024,1365.65
2048,2048,8,2048,1446.97
2048,2048,8,4096,1632.94
2048,2048,8,8192,2344.86
2048,2048,8,16384,4361.76
2048,2048,16,16,1315.99
2048,2048,16,32,1328.37
2048,2048,16,64,1338.03
2048,2048,16,128,1352.63
2048,2048,16,256,1376.82
2048,2048,16,512,1421.72
2048,2048,16,1024,1526.11
2048,2048,16,2048,1705.66
2048,2048,16,4096,2212.61
2048,2048,16,8192,4357.09
2048,2048,16,16384,8216.49
2048,2048,32,16,1451.99
2048,2048,32,32,1434.59
2048,2048,32,64,1423.41
2048,2048,32,128,1484.6
2048,2048,32,256,1545.22
2048,2048,32,512,1635.38
2048,2048,32,1024,1802.02
2048,2048,32,2048,2231.01
2048,2048,32,4096,4276.65
2048,2048,32,8192,8107.58
2048,2048,32,16384,15818.2
2048,2048,64,16,1712.01
2048,2048,64,32,1706.4
2048,2048,64,64,1693.31
2048,2048,64,128,1787.68
2048,2048,64,256,1884.06
2048,2048,64,512,2069.44
2048,2048,64,1024,2500.75
2048,2048,64,2048,4218.04
2048,2048,64,4096,8107.18
2048,2048,64,8192,15595.6
2048,2048,64,16384,30529.6
2048,2048,128,16,2186.61
2048,2048,128,32,2184.49
2048,2048,128,64,2208.01
2048,2048,128,128,2422.35
2048,2048,128,256,2586.65
2048,2048,128,512,2988.93
2048,2048,128,1024,4209.72
2048,2048,128,2048,7940.76
2048,2048,128,4096,15316.9
2048,2048,128,8192,30314.9
2048,2048,128,16384,59735.2
2048,4096,0,0,1897.41
2048,4096,1,16,1916.5
2048,4096,1,32,1919
2048,4096,1,64,1917.4
2048,4096,1,128,1942.36
2048,4096,1,256,1955.35
2048,4096,1,512,1944.42
2048,4096,1,1024,1953.76
2048,4096,1,2048,1963.16
2048,4096,1,4096,1958.69
2048,4096,1,8192,2069.19
2048,4096,1,16384,2378.91
2048,4096,2,16,1938
2048,4096,2,32,1972.78
2048,4096,2,64,1956.01
2048,4096,2,128,1955.45
2048,4096,2,256,1928.13
2048,4096,2,512,1935.46
2048,4096,2,1024,1971.65
2048,4096,2,2048,2001.47
2048,4096,2,4096,2038.53
2048,4096,2,8192,2195.14
2048,4096,2,16384,2560.25
2048,4096,4,16,1951.76
2048,4096,4,32,1944.73
2048,4096,4,64,1934.15
2048,4096,4,128,1945.26
2048,4096,4,256,1956.1
2048,4096,4,512,1980.49
2048,4096,4,1024,2007.76
2048,4096,4,2048,2046.21
2048,4096,4,4096,2136.04
2048,4096,4,8192,2414.15
2048,4096,4,16384,3034.86
2048,4096,8,16,1997.93
2048,4096,8,32,1982.07
2048,4096,8,64,2000.79
2048,4096,8,128,2009.35
2048,4096,8,256,2007.53
2048,4096,8,512,2026.06
2048,4096,8,1024,2086.61
2048,4096,8,2048,2178.18
2048,4096,8,4096,2357.37
2048,4096,8,8192,2857.41
2048,4096,8,16384,4635.12
2048,4096,16,16,2060.19
2048,4096,16,32,2061.31
2048,4096,16,64,2032.25
2048,4096,16,128,2096.79
2048,4096,16,256,2048.49
2048,4096,16,512,2149.35
2048,4096,16,1024,2226.08
2048,4096,16,2048,2439.99
2048,4096,16,4096,2796.45
2048,4096,16,8192,4600.73
2048,4096,16,16384,8556.48
2048,4096,32,16,2144.24
2048,4096,32,32,2143.2
2048,4096,32,64,2142.03
2048,4096,32,128,2229.17
2048,4096,32,256,2265.89
2048,4096,32,512,2385.74
2048,4096,32,1024,2541.88
2048,4096,32,2048,2955.7
2048,4096,32,4096,4429.04
2048,4096,32,8192,8455.45
2048,4096,32,16384,16135.7
2048,4096,64,16,2427.37
2048,4096,64,32,2389.82
2048,4096,64,64,2410.48
2048,4096,64,128,2520.07
2048,4096,64,256,2584.57
2048,4096,64,512,2792.95
2048,4096,64,1024,3211.96
2048,4096,64,2048,4269.21
2048,4096,64,4096,8353.61
2048,4096,64,8192,15859
2048,4096,64,16384,31102.3
2048,4096,128,16,2953.89
2048,4096,128,32,2973.19
2048,4096,128,64,2988.09
2048,4096,128,128,3115.81
2048,4096,128,256,3364.92
2048,4096,128,512,3747.86
2048,4096,128,1024,4529.11
2048,4096,128,2048,8207.71
2048,4096,128,4096,15891
2048,4096,128,8192,30599.9
2048,4096,128,16384,60487
2048,8192,0,0,3371.83
2048,8192,1,16,3369.96
2048,8192,1,32,3394.17
2048,8192,1,64,3391.18
2048,8192,1,128,3410.25
2048,8192,1,256,3388.67
2048,8192,1,512,3389.05
2048,8192,1,1024,3407.2
2048,8192,1,2048,3464.28
2048,8192,1,4096,3422.16
2048,8192,1,8192,3467.37
2048,8192,1,16384,3723.96
2048,8192,2,16,3405.32
2048,8192,2,32,3394.85
2048,8192,2,64,3391.04
2048,8192,2,128,3426.2
2048,8192,2,256,3458.44
2048,8192,2,512,3429.93
2048,8192,2,1024,3439.69
2048,8192,2,2048,3470.5
2048,8192,2,4096,3517.52
2048,8192,2,8192,3537.05
2048,8192,2,16384,3929.11
2048,8192,4,16,3385.12
2048,8192,4,32,3433.22
2048,8192,4,64,3396.59
2048,8192,4,128,3404.56
2048,8192,4,256,3422.89
2048,8192,4,512,3427.2
2048,8192,4,1024,3442.49
2048,8192,4,2048,3482.36
2048,8192,4,4096,3661.93
2048,8192,4,8192,3776.22
2048,8192,4,16384,4407.35
2048,8192,8,16,3525.51
2048,8192,8,32,3495.97
2048,8192,8,64,3495.54
2048,8192,8,128,3488.72
2048,8192,8,256,3462.16
2048,8192,8,512,3484.08
2048,8192,8,1024,3487.38
2048,8192,8,2048,3623.11
2048,8192,8,4096,3867.79
2048,8192,8,8192,4187.15
2048,8192,8,16384,5415.46
2048,8192,16,16,3506.85
2048,8192,16,32,3547.95
2048,8192,16,64,3510.9
2048,8192,16,128,3589.3
2048,8192,16,256,3628.22
2048,8192,16,512,3580.53
2048,8192,16,1024,3672.47
2048,8192,16,2048,3922.8
2048,8192,16,4096,4329.88
2048,8192,16,8192,5209.76
2048,8192,16,16384,9461.56
2048,8192,32,16,3600.46
2048,8192,32,32,3616.19
2048,8192,32,64,3638.03
2048,8192,32,128,3662.28
2048,8192,32,256,3685.36
2048,8192,32,512,3788.11
2048,8192,32,1024,4016.36
2048,8192,32,2048,4379.2
2048,8192,32,4096,5585.48
2048,8192,32,8192,9033.06
2048,8192,32,16384,16884.9
2048,8192,64,16,3843.2
2048,8192,64,32,3819.55
2048,8192,64,64,3912.4
2048,8192,64,128,3979.41
2048,8192,64,256,4076.75
2048,8192,64,512,4263.44
2048,8192,64,1024,4696.05
2048,8192,64,2048,5696.87
2048,8192,64,4096,8564.86
2048,8192,64,8192,16574
2048,8192,64,16384,31216
2048,8192,128,16,4331.19
2048,8192,128,32,4440.17
2048,8192,128,64,4347.7
2048,8192,128,128,4531.54
2048,8192,128,256,4723.75
2048,8192,128,512,5136.94
2048,8192,128,1024,6022.96
2048,8192,128,2048,8236.39
2048,8192,128,4096,16533.8
2048,8192,128,8192,31502.5
2048,8192,128,16384,61322.9
2048,16384,0,0,6309.55
2048,16384,1,16,6310.36
2048,16384,1,32,6372.4
2048,16384,1,64,6319.7
2048,16384,1,128,6308.66
2048,16384,1,256,6320.37
2048,16384,1,512,6321.71
2048,16384,1,1024,6402.22
2048,16384,1,2048,6335.32
2048,16384,1,4096,6357.1
2048,16384,1,8192,6467.05
2048,16384,1,16384,6528.97
2048,16384,2,16,6356.59
2048,16384,2,32,6375.46
2048,16384,2,64,6349.45
2048,16384,2,128,6469.06
2048,16384,2,256,6453.57
2048,16384,2,512,6390.42
2048,16384,2,1024,6442.99
2048,16384,2,2048,6462.47
2048,16384,2,4096,6573.64
2048,16384,2,8192,6433.26
2048,16384,2,16384,6512.56
2048,16384,4,16,6424.47
2048,16384,4,32,6458.37
2048,16384,4,64,6432.36
2048,16384,4,128,6385.64
2048,16384,4,256,6389.47
2048,16384,4,512,6403.19
2048,16384,4,1024,6463.03
2048,16384,4,2048,6560.51
2048,16384,4,4096,6522.15
2048,16384,4,8192,6815.47
2048,16384,4,16384,7110.28
2048,16384,8,16,6481.35
2048,16384,8,32,6416.36
2048,16384,8,64,6416.88
2048,16384,8,128,6425.15
2048,16384,8,256,6427.98
2048,16384,8,512,6412.23
2048,16384,8,1024,6503.53
2048,16384,8,2048,6694.91
2048,16384,8,4096,6729.59
2048,16384,8,8192,7216.76
2048,16384,8,16384,8035.44
2048,16384,16,16,6447.94
2048,16384,16,32,6506.46
2048,16384,16,64,6552.6
2048,16384,16,128,6571.84
2048,16384,16,256,6555.62
2048,16384,16,512,6629.18
2048,16384,16,1024,6669.71
2048,16384,16,2048,6986.67
2048,16384,16,4096,7376.73
2048,16384,16,8192,8117.57
2048,16384,16,16384,10468.8
2048,16384,32,16,6657.06
2048,16384,32,32,6586.66
2048,16384,32,64,6567.98
2048,16384,32,128,6701.24
2048,16384,32,256,6597.75
2048,16384,32,512,6770.41
2048,16384,32,1024,6888.14
2048,16384,32,2048,7349.21
2048,16384,32,4096,8021.89
2048,16384,32,8192,10813.6
2048,16384,32,16384,18104.2
2048,16384,64,16,6862.32
2048,16384,64,32,6727.45
2048,16384,64,64,6767
2048,16384,64,128,6808.65
2048,16384,64,256,7013.47
2048,16384,64,512,7117.99
2048,16384,64,1024,7435.91
2048,16384,64,2048,8348.45
2048,16384,64,4096,11328.4
2048,16384,64,8192,17339.3
2048,16384,64,16384,32969.7
2048,16384,128,16,7347.09
2048,16384,128,32,7212.38
2048,16384,128,64,7263.35
2048,16384,128,128,7530.15
2048,16384,128,256,7726.29
2048,16384,128,512,8140.64
2048,16384,128,1024,8817.65
2048,16384,128,2048,11129.2
2048,16384,128,4096,16961.3
2048,16384,128,8192,33062.6
2048,16384,128,16384,62312.8
