prefill_chunk,kv_prefill,n_decode,kv_decode,time_us
0,0,1,16,12.2993
0,0,1,32,12.3843
0,0,1,64,12.416
0,0,1,128,17.6103
0,0,1,256,17.7287
0,0,1,512,18.3257
0,0,1,1024,20.1813
0,0,1,2048,24.928
0,0,1,4096,36.032
0,0,1,8192,51.6697
0,0,1,16384,86.144
0,0,2,16,18.282
0,0,2,32,18.1867
0,0,2,64,18.4107
0,0,2,128,21.8243
0,0,2,256,22.155
0,0,2,512,23.7013
0,0,2,1024,27.7227
0,0,2,2048,37.7277
0,0,2,4096,52.8963
0,0,2,8192,83.4887
0,0,2,16384,139.68
0,0,4,16,18.0903
0,0,4,32,18.1223
0,0,4,64,18.357
0,0,4,128,22.037
0,0,4,256,23.1253
0,0,4,512,26.8683
0,0,4,1024,35.9357
0,0,4,2048,51.104
0,0,4,4096,81.1523
0,0,4,8192,135.296
0,0,4,16384,247.723
0,0,8,16,18.24
0,0,8,32,18.4747
0,0,8,64,18.8587
0,0,8,128,22.891
0,0,8,256,28.928
0,0,8,512,35.8507
0,0,8,1024,51.0613
0,0,8,2048,79.4347
0,0,8,4096,133.91
0,0,8,8192,241.888
0,0,8,16384,464.128
0,0,16,16,18.7307
0,0,16,32,19.2533
0,0,16,64,20.288
0,0,16,128,28.746
0,0,16,256,37.4293
0,0,16,512,52.9393
0,0,16,1024,81.0673
0,0,16,2048,138.347
0,0,16,4096,249.674
0,0,16,8192,466.668
0,0,16,16384,917.497
0,0,32,16,24.5217
0,0,32,32,25.195
0,0,32,64,27.232
0,0,32,128,37.4087
0,0,32,256,53.4937
0,0,32,512,83.1893
0,0,32,1024,139.627
0,0,32,2048,251.585
0,0,32,4096,480.055
0,0,32,8192,916.747
0,0,32,16384,1819.53
0,0,64,16,34.56
0,0,64,32,35.2533
0,0,64,64,38.2717
0,0,64,128,61.898
0,0,64,256,96.1383
0,0,64,512,159.904
0,0,64,1024,285.494
0,0,64,2048,530.891
0,0,64,4096,1025.47
0,0,64,8192,2017.17
0,0,64,16384,4045.52
0,0,128,16,52.5767
0,0,128,32,54.699
0,0,128,64,59.211
0,0,128,128,99.9673
0,0,128,256,155.584
0,0,128,512,273.696
0,0,128,1024,511.553
0,0,128,2048,980.855
0,0,128,4096,1930.97
0,0,128,8192,3812.46
0,0,128,16384,7657.7
0,0,256,16,92.128
0,0,256,32,93.7063
0,0,256,64,103.638
0,0,256,128,172.832
0,0,256,256,277.622
0,0,256,512,511.34
0,0,256,1024,968.674
0,0,256,2048,1890.48
0,0,256,4096,3742.96
0,0,256,8192,7439.44
0,0,256,16384,14871.9
16,0,0,0,12.7467
16,0,1,16,12.779
16,0,1,32,12.7147
16,0,1,64,12.736
16,0,1,128,15.0717
16,0,1,256,18.5387
16,0,1,512,25.5787
16,0,1,1024,39.9143
16,0,1,2048,68.7887
16,0,1,4096,126.251
16,0,1,8192,240.876
16,0,1,16384,471.275
16,0,2,16,12.8533
16,0,2,32,12.7577
16,0,2,64,12.8
16,0,2,128,15.2753
16,0,2,256,18.8583
16,0,2,512,25.888
16,0,2,1024,40.1273
16,0,2,2048,68.9923
16,0,2,4096,126.764
16,0,2,8192,241.579
16,0,2,16384,473.931
16,0,4,16,12.9387
16,0,4,32,12.9813
16,0,4,64,12.907
16,0,4,128,15.413
16,0,4,256,19.0937
16,0,4,512,26.3893
16,0,4,1024,41.237
16,0,4,2048,70.1973
16,0,4,4096,128.309
16,0,4,8192,245.217
16,0,4,16384,478.753
16,0,8,16,18.635
16,0,8,32,18.7197
16,0,8,64,18.8267
16,0,8,128,24.2987
16,0,8,256,31.9037
16,0,8,512,46.5177
16,0,8,1024,75.8187
16,0,8,2048,135.178
16,0,8,4096,253.6
16,0,8,8192,490.645
16,0,8,16384,962.454
16,0,16,16,29.056
16,0,16,32,29.4617
16,0,16,64,29.7387
16,0,16,128,41.6217
16,0,16,256,56.0957
16,0,16,512,85.7707
16,0,16,1024,146.742
16,0,16,2048,267.606
16,0,16,4096,514.315
16,0,16,8192,1036.06
16,0,16,16384,2050.08
16,0,32,16,45.0667
16,0,32,32,45.973
16,0,32,64,46.635
16,0,32,128,67.8827
16,0,32,256,97.5573
16,0,32,512,171.978
16,0,32,1024,303.605
16,0,32,2048,592.45
16,0,32,4096,1319.56
16,0,32,8192,2613.35
16,0,32,16384,5577.38
16,0,64,16,77.3863
16,0,64,32,79.211
16,0,64,64,82.315
16,0,64,128,131.072
16,0,64,256,228.427
16,0,64,512,440.577
16,0,64,1024,841.548
16,0,64,2048,1721.61
16,0,64,4096,3421.25
16,0,64,8192,7172.24
16,0,64,16384,14223.8
16,0,128,16,142.539
16,0,128,32,146.837
16,0,128,64,152.096
16,0,128,128,277.888
16,0,128,256,494.401
16,0,128,512,955.031
16,0,128,1024,1866.28
16,0,128,2048,3700.83
16,0,128,4096,7364.52
16,0,128,8192,14691.6
16,0,128,16384,29358.3
16,16,0,0,13.0883
16,16,1,16,12.9493
16,16,1,32,13.056
16,16,1,64,13.0453
16,16,1,128,15.1467
16,16,1,256,18.5387
16,16,1,512,25.5573
16,16,1,1024,39.9363
16,16,1,2048,68.768
16,16,1,4096,126.347
16,16,1,8192,240.768
16,16,1,16384,471.264
16,16,2,16,13.035
16,16,2,32,13.0987
16,16,2,64,13.248
16,16,2,128,15.328
16,16,2,256,18.8157
16,16,2,512,25.9843
16,16,2,1024,40.2133
16,16,2,2048,68.8963
16,16,2,4096,126.859
16,16,2,8192,241.568
16,16,2,16384,473.792
16,16,4,16,13.1733
16,16,4,32,13.4293
16,16,4,64,13.4613
16,16,4,128,15.4667
16,16,4,256,19.104
16,16,4,512,26.4107
16,16,4,1024,41.4183
16,16,4,2048,70.2827
16,16,4,4096,128.288
16,16,4,8192,245.845
16,16,4,16384,478.325
16,16,8,16,18.88
16,16,8,32,19.072
16,16,8,64,19.2323
16,16,8,128,24.448
16,16,8,256,32.224
16,16,8,512,46.603
16,16,8,1024,75.9577
16,16,8,2048,135.339
16,16,8,4096,253.387
16,16,8,8192,490.624
16,16,8,16384,964.098
16,16,16,16,29.2583
16,16,16,32,29.7493
16,16,16,64,30.3253
16,16,16,128,41.4403
16,16,16,256,56.256
16,16,16,512,85.9093
16,16,16,1024,147.286
16,16,16,2048,267.019
16,16,16,4096,511.798
16,16,16,8192,1029.16
16,16,16,16384,2054.4
16,16,32,16,45.0133
16,16,32,32,46.2617
16,16,32,64,46.9653
16,16,32,128,68.0753
16,16,32,256,97.3227
16,16,32,512,172.406
16,16,32,1024,305.921
16,16,32,2048,588.267
16,16,32,4096,1241.44
16,16,32,8192,2845.66
16,16,32,16384,5443.7
16,16,64,16,77.3337
16,16,64,32,79.3387
16,16,64,64,82.6883
16,16,64,128,131.445
16,16,64,256,227.616
16,16,64,512,442.379
16,16,64,1024,855.564
16,16,64,2048,1759.5
16,16,64,4096,3406.3
16,16,64,8192,7106.19
16,16,64,16384,14281.9
16,16,128,16,142.667
16,16,128,32,147.115
16,16,128,64,152.395
16,16,128,128,277.366
16,16,128,256,492.748
16,16,128,512,955.308
16,16,128,1024,1868.5
16,16,128,2048,3706.31
16,16,128,4096,7361.41
16,16,128,8192,14693.7
16,16,128,16384,29338.9
16,32,0,0,13.088
16,32,1,16,13.0673
16,32,1,32,13.1307
16,32,1,64,13.131
16,32,1,128,15.0723
16,32,1,256,18.528
16,32,1,512,25.5787
16,32,1,1024,39.914
16,32,1,2048,68.747
16,32,1,4096,126.261
16,32,1,8192,240.928
16,32,1,16384,471.489
16,32,2,16,13.024
16,32,2,32,13.088
16,32,2,64,13.216
16,32,2,128,15.2853
16,32,2,256,18.8053
16,32,2,512,25.952
16,32,2,1024,40.1707
16,32,2,2048,69.099
16,32,2,4096,126.656
16,32,2,8192,241.525
16,32,2,16384,473.931
16,32,4,16,13.28
16,32,4,32,13.4293
16,32,4,64,13.5577
16,32,4,128,15.4773
16,32,4,256,19.1253
16,32,4,512,26.4103
16,32,4,1024,41.2693
16,32,4,2048,70.3363
16,32,4,4096,128.661
16,32,4,8192,245.077
16,32,4,16384,477.611
16,32,8,16,18.8163
16,32,8,32,19.1253
16,32,8,64,19.5947
16,32,8,128,24.3843
16,32,8,256,32.1277
16,32,8,512,46.6027
16,32,8,1024,75.989
16,32,8,2048,135.392
16,32,8,4096,252.992
16,32,8,8192,490.56
16,32,8,16384,961.569
16,32,16,16,29.1943
16,32,16,32,29.856
16,32,16,64,30.4643
16,32,16,128,41.5247
16,32,16,256,56
16,32,16,512,85.9943
16,32,16,1024,147.019
16,32,16,2048,266.966
16,32,16,4096,512.609
16,32,16,8192,1030.3
16,32,16,16384,2041.89
16,32,32,16,45.0667
16,32,32,32,46.1333
16,32,32,64,47.3067
16,32,32,128,68.1067
16,32,32,256,97.2587
16,32,32,512,172.801
16,32,32,1024,304.032
16,32,32,2048,584.139
16,32,32,4096,1227.98
16,32,32,8192,2881.27
16,32,32,16384,5464.04
16,32,64,16,77.355
16,32,64,32,79.371
16,32,64,64,82.944
16,32,64,128,131.051
16,32,64,256,228.331
16,32,64,512,438.272
16,32,64,1024,835.926
16,32,64,2048,1738.78
16,32,64,4096,3417.87
16,32,64,8192,7156.07
16,32,64,16384,14328
16,32,128,16,142.592
16,32,128,32,146.656
16,32,128,64,152.501
16,32,128,128,280.075
16,32,128,256,493.164
16,32,128,512,955.864
16,32,128,1024,1865.9
16,32,128,2048,3702.19
16,32,128,4096,7357.33
16,32,128,8192,14697.5
16,32,128,16384,29344
16,64,0,0,13.1417
16,64,1,16,13.0883
16,64,1,32,13.1733
16,64,1,64,13.216
16,64,1,128,15.136
16,64,1,256,18.5917
16,64,1,512,25.536
16,64,1,1024,39.9683
16,64,1,2048,68.7787
16,64,1,4096,126.347
16,64,1,8192,240.875
16,64,1,16384,471.371
16,64,2,16,13.056
16,64,2,32,13.2483
16,64,2,64,13.2587
16,64,2,128,15.2747
16,64,2,256,18.7843
16,64,2,512,25.984
16,64,2,1024,40.1177
16,64,2,2048,68.96
16,64,2,4096,126.72
16,64,2,8192,241.483
16,64,2,16384,473.877
16,64,4,16,13.2587
16,64,4,32,13.4827
16,64,4,64,13.5143
16,64,4,128,15.424
16,64,4,256,19.1463
16,64,4,512,26.3253
16,64,4,1024,41.3547
16,64,4,2048,70.229
16,64,4,4096,128.416
16,64,4,8192,245.099
16,64,4,16384,478.764
16,64,8,16,18.8163
16,64,8,32,19.1463
16,64,8,64,19.6267
16,64,8,128,24.427
16,64,8,256,32.1703
16,64,8,512,46.5277
16,64,8,1024,76.117
16,64,8,2048,135.147
16,64,8,4096,253.365
16,64,8,8192,490.944
16,64,8,16384,962.679
16,64,16,16,29.333
16,64,16,32,29.8457
16,64,16,64,30.6343
16,64,16,128,41.5147
16,64,16,256,56.2133
16,64,16,512,85.93
16,64,16,1024,147.147
16,64,16,2048,266.272
16,64,16,4096,511.786
16,64,16,8192,1039.6
16,64,16,16384,2050.48
16,64,32,16,45.0987
16,64,32,32,46.0907
16,64,32,64,46.955
16,64,32,128,67.9793
16,64,32,256,97.3447
16,64,32,512,172.107
16,64,32,1024,304.886
16,64,32,2048,596.844
16,64,32,4096,1252.19
16,64,32,8192,2819.88
16,64,32,16384,5384.43
16,64,64,16,77.334
16,64,64,32,79.3817
16,64,64,64,82.752
16,64,64,128,131.349
16,64,64,256,226.443
16,64,64,512,444.598
16,64,64,1024,846.455
16,64,64,2048,1735.08
16,64,64,4096,3413.32
16,64,64,8192,7153.8
16,64,64,16384,14272.1
16,64,128,16,142.944
16,64,128,32,146.89
16,64,128,64,152.757
16,64,128,128,278.871
16,64,128,256,494.188
16,64,128,512,956.526
16,64,128,1024,1866.05
16,64,128,2048,3706.58
16,64,128,4096,7357.06
16,64,128,8192,14689.2
16,64,128,16384,29335.9
16,128,0,0,16.5973
16,128,1,16,15.2213
16,128,1,32,15.2857
16,128,1,64,15.2637
16,128,1,128,16.3947
16,128,1,256,18.539
16,128,1,512,25.6213
16,128,1,1024,40.0323
16,128,1,2048,68.8427
16,128,1,4096,126.464
16,128,1,8192,240.704
16,128,1,16384,471.457
16,128,2,16,15.36
16,128,2,32,15.4133
16,128,2,64,15.4023
16,128,2,128,16.4693
16,128,2,256,18.8693
16,128,2,512,25.9097
16,128,2,1024,40.1497
16,128,2,2048,68.9603
16,128,2,4096,126.741
16,128,2,8192,241.718
16,128,2,16384,474.05
16,128,4,16,15.147
16,128,4,32,15.2107
16,128,4,64,15.2957
16,128,4,128,16.6297
16,128,4,256,19.1683
16,128,4,512,26.496
16,128,4,1024,41.3117
16,128,4,2048,70.4427
16,128,4,4096,128.225
16,128,4,8192,245.174
16,128,4,16384,478.828
16,128,8,16,22.3147
16,128,8,32,22.6237
16,128,8,64,22.614
16,128,8,128,26.1763
16,128,8,256,31.904
16,128,8,512,46.443
16,128,8,1024,75.7433
16,128,8,2048,135.254
16,128,8,4096,253.75
16,128,8,8192,490.635
16,128,8,16384,963.139
16,128,16,16,32.6187
16,128,16,32,33.1307
16,128,16,64,33.8773
16,128,16,128,43.2213
16,128,16,256,56.395
16,128,16,512,85.8137
16,128,16,1024,150.293
16,128,16,2048,271.446
16,128,16,4096,518.989
16,128,16,8192,1041.35
16,128,16,16384,2045.34
16,128,32,16,46.6027
16,128,32,32,47.072
16,128,32,64,47.712
16,128,32,128,69.6537
16,128,32,256,98.5173
16,128,32,512,170.582
16,128,32,1024,313.9
16,128,32,2048,607.297
16,128,32,4096,1280.4
16,128,32,8192,2881.96
16,128,32,16384,5553.6
16,128,64,16,77.3127
16,128,64,32,79.435
16,128,64,64,82.827
16,128,64,128,132.864
16,128,64,256,232.438
16,128,64,512,449.303
16,128,64,1024,850.178
16,128,64,2048,1734.32
16,128,64,4096,3482.79
16,128,64,8192,7159.32
16,128,64,16384,14214.2
16,128,128,16,143.137
16,128,128,32,147.318
16,128,128,64,152.907
16,128,128,128,283.872
16,128,128,256,495.66
16,128,128,512,957.197
16,128,128,1024,1867.57
16,128,128,2048,3704.17
16,128,128,4096,7365.38
16,128,128,8192,14694.7
16,128,128,16384,29344
16,256,0,0,19.9357
16,256,1,16,18.6883
16,256,1,32,18.6773
16,256,1,64,18.656
16,256,1,128,18.6347
16,256,1,256,20.0643
16,256,1,512,25.5787
16,256,1,1024,40.0217
16,256,1,2048,68.7893
16,256,1,4096,126.496
16,256,1,8192,240.896
16,256,1,16384,471.329
16,256,2,16,18.9227
16,256,2,32,18.9443
16,256,2,64,18.944
16,256,2,128,18.9653
16,256,2,256,19.9253
16,256,2,512,26.016
16,256,2,1024,40.2773
16,256,2,2048,69.2267
16,256,2,4096,126.806
16,256,2,8192,241.654
16,256,2,16384,474.147
16,256,4,16,18.656
16,256,4,32,18.6987
16,256,4,64,18.816
16,256,4,128,18.7623
16,256,4,256,20.224
16,256,4,512,26.6027
16,256,4,1024,41.248
16,256,4,2048,70.2937
16,256,4,4096,128.299
16,256,4,8192,245.302
16,256,4,16384,478.518
16,256,8,16,25.8983
16,256,8,32,25.8883
16,256,8,64,26.2827
16,256,8,128,29.6213
16,256,8,256,33.6203
16,256,8,512,46.6133
16,256,8,1024,75.819
16,256,8,2048,136.555
16,256,8,4096,255.894
16,256,8,8192,492.929
16,256,8,16384,965.005
16,256,16,16,36.2457
16,256,16,32,36.5117
16,256,16,64,37.2053
16,256,16,128,46.4857
16,256,16,256,57.7287
16,256,16,512,85.995
16,256,16,1024,152.459
16,256,16,2048,282.977
16,256,16,4096,533.164
16,256,16,8192,1059.48
16,256,16,16384,2107.93
16,256,32,16,51.808
16,256,32,32,52.736
16,256,32,64,53.5143
16,256,32,128,69.8987
16,256,32,256,100.886
16,256,32,512,170.219
16,256,32,1024,319.916
16,256,32,2048,620.493
16,256,32,4096,1277.03
16,256,32,8192,2782.66
16,256,32,16384,5746.63
16,256,64,16,80.054
16,256,64,32,82.027
16,256,64,64,85.7387
16,256,64,128,132.299
16,256,64,256,235.083
16,256,64,512,451.628
16,256,64,1024,876.301
16,256,64,2048,1756.51
16,256,64,4096,3470.45
16,256,64,8192,7118.2
16,256,64,16384,14350.8
16,256,128,16,143.669
16,256,128,32,147.851
16,256,128,64,153.824
16,256,128,128,280.95
16,256,128,256,499.031
16,256,128,512,957.88
16,256,128,1024,1868.58
16,256,128,2048,3709.92
16,256,128,4096,7364.82
16,256,128,8192,14687.2
16,256,128,16384,29345.2
16,512,0,0,26.9653
16,512,1,16,25.6217
16,512,1,32,25.7173
16,512,1,64,25.664
16,512,1,128,25.6963
16,512,1,256,25.696
16,512,1,512,26.9227
16,512,1,1024,40.0217
16,512,1,2048,68.896
16,512,1,4096,126.496
16,512,1,8192,241.121
16,512,1,16384,471.617
16,512,2,16,25.9733
16,512,2,32,26.1127
16,512,2,64,26.059
16,512,2,128,25.92
16,512,2,256,26.1333
16,512,2,512,26.9547
16,512,2,1024,40.2887
16,512,2,2048,69.2693
16,512,2,4096,126.87
16,512,2,8192,241.622
16,512,2,16384,474.027
16,512,4,16,25.7173
16,512,4,32,25.7177
16,512,4,64,25.739
16,512,4,128,25.8027
16,512,4,256,26.1013
16,512,4,512,27.232
16,512,4,1024,41.387
16,512,4,2048,70.4537
16,512,4,4096,128.341
16,512,4,8192,245.27
16,512,4,16384,478.689
16,512,8,16,32.7467
16,512,8,32,33.0667
16,512,8,64,33.035
16,512,8,128,36.4477
16,512,8,256,40.459
16,512,8,512,48.352
16,512,8,1024,75.936
16,512,8,2048,136.747
16,512,8,4096,258.411
16,512,8,8192,499.478
16,512,8,16384,970.765
16,512,16,16,43.0507
16,512,16,32,43.595
16,512,16,64,44.395
16,512,16,128,53.5573
16,512,16,256,64.4053
16,512,16,512,88.0423
16,512,16,1024,148.523
16,512,16,2048,287.415
16,512,16,4096,565.004
16,512,16,8192,1132.27
16,512,16,16384,2289.32
16,512,32,16,58.9227
16,512,32,32,59.755
16,512,32,64,60.7253
16,512,32,128,79.606
16,512,32,256,102.72
16,512,32,512,175.051
16,512,32,1024,314.113
16,512,32,2048,678.315
16,512,32,4096,1422.08
16,512,32,8192,3051.11
16,512,32,16384,5870.61
16,512,64,16,88.7257
16,512,64,32,90.1227
16,512,64,64,93.7923
16,512,64,128,136.502
16,512,64,256,237.568
16,512,64,512,452.395
16,512,64,1024,881.602
16,512,64,2048,1770.46
16,512,64,4096,3502.1
16,512,64,8192,7177.69
16,512,64,16384,14377.5
16,512,128,16,151.19
16,512,128,32,154.784
16,512,128,64,160.203
16,512,128,128,291.777
16,512,128,256,501.089
16,512,128,512,964.984
16,512,128,1024,1874.16
16,512,128,2048,3709.2
16,512,128,4096,7371.49
16,512,128,8192,14698.5
16,512,128,16384,29351.6
16,1024,0,0,41.2373
16,1024,1,16,39.9467
16,1024,1,32,39.9893
16,1024,1,64,39.9787
16,1024,1,128,39.9787
16,1024,1,256,40.0853
16,1024,1,512,40.0747
16,1024,1,1024,41.2797
16,1024,1,2048,68.853
16,1024,1,4096,126.432
16,1024,1,8192,240.939
16,1024,1,16384,471.479
16,1024,2,16,40.117
16,1024,2,32,40.096
16,1024,2,64,40.1703
16,1024,2,128,40.096
16,1024,2,256,40.3627
16,1024,2,512,40.288
16,1024,2,1024,41.3223
16,1024,2,2048,69.0133
16,1024,2,4096,126.891
16,1024,2,8192,241.74
16,1024,2,16384,474.102
16,1024,4,16,40.0107
16,1024,4,32,40.0423
16,1024,4,64,40.0217
16,1024,4,128,40.1283
16,1024,4,256,40.3317
16,1024,4,512,40.6827
16,1024,4,1024,41.792
16,1024,4,2048,70.358
16,1024,4,4096,128.683
16,1024,4,8192,246.23
16,1024,4,16384,478.402
16,1024,8,16,46.56
16,1024,8,32,46.56
16,1024,8,64,47.0513
16,1024,8,128,50.2507
16,1024,8,256,54.2187
16,1024,8,512,61.8987
16,1024,8,1024,78.3153
16,1024,8,2048,135.861
16,1024,8,4096,258.668
16,1024,8,8192,502.668
16,1024,8,16384,991.306
16,1024,16,16,56.9173
16,1024,16,32,57.312
16,1024,16,64,57.867
16,1024,16,128,67.5737
16,1024,16,256,78.5917
16,1024,16,512,101.771
16,1024,16,1024,150.208
16,1024,16,2048,282.976
16,1024,16,4096,562.915
16,1024,16,8192,1149.76
16,1024,16,16384,2306.48
16,1024,32,16,72.886
16,1024,32,32,73.665
16,1024,32,64,74.9753
16,1024,32,128,94.1343
16,1024,32,256,122.337
16,1024,32,512,184.736
16,1024,32,1024,309.963
16,1024,32,2048,662.807
16,1024,32,4096,1392.24
16,1024,32,8192,3065.73
16,1024,32,16384,6188.93
16,1024,64,16,104.79
16,1024,64,32,106.731
16,1024,64,64,109.11
16,1024,64,128,154.144
16,1024,64,256,254.038
16,1024,64,512,462.764
16,1024,64,1024,860.258
16,1024,64,2048,1780.21
16,1024,64,4096,3524.33
16,1024,64,8192,7177.39
16,1024,64,16384,14442.6
16,1024,128,16,166.369
16,1024,128,32,169.76
16,1024,128,64,175.745
16,1024,128,128,301.121
16,1024,128,256,513.089
16,1024,128,512,969.827
16,1024,128,1024,1879.78
16,1024,128,2048,3720.15
16,1024,128,4096,7373.96
16,1024,128,8192,14709.3
16,1024,128,16384,29357.6
16,2048,0,0,70.0163
16,2048,1,16,68.672
16,2048,1,32,68.6193
16,2048,1,64,68.6723
16,2048,1,128,68.6613
16,2048,1,256,68.6823
16,2048,1,512,68.672
16,2048,1,1024,68.7263
16,2048,1,2048,69.963
16,2048,1,4096,126.454
16,2048,1,8192,240.982
16,2048,1,16384,471.724
16,2048,2,16,68.7253
16,2048,2,32,68.7573
16,2048,2,64,68.7787
16,2048,2,128,68.7897
16,2048,2,256,68.8433
16,2048,2,512,69.0027
16,2048,2,1024,68.8957
16,2048,2,2048,69.931
16,2048,2,4096,126.945
16,2048,2,8192,241.749
16,2048,2,16384,474.221
16,2048,4,16,68.768
16,2048,4,32,68.7573
16,2048,4,64,68.7577
16,2048,4,128,68.821
16,2048,4,256,69.0453
16,2048,4,512,69.4613
16,2048,4,1024,70.4107
16,2048,4,2048,71.0613
16,2048,4,4096,129.227
16,2048,4,8192,246.369
16,2048,4,16384,479.51
16,2048,8,16,74.3787
16,2048,8,32,74.39
16,2048,8,64,75.1787
16,2048,8,128,77.803
16,2048,8,256,82.2297
16,2048,8,512,89.1523
16,2048,8,1024,106.134
16,2048,8,2048,137.505
16,2048,8,4096,257.868
16,2048,8,8192,501.366
16,2048,8,16384,994.797
16,2048,16,16,84.7787
16,2048,16,32,85.237
16,2048,16,64,85.6007
16,2048,16,128,94.8477
16,2048,16,256,106.283
16,2048,16,512,131.051
16,2048,16,1024,177.132
16,2048,16,2048,276.033
16,2048,16,4096,554.946
16,2048,16,8192,1145.57
16,2048,16,16384,2260.19
16,2048,32,16,100.353
16,2048,32,32,101.333
16,2048,32,64,102.529
16,2048,32,128,122.262
16,2048,32,256,151.489
16,2048,32,512,214.539
16,2048,32,1024,332.577
16,2048,32,2048,607.148
16,2048,32,4096,1381.76
16,2048,32,8192,3031.49
16,2048,32,16384,5879.47
16,2048,64,16,133.376
16,2048,64,32,135.734
16,2048,64,64,139.275
16,2048,64,128,185.558
16,2048,64,256,294.305
16,2048,64,512,503.415
16,2048,64,1024,881.922
16,2048,64,2048,1789.63
16,2048,64,4096,3508.05
16,2048,64,8192,7168.18
16,2048,64,16384,14442.1
16,2048,128,16,198.123
16,2048,128,32,201.376
16,2048,128,64,208.021
16,2048,128,128,341.153
16,2048,128,256,548.737
16,2048,128,512,998.264
16,2048,128,1024,1894.75
16,2048,128,2048,3731.31
16,2048,128,4096,7386.74
16,2048,128,8192,14717.7
16,2048,128,16384,29372.2
16,4096,0,0,127.435
16,4096,1,16,126.038
16,4096,1,32,125.984
16,4096,1,64,125.973
16,4096,1,128,125.974
16,4096,1,256,126.048
16,4096,1,512,126.112
16,4096,1,1024,125.952
16,4096,1,2048,126.059
16,4096,1,4096,127.403
16,4096,1,8192,241.003
16,4096,1,16384,471.735
16,4096,2,16,125.995
16,4096,2,32,126.102
16,4096,2,64,126.091
16,4096,2,128,126.165
16,4096,2,256,126.218
16,4096,2,512,126.24
16,4096,2,1024,126.678
16,4096,2,2048,126.646
16,4096,2,4096,127.329
16,4096,2,8192,242.058
16,4096,2,16384,474.113
16,4096,4,16,126.144
16,4096,4,32,125.974
16,4096,4,64,126.027
16,4096,4,128,126.059
16,4096,4,256,126.411
16,4096,4,512,126.71
16,4096,4,1024,127.564
16,4096,4,2048,128.075
16,4096,4,4096,129.59
16,4096,4,8192,246.134
16,4096,4,16384,479.33
16,4096,8,16,129.654
16,4096,8,32,129.91
16,4096,8,64,131.233
16,4096,8,128,134.134
16,4096,8,256,137.526
16,4096,8,512,145.323
16,4096,8,1024,161.078
16,4096,8,2048,193.802
16,4096,8,4096,256.641
16,4096,8,8192,498.69
16,4096,8,16384,991.726
16,4096,16,16,139.83
16,4096,16,32,140.427
16,4096,16,64,140.854
16,4096,16,128,150.699
16,4096,16,256,161.568
16,4096,16,512,186.134
16,4096,16,1024,236.118
16,4096,16,2048,330.198
16,4096,16,4096,530.135
16,4096,16,8192,1124.9
16,4096,16,16384,2285.24
16,4096,32,16,155.798
16,4096,32,32,156.524
16,4096,32,64,157.771
16,4096,32,128,177.419
16,4096,32,256,206.688
16,4096,32,512,274.624
16,4096,32,1024,397.387
16,4096,32,2048,689.527
16,4096,32,4096,1335.97
16,4096,32,8192,2991.11
16,4096,32,16384,6008.37
16,4096,64,16,188.992
16,4096,64,32,191.243
16,4096,64,64,194.582
16,4096,64,128,243.883
16,4096,64,256,366.593
16,4096,64,512,585.335
16,4096,64,1024,997.4
16,4096,64,2048,1811.35
16,4096,64,4096,3509.64
16,4096,64,8192,7108.22
16,4096,64,16384,14392.5
16,4096,128,16,258.742
16,4096,128,32,262.198
16,4096,128,64,269.676
16,4096,128,128,402.838
16,4096,128,256,622.22
16,4096,128,512,1074.06
16,4096,128,1024,1957.63
16,4096,128,2048,3762.64
16,4096,128,4096,7412.25
16,4096,128,8192,14735.9
16,4096,128,16384,29386
16,8192,0,0,243.264
16,8192,1,16,241.558
16,8192,1,32,241.718
16,8192,1,64,241.579
16,8192,1,128,241.697
16,8192,1,256,241.707
16,8192,1,512,241.782
16,8192,1,1024,241.921
16,8192,1,2048,242.155
16,8192,1,4096,242.102
16,8192,1,8192,242.593
16,8192,1,16384,471.809
16,8192,2,16,241.686
16,8192,2,32,241.782
16,8192,2,64,241.76
16,8192,2,128,241.878
16,8192,2,256,241.899
16,8192,2,512,242.209
16,8192,2,1024,242.283
16,8192,2,2048,242.497
16,8192,2,4096,242.742
16,8192,2,8192,243.542
16,8192,2,16384,474.53
16,8192,4,16,241.814
16,8192,4,32,241.75
16,8192,4,64,241.792
16,8192,4,128,241.973
16,8192,4,256,242.166
16,8192,4,512,242.87
16,8192,4,1024,243.127
16,8192,4,2048,243.927
16,8192,4,4096,244.333
16,8192,4,8192,247.777
16,8192,4,16384,481.634
16,8192,8,16,242.955
16,8192,8,32,241.888
16,8192,8,64,242.006
16,8192,8,128,244.673
16,8192,8,256,250.122
16,8192,8,512,256.043
16,8192,8,1024,276.022
16,8192,8,2048,306.752
16,8192,8,4096,371.03
16,8192,8,8192,495.425
16,8192,8,16384,996.175
16,8192,16,16,249.772
16,8192,16,32,251.116
16,8192,16,64,251.552
16,8192,16,128,260.299
16,8192,16,256,271.84
16,8192,16,512,296.619
16,8192,16,1024,345.152
16,8192,16,2048,446.049
16,8192,16,4096,652.769
16,8192,16,8192,1097.9
16,8192,16,16384,2292.18
16,8192,32,16,265.846
16,8192,32,32,266.55
16,8192,32,64,267.874
16,8192,32,128,287.5
16,8192,32,256,316.94
16,8192,32,512,385.334
16,8192,32,1024,511.884
16,8192,32,2048,799.64
16,8192,32,4096,1442.29
16,8192,32,8192,2954.53
16,8192,32,16384,6055.83
16,8192,64,16,299.094
16,8192,64,32,301.654
16,8192,64,64,305.164
16,8192,64,128,355.244
16,8192,64,256,476.269
16,8192,64,512,709.623
16,8192,64,1024,1131.95
16,8192,64,2048,1976.31
16,8192,64,4096,3571.71
16,8192,64,8192,7195.97
16,8192,64,16384,14429.1
16,8192,128,16,369.334
16,8192,128,32,372.982
16,8192,128,64,380.503
16,8192,128,128,525.815
16,8192,128,256,753.24
16,8192,128,512,1222.29
16,8192,128,1024,2111.28
16,8192,128,2048,3972.12
16,8192,128,4096,7469.08
16,8192,128,8192,14792.4
16,8192,128,16384,29434
16,16384,0,0,476.855
16,16384,1,16,474.752
16,16384,1,32,474.582
16,16384,1,64,474.711
16,16384,1,128,474.668
16,16384,1,256,474.679
16,16384,1,512,474.669
16,16384,1,1024,475.095
16,16384,1,2048,475.041
16,16384,1,4096,475.041
16,16384,1,8192,475.095
16,16384,1,16384,475.788
16,16384,2,16,474.753
16,16384,2,32,474.582
16,16384,2,64,474.838
16,16384,2,128,474.902
16,16384,2,256,474.838
16,16384,2,512,475.234
16,16384,2,1024,475.522
16,16384,2,2048,475.404
16,16384,2,4096,475.286
16,16384,2,8192,475.458
16,16384,2,16384,477.036
16,16384,4,16,474.786
16,16384,4,32,474.87
16,16384,4,64,474.849
16,16384,4,128,474.818
16,16384,4,256,475.169
16,16384,4,512,475.927
16,16384,4,1024,476.172
16,16384,4,2048,476.449
16,16384,4,4096,477.014
16,16384,4,8192,479.148
16,16384,4,16384,484.204
16,16384,8,16,474.774
16,16384,8,32,474.732
16,16384,8,64,474.582
16,16384,8,128,475.247
16,16384,8,256,476.14
16,16384,8,512,480.086
16,16384,8,1024,497.058
16,16384,8,2048,528.202
16,16384,8,4096,603.575
16,16384,8,8192,727.949
16,16384,8,16384,972.13
16,16384,16,16,475.147
16,16384,16,32,474.987
16,16384,16,64,475.318
16,16384,16,128,482.946
16,16384,16,256,495.479
16,16384,16,512,519.736
16,16384,16,1024,567.703
16,16384,16,2048,666.86
16,16384,16,4096,883.237
16,16384,16,8192,1370.22
16,16384,16,16384,2199.25
16,16384,32,16,487.702
16,16384,32,32,490.007
16,16384,32,64,488.311
16,16384,32,128,509.014
16,16384,32,256,536.983
16,16384,32,512,604.844
16,16384,32,1024,735.81
16,16384,32,2048,1042.22
16,16384,32,4096,1720.65
16,16384,32,8192,3168.68
16,16384,32,16384,5577.76
16,16384,64,16,521.868
16,16384,64,32,523.233
16,16384,64,64,527.265
16,16384,64,128,574.241
16,16384,64,256,696.388
16,16384,64,512,925.943
16,16384,64,1024,1379.31
16,16384,64,2048,2260.79
16,16384,64,4096,3951.57
16,16384,64,8192,7255.78
16,16384,64,16384,14308.8
16,16384,128,16,589.687
16,16384,128,32,595.287
16,16384,128,64,602.039
16,16384,128,128,743.79
16,16384,128,256,982.841
16,16384,128,512,1477.44
16,16384,128,1024,2412.58
16,16384,128,2048,4212.44
16,16384,128,4096,7743.97
16,16384,128,8192,14901.9
16,16384,128,16384,29533.7
32,0,0,0,12.9817
32,0,1,16,13.0137
32,0,1,32,12.9387
32,0,1,64,12.9813
32,0,1,128,15.093
32,0,1,256,18.6133
32,0,1,512,25.5573
32,0,1,1024,39.9253
32,0,1,2048,68.854
32,0,1,4096,126.326
32,0,1,8192,240.811
32,0,1,16384,471.415
32,0,2,16,13.0027
32,0,2,32,13.152
32,0,2,64,13.11
32,0,2,128,15.285
32,0,2,256,18.8477
32,0,2,512,25.995
32,0,2,1024,40.1387
32,0,2,2048,68.9607
32,0,2,4096,126.721
32,0,2,8192,241.772
32,0,2,16384,474.028
32,0,4,16,13.131
32,0,4,32,13.1947
32,0,4,64,13.1627
32,0,4,128,15.51
32,0,4,256,19.1467
32,0,4,512,26.464
32,0,4,1024,41.4183
32,0,4,2048,70.315
32,0,4,4096,128.256
32,0,4,8192,246.081
32,0,4,16384,478.668
32,0,8,16,18.8587
32,0,8,32,18.9123
32,0,8,64,19.1257
32,0,8,128,24.3203
32,0,8,256,31.904
32,0,8,512,46.4427
32,0,8,1024,76.0647
32,0,8,2048,135.669
32,0,8,4096,253.248
32,0,8,8192,490.604
32,0,8,16384,962.797
32,0,16,16,29.0027
32,0,16,32,29.5043
32,0,16,64,29.8347
32,0,16,128,41.344
32,0,16,256,55.8297
32,0,16,512,86.251
32,0,16,1024,147.521
32,0,16,2048,267.414
32,0,16,4096,511.437
32,0,16,8192,1042.95
32,0,16,16384,2046.76
32,0,32,16,45.0667
32,0,32,32,46.1227
32,0,32,64,46.8803
32,0,32,128,68.0533
32,0,32,256,100.716
32,0,32,512,174.849
32,0,32,1024,308.012
32,0,32,2048,595.788
32,0,32,4096,1274.12
32,0,32,8192,2792.11
32,0,32,16384,5423.9
32,0,64,16,77.6427
32,0,64,32,79.6373
32,0,64,64,82.859
32,0,64,128,131.701
32,0,64,256,225.836
32,0,64,512,438.838
32,0,64,1024,842.627
32,0,64,2048,1719.95
32,0,64,4096,3429.25
32,0,64,8192,7083.21
32,0,64,16384,14206.2
32,0,128,16,142.817
32,0,128,32,146.891
32,0,128,64,152.342
32,0,128,128,278.432
32,0,128,256,494.113
32,0,128,512,955.171
32,0,128,1024,1868.05
32,0,128,2048,3703.45
32,0,128,4096,7361.98
32,0,128,8192,14690.1
32,0,128,16384,29341.3
32,16,0,0,13.1307
32,16,1,16,13.056
32,16,1,32,13.1093
32,16,1,64,13.0987
32,16,1,128,15.1043
32,16,1,256,18.528
32,16,1,512,25.5787
32,16,1,1024,39.9893
32,16,1,2048,68.8107
32,16,1,4096,126.379
32,16,1,8192,240.939
32,16,1,16384,471.521
32,16,2,16,13.024
32,16,2,32,13.2053
32,16,2,64,13.2163
32,16,2,128,15.275
32,16,2,256,18.87
32,16,2,512,25.9733
32,16,2,1024,40.1923
32,16,2,2048,68.96
32,16,2,4096,126.763
32,16,2,8192,241.516
32,16,2,16384,473.9
32,16,4,16,13.1843
32,16,4,32,13.3437
32,16,4,64,13.6113
32,16,4,128,15.4773
32,16,4,256,19.104
32,16,4,512,26.4527
32,16,4,1024,41.408
32,16,4,2048,70.3467
32,16,4,4096,128.384
32,16,4,8192,245.269
32,16,4,16384,478.785
32,16,8,16,18.987
32,16,8,32,19.1363
32,16,8,64,19.573
32,16,8,128,24.5123
32,16,8,256,32.0537
32,16,8,512,46.5603
32,16,8,1024,76.2667
32,16,8,2048,135.808
32,16,8,4096,254.156
32,16,8,8192,491.073
32,16,8,16384,963.076
32,16,16,16,29.12
32,16,16,32,29.6
32,16,16,64,30.4747
32,16,16,128,41.3973
32,16,16,256,55.8933
32,16,16,512,86.3683
32,16,16,1024,147.809
32,16,16,2048,266.923
32,16,16,4096,511.009
32,16,16,8192,1032.32
32,16,16,16384,2060.99
32,16,32,16,45.1733
32,16,32,32,45.952
32,16,32,64,47.136
32,16,32,128,68.0857
32,16,32,256,100.704
32,16,32,512,175.019
32,16,32,1024,306.763
32,16,32,2048,589.784
32,16,32,4096,1262.49
32,16,32,8192,2823.64
32,16,32,16384,5620.28
32,16,64,16,77.611
32,16,64,32,79.5307
32,16,64,64,83.0297
32,16,64,128,131.595
32,16,64,256,227.585
32,16,64,512,445.804
32,16,64,1024,845.432
32,16,64,2048,1715.42
32,16,64,4096,3404.53
32,16,64,8192,7120.15
32,16,64,16384,14221.9
32,16,128,16,142.571
32,16,128,32,146.869
32,16,128,64,152.726
32,16,128,128,281.388
32,16,128,256,493.474
32,16,128,512,955.608
32,16,128,1024,1865.47
32,16,128,2048,3700.98
32,16,128,4096,7359.96
32,16,128,8192,14697.9
32,16,128,16384,29342.3
32,32,0,0,13.0667
32,32,1,16,13.1413
32,32,1,32,13.0133
32,32,1,64,12.9813
32,32,1,128,15.083
32,32,1,256,18.507
32,32,1,512,25.5997
32,32,1,1024,39.979
32,32,1,2048,68.789
32,32,1,4096,126.358
32,32,1,8192,240.939
32,32,1,16384,471.414
32,32,2,16,13.1947
32,32,2,32,13.1197
32,32,2,64,13.237
32,32,2,128,15.296
32,32,2,256,18.8693
32,32,2,512,25.952
32,32,2,1024,40.171
32,32,2,2048,68.9283
32,32,2,4096,126.742
32,32,2,8192,241.536
32,32,2,16384,473.804
32,32,4,16,13.2053
32,32,4,32,13.3333
32,32,4,64,13.5253
32,32,4,128,15.5413
32,32,4,256,19.093
32,32,4,512,26.4213
32,32,4,1024,41.312
32,32,4,2048,70.1767
32,32,4,4096,128.459
32,32,4,8192,245.312
32,32,4,16384,478.562
32,32,8,16,19.0187
32,32,8,32,19.1257
32,32,8,64,19.5623
32,32,8,128,24.4373
32,32,8,256,32.1813
32,32,8,512,46.7093
32,32,8,1024,76.118
32,32,8,2048,135.488
32,32,8,4096,253.814
32,32,8,8192,490.294
32,32,8,16384,962.883
32,32,16,16,29.088
32,32,16,32,29.568
32,32,16,64,30.2403
32,32,16,128,41.312
32,32,16,256,55.8083
32,32,16,512,85.8987
32,32,16,1024,147.541
32,32,16,2048,267.778
32,32,16,4096,511.406
32,32,16,8192,1048.12
32,32,16,16384,2104.79
32,32,32,16,45.109
32,32,32,32,45.9947
32,32,32,64,47.0827
32,32,32,128,68.0223
32,32,32,256,100.544
32,32,32,512,173.878
32,32,32,1024,307.318
32,32,32,2048,591.522
32,32,32,4096,1238.19
32,32,32,8192,2675.65
32,32,32,16384,5488.88
32,32,64,16,77.6853
32,32,64,32,79.595
32,32,64,64,83.147
32,32,64,128,131.36
32,32,64,256,227.029
32,32,64,512,443.564
32,32,64,1024,849.709
32,32,64,2048,1733.8
32,32,64,4096,3424.47
32,32,64,8192,7171.32
32,32,64,16384,14217.8
32,32,128,16,142.827
32,32,128,32,146.934
32,32,128,64,152.63
32,32,128,128,280.3
32,32,128,256,493.675
32,32,128,512,956.173
32,32,128,1024,1867.78
32,32,128,2048,3701.2
32,32,128,4096,7359.04
32,32,128,8192,14689.9
32,32,128,16384,29345.5
32,64,0,0,13.333
32,64,1,16,13.1093
32,64,1,32,13.152
32,64,1,64,13.1737
32,64,1,128,15.0823
32,64,1,256,18.5177
32,64,1,512,25.568
32,64,1,1024,40.0427
32,64,1,2048,68.7897
32,64,1,4096,126.379
32,64,1,8192,240.876
32,64,1,16384,471.255
32,64,2,16,13.1727
32,64,2,32,13.259
32,64,2,64,13.3547
32,64,2,128,15.2533
32,64,2,256,18.848
32,64,2,512,25.9413
32,64,2,1024,40.203
32,64,2,2048,69.1947
32,64,2,4096,126.71
32,64,2,8192,241.644
32,64,2,16384,473.932
32,64,4,16,13.2267
32,64,4,32,13.408
32,64,4,64,13.6537
32,64,4,128,15.488
32,64,4,256,19.1467
32,64,4,512,26.368
32,64,4,1024,41.3333
32,64,4,2048,70.3253
32,64,4,4096,128.278
32,64,4,8192,245.345
32,64,4,16384,478.766
32,64,8,16,19.0613
32,64,8,32,19.3497
32,64,8,64,19.7123
32,64,8,128,24.64
32,64,8,256,32.171
32,64,8,512,46.5603
32,64,8,1024,76.0747
32,64,8,2048,135.734
32,64,8,4096,253.494
32,64,8,8192,490.37
32,64,8,16384,962.649
32,64,16,16,29.2693
32,64,16,32,29.6853
32,64,16,64,30.4747
32,64,16,128,41.2803
32,64,16,256,55.9793
32,64,16,512,86.187
32,64,16,1024,147.734
32,64,16,2048,266.699
32,64,16,4096,514.412
32,64,16,8192,1030.26
32,64,16,16384,2067.71
32,64,32,16,45.131
32,64,32,32,45.9833
32,64,32,64,47.0293
32,64,32,128,68.032
32,64,32,256,101.078
32,64,32,512,174.368
32,64,32,1024,308.449
32,64,32,2048,593.068
32,64,32,4096,1255.86
32,64,32,8192,2703.58
32,64,32,16384,5505.96
32,64,64,16,77.803
32,64,64,32,79.6587
32,64,64,64,83.179
32,64,64,128,131.35
32,64,64,256,227.137
32,64,64,512,441.463
32,64,64,1024,849.271
32,64,64,2048,1730.22
32,64,64,4096,3442.78
32,64,64,8192,7180.09
32,64,64,16384,14146.4
32,64,128,16,142.784
32,64,128,32,146.891
32,64,128,64,152.416
32,64,128,128,283.233
32,64,128,256,495.735
32,64,128,512,956.599
32,64,128,1024,1867.71
32,64,128,2048,3703.07
32,64,128,4096,7361.88
32,64,128,8192,14689
32,64,128,16384,29338.1
32,128,0,0,16.7573
32,128,1,16,15.3927
32,128,1,32,15.4987
32,128,1,64,15.3707
32,128,1,128,16.3837
32,128,1,256,18.635
32,128,1,512,25.579
32,128,1,1024,39.9467
32,128,1,2048,68.864
32,128,1,4096,126.326
32,128,1,8192,240.801
32,128,1,16384,471.297
32,128,2,16,15.616
32,128,2,32,15.7227
32,128,2,64,15.669
32,128,2,128,16.4587
32,128,2,256,18.9227
32,128,2,512,25.8983
32,128,2,1024,40.1923
32,128,2,2048,69.3653
32,128,2,4096,126.859
32,128,2,8192,241.601
32,128,2,16384,473.975
32,128,4,16,15.3173
32,128,4,32,15.328
32,128,4,64,15.4453
32,128,4,128,16.747
32,128,4,256,19.2107
32,128,4,512,26.4427
32,128,4,1024,41.2373
32,128,4,2048,70.571
32,128,4,4096,128.405
32,128,4,8192,245.932
32,128,4,16384,478.988
32,128,8,16,22.528
32,128,8,32,22.827
32,128,8,64,22.944
32,128,8,128,26.2827
32,128,8,256,32.1813
32,128,8,512,46.582
32,128,8,1024,75.6803
32,128,8,2048,135.691
32,128,8,4096,253.846
32,128,8,8192,490.827
32,128,8,16384,964.867
32,128,16,16,32.7677
32,128,16,32,33.067
32,128,16,64,33.7817
32,128,16,128,42.9233
32,128,16,256,56.1183
32,128,16,512,85.5793
32,128,16,1024,152.672
32,128,16,2048,272.139
32,128,16,4096,524.877
32,128,16,8192,1056.89
32,128,16,16384,2052.19
32,128,32,16,47.1783
32,128,32,32,47.5303
32,128,32,64,48.2137
32,128,32,128,69.8987
32,128,32,256,102.645
32,128,32,512,173.099
32,128,32,1024,316.726
32,128,32,2048,604.203
32,128,32,4096,1243.74
32,128,32,8192,2623.77
32,128,32,16384,5703.78
32,128,64,16,77.7177
32,128,64,32,79.7013
32,128,64,64,83.2
32,128,64,128,133.814
32,128,64,256,233.611
32,128,64,512,453.121
32,128,64,1024,870.732
32,128,64,2048,1755.49
32,128,64,4096,3432.73
32,128,64,8192,7187.13
32,128,64,16384,14360.6
32,128,128,16,143.179
32,128,128,32,147.286
32,128,128,64,153.312
32,128,128,128,282.113
32,128,128,256,497.783
32,128,128,512,957.838
32,128,128,1024,1868.07
32,128,128,2048,3704.33
32,128,128,4096,7360.56
32,128,128,8192,14696.9
32,128,128,16384,29335.3
32,256,0,0,20.256
32,256,1,16,18.9123
32,256,1,32,18.891
32,256,1,64,18.859
32,256,1,128,18.9337
32,256,1,256,19.9147
32,256,1,512,25.5893
32,256,1,1024,40.011
32,256,1,2048,68.8967
32,256,1,4096,126.401
32,256,1,8192,241.046
32,256,1,16384,471.383
32,256,2,16,19.1467
32,256,2,32,19.1573
32,256,2,64,19.2207
32,256,2,128,19.4347
32,256,2,256,19.979
32,256,2,512,25.952
32,256,2,1024,40.1813
32,256,2,2048,69.1627
32,256,2,4096,126.827
32,256,2,8192,241.463
32,256,2,16384,474.05
32,256,4,16,18.9653
32,256,4,32,18.8587
32,256,4,64,18.9227
32,256,4,128,19.36
32,256,4,256,20.2343
32,256,4,512,26.528
32,256,4,1024,41.387
32,256,4,2048,70.2297
32,256,4,4096,128.364
32,256,4,8192,245.687
32,256,4,16384,478.859
32,256,8,16,25.9193
32,256,8,32,26.315
32,256,8,64,26.7093
32,256,8,128,29.8453
32,256,8,256,33.792
32,256,8,512,46.6133
32,256,8,1024,76.0003
32,256,8,2048,136.662
32,256,8,4096,256.374
32,256,8,8192,492.994
32,256,8,16384,965.262
32,256,16,16,36.192
32,256,16,32,36.4483
32,256,16,64,37.408
32,256,16,128,46.5173
32,256,16,256,57.7167
32,256,16,512,85.8463
32,256,16,1024,153.728
32,256,16,2048,284.897
32,256,16,4096,531.564
32,256,16,8192,1063.88
32,256,16,16384,2125.94
32,256,32,16,52.0743
32,256,32,32,52.9177
32,256,32,64,53.7707
32,256,32,128,70.176
32,256,32,256,104.469
32,256,32,512,173.216
32,256,32,1024,322.38
32,256,32,2048,627.959
32,256,32,4096,1274.67
32,256,32,8192,2918.4
32,256,32,16384,5643.42
32,256,64,16,80.47
32,256,64,32,82.731
32,256,64,64,86.3997
32,256,64,128,132.694
32,256,64,256,235.99
32,256,64,512,455.585
32,256,64,1024,877.517
32,256,64,2048,1741
32,256,64,4096,3496.27
32,256,64,8192,7160.02
32,256,64,16384,14361
32,256,128,16,143.968
32,256,128,32,147.894
32,256,128,64,154.102
32,256,128,128,287.403
32,256,128,256,501.314
32,256,128,512,959.822
32,256,128,1024,1872.12
32,256,128,2048,3706.9
32,256,128,4096,7367.87
32,256,128,8192,14698.2
32,256,128,16384,29346.7
32,512,0,0,27.253
32,512,1,16,25.8453
32,512,1,32,25.888
32,512,1,64,25.8773
32,512,1,128,25.8457
32,512,1,256,26.101
32,512,1,512,26.9867
32,512,1,1024,40.0853
32,512,1,2048,68.8
32,512,1,4096,126.55
32,512,1,8192,241.025
32,512,1,16384,471.329
32,512,2,16,26.1867
32,512,2,32,26.2187
32,512,2,64,26.24
32,512,2,128,26.3787
32,512,2,256,26.6667
32,512,2,512,27.0827
32,512,2,1024,40.2457
32,512,2,2048,69.088
32,512,2,4096,126.881
32,512,2,8192,241.686
32,512,2,16384,473.879
32,512,4,16,25.91
32,512,4,32,25.9627
32,512,4,64,25.92
32,512,4,128,26.1547
32,512,4,256,26.8373
32,512,4,512,27.371
32,512,4,1024,41.2697
32,512,4,2048,70.3787
32,512,4,4096,128.341
32,512,4,8192,246.508
32,512,4,16384,479.297
32,512,8,16,32.8217
32,512,8,32,33.152
32,512,8,64,33.2697
32,512,8,128,36.672
32,512,8,256,40.9177
32,512,8,512,48.2777
32,512,8,1024,76.171
32,512,8,2048,136.555
32,512,8,4096,258.081
32,512,8,8192,498.572
32,512,8,16384,978.542
32,512,16,16,43.1043
32,512,16,32,43.574
32,512,16,64,44.0747
32,512,16,128,53.344
32,512,16,256,64.341
32,512,16,512,88.7043
32,512,16,1024,148.224
32,512,16,2048,285.974
32,512,16,4096,562.029
32,512,16,8192,1148.93
32,512,16,16384,2254.73
32,512,32,16,59.1253
32,512,32,32,60.0107
32,512,32,64,61.152
32,512,32,128,80.5333
32,512,32,256,106.357
32,512,32,512,177.355
32,512,32,1024,318.401
32,512,32,2048,655.042
32,512,32,4096,1385.25
32,512,32,8192,2837.87
32,512,32,16384,5964.74
32,512,64,16,89.5357
32,512,64,32,90.72
32,512,64,64,93.6853
32,512,64,128,137.921
32,512,64,256,236.181
32,512,64,512,447.607
32,512,64,1024,886.605
32,512,64,2048,1777.86
32,512,64,4096,3510.56
32,512,64,8192,7209.1
32,512,64,16384,14443.2
32,512,128,16,151.221
32,512,128,32,155.008
32,512,128,64,160.459
32,512,128,128,288.62
32,512,128,256,503.873
32,512,128,512,964.387
32,512,128,1024,1874.06
32,512,128,2048,3708.22
32,512,128,4096,7365.99
32,512,128,8192,14703.7
32,512,128,16384,29346.9
32,1024,0,0,41.4617
32,1024,1,16,40.1603
32,1024,1,32,40.2133
32,1024,1,64,40.214
32,1024,1,128,40.2557
32,1024,1,256,40.4057
32,1024,1,512,40.6503
32,1024,1,1024,41.376
32,1024,1,2048,68.9177
32,1024,1,4096,126.496
32,1024,1,8192,240.95
32,1024,1,16384,471.479
32,1024,2,16,40.2883
32,1024,2,32,40.3517
32,1024,2,64,40.352
32,1024,2,128,40.491
32,1024,2,256,40.7893
32,1024,2,512,41.2167
32,1024,2,1024,41.3543
32,1024,2,2048,69.1203
32,1024,2,4096,126.901
32,1024,2,8192,241.633
32,1024,2,16384,473.942
32,1024,4,16,40.2347
32,1024,4,32,40.2137
32,1024,4,64,40.3417
32,1024,4,128,40.6723
32,1024,4,256,41.355
32,1024,4,512,41.6963
32,1024,4,1024,42.0373
32,1024,4,2048,70.5177
32,1024,4,4096,128.906
32,1024,4,8192,245.91
32,1024,4,16384,478.988
32,1024,8,16,46.6023
32,1024,8,32,47.0827
32,1024,8,64,47.499
32,1024,8,128,50.5063
32,1024,8,256,54.6563
32,1024,8,512,61.7177
32,1024,8,1024,77.9943
32,1024,8,2048,135.691
32,1024,8,4096,258.358
32,1024,8,8192,504.652
32,1024,8,16384,993.987
32,1024,16,16,56.8743
32,1024,16,32,57.5683
32,1024,16,64,58.091
32,1024,16,128,67.3813
32,1024,16,256,78.8267
32,1024,16,512,101.995
32,1024,16,1024,151.936
32,1024,16,2048,281.483
32,1024,16,4096,562.412
32,1024,16,8192,1143.45
32,1024,16,16384,2299.37
32,1024,32,16,73.195
32,1024,32,32,74.07
32,1024,32,64,75.221
32,1024,32,128,94.827
32,1024,32,256,125.494
32,1024,32,512,187.808
32,1024,32,1024,312.311
32,1024,32,2048,655.202
32,1024,32,4096,1376.41
32,1024,32,8192,3061.41
32,1024,32,16384,5761.12
32,1024,64,16,105.441
32,1024,64,32,107.339
32,1024,64,64,109.771
32,1024,64,128,154.838
32,1024,64,256,254.038
32,1024,64,512,468.63
32,1024,64,1024,864.152
32,1024,64,2048,1780.21
32,1024,64,4096,3529.11
32,1024,64,8192,7208.32
32,1024,64,16384,14366.7
32,1024,128,16,166.529
32,1024,128,32,170.273
32,1024,128,64,175.692
32,1024,128,128,306.86
32,1024,128,256,510.882
32,1024,128,512,970.947
32,1024,128,1024,1882.49
32,1024,128,2048,3716.19
32,1024,128,4096,7378.51
32,1024,128,8192,14706.7
32,1024,128,16384,29355
32,2048,0,0,70.2407
32,2048,1,16,68.8427
32,2048,1,32,68.896
32,2048,1,64,68.8643
32,2048,1,128,68.9493
32,2048,1,256,69.0667
32,2048,1,512,69.0027
32,2048,1,1024,69.2053
32,2048,1,2048,70.1867
32,2048,1,4096,126.454
32,2048,1,8192,240.919
32,2048,1,16384,471.575
32,2048,2,16,68.992
32,2048,2,32,68.992
32,2048,2,64,69.0347
32,2048,2,128,69.2587
32,2048,2,256,69.44
32,2048,2,512,69.6647
32,2048,2,1024,69.878
32,2048,2,2048,70.0053
32,2048,2,4096,127.051
32,2048,2,8192,241.557
32,2048,2,16384,474.092
32,2048,4,16,68.9177
32,2048,4,32,68.95
32,2048,4,64,69.0033
32,2048,4,128,69.2057
32,2048,4,256,69.941
32,2048,4,512,70.315
32,2048,4,1024,70.7633
32,2048,4,2048,71.3813
32,2048,4,4096,128.95
32,2048,4,8192,246.06
32,2048,4,16384,480.119
32,2048,8,16,74.6343
32,2048,8,32,75.0827
32,2048,8,64,75.9893
32,2048,8,128,78.0807
32,2048,8,256,82.2403
32,2048,8,512,89.9207
32,2048,8,1024,106.219
32,2048,8,2048,137.792
32,2048,8,4096,257.569
32,2048,8,8192,502.23
32,2048,8,16384,991
32,2048,16,16,84.5123
32,2048,16,32,84.8743
32,2048,16,64,85.569
32,2048,16,128,95.125
32,2048,16,256,106.656
32,2048,16,512,131.498
32,2048,16,1024,178.593
32,2048,16,2048,274.976
32,2048,16,4096,559.724
32,2048,16,8192,1164.01
32,2048,16,16384,2290.56
32,2048,32,16,100.982
32,2048,32,32,101.739
32,2048,32,64,102.71
32,2048,32,128,122.849
32,2048,32,256,154.955
32,2048,32,512,216.778
32,2048,32,1024,335.584
32,2048,32,2048,606.198
32,2048,32,4096,1397.96
32,2048,32,8192,2870.81
32,2048,32,16384,6021.96
32,2048,64,16,133.813
32,2048,64,32,136.096
32,2048,64,64,139.371
32,2048,64,128,185.974
32,2048,64,256,297.526
32,2048,64,512,503.884
32,2048,64,1024,889.517
32,2048,64,2048,1769.3
32,2048,64,4096,3523.08
32,2048,64,8192,7255.23
32,2048,64,16384,14391
32,2048,128,16,198.497
32,2048,128,32,201.29
32,2048,128,64,207.969
32,2048,128,128,338.731
32,2048,128,256,551.351
32,2048,128,512,998.968
32,2048,128,1024,1896.06
32,2048,128,2048,3730.88
32,2048,128,4096,7383.87
32,2048,128,8192,14718.6
32,2048,128,16384,29378.9
32,4096,0,0,127.712
32,4096,1,16,126.101
32,4096,1,32,126.166
32,4096,1,64,126.144
32,4096,1,128,126.262
32,4096,1,256,126.315
32,4096,1,512,126.539
32,4096,1,1024,126.56
32,4096,1,2048,126.753
32,4096,1,4096,127.755
32,4096,1,8192,240.971
32,4096,1,16384,471.628
32,4096,2,16,126.315
32,4096,2,32,126.315
32,4096,2,64,126.293
32,4096,2,128,126.496
32,4096,2,256,126.624
32,4096,2,512,126.965
32,4096,2,1024,127.062
32,4096,2,2048,127.2
32,4096,2,4096,127.989
32,4096,2,8192,242.379
32,4096,2,16384,474.348
32,4096,4,16,126.198
32,4096,4,32,126.272
32,4096,4,64,126.272
32,4096,4,128,126.699
32,4096,4,256,127.307
32,4096,4,512,127.478
32,4096,4,1024,127.883
32,4096,4,2048,128.448
32,4096,4,4096,130.208
32,4096,4,8192,246.934
32,4096,4,16384,479.737
32,4096,8,16,130.016
32,4096,8,32,131.307
32,4096,8,64,130.827
32,4096,8,128,133.984
32,4096,8,256,137.941
32,4096,8,512,145.301
32,4096,8,1024,161.612
32,4096,8,2048,194.24
32,4096,8,4096,256.214
32,4096,8,8192,500.087
32,4096,8,16384,990.402
32,4096,16,16,140.299
32,4096,16,32,140.289
32,4096,16,64,140.449
32,4096,16,128,150.177
32,4096,16,256,161.515
32,4096,16,512,186.23
32,4096,16,1024,237.015
32,4096,16,2048,331.948
32,4096,16,4096,530.093
32,4096,16,8192,1140.64
32,4096,16,16384,2288.07
32,4096,32,16,156.086
32,4096,32,32,156.896
32,4096,32,64,158.187
32,4096,32,128,177.729
32,4096,32,256,210.56
32,4096,32,512,276.726
32,4096,32,1024,401.932
32,4096,32,2048,685.922
32,4096,32,4096,1301.16
32,4096,32,8192,3031.82
32,4096,32,16384,5761.07
32,4096,64,16,189.536
32,4096,64,32,191.158
32,4096,64,64,195.457
32,4096,64,128,244.448
32,4096,64,256,367.192
32,4096,64,512,585.399
32,4096,64,1024,995.639
32,4096,64,2048,1814.46
32,4096,64,4096,3499.4
32,4096,64,8192,7195.91
32,4096,64,16384,14357.7
32,4096,128,16,258.539
32,4096,128,32,262.411
32,4096,128,64,269.462
32,4096,128,128,410.742
32,4096,128,256,626.732
32,4096,128,512,1075.79
32,4096,128,1024,1963.63
32,4096,128,2048,3759.12
32,4096,128,4096,7413.8
32,4096,128,8192,14739.1
32,4096,128,16384,29396.1
32,8192,0,0,243.627
32,8192,1,16,241.836
32,8192,1,32,241.846
32,8192,1,64,241.91
32,8192,1,128,242.027
32,8192,1,256,242.209
32,8192,1,512,242.017
32,8192,1,1024,242.422
32,8192,1,2048,242.187
32,8192,1,4096,242.198
32,8192,1,8192,242.837
32,8192,1,16384,471.394
32,8192,2,16,242.027
32,8192,2,32,242.101
32,8192,2,64,242.017
32,8192,2,128,242.486
32,8192,2,256,242.475
32,8192,2,512,242.421
32,8192,2,1024,242.635
32,8192,2,2048,242.657
32,8192,2,4096,242.571
32,8192,2,8192,243.873
32,8192,2,16384,475.148
32,8192,4,16,242.06
32,8192,4,32,242.101
32,8192,4,64,242.038
32,8192,4,128,242.753
32,8192,4,256,243.041
32,8192,4,512,243.147
32,8192,4,1024,243.542
32,8192,4,2048,243.82
32,8192,4,4096,245.163
32,8192,4,8192,248.012
32,8192,4,16384,481.047
32,8192,8,16,242.433
32,8192,8,32,242.102
32,8192,8,64,242.114
32,8192,8,128,245.558
32,8192,8,256,249.249
32,8192,8,512,256.78
32,8192,8,1024,274.166
32,8192,8,2048,306.795
32,8192,8,4096,372.491
32,8192,8,8192,496.172
32,8192,8,16384,992.152
32,8192,16,16,250.326
32,8192,16,32,250.913
32,8192,16,64,251.852
32,8192,16,128,260.587
32,8192,16,256,271.905
32,8192,16,512,296.672
32,8192,16,1024,348.535
32,8192,16,2048,445.868
32,8192,16,4096,662.786
32,8192,16,8192,1082.03
32,8192,16,16384,2282.88
32,8192,32,16,266.827
32,8192,32,32,268.417
32,8192,32,64,268.278
32,8192,32,128,288.684
32,8192,32,256,321.099
32,8192,32,512,386.817
32,8192,32,1024,514.508
32,8192,32,2048,805.559
32,8192,32,4096,1480.35
32,8192,32,8192,2594.99
32,8192,32,16384,5822.98
32,8192,64,16,299.595
32,8192,64,32,302.06
32,8192,64,64,305.867
32,8192,64,128,354.231
32,8192,64,256,475.5
32,8192,64,512,709.943
32,8192,64,1024,1131.77
32,8192,64,2048,1996.11
32,8192,64,4096,3580.03
32,8192,64,8192,7258.82
32,8192,64,16384,14409
32,8192,128,16,369.163
32,8192,128,32,373.569
32,8192,128,64,380.449
32,8192,128,128,523.276
32,8192,128,256,755.428
32,8192,128,512,1225.72
32,8192,128,1024,2118.6
32,8192,128,2048,3888.22
32,8192,128,4096,7469.67
32,8192,128,8192,14798.6
32,8192,128,16384,29436.3
32,16384,0,0,476.822
32,16384,1,16,474.913
32,16384,1,32,474.85
32,16384,1,64,474.85
32,16384,1,128,475.179
32,16384,1,256,475.18
32,16384,1,512,475.276
32,16384,1,1024,475.372
32,16384,1,2048,475.297
32,16384,1,4096,475.148
32,16384,1,8192,475.159
32,16384,1,16384,475.842
32,16384,2,16,474.893
32,16384,2,32,475.041
32,16384,2,64,475.031
32,16384,2,128,475.191
32,16384,2,256,475.447
32,16384,2,512,475.585
32,16384,2,1024,475.425
32,16384,2,2048,475.724
32,16384,2,4096,475.553
32,16384,2,8192,475.745
32,16384,2,16384,478.743
32,16384,4,16,475.103
32,16384,4,32,475.288
32,16384,4,64,474.935
32,16384,4,128,475.798
32,16384,4,256,475.948
32,16384,4,512,476.386
32,16384,4,1024,476.588
32,16384,4,2048,477.313
32,16384,4,4096,477.549
32,16384,4,8192,479.415
32,16384,4,16384,484.288
32,16384,8,16,475.053
32,16384,8,32,475.041
32,16384,8,64,475.03
32,16384,8,128,475.788
32,16384,8,256,476.535
32,16384,8,512,478.143
32,16384,8,1024,494.753
32,16384,8,2048,530.156
32,16384,8,4096,604.236
32,16384,8,8192,728.077
32,16384,8,16384,971.715
32,16384,16,16,476.268
32,16384,16,32,475.169
32,16384,16,64,475.436
32,16384,16,128,483.862
32,16384,16,256,494.583
32,16384,16,512,518.636
32,16384,16,1024,567.969
32,16384,16,2048,668.183
32,16384,16,4096,877.773
32,16384,16,8192,1337.54
32,16384,16,16384,2167.88
32,16384,32,16,488.536
32,16384,32,32,490.444
32,16384,32,64,490.178
32,16384,32,128,509.239
32,16384,32,256,541.282
32,16384,32,512,609.368
32,16384,32,1024,736.524
32,16384,32,2048,1043.97
32,16384,32,4096,1742.41
32,16384,32,8192,3228.94
32,16384,32,16384,5560.16
32,16384,64,16,520.823
32,16384,64,32,524.599
32,16384,64,64,527.426
32,16384,64,128,577.345
32,16384,64,256,697.272
32,16384,64,512,927.448
32,16384,64,1024,1375.3
32,16384,64,2048,2270.84
32,16384,64,4096,3953.09
32,16384,64,8192,7328.85
32,16384,64,16384,14428.7
32,16384,128,16,590.604
32,16384,128,32,594.391
32,16384,128,64,601.293
32,16384,128,128,752.215
32,16384,128,256,982.082
32,16384,128,512,1486.35
32,16384,128,1024,2412.68
32,16384,128,2048,4212.33
32,16384,128,4096,7740.43
32,16384,128,8192,14906.9
32,16384,128,16384,29530
64,0,0,0,13.3227
64,0,1,16,13.2053
64,0,1,32,13.3653
64,0,1,64,13.344
64,0,1,128,15.0077
64,0,1,256,18.3577
64,0,1,512,25.3653
64,0,1,1024,39.7767
64,0,1,2048,68.7043
64,0,1,4096,126.176
64,0,1,8192,240.673
64,0,1,16384,471.34
64,0,2,16,13.323
64,0,2,32,13.387
64,0,2,64,13.408
64,0,2,128,15.1357
64,0,2,256,18.7733
64,0,2,512,25.6637
64,0,2,1024,40.0747
64,0,2,2048,68.939
64,0,2,4096,126.56
64,0,2,8192,241.441
64,0,2,16384,473.921
64,0,4,16,13.3333
64,0,4,32,13.5463
64,0,4,64,13.515
64,0,4,128,15.3383
64,0,4,256,19.1043
64,0,4,512,26.699
64,0,4,1024,41.5153
64,0,4,2048,70.3573
64,0,4,4096,128.469
64,0,4,8192,246.805
64,0,4,16384,479.373
64,0,8,16,19.0827
64,0,8,32,19.3387
64,0,8,64,19.4347
64,0,8,128,24.192
64,0,8,256,31.9257
64,0,8,512,47.1797
64,0,8,1024,77.184
64,0,8,2048,137.099
64,0,8,4096,255.467
64,0,8,8192,491.063
64,0,8,16384,964.024
64,0,16,16,29.3657
64,0,16,32,30.0163
64,0,16,64,30.1013
64,0,16,128,41.504
64,0,16,256,56.4697
64,0,16,512,87.232
64,0,16,1024,150.602
64,0,16,2048,269.174
64,0,16,4096,515.083
64,0,16,8192,1046.82
64,0,16,16384,2053.62
64,0,32,16,45.5577
64,0,32,32,46.6137
64,0,32,64,47.5203
64,0,32,128,68.4057
64,0,32,256,101.184
64,0,32,512,174.741
64,0,32,1024,310.796
64,0,32,2048,596.311
64,0,32,4096,1227.58
64,0,32,8192,2813.6
64,0,32,16384,5509.55
64,0,64,16,77.7177
64,0,64,32,79.8937
64,0,64,64,83.1047
64,0,64,128,132.128
64,0,64,256,226.837
64,0,64,512,451.052
64,0,64,1024,846.979
64,0,64,2048,1726.43
64,0,64,4096,3437.82
64,0,64,8192,7159.06
64,0,64,16384,14259.6
64,0,128,16,144.512
64,0,128,32,148.545
64,0,128,64,154.677
64,0,128,128,283.329
64,0,128,256,496.322
64,0,128,512,958.34
64,0,128,1024,1869.45
64,0,128,2048,3706.93
64,0,128,4096,7365.31
64,0,128,8192,14695
64,0,128,16384,29347.2
64,16,0,0,13.387
64,16,1,16,13.2377
64,16,1,32,13.3547
64,16,1,64,13.4187
64,16,1,128,15.008
64,16,1,256,18.4533
64,16,1,512,25.355
64,16,1,1024,39.7017
64,16,1,2048,68.6193
64,16,1,4096,126.176
64,16,1,8192,240.587
64,16,1,16384,471.212
64,16,2,16,13.2483
64,16,2,32,13.461
64,16,2,64,13.568
64,16,2,128,15.0617
64,16,2,256,18.6133
64,16,2,512,25.6853
64,16,2,1024,39.9787
64,16,2,2048,69.0453
64,16,2,4096,126.571
64,16,2,8192,241.494
64,16,2,16384,473.729
64,16,4,16,13.3547
64,16,4,32,13.536
64,16,4,64,13.7173
64,16,4,128,15.3173
64,16,4,256,19.1997
64,16,4,512,26.7303
64,16,4,1024,41.568
64,16,4,2048,70.4
64,16,4,4096,128.588
64,16,4,8192,246.795
64,16,4,16384,479.842
64,16,8,16,19.0933
64,16,8,32,19.6373
64,16,8,64,19.6693
64,16,8,128,24.2453
64,16,8,256,32.1707
64,16,8,512,47.2533
64,16,8,1024,77.3227
64,16,8,2048,137.184
64,16,8,4096,255.905
64,16,8,8192,492.322
64,16,8,16384,964.471
64,16,16,16,29.4933
64,16,16,32,30.0053
64,16,16,64,30.528
64,16,16,128,41.44
64,16,16,256,56.224
64,16,16,512,87.4023
64,16,16,1024,150.422
64,16,16,2048,269.664
64,16,16,4096,515.18
64,16,16,8192,1034.62
64,16,16,16384,2072.8
64,16,32,16,45.663
64,16,32,32,46.3893
64,16,32,64,47.5733
64,16,32,128,68.4483
64,16,32,256,101.28
64,16,32,512,174.518
64,16,32,1024,309.387
64,16,32,2048,603.116
64,16,32,4096,1262.77
64,16,32,8192,2829.09
64,16,32,16384,5231.1
64,16,64,16,77.8563
64,16,64,32,79.8087
64,16,64,64,83.4453
64,16,64,128,132.246
64,16,64,256,227.371
64,16,64,512,445.216
64,16,64,1024,844.45
64,16,64,2048,1748.05
64,16,64,4096,3468.45
64,16,64,8192,7163.26
64,16,64,16384,14286.3
64,16,128,16,144.598
64,16,128,32,148.928
64,16,128,64,154.721
64,16,128,128,284.289
64,16,128,256,497.75
64,16,128,512,959.843
64,16,128,1024,1867.82
64,16,128,2048,3707.1
64,16,128,4096,7362.07
64,16,128,8192,14700.8
64,16,128,16384,29342.3
64,32,0,0,13.4507
64,32,1,16,13.3443
64,32,1,32,13.43
64,32,1,64,13.3013
64,32,1,128,15.1467
64,32,1,256,18.368
64,32,1,512,25.4083
64,32,1,1024,39.7333
64,32,1,2048,68.5863
64,32,1,4096,126.101
64,32,1,8192,240.651
64,32,1,16384,471.19
64,32,2,16,13.2693
64,32,2,32,13.4613
64,32,2,64,13.4507
64,32,2,128,15.1147
64,32,2,256,18.752
64,32,2,512,25.6643
64,32,2,1024,40.0637
64,32,2,2048,68.7573
64,32,2,4096,126.603
64,32,2,8192,241.249
64,32,2,16384,473.932
64,32,4,16,13.408
64,32,4,32,13.5897
64,32,4,64,13.643
64,32,4,128,15.296
64,32,4,256,19.0617
64,32,4,512,26.645
64,32,4,1024,41.4827
64,32,4,2048,70.5813
64,32,4,4096,128.47
64,32,4,8192,246.529
64,32,4,16384,479.97
64,32,8,16,19.3383
64,32,8,32,19.616
64,32,8,64,19.7653
64,32,8,128,24.5653
64,32,8,256,32.107
64,32,8,512,47.168
64,32,8,1024,76.918
64,32,8,2048,136.48
64,32,8,4096,254.966
64,32,8,8192,491.682
64,32,8,16384,963.309
64,32,16,16,29.632
64,32,16,32,30.0593
64,32,16,64,30.8373
64,32,16,128,41.3977
64,32,16,256,56.3733
64,32,16,512,87.488
64,32,16,1024,150.72
64,32,16,2048,269.718
64,32,16,4096,518.679
64,32,16,8192,1036.58
64,32,16,16384,2042.76
64,32,32,16,45.5253
64,32,32,32,46.5387
64,32,32,64,47.52
64,32,32,128,68.4373
64,32,32,256,101.409
64,32,32,512,175.254
64,32,32,1024,309.686
64,32,32,2048,600.792
64,32,32,4096,1314.05
64,32,32,8192,2879.57
64,32,32,16384,5276.69
64,32,64,16,77.739
64,32,64,32,79.7763
64,32,64,64,83.3497
64,32,64,128,131.852
64,32,64,256,228.588
64,32,64,512,442.294
64,32,64,1024,858.231
64,32,64,2048,1721.96
64,32,64,4096,3431.46
64,32,64,8192,7153.19
64,32,64,16384,14155.2
64,32,128,16,144.833
64,32,128,32,148.683
64,32,128,64,154.507
64,32,128,128,285.708
64,32,128,256,497.793
64,32,128,512,959.416
64,32,128,1024,1868.91
64,32,128,2048,3704.3
64,32,128,4096,7365.79
64,32,128,8192,14702.3
64,32,128,16384,29345.6
64,64,0,0,13.6217
64,64,1,16,13.419
64,64,1,32,13.5253
64,64,1,64,13.6
64,64,1,128,14.976
64,64,1,256,18.4427
64,64,1,512,25.344
64,64,1,1024,39.8087
64,64,1,2048,68.5977
64,64,1,4096,126.176
64,64,1,8192,240.684
64,64,1,16384,471.147
64,64,2,16,13.4933
64,64,2,32,13.5257
64,64,2,64,13.5043
64,64,2,128,15.0507
64,64,2,256,18.603
64,64,2,512,25.6853
64,64,2,1024,40.096
64,64,2,2048,69.0453
64,64,2,4096,126.592
64,64,2,8192,241.334
64,64,2,16384,473.794
64,64,4,16,13.5253
64,64,4,32,13.7073
64,64,4,64,13.792
64,64,4,128,15.264
64,64,4,256,19.094
64,64,4,512,26.6667
64,64,4,1024,41.6427
64,64,4,2048,70.3367
64,64,4,4096,128.588
64,64,4,8192,247.062
64,64,4,16384,479.554
64,64,8,16,19.3603
64,64,8,32,19.5843
64,64,8,64,19.8397
64,64,8,128,24.7153
64,64,8,256,32.0963
64,64,8,512,47.456
64,64,8,1024,77.5787
64,64,8,2048,137.003
64,64,8,4096,254.849
64,64,8,8192,490.828
64,64,8,16384,962.765
64,64,16,16,29.7707
64,64,16,32,30.2717
64,64,16,64,30.7203
64,64,16,128,41.536
64,64,16,256,56.7253
64,64,16,512,87.094
64,64,16,1024,151.157
64,64,16,2048,270.571
64,64,16,4096,521.11
64,64,16,8192,1035.92
64,64,16,16384,2105.11
64,64,32,16,45.6537
64,64,32,32,46.635
64,64,32,64,47.7973
64,64,32,128,68.6187
64,64,32,256,101.237
64,64,32,512,174.656
64,64,32,1024,308.822
64,64,32,2048,603.639
64,64,32,4096,1237.83
64,64,32,8192,2740.75
64,64,32,16384,5192.09
64,64,64,16,77.7707
64,64,64,32,79.85
64,64,64,64,83.5523
64,64,64,128,131.808
64,64,64,256,228.224
64,64,64,512,449.548
64,64,64,1024,843.587
64,64,64,2048,1729.41
64,64,64,4096,3444.94
64,64,64,8192,7144.56
64,64,64,16384,14063.9
64,64,128,16,144.629
64,64,128,32,149.11
64,64,128,64,154.752
64,64,128,128,284.726
64,64,128,256,497.143
64,64,128,512,959.151
64,64,128,1024,1870.37
64,64,128,2048,3705.86
64,64,128,4096,7366.62
64,64,128,8192,14694.4
64,64,128,16384,29344.8
64,128,0,0,17.024
64,128,1,16,15.6483
64,128,1,32,15.5953
64,128,1,64,15.584
64,128,1,128,16.5013
64,128,1,256,18.4107
64,128,1,512,25.44
64,128,1,1024,39.8083
64,128,1,2048,68.672
64,128,1,4096,126.187
64,128,1,8192,240.705
64,128,1,16384,471.222
64,128,2,16,15.9467
64,128,2,32,15.936
64,128,2,64,15.957
64,128,2,128,16.512
64,128,2,256,18.7097
64,128,2,512,25.76
64,128,2,1024,40.075
64,128,2,2048,68.843
64,128,2,4096,126.582
64,128,2,8192,241.43
64,128,2,16384,473.793
64,128,4,16,15.467
64,128,4,32,15.5413
64,128,4,64,15.5527
64,128,4,128,16.7467
64,128,4,256,19.0403
64,128,4,512,26.517
64,128,4,1024,41.3013
64,128,4,2048,70.3147
64,128,4,4096,128.96
64,128,4,8192,246.464
64,128,4,16384,479.671
64,128,8,16,22.9337
64,128,8,32,23.0187
64,128,8,64,23.317
64,128,8,128,26.2613
64,128,8,256,32.32
64,128,8,512,46.9657
64,128,8,1024,77.5153
64,128,8,2048,137.985
64,128,8,4096,256.023
64,128,8,8192,492.779
64,128,8,16384,964.834
64,128,16,16,33.013
64,128,16,32,33.7167
64,128,16,64,33.9623
64,128,16,128,43.3173
64,128,16,256,57.4197
64,128,16,512,87.1897
64,128,16,1024,155.125
64,128,16,2048,276.151
64,128,16,4096,526.668
64,128,16,8192,1055.44
64,128,16,16384,2123.19
64,128,32,16,48.1173
64,128,32,32,48.5867
64,128,32,64,49.526
64,128,32,128,70.5387
64,128,32,256,103.041
64,128,32,512,173.771
64,128,32,1024,317.367
64,128,32,2048,604.322
64,128,32,4096,1288
64,128,32,8192,2619.28
64,128,32,16384,5509.16
64,128,64,16,77.685
64,128,64,32,79.6487
64,128,64,64,83.2637
64,128,64,128,133.494
64,128,64,256,233.121
64,128,64,512,455.351
64,128,64,1024,866.061
64,128,64,2048,1751.47
64,128,64,4096,3474.31
64,128,64,8192,7135.47
64,128,64,16384,14347.6
64,128,128,16,144.779
64,128,128,32,149.184
64,128,128,64,155.329
64,128,128,128,286.784
64,128,128,256,501.964
64,128,128,512,961.24
64,128,128,1024,1871.01
64,128,128,2048,3708.83
64,128,128,4096,7369.62
64,128,128,8192,14700.6
64,128,128,16384,29350.3
64,256,0,0,20.608
64,256,1,16,19.1047
64,256,1,32,19.115
64,256,1,64,19.072
64,256,1,128,19.232
64,256,1,256,20.0317
64,256,1,512,25.4937
64,256,1,1024,39.8397
64,256,1,2048,68.6733
64,256,1,4096,126.229
64,256,1,8192,240.832
64,256,1,16384,471.33
64,256,2,16,19.584
64,256,2,32,19.5627
64,256,2,64,19.5627
64,256,2,128,19.776
64,256,2,256,20.1173
64,256,2,512,25.7923
64,256,2,1024,40.0747
64,256,2,2048,68.9603
64,256,2,4096,126.678
64,256,2,8192,241.377
64,256,2,16384,474.017
64,256,4,16,19.072
64,256,4,32,19.104
64,256,4,64,19.1143
64,256,4,128,19.7547
64,256,4,256,20.3417
64,256,4,512,26.5387
64,256,4,1024,41.6323
64,256,4,2048,70.4753
64,256,4,4096,129.014
64,256,4,8192,246.731
64,256,4,16384,478.401
64,256,8,16,26.4743
64,256,8,32,26.688
64,256,8,64,26.9227
64,256,8,128,30.016
64,256,8,256,33.7597
64,256,8,512,47.584
64,256,8,1024,77.5253
64,256,8,2048,138.731
64,256,8,4096,257.964
64,256,8,8192,494.967
64,256,8,16384,967.203
64,256,16,16,36.8
64,256,16,32,37.2373
64,256,16,64,37.8237
64,256,16,128,46.9867
64,256,16,256,58.3363
64,256,16,512,88.1173
64,256,16,1024,156.523
64,256,16,2048,284.886
64,256,16,4096,536.94
64,256,16,8192,1062.91
64,256,16,16384,2090.8
64,256,32,16,52.8533
64,256,32,32,53.5573
64,256,32,64,54.7097
64,256,32,128,70.6453
64,256,32,256,104.801
64,256,32,512,174.037
64,256,32,1024,323.19
64,256,32,2048,634.295
64,256,32,4096,1317.83
64,256,32,8192,2678.32
64,256,32,16384,5552.08
64,256,64,16,81.0133
64,256,64,32,83.232
64,256,64,64,86.8263
64,256,64,128,132.726
64,256,64,256,236.726
64,256,64,512,457.889
64,256,64,1024,880.077
64,256,64,2048,1767.3
64,256,64,4096,3496.35
64,256,64,8192,7139.22
64,256,64,16384,14302.2
64,256,128,16,146.006
64,256,128,32,149.899
64,256,128,64,156.192
64,256,128,128,285.324
64,256,128,256,503.341
64,256,128,512,960.208
64,256,128,1024,1872.26
64,256,128,2048,3713.69
64,256,128,4096,7369.03
64,256,128,8192,14705.5
64,256,128,16384,29348
64,512,0,0,27.5737
64,512,1,16,26.0693
64,512,1,32,26.0907
64,512,1,64,26.1123
64,512,1,128,26.144
64,512,1,256,26.176
64,512,1,512,27.072
64,512,1,1024,39.84
64,512,1,2048,68.7147
64,512,1,4096,126.326
64,512,1,8192,240.791
64,512,1,16384,471.521
64,512,2,16,26.5177
64,512,2,32,26.528
64,512,2,64,26.4747
64,512,2,128,26.7307
64,512,2,256,26.9973
64,512,2,512,27.179
64,512,2,1024,40.1813
64,512,2,2048,69.0777
64,512,2,4096,126.635
64,512,2,8192,241.633
64,512,2,16384,473.953
64,512,4,16,26.08
64,512,4,32,26.1547
64,512,4,64,26.1973
64,512,4,128,26.688
64,512,4,256,27.0187
64,512,4,512,27.9253
64,512,4,1024,42.016
64,512,4,2048,71.2423
64,512,4,4096,128.918
64,512,4,8192,247.265
64,512,4,16384,479.169
64,512,8,16,33.312
64,512,8,32,33.3223
64,512,8,64,33.76
64,512,8,128,36.8
64,512,8,256,41.0777
64,512,8,512,49.0563
64,512,8,1024,77.387
64,512,8,2048,138.603
64,512,8,4096,259.894
64,512,8,8192,502.145
64,512,8,16384,983.459
64,512,16,16,43.8293
64,512,16,32,44.1813
64,512,16,64,44.8853
64,512,16,128,54.2403
64,512,16,256,65.6213
64,512,16,512,91.115
64,512,16,1024,151.51
64,512,16,2048,291.329
64,512,16,4096,570.413
64,512,16,8192,1146.73
64,512,16,16384,2310.56
64,512,32,16,59.915
64,512,32,32,60.8107
64,512,32,64,61.824
64,512,32,128,80.832
64,512,32,256,107.222
64,512,32,512,178.23
64,512,32,1024,314.166
64,512,32,2048,667.906
64,512,32,4096,1434.13
64,512,32,8192,2983.94
64,512,32,16384,5740.46
64,512,64,16,90.5717
64,512,64,32,91.8723
64,512,64,64,94.4643
64,512,64,128,138.176
64,512,64,256,238.326
64,512,64,512,450.774
64,512,64,1024,885.069
64,512,64,2048,1779.51
64,512,64,4096,3525.03
64,512,64,8192,7195.47
64,512,64,16384,14385.2
64,512,128,16,153.558
64,512,128,32,157.355
64,512,128,64,162.422
64,512,128,128,295.094
64,512,128,256,505.419
64,512,128,512,968.184
64,512,128,1024,1876.01
64,512,128,2048,3713.54
64,512,128,4096,7373.5
64,512,128,8192,14705
64,512,128,16384,29355.2
64,1024,0,0,41.835
64,1024,1,16,40.4373
64,1024,1,32,40.4377
64,1024,1,64,40.459
64,1024,1,128,40.405
64,1024,1,256,40.459
64,1024,1,512,40.5447
64,1024,1,1024,41.526
64,1024,1,2048,68.6613
64,1024,1,4096,126.283
64,1024,1,8192,240.768
64,1024,1,16384,471.468
64,1024,2,16,40.683
64,1024,2,32,40.7573
64,1024,2,64,40.9173
64,1024,2,128,40.9597
64,1024,2,256,41.035
64,1024,2,512,41.376
64,1024,2,1024,41.707
64,1024,2,2048,68.928
64,1024,2,4096,126.902
64,1024,2,8192,241.686
64,1024,2,16384,473.794
64,1024,4,16,40.3623
64,1024,4,32,40.4377
64,1024,4,64,40.4477
64,1024,4,128,41.1307
64,1024,4,256,41.2483
64,1024,4,512,42.0587
64,1024,4,1024,42.7947
64,1024,4,2048,71.0827
64,1024,4,4096,129.376
64,1024,4,8192,247.061
64,1024,4,16384,479.339
64,1024,8,16,47.232
64,1024,8,32,47.3813
64,1024,8,64,47.691
64,1024,8,128,50.7207
64,1024,8,256,54.5177
64,1024,8,512,63.211
64,1024,8,1024,79.9893
64,1024,8,2048,137.76
64,1024,8,4096,259.499
64,1024,8,8192,505.335
64,1024,8,16384,990.691
64,1024,16,16,57.5897
64,1024,16,32,58.0583
64,1024,16,64,58.592
64,1024,16,128,68.053
64,1024,16,256,79.787
64,1024,16,512,105.153
64,1024,16,1024,154.518
64,1024,16,2048,286.752
64,1024,16,4096,573.366
64,1024,16,8192,1163.1
64,1024,16,16384,2338.33
64,1024,32,16,73.941
64,1024,32,32,74.709
64,1024,32,64,75.8507
64,1024,32,128,95.4347
64,1024,32,256,126.475
64,1024,32,512,187.584
64,1024,32,1024,313.654
64,1024,32,2048,654.54
64,1024,32,4096,1409.13
64,1024,32,8192,3008.44
64,1024,32,16384,5873.2
64,1024,64,16,105.963
64,1024,64,32,108.032
64,1024,64,64,110.71
64,1024,64,128,156.331
64,1024,64,256,256.598
64,1024,64,512,465.228
64,1024,64,1024,860.995
64,1024,64,2048,1770.34
64,1024,64,4096,3510.28
64,1024,64,8192,7162.36
64,1024,64,16384,14472.5
64,1024,128,16,168.31
64,1024,128,32,172.843
64,1024,128,64,178.795
64,1024,128,128,310.22
64,1024,128,256,513.516
64,1024,128,512,973.805
64,1024,128,1024,1885.31
64,1024,128,2048,3723.07
64,1024,128,4096,7382.53
64,1024,128,8192,14715.8
64,1024,128,16384,29362.7
64,2048,0,0,70.5287
64,2048,1,16,69.0887
64,2048,1,32,69.12
64,2048,1,64,69.0883
64,2048,1,128,69.1947
64,2048,1,256,69.173
64,2048,1,512,69.2373
64,2048,1,1024,69.44
64,2048,1,2048,70.1977
64,2048,1,4096,126.24
64,2048,1,8192,240.726
64,2048,1,16384,471.425
64,2048,2,16,69.2797
64,2048,2,32,69.4087
64,2048,2,64,69.536
64,2048,2,128,69.6
64,2048,2,256,69.7283
64,2048,2,512,69.8453
64,2048,2,1024,70.1547
64,2048,2,2048,70.3467
64,2048,2,4096,126.559
64,2048,2,8192,241.857
64,2048,2,16384,474.037
64,2048,4,16,69.141
64,2048,4,32,69.184
64,2048,4,64,69.109
64,2048,4,128,69.7603
64,2048,4,256,70.1443
64,2048,4,512,70.6137
64,2048,4,1024,71.253
64,2048,4,2048,72.2443
64,2048,4,4096,129.782
64,2048,4,8192,246.763
64,2048,4,16384,479.575
64,2048,8,16,74.6773
64,2048,8,32,75.0183
64,2048,8,64,75.6267
64,2048,8,128,78.2083
64,2048,8,256,82.8057
64,2048,8,512,90.8587
64,2048,8,1024,108.406
64,2048,8,2048,139.296
64,2048,8,4096,259.318
64,2048,8,8192,502.766
64,2048,8,16384,994.892
64,2048,16,16,85.099
64,2048,16,32,85.515
64,2048,16,64,86.411
64,2048,16,128,95.691
64,2048,16,256,107.456
64,2048,16,512,134.197
64,2048,16,1024,181.76
64,2048,16,2048,276.662
64,2048,16,4096,562.049
64,2048,16,8192,1153.76
64,2048,16,16384,2318.58
64,2048,32,16,101.568
64,2048,32,32,102.549
64,2048,32,64,103.467
64,2048,32,128,123.637
64,2048,32,256,155.691
64,2048,32,512,218.112
64,2048,32,1024,335.808
64,2048,32,2048,616.225
64,2048,32,4096,1446.01
64,2048,32,8192,3014.41
64,2048,32,16384,5991.2
64,2048,64,16,134.539
64,2048,64,32,136.779
64,2048,64,64,139.276
64,2048,64,128,186.636
64,2048,64,256,299.477
64,2048,64,512,511.35
64,2048,64,1024,889.058
64,2048,64,2048,1765.92
64,2048,64,4096,3533.31
64,2048,64,8192,7194.88
64,2048,64,16384,14433.8
64,2048,128,16,200.971
64,2048,128,32,203.638
64,2048,128,64,210.507
64,2048,128,128,347.445
64,2048,128,256,559.148
64,2048,128,512,1000.15
64,2048,128,1024,1899.34
64,2048,128,2048,3733.04
64,2048,128,4096,7386.37
64,2048,128,8192,14722.3
64,2048,128,16384,29372.3
64,4096,0,0,127.936
64,4096,1,16,126.421
64,4096,1,32,126.347
64,4096,1,64,126.336
64,4096,1,128,126.517
64,4096,1,256,126.528
64,4096,1,512,126.518
64,4096,1,1024,126.677
64,4096,1,2048,126.806
64,4096,1,4096,127.766
64,4096,1,8192,240.705
64,4096,1,16384,471.435
64,4096,2,16,126.699
64,4096,2,32,126.731
64,4096,2,64,126.774
64,4096,2,128,127.072
64,4096,2,256,127.061
64,4096,2,512,127.2
64,4096,2,1024,127.414
64,4096,2,2048,127.51
64,4096,2,4096,127.85
64,4096,2,8192,242.049
64,4096,2,16384,473.867
64,4096,4,16,126.56
64,4096,4,32,126.496
64,4096,4,64,126.571
64,4096,4,128,127.286
64,4096,4,256,127.349
64,4096,4,512,127.957
64,4096,4,1024,128.917
64,4096,4,2048,129.313
64,4096,4,4096,130.72
64,4096,4,8192,247.329
64,4096,4,16384,480.438
64,4096,8,16,130.379
64,4096,8,32,131.168
64,4096,8,64,131.265
64,4096,8,128,134.176
64,4096,8,256,138.72
64,4096,8,512,146.966
64,4096,8,1024,163.841
64,4096,8,2048,195.862
64,4096,8,4096,257.078
64,4096,8,8192,500.843
64,4096,8,16384,994.679
64,4096,16,16,140.939
64,4096,16,32,140.896
64,4096,16,64,141.259
64,4096,16,128,151.126
64,4096,16,256,162.848
64,4096,16,512,189.921
64,4096,16,1024,239.179
64,4096,16,2048,337.494
64,4096,16,4096,529.857
64,4096,16,8192,1131.31
64,4096,16,16384,2320.04
64,4096,32,16,156.693
64,4096,32,32,157.589
64,4096,32,64,158.945
64,4096,32,128,178.806
64,4096,32,256,211.499
64,4096,32,512,277.76
64,4096,32,1024,401.088
64,4096,32,2048,697.592
64,4096,32,4096,1395.45
64,4096,32,8192,3058.72
64,4096,32,16384,5865.64
64,4096,64,16,189.867
64,4096,64,32,191.873
64,4096,64,64,196.022
64,4096,64,128,244.694
64,4096,64,256,368.779
64,4096,64,512,587.96
64,4096,64,1024,998.349
64,4096,64,2048,1811.26
64,4096,64,4096,3484.04
64,4096,64,8192,7138.31
64,4096,64,16384,14422.9
64,4096,128,16,261.078
64,4096,128,32,264.449
64,4096,128,64,271.51
64,4096,128,128,409.505
64,4096,128,256,624.418
64,4096,128,512,1080.12
64,4096,128,1024,1967.82
64,4096,128,2048,3764.04
64,4096,128,4096,7420.15
64,4096,128,8192,14757.3
64,4096,128,16384,29401.6
64,8192,0,0,243.894
64,8192,1,16,242.272
64,8192,1,32,242.144
64,8192,1,64,242.176
64,8192,1,128,242.07
64,8192,1,256,242.166
64,8192,1,512,242.305
64,8192,1,1024,242.166
64,8192,1,2048,242.337
64,8192,1,4096,242.261
64,8192,1,8192,243.104
64,8192,1,16384,471.254
64,8192,2,16,242.454
64,8192,2,32,242.358
64,8192,2,64,242.314
64,8192,2,128,242.582
64,8192,2,256,242.71
64,8192,2,512,242.784
64,8192,2,1024,242.987
64,8192,2,2048,242.998
64,8192,2,4096,243.19
64,8192,2,8192,243.488
64,8192,2,16384,475.073
64,8192,4,16,242.176
64,8192,4,32,242.314
64,8192,4,64,242.293
64,8192,4,128,242.903
64,8192,4,256,243.019
64,8192,4,512,243.831
64,8192,4,1024,244.246
64,8192,4,2048,244.726
64,8192,4,4096,245.76
64,8192,4,8192,249.803
64,8192,4,16384,481.408
64,8192,8,16,242.624
64,8192,8,32,242.293
64,8192,8,64,242.956
64,8192,8,128,246.144
64,8192,8,256,248.801
64,8192,8,512,257.781
64,8192,8,1024,275.712
64,8192,8,2048,308.629
64,8192,8,4096,373.344
64,8192,8,8192,495.724
64,8192,8,16384,992.898
64,8192,16,16,251.073
64,8192,16,32,251.456
64,8192,16,64,252.511
64,8192,16,128,261.088
64,8192,16,256,273.184
64,8192,16,512,299.681
64,8192,16,1024,351.029
64,8192,16,2048,448.118
64,8192,16,4096,659.734
64,8192,16,8192,1120.14
64,8192,16,16384,2317.4
64,8192,32,16,266.806
64,8192,32,32,268.097
64,8192,32,64,269.632
64,8192,32,128,289.356
64,8192,32,256,322.113
64,8192,32,512,387.712
64,8192,32,1024,516.011
64,8192,32,2048,799.523
64,8192,32,4096,1466.57
64,8192,32,8192,2795.78
64,8192,32,16384,5933.48
64,8192,64,16,300.363
64,8192,64,32,302.55
64,8192,64,64,306.795
64,8192,64,128,355.638
64,8192,64,256,475.254
64,8192,64,512,708.237
64,8192,64,1024,1141.3
64,8192,64,2048,1994.09
64,8192,64,4096,3586.58
64,8192,64,8192,7228.42
64,8192,64,16384,14360.6
64,8192,128,16,371.617
64,8192,128,32,374.955
64,8192,128,64,383.286
64,8192,128,128,531.595
64,8192,128,256,757.164
64,8192,128,512,1226.67
64,8192,128,1024,2120.07
64,8192,128,2048,3894.71
64,8192,128,4096,7475.96
64,8192,128,8192,14795.9
64,8192,128,16384,29445
64,16384,0,0,477.121
64,16384,1,16,475.138
64,16384,1,32,474.976
64,16384,1,64,475.083
64,16384,1,128,475.116
64,16384,1,256,475.062
64,16384,1,512,475.116
64,16384,1,1024,475.2
64,16384,1,2048,475.296
64,16384,1,4096,475.297
64,16384,1,8192,475.159
64,16384,1,16384,476.158
64,16384,2,16,475.381
64,16384,2,32,475.415
64,16384,2,64,475.435
64,16384,2,128,475.489
64,16384,2,256,475.702
64,16384,2,512,475.713
64,16384,2,1024,475.819
64,16384,2,2048,475.99
64,16384,2,4096,476.032
64,16384,2,8192,475.989
64,16384,2,16384,479.521
64,16384,4,16,475.285
64,16384,4,32,475.286
64,16384,4,64,475.169
64,16384,4,128,475.937
64,16384,4,256,476.03
64,16384,4,512,476.48
64,16384,4,1024,477.429
64,16384,4,2048,478.209
64,16384,4,4096,478.678
64,16384,4,8192,480.182
64,16384,4,16384,484.384
64,16384,8,16,475.5
64,16384,8,32,475.478
64,16384,8,64,475.403
64,16384,8,128,476.502
64,16384,8,256,477.045
64,16384,8,512,479.895
64,16384,8,1024,497.931
64,16384,8,2048,531.147
64,16384,8,4096,605.282
64,16384,8,8192,729.527
64,16384,8,16384,977.517
64,16384,16,16,475.713
64,16384,16,32,475.756
64,16384,16,64,476.299
64,16384,16,128,485.227
64,16384,16,256,494.954
64,16384,16,512,522.412
64,16384,16,1024,571.927
64,16384,16,2048,672.267
64,16384,16,4096,886.134
64,16384,16,8192,1337.84
64,16384,16,16384,2234.08
64,16384,32,16,487.872
64,16384,32,32,488.257
64,16384,32,64,494.614
64,16384,32,128,512.567
64,16384,32,256,542.753
64,16384,32,512,609.152
64,16384,32,1024,738.209
64,16384,32,2048,1035.45
64,16384,32,4096,1766.65
64,16384,32,8192,3137.51
64,16384,32,16384,5702.92
64,16384,64,16,521.814
64,16384,64,32,523.414
64,16384,64,64,527.852
64,16384,64,128,575.618
64,16384,64,256,700.705
64,16384,64,512,928.087
64,16384,64,1024,1379.3
64,16384,64,2048,2269.75
64,16384,64,4096,3950.93
64,16384,64,8192,7286.23
64,16384,64,16384,14420.1
64,16384,128,16,592.204
64,16384,128,32,596.012
64,16384,128,64,603.202
64,16384,128,128,750.402
64,16384,128,256,985.794
64,16384,128,512,1476.37
64,16384,128,1024,2413.67
64,16384,128,2048,4221.26
64,16384,128,4096,7751.34
64,16384,128,8192,14911.9
64,16384,128,16384,29536.2
128,0,0,0,13.814
128,0,1,16,13.6
128,0,1,32,13.7173
128,0,1,64,13.749
128,0,1,128,15.52
128,0,1,256,18.944
128,0,1,512,25.75
128,0,1,1024,40.096
128,0,1,2048,68.8963
128,0,1,4096,126.453
128,0,1,8192,240.875
128,0,1,16384,471.083
128,0,2,16,13.7913
128,0,2,32,13.9207
128,0,2,64,13.9737
128,0,2,128,16.1067
128,0,2,256,19.3813
128,0,2,512,26.3897
128,0,2,1024,41.216
128,0,2,2048,69.654
128,0,2,4096,127.382
128,0,2,8192,242.732
128,0,2,16384,485.485
128,0,4,16,19.381
128,0,4,32,19.6163
128,0,4,64,19.701
128,0,4,128,23.2537
128,0,4,256,27.4137
128,0,4,512,34.8903
128,0,4,1024,48.8213
128,0,4,2048,76.7257
128,0,4,4096,133.781
128,0,4,8192,249.931
128,0,4,16384,479.511
128,0,8,16,20.672
128,0,8,32,21.0983
128,0,8,64,21.258
128,0,8,128,26.1227
128,0,8,256,33.301
128,0,8,512,47.4877
128,0,8,1024,77.227
128,0,8,2048,136.842
128,0,8,4096,254.474
128,0,8,8192,491.053
128,0,8,16384,964.768
128,0,16,16,30.9657
128,0,16,32,31.3487
128,0,16,64,31.9257
128,0,16,128,43.232
128,0,16,256,57.3337
128,0,16,512,87.4343
128,0,16,1024,153.493
128,0,16,2048,275.884
128,0,16,4096,518.55
128,0,16,8192,1023.1
128,0,16,16384,2065.32
128,0,32,16,48.277
128,0,32,32,49.344
128,0,32,64,50.1443
128,0,32,128,71.402
128,0,32,256,100.192
128,0,32,512,173.718
128,0,32,1024,316.3
128,0,32,2048,609.58
128,0,32,4096,1267.28
128,0,32,8192,2763.46
128,0,32,16384,5572.3
128,0,64,16,85.6643
128,0,64,32,87.435
128,0,64,64,89.6107
128,0,64,128,135.905
128,0,64,256,235.574
128,0,64,512,471.361
128,0,64,1024,865.73
128,0,64,2048,1751.75
128,0,64,4096,3488.57
128,0,64,8192,7196.37
128,0,64,16384,14284.5
128,0,128,16,157.739
128,0,128,32,161.696
128,0,128,64,166.038
128,0,128,128,286.23
128,0,128,256,497.9
128,0,128,512,959.971
128,0,128,1024,1873.96
128,0,128,2048,3711.35
128,0,128,4096,7370.74
128,0,128,8192,14699.4
128,0,128,16384,29351.8
128,16,0,0,16
128,16,1,16,16.128
128,16,1,32,16.096
128,16,1,64,16.1707
128,16,1,128,16.245
128,16,1,256,18.848
128,16,1,512,25.7493
128,16,1,1024,40.16
128,16,1,2048,69.0023
128,16,1,4096,126.389
128,16,1,8192,240.833
128,16,1,16384,471.073
128,16,2,16,16.192
128,16,2,32,16.352
128,16,2,64,16.256
128,16,2,128,16.416
128,16,2,256,19.6163
128,16,2,512,26.475
128,16,2,1024,40.6723
128,16,2,2048,70.112
128,16,2,4096,128.673
128,16,2,8192,245.601
128,16,2,16384,475.499
128,16,4,16,22.7303
128,16,4,32,22.8693
128,16,4,64,23.072
128,16,4,128,23.7973
128,16,4,256,27.9363
128,16,4,512,34.9547
128,16,4,1024,49.0347
128,16,4,2048,76.8853
128,16,4,4096,134.208
128,16,4,8192,248.053
128,16,4,16384,479.104
128,16,8,16,24.1387
128,16,8,32,24.1707
128,16,8,64,24.256
128,16,8,128,26.1543
128,16,8,256,33.312
128,16,8,512,47.733
128,16,8,1024,77.1413
128,16,8,2048,136.021
128,16,8,4096,254.603
128,16,8,8192,491.275
128,16,8,16384,964.737
128,16,16,16,34.1123
128,16,16,32,34.6027
128,16,16,64,34.848
128,16,16,128,43.53
128,16,16,256,57.5903
128,16,16,512,87.456
128,16,16,1024,155.691
128,16,16,2048,278.849
128,16,16,4096,523.147
128,16,16,8192,1066.3
128,16,16,16384,2040.89
128,16,32,16,51.0297
128,16,32,32,51.6057
128,16,32,64,52.5547
128,16,32,128,71.851
128,16,32,256,100.288
128,16,32,512,172.394
128,16,32,1024,321.174
128,16,32,2048,611.489
128,16,32,4096,1301.84
128,16,32,8192,2723.36
128,16,32,16384,5398.62
128,16,64,16,86.3473
128,16,64,32,87.957
128,16,64,64,89.9627
128,16,64,128,135.67
128,16,64,256,235.35
128,16,64,512,470.934
128,16,64,1024,871.554
128,16,64,2048,1744.77
128,16,64,4096,3480.12
128,16,64,8192,7147.56
128,16,64,16384,14102.8
128,16,128,16,158.454
128,16,128,32,162.091
128,16,128,64,166.517
128,16,128,128,289.985
128,16,128,256,497.505
128,16,128,512,960.569
128,16,128,1024,1874.65
128,16,128,2048,3709.55
128,16,128,4096,7369.82
128,16,128,8192,14696.8
128,16,128,16384,29359.1
128,32,0,0,15.9787
128,32,1,16,16.2987
128,32,1,32,16.192
128,32,1,64,16.1387
128,32,1,128,16.267
128,32,1,256,18.8267
128,32,1,512,25.6857
128,32,1,1024,40.1177
128,32,1,2048,68.9717
128,32,1,4096,126.507
128,32,1,8192,241.045
128,32,1,16384,471.041
128,32,2,16,16.3197
128,32,2,32,16.363
128,32,2,64,16.4587
128,32,2,128,16.4477
128,32,2,256,19.36
128,32,2,512,26.3897
128,32,2,1024,40.8213
128,32,2,2048,69.718
128,32,2,4096,128.598
128,32,2,8192,242.432
128,32,2,16384,475.212
128,32,4,16,22.8373
128,32,4,32,22.9653
128,32,4,64,22.976
128,32,4,128,23.8613
128,32,4,256,27.968
128,32,4,512,35.0827
128,32,4,1024,49.3013
128,32,4,2048,77.963
128,32,4,4096,133.728
128,32,4,8192,249.931
128,32,4,16384,478.893
128,32,8,16,23.936
128,32,8,32,24.1067
128,32,8,64,24.576
128,32,8,128,26.1543
128,32,8,256,33.0987
128,32,8,512,47.6487
128,32,8,1024,77.1627
128,32,8,2048,136.619
128,32,8,4096,254.112
128,32,8,8192,491.992
128,32,8,16384,962.551
128,32,16,16,34.272
128,32,16,32,34.699
128,32,16,64,35.0507
128,32,16,128,43.4133
128,32,16,256,57.3333
128,32,16,512,87.5523
128,32,16,1024,156.021
128,32,16,2048,280.705
128,32,16,4096,525.792
128,32,16,8192,1030.56
128,32,16,16384,2066.81
128,32,32,16,51.072
128,32,32,32,52.0213
128,32,32,64,52.3733
128,32,32,128,71.872
128,32,32,256,100.32
128,32,32,512,172.32
128,32,32,1024,320.598
128,32,32,2048,612.47
128,32,32,4096,1305.35
128,32,32,8192,2850.91
128,32,32,16384,5477.1
128,32,64,16,86.2837
128,32,64,32,88.0003
128,32,64,64,89.9197
128,32,64,128,136.48
128,32,64,256,235.414
128,32,64,512,469.526
128,32,64,1024,873.304
128,32,64,2048,1738.99
128,32,64,4096,3499.61
128,32,64,8192,7183.47
128,32,64,16384,14215.5
128,32,128,16,158.347
128,32,128,32,162.102
128,32,128,64,166.859
128,32,128,128,287.648
128,32,128,256,497.367
128,32,128,512,961.55
128,32,128,1024,1872.17
128,32,128,2048,3710.41
128,32,128,4096,7373.42
128,32,128,8192,14702
128,32,128,16384,29353.5
128,64,0,0,15.968
128,64,1,16,16.2347
128,64,1,32,16.2137
128,64,1,64,16.1173
128,64,1,128,16.2557
128,64,1,256,18.8907
128,64,1,512,25.8567
128,64,1,1024,40
128,64,1,2048,68.9497
128,64,1,4096,126.571
128,64,1,8192,240.876
128,64,1,16384,471.094
128,64,2,16,16.3303
128,64,2,32,16.4907
128,64,2,64,16.331
128,64,2,128,16.4907
128,64,2,256,19.5097
128,64,2,512,26.496
128,64,2,1024,40.8743
128,64,2,2048,69.9523
128,64,2,4096,127.19
128,64,2,8192,242.454
128,64,2,16384,475.02
128,64,4,16,23.008
128,64,4,32,22.9973
128,64,4,64,23.0187
128,64,4,128,23.957
128,64,4,256,28.1177
128,64,4,512,34.912
128,64,4,1024,48.9603
128,64,4,2048,77.1633
128,64,4,4096,134.421
128,64,4,8192,250.155
128,64,4,16384,479.744
128,64,8,16,24.2133
128,64,8,32,24.4373
128,64,8,64,24.4797
128,64,8,128,26.3897
128,64,8,256,33.2057
128,64,8,512,47.456
128,64,8,1024,77.408
128,64,8,2048,136.331
128,64,8,4096,254.784
128,64,8,8192,492.546
128,64,8,16384,964.631
128,64,16,16,34.5173
128,64,16,32,34.891
128,64,16,64,35.296
128,64,16,128,43.4777
128,64,16,256,57.5573
128,64,16,512,87.6913
128,64,16,1024,155.616
128,64,16,2048,280.523
128,64,16,4096,525.761
128,64,16,8192,1042.28
128,64,16,16384,2072.78
128,64,32,16,51.179
128,64,32,32,52.1817
128,64,32,64,52.661
128,64,32,128,72.0433
128,64,32,256,100.16
128,64,32,512,172.544
128,64,32,1024,321.696
128,64,32,2048,611.543
128,64,32,4096,1290.77
128,64,32,8192,2740.82
128,64,32,16384,5579.52
128,64,64,16,86.283
128,64,64,32,87.9573
128,64,64,64,90.1763
128,64,64,128,135.979
128,64,64,256,235.211
128,64,64,512,468.268
128,64,64,1024,869.037
128,64,64,2048,1745.77
128,64,64,4096,3549.11
128,64,64,8192,7093.3
128,64,64,16384,14411.6
128,64,128,16,158.486
128,64,128,32,162.166
128,64,128,64,166.869
128,64,128,128,289.772
128,64,128,256,496.684
128,64,128,512,960.834
128,64,128,1024,1873.69
128,64,128,2048,3711.42
128,64,128,4096,7370.85
128,64,128,8192,14693.1
128,64,128,16384,29345.4
128,128,0,0,17.654
128,128,1,16,16.4693
128,128,1,32,16.448
128,128,1,64,16.4367
128,128,1,128,16.8003
128,128,1,256,18.88
128,128,1,512,25.8027
128,128,1,1024,40.2133
128,128,1,2048,68.907
128,128,1,4096,126.497
128,128,1,8192,240.982
128,128,1,16384,471.051
128,128,2,16,16.811
128,128,2,32,16.906
128,128,2,64,17.0667
128,128,2,128,17.088
128,128,2,256,19.5943
128,128,2,512,26.592
128,128,2,1024,40.8957
128,128,2,2048,69.5577
128,128,2,4096,127.403
128,128,2,8192,242.784
128,128,2,16384,481.121
128,128,4,16,23.4987
128,128,4,32,23.627
128,128,4,64,23.68
128,128,4,128,26.4
128,128,4,256,31.189
128,128,4,512,39.1147
128,128,4,1024,53.5783
128,128,4,2048,81.6747
128,128,4,4096,138.965
128,128,4,8192,254.282
128,128,4,16384,481.965
128,128,8,16,25.4403
128,128,8,32,25.515
128,128,8,64,25.5363
128,128,8,128,27.7867
128,128,8,256,33.4507
128,128,8,512,47.712
128,128,8,1024,76.832
128,128,8,2048,136.032
128,128,8,4096,254.486
128,128,8,8192,492.573
128,128,8,16384,965.325
128,128,16,16,35.0613
128,128,16,32,35.2323
128,128,16,64,35.7547
128,128,16,128,45.302
128,128,16,256,58.0267
128,128,16,512,86.4737
128,128,16,1024,160.416
128,128,16,2048,287.457
128,128,16,4096,538.786
128,128,16,8192,1089.85
128,128,16,16384,2133.6
128,128,32,16,51.776
128,128,32,32,52.47
128,128,32,64,53.504
128,128,32,128,73.3333
128,128,32,256,102.113
128,128,32,512,170.614
128,128,32,1024,331.819
128,128,32,2048,640.716
128,128,32,4096,1286.36
128,128,32,8192,2718.74
128,128,32,16384,5493.81
128,128,64,16,87.1787
128,128,64,32,89.0023
128,128,64,64,90.7523
128,128,64,128,138.016
128,128,64,256,239.979
128,128,64,512,474.06
128,128,64,1024,892.919
128,128,64,2048,1766.16
128,128,64,4096,3539.81
128,128,64,8192,7241.28
128,128,64,16384,14549.6
128,128,128,16,159.286
128,128,128,32,163.019
128,128,128,64,167.649
128,128,128,128,289.451
128,128,128,256,499.628
128,128,128,512,963.138
128,128,128,1024,1872.82
128,128,128,2048,3714.11
128,128,128,4096,7373.4
128,128,128,8192,14706.3
128,128,128,16384,29361.7
128,256,0,0,21.0777
128,256,1,16,19.893
128,256,1,32,19.904
128,256,1,64,19.9467
128,256,1,128,19.9467
128,256,1,256,20.405
128,256,1,512,25.9197
128,256,1,1024,40.3093
128,256,1,2048,69.067
128,256,1,4096,126.591
128,256,1,8192,240.971
128,256,1,16384,471.318
128,256,2,16,20.4373
128,256,2,32,20.5123
128,256,2,64,20.5763
128,256,2,128,20.4797
128,256,2,256,20.8747
128,256,2,512,26.7623
128,256,2,1024,41.2373
128,256,2,2048,70.667
128,256,2,4096,127.755
128,256,2,8192,245.75
128,256,2,16384,481.238
128,256,4,16,26.923
128,256,4,32,27.307
128,256,4,64,27.328
128,256,4,128,30.2187
128,256,4,256,33.835
128,256,4,512,43.0187
128,256,4,1024,57.1203
128,256,4,2048,86.0907
128,256,4,4096,143.158
128,256,4,8192,255.604
128,256,4,16384,485.323
128,256,8,16,32.4157
128,256,8,32,32.3947
128,256,8,64,32.651
128,256,8,128,33.184
128,256,8,256,35.029
128,256,8,512,48.2347
128,256,8,1024,77.1417
128,256,8,2048,136.779
128,256,8,4096,254.751
128,256,8,8192,493.548
128,256,8,16384,967.287
128,256,16,16,39.1363
128,256,16,32,39.648
128,256,16,64,40.0853
128,256,16,128,48.843
128,256,16,256,60.224
128,256,16,512,86.5703
128,256,16,1024,163.488
128,256,16,2048,303.519
128,256,16,4096,564.715
128,256,16,8192,1107.92
128,256,16,16384,2161.04
128,256,32,16,56.4583
128,256,32,32,57.0887
128,256,32,64,58.048
128,256,32,128,76.0857
128,256,32,256,104.523
128,256,32,512,170.71
128,256,32,1024,341.857
128,256,32,2048,670.476
128,256,32,4096,1360.67
128,256,32,8192,2775.55
128,256,32,16384,5544.49
128,256,64,16,91.7017
128,256,64,32,93.2483
128,256,64,64,94.8697
128,256,64,128,138.475
128,256,64,256,243.179
128,256,64,512,476.278
128,256,64,1024,913.774
128,256,64,2048,1779
128,256,64,4096,3561.65
128,256,64,8192,7261.64
128,256,64,16384,14613.5
128,256,128,16,160.523
128,256,128,32,164.172
128,256,128,64,168.939
128,256,128,128,293.643
128,256,128,256,503.852
128,256,128,512,964.248
128,256,128,1024,1876.45
128,256,128,2048,3712.06
128,256,128,4096,7380.59
128,256,128,8192,14701.2
128,256,128,16384,29355.4
128,512,0,0,28.1503
128,512,1,16,26.8693
128,512,1,32,26.9017
128,512,1,64,26.8797
128,512,1,128,26.912
128,512,1,256,26.976
128,512,1,512,27.5303
128,512,1,1024,40.3947
128,512,1,2048,69.152
128,512,1,4096,126.678
128,512,1,8192,240.982
128,512,1,16384,471.211
128,512,2,16,27.5093
128,512,2,32,27.5413
128,512,2,64,27.616
128,512,2,128,27.6373
128,512,2,256,27.8723
128,512,2,512,28.1283
128,512,2,1024,41.173
128,512,2,2048,70.4323
128,512,2,4096,129.238
128,512,2,8192,246.123
128,512,2,16384,480.876
128,512,4,16,34.0267
128,512,4,32,34.0697
128,512,4,64,34.2403
128,512,4,128,37.5147
128,512,4,256,41.4293
128,512,4,512,48.5547
128,512,4,1024,65.334
128,512,4,2048,93.6747
128,512,4,4096,150.251
128,512,4,8192,262.998
128,512,4,16384,488.075
128,512,8,16,39.4023
128,512,8,32,39.5197
128,512,8,64,39.8613
128,512,8,128,45.984
128,512,8,256,47.7013
128,512,8,512,49.7707
128,512,8,1024,77.344
128,512,8,2048,136.961
128,512,8,4096,257.035
128,512,8,8192,498.102
128,512,8,16384,975.01
128,512,16,16,47.0613
128,512,16,32,47.0937
128,512,16,64,47.563
128,512,16,128,57.0347
128,512,16,256,67.296
128,512,16,512,90.3577
128,512,16,1024,149.152
128,512,16,2048,313.11
128,512,16,4096,622.547
128,512,16,8192,1255.58
128,512,16,16384,2551.76
128,512,32,16,64.6297
128,512,32,32,65.4507
128,512,32,64,66.1977
128,512,32,128,84.704
128,512,32,256,109.205
128,512,32,512,175.584
128,512,32,1024,318.306
128,512,32,2048,715.094
128,512,32,4096,1440.4
128,512,32,8192,3103.49
128,512,32,16384,6192.47
128,512,64,16,100.565
128,512,64,32,102.326
128,512,64,64,103.872
128,512,64,128,145.387
128,512,64,256,247.499
128,512,64,512,467.798
128,512,64,1024,915.543
128,512,64,2048,1809.75
128,512,64,4096,3582.87
128,512,64,8192,7264.9
128,512,64,16384,14556.3
128,512,128,16,168.662
128,512,128,32,172.15
128,512,128,64,176.63
128,512,128,128,296.789
128,512,128,256,505.281
128,512,128,512,970.445
128,512,128,1024,1878.47
128,512,128,2048,3718.44
128,512,128,4096,7378.32
128,512,128,8192,14709.9
128,512,128,16384,29357.8
128,1024,0,0,42.475
128,1024,1,16,41.067
128,1024,1,32,41.0343
128,1024,1,64,41.0987
128,1024,1,128,41.0773
128,1024,1,256,41.12
128,1024,1,512,41.2473
128,1024,1,1024,41.888
128,1024,1,2048,69.3017
128,1024,1,4096,126.603
128,1024,1,8192,241.046
128,1024,1,16384,471.233
128,1024,2,16,41.877
128,1024,2,32,41.9093
128,1024,2,64,41.9943
128,1024,2,128,41.9733
128,1024,2,256,42.1013
128,1024,2,512,42.2283
128,1024,2,1024,42.656
128,1024,2,2048,70.1983
128,1024,2,4096,128.917
128,1024,2,8192,243.275
128,1024,2,16384,476
128,1024,4,16,48.0747
128,1024,4,32,48.1173
128,1024,4,64,48.2237
128,1024,4,128,51.019
128,1024,4,256,54.8587
128,1024,4,512,62.6453
128,1024,4,1024,77.451
128,1024,4,2048,109.632
128,1024,4,4096,168.043
128,1024,4,8192,287.009
128,1024,4,16384,520.737
128,1024,8,16,53.163
128,1024,8,32,53.4723
128,1024,8,64,53.4067
128,1024,8,128,59.4567
128,1024,8,256,66.9543
128,1024,8,512,76.0853
128,1024,8,1024,79.1043
128,1024,8,2048,135.733
128,1024,8,4096,258.529
128,1024,8,8192,501.815
128,1024,8,16384,987.105
128,1024,16,16,61.0663
128,1024,16,32,61.4723
128,1024,16,64,61.6747
128,1024,16,128,71.605
128,1024,16,256,82.1013
128,1024,16,512,102.976
128,1024,16,1024,152.725
128,1024,16,2048,301.248
128,1024,16,4096,621.355
128,1024,16,8192,1246.75
128,1024,16,16384,2577.85
128,1024,32,16,81.5893
128,1024,32,32,82.2513
128,1024,32,64,83.3073
128,1024,32,128,101.269
128,1024,32,256,127.051
128,1024,32,512,191.05
128,1024,32,1024,308.672
128,1024,32,2048,683.426
128,1024,32,4096,1455.34
128,1024,32,8192,3110.21
128,1024,32,16384,6238.01
128,1024,64,16,118.176
128,1024,64,32,119.925
128,1024,64,64,121.429
128,1024,64,128,162.123
128,1024,64,256,268.801
128,1024,64,512,486.945
128,1024,64,1024,891.33
128,1024,64,2048,1803.97
128,1024,64,4096,3590.4
128,1024,64,8192,7281.33
128,1024,64,16384,14594.9
128,1024,128,16,186.806
128,1024,128,32,190.283
128,1024,128,64,194.987
128,1024,128,128,311.692
128,1024,128,256,515.19
128,1024,128,512,975.181
128,1024,128,1024,1888.4
128,1024,128,2048,3723.71
128,1024,128,4096,7386.25
128,1024,128,8192,14716.2
128,1024,128,16384,29367.6
128,2048,0,0,71.2113
128,2048,1,16,69.8457
128,2048,1,32,69.8453
128,2048,1,64,69.8877
128,2048,1,128,69.9417
128,2048,1,256,69.9307
128,2048,1,512,69.8987
128,2048,1,1024,69.9307
128,2048,1,2048,70.6023
128,2048,1,4096,126.56
128,2048,1,8192,241.056
128,2048,1,16384,471.201
128,2048,2,16,70.528
128,2048,2,32,70.6773
128,2048,2,64,70.741
128,2048,2,128,70.624
128,2048,2,256,70.5483
128,2048,2,512,70.7943
128,2048,2,1024,71.2533
128,2048,2,2048,71.7973
128,2048,2,4096,127.882
128,2048,2,8192,245.996
128,2048,2,16384,486.209
128,2048,4,16,76.8217
128,2048,4,32,76.544
128,2048,4,64,76.8107
128,2048,4,128,78.9763
128,2048,4,256,82.8053
128,2048,4,512,90.7843
128,2048,4,1024,105.771
128,2048,4,2048,136.064
128,2048,4,4096,197.386
128,2048,4,8192,316.811
128,2048,4,16384,551.457
128,2048,8,16,80.8853
128,2048,8,32,80.96
128,2048,8,64,81.0033
128,2048,8,128,87.3063
128,2048,8,256,94.9767
128,2048,8,512,109.216
128,2048,8,1024,131.947
128,2048,8,2048,138.368
128,2048,8,4096,255.872
128,2048,8,8192,500.375
128,2048,8,16384,985.356
128,2048,16,16,89.0987
128,2048,16,32,89.248
128,2048,16,64,89.4613
128,2048,16,128,99.467
128,2048,16,256,110.806
128,2048,16,512,132.715
128,2048,16,1024,178.689
128,2048,16,2048,275.094
128,2048,16,4096,599.872
128,2048,16,8192,1247.42
128,2048,16,16384,2593.47
128,2048,32,16,110.507
128,2048,32,32,111.328
128,2048,32,64,112.533
128,2048,32,128,134.667
128,2048,32,256,164
128,2048,32,512,235.414
128,2048,32,1024,341.174
128,2048,32,2048,607.809
128,2048,32,4096,1453.23
128,2048,32,8192,3017.28
128,2048,32,16384,5949.87
128,2048,64,16,151.478
128,2048,64,32,152.95
128,2048,64,64,154.636
128,2048,64,128,198.7
128,2048,64,256,309.023
128,2048,64,512,526.529
128,2048,64,1024,928.546
128,2048,64,2048,1788.93
128,2048,64,4096,3585.14
128,2048,64,8192,7254.14
128,2048,64,16384,14587.9
128,2048,128,16,222.454
128,2048,128,32,224.94
128,2048,128,64,230.678
128,2048,128,128,341.814
128,2048,128,256,554.274
128,2048,128,512,1006.24
128,2048,128,1024,1903.02
128,2048,128,2048,3740.11
128,2048,128,4096,7400.87
128,2048,128,8192,14731.6
128,2048,128,16384,29378
128,4096,0,0,128.704
128,4096,1,16,127.093
128,4096,1,32,127.232
128,4096,1,64,127.243
128,4096,1,128,127.296
128,4096,1,256,127.243
128,4096,1,512,127.179
128,4096,1,1024,127.328
128,4096,1,2048,127.414
128,4096,1,4096,128.202
128,4096,1,8192,241.163
128,4096,1,16384,471.126
128,4096,2,16,128
128,4096,2,32,127.958
128,4096,2,64,128.149
128,4096,2,128,127.883
128,4096,2,256,127.937
128,4096,2,512,128.395
128,4096,2,1024,128.694
128,4096,2,2048,128.768
128,4096,2,4096,129.471
128,4096,2,8192,245.878
128,4096,2,16384,475.958
128,4096,4,16,132.384
128,4096,4,32,132.118
128,4096,4,64,132.747
128,4096,4,128,135.019
128,4096,4,256,138.774
128,4096,4,512,146.464
128,4096,4,1024,161.931
128,4096,4,2048,192.715
128,4096,4,4096,253.429
128,4096,4,8192,376.31
128,4096,4,16384,608.236
128,4096,8,16,136.363
128,4096,8,32,136.715
128,4096,8,64,137.589
128,4096,8,128,143.424
128,4096,8,256,151.37
128,4096,8,512,165.483
128,4096,8,1024,193.654
128,4096,8,2048,253.035
128,4096,8,4096,256.534
128,4096,8,8192,493.782
128,4096,8,16384,990.072
128,4096,16,16,146.198
128,4096,16,32,145.59
128,4096,16,64,146.315
128,4096,16,128,155.712
128,4096,16,256,167.221
128,4096,16,512,188.618
128,4096,16,1024,235.701
128,4096,16,2048,329.525
128,4096,16,4096,531.254
128,4096,16,8192,1216.53
128,4096,16,16384,2606.35
128,4096,32,16,166.251
128,4096,32,32,166.518
128,4096,32,64,167.403
128,4096,32,128,190.795
128,4096,32,256,223.403
128,4096,32,512,311.958
128,4096,32,1024,441.654
128,4096,32,2048,674.252
128,4096,32,4096,1386.9
128,4096,32,8192,3086.84
128,4096,32,16384,6025.84
128,4096,64,16,208.875
128,4096,64,32,210.753
128,4096,64,64,213.301
128,4096,64,128,263.179
128,4096,64,256,378.274
128,4096,64,512,596.417
128,4096,64,1024,1020.06
128,4096,64,2048,1847.82
128,4096,64,4096,3550.31
128,4096,64,8192,7273.03
128,4096,64,16384,14484.1
128,4096,128,16,289.014
128,4096,128,32,292.587
128,4096,128,64,298.55
128,4096,128,128,416.545
128,4096,128,256,625.121
128,4096,128,512,1079.49
128,4096,128,1024,1956.38
128,4096,128,2048,3769.54
128,4096,128,4096,7425.17
128,4096,128,8192,14756.7
128,4096,128,16384,29411.9
128,8192,0,0,244.438
128,8192,1,16,242.966
128,8192,1,32,243.137
128,8192,1,64,243.105
128,8192,1,128,243.061
128,8192,1,256,242.966
128,8192,1,512,243.137
128,8192,1,1024,243.061
128,8192,1,2048,243.136
128,8192,1,4096,243.062
128,8192,1,8192,243.755
128,8192,1,16384,471.477
128,8192,2,16,244.044
128,8192,2,32,244.31
128,8192,2,64,243.841
128,8192,2,128,244.032
128,8192,2,256,243.968
128,8192,2,512,244.064
128,8192,2,1024,244.588
128,8192,2,2048,247.414
128,8192,2,4096,244.491
128,8192,2,8192,245.526
128,8192,2,16384,482.262
128,8192,4,16,243.637
128,8192,4,32,245.227
128,8192,4,64,244.097
128,8192,4,128,247.466
128,8192,4,256,252.086
128,8192,4,512,258.294
128,8192,4,1024,273.376
128,8192,4,2048,306.602
128,8192,4,4096,369.068
128,8192,4,8192,489.568
128,8192,4,16384,728.189
128,8192,8,16,249.515
128,8192,8,32,248.811
128,8192,8,64,248.595
128,8192,8,128,256.48
128,8192,8,256,262.027
128,8192,8,512,278.059
128,8192,8,1024,305.473
128,8192,8,2048,365.502
128,8192,8,4096,482.412
128,8192,8,8192,492.278
128,8192,8,16384,977.26
128,8192,16,16,258.507
128,8192,16,32,257.707
128,8192,16,64,257.217
128,8192,16,128,266.412
128,8192,16,256,281.28
128,8192,16,512,302.636
128,8192,16,1024,348.8
128,8192,16,2048,440.981
128,8192,16,4096,641.474
128,8192,16,8192,1110.06
128,8192,16,16384,2436.53
128,8192,32,16,276.16
128,8192,32,32,278.657
128,8192,32,64,279.05
128,8192,32,128,301.461
128,8192,32,256,333.025
128,8192,32,512,423.458
128,8192,32,1024,587.371
128,8192,32,2048,868.267
128,8192,32,4096,1482.58
128,8192,32,8192,2842.94
128,8192,32,16384,5974.85
128,8192,64,16,320.545
128,8192,64,32,322.284
128,8192,64,64,324.95
128,8192,64,128,375.745
128,8192,64,256,492.257
128,8192,64,512,722.966
128,8192,64,1024,1161.35
128,8192,64,2048,2011.27
128,8192,64,4096,3700.79
128,8192,64,8192,7362.74
128,8192,64,16384,14448.5
128,8192,128,16,405.249
128,8192,128,32,408.62
128,8192,128,64,416.566
128,8192,128,128,543.873
128,8192,128,256,765.687
128,8192,128,512,1234.2
128,8192,128,1024,2116.88
128,8192,128,2048,3893.07
128,8192,128,4096,7497.34
128,8192,128,8192,14805.7
128,8192,128,16384,29456.8
128,16384,0,0,477.792
128,16384,1,16,475.862
128,16384,1,32,476.011
128,16384,1,64,475.948
128,16384,1,128,476.012
128,16384,1,256,475.767
128,16384,1,512,476.289
128,16384,1,1024,476.257
128,16384,1,2048,475.793
128,16384,1,4096,476.225
128,16384,1,8192,476.161
128,16384,1,16384,476.81
128,16384,2,16,477.249
128,16384,2,32,476.544
128,16384,2,64,476.971
128,16384,2,128,477.451
128,16384,2,256,477.281
128,16384,2,512,483.104
128,16384,2,1024,477.505
128,16384,2,2048,477.451
128,16384,2,4096,477.996
128,16384,2,8192,478.677
128,16384,2,16384,484.255
128,16384,4,16,476.534
128,16384,4,32,476.874
128,16384,4,64,476.577
128,16384,4,128,476.588
128,16384,4,256,477.15
128,16384,4,512,486.667
128,16384,4,1024,498.101
128,16384,4,2048,531.382
128,16384,4,4096,601.768
128,16384,4,8192,721.868
128,16384,4,16384,958.019
128,16384,8,16,476.693
128,16384,8,32,476.587
128,16384,8,64,476.812
128,16384,8,128,480.513
128,16384,8,256,488.448
128,16384,8,512,502.656
128,16384,8,1024,533.154
128,16384,8,2048,592.395
128,16384,8,4096,711.842
128,16384,8,8192,943.917
128,16384,8,16384,970.06
128,16384,16,16,482.305
128,16384,16,32,484.737
128,16384,16,64,483.83
128,16384,16,128,491.938
128,16384,16,256,504.363
128,16384,16,512,525.92
128,16384,16,1024,577.857
128,16384,16,2048,669.878
128,16384,16,4096,861.879
128,16384,16,8192,1327.87
128,16384,16,16384,2261.18
128,16384,32,16,498.796
128,16384,32,32,503.34
128,16384,32,64,504.865
128,16384,32,128,525.292
128,16384,32,256,555.925
128,16384,32,512,647.468
128,16384,32,1024,811.833
128,16384,32,2048,1180.87
128,16384,32,4096,1802.74
128,16384,32,8192,3121.33
128,16384,32,16384,5840.94
128,16384,64,16,542.689
128,16384,64,32,543.041
128,16384,64,64,546.22
128,16384,64,128,596.47
128,16384,64,256,714.157
128,16384,64,512,953.303
128,16384,64,1024,1412.86
128,16384,64,2048,2307.47
128,16384,64,4096,3987.95
128,16384,64,8192,7525.33
128,16384,64,16384,14524.4
128,16384,128,16,626.06
128,16384,128,32,632.492
128,16384,128,64,637.899
128,16384,128,128,775.319
128,16384,128,256,1001.92
128,16384,128,512,1506.75
128,16384,128,1024,2419.79
128,16384,128,2048,4206.7
128,16384,128,4096,7750.95
128,16384,128,8192,14988.8
128,16384,128,16384,29544.1
256,0,0,0,18.528
256,0,1,16,20
256,0,1,32,20.0853
256,0,1,64,19.8613
256,0,1,128,19.8937
256,0,1,256,22.5173
256,0,1,512,29.0133
256,0,1,1024,43.488
256,0,1,2048,71.381
256,0,1,4096,128.842
256,0,1,8192,242.956
256,0,1,16384,473.643
256,0,2,16,25.419
256,0,2,32,25.5147
256,0,2,64,25.4723
256,0,2,128,26.058
256,0,2,256,29.0347
256,0,2,512,35.936
256,0,2,1024,49.9837
256,0,2,2048,77.4397
256,0,2,4096,133.526
256,0,2,8192,247.339
256,0,2,16384,477.227
256,0,4,16,26.4
256,0,4,32,26.7093
256,0,4,64,26.5817
256,0,4,128,28.2453
256,0,4,256,33.462
256,0,4,512,42.784
256,0,4,1024,56.8213
256,0,4,2048,85.0247
256,0,4,4096,141.888
256,0,4,8192,255.159
256,0,4,16384,482.541
256,0,8,16,32.0107
256,0,8,32,32.2027
256,0,8,64,32.373
256,0,8,128,36.2877
256,0,8,256,44.1707
256,0,8,512,58.3683
256,0,8,1024,85.888
256,0,8,2048,143.404
256,0,8,4096,258.519
256,0,8,8192,497.416
256,0,8,16384,972.226
256,0,16,16,41.6747
256,0,16,32,41.8133
256,0,16,64,42.2613
256,0,16,128,50.9333
256,0,16,256,63.808
256,0,16,512,91.2113
256,0,16,1024,165.078
256,0,16,2048,304.886
256,0,16,4096,560.46
256,0,16,8192,1107.23
256,0,16,16384,2136.9
256,0,32,16,61.4087
256,0,32,32,62.0057
256,0,32,64,62.955
256,0,32,128,83.392
256,0,32,256,108.353
256,0,32,512,189.056
256,0,32,1024,350.742
256,0,32,2048,679.564
256,0,32,4096,1342.05
256,0,32,8192,2787.84
256,0,32,16384,5648.41
256,0,64,16,101.611
256,0,64,32,103.392
256,0,64,64,105.387
256,0,64,128,149.558
256,0,64,256,251.328
256,0,64,512,491.202
256,0,64,1024,935.821
256,0,64,2048,1812.68
256,0,64,4096,3578.53
256,0,64,8192,7260.01
256,0,64,16384,14591
256,0,128,16,188.075
256,0,128,32,191.872
256,0,128,64,195.542
256,0,128,128,299.969
256,0,128,256,498.614
256,0,128,512,964.058
256,0,128,1024,1875.14
256,0,128,2048,3716.33
256,0,128,4096,7375.03
256,0,128,8192,14709.8
256,0,128,16384,29366.7
256,16,0,0,21.771
256,16,1,16,23.093
256,16,1,32,22.9017
256,16,1,64,22.8907
256,16,1,128,22.7303
256,16,1,256,22.7197
256,16,1,512,29.1203
256,16,1,1024,43.3077
256,16,1,2048,71.318
256,16,1,4096,128.812
256,16,1,8192,243.339
256,16,1,16384,473.761
256,16,2,16,28.4587
256,16,2,32,28.4803
256,16,2,64,28.726
256,16,2,128,29.7383
256,16,2,256,30.208
256,16,2,512,36.8747
256,16,2,1024,50.656
256,16,2,2048,78.7097
256,16,2,4096,135.275
256,16,2,8192,247.116
256,16,2,16384,478.305
256,16,4,16,29.8667
256,16,4,32,29.8137
256,16,4,64,29.9627
256,16,4,128,31.5737
256,16,4,256,34.3467
256,16,4,512,44.5543
256,16,4,1024,58.4747
256,16,4,2048,86.7197
256,16,4,4096,142.88
256,16,4,8192,255.904
256,16,4,16384,482.177
256,16,8,16,35.307
256,16,8,32,35.317
256,16,8,64,35.712
256,16,8,128,40.1173
256,16,8,256,45.867
256,16,8,512,59.3607
256,16,8,1024,87.4987
256,16,8,2048,144.277
256,16,8,4096,260.075
256,16,8,8192,499.552
256,16,8,16384,975.127
256,16,16,16,45.5357
256,16,16,32,45.8773
256,16,16,64,46.176
256,16,16,128,53.6747
256,16,16,256,64.459
256,16,16,512,91.6907
256,16,16,1024,164.384
256,16,16,2048,312.811
256,16,16,4096,571.852
256,16,16,8192,1107.12
256,16,16,16384,2224
256,16,32,16,65.2907
256,16,32,32,65.963
256,16,32,64,66.9973
256,16,32,128,84.4907
256,16,32,256,109.771
256,16,32,512,187.425
256,16,32,1024,356.278
256,16,32,2048,695.852
256,16,32,4096,1327.3
256,16,32,8192,2846.81
256,16,32,16384,5778.86
256,16,64,16,104.534
256,16,64,32,106.443
256,16,64,64,107.926
256,16,64,128,151.083
256,16,64,256,251.414
256,16,64,512,491.447
256,16,64,1024,934.968
256,16,64,2048,1826.2
256,16,64,4096,3582.9
256,16,64,8192,7171.2
256,16,64,16384,14558.5
256,16,128,16,189.611
256,16,128,32,192.886
256,16,128,64,196.897
256,16,128,128,301.131
256,16,128,256,498.839
256,16,128,512,965.527
256,16,128,1024,1876.06
256,16,128,2048,3718.07
256,16,128,4096,7376.54
256,16,128,8192,14708.2
256,16,128,16384,29361.3
256,32,0,0,21.888
256,32,1,16,23.147
256,32,1,32,22.869
256,32,1,64,23.04
256,32,1,128,23.1893
256,32,1,256,22.8693
256,32,1,512,29.1733
256,32,1,1024,43.0937
256,32,1,2048,71.3923
256,32,1,4096,128.758
256,32,1,8192,243.276
256,32,1,16384,473.493
256,32,2,16,28.6613
256,32,2,32,28.6507
256,32,2,64,28.6287
256,32,2,128,29.6533
256,32,2,256,30.2617
256,32,2,512,36.9817
256,32,2,1024,50.7737
256,32,2,2048,78.592
256,32,2,4096,134.219
256,32,2,8192,247.168
256,32,2,16384,477.729
256,32,4,16,30.0907
256,32,4,32,30.048
256,32,4,64,30.1443
256,32,4,128,31.6907
256,32,4,256,34.218
256,32,4,512,44.4163
256,32,4,1024,58.592
256,32,4,2048,87.104
256,32,4,4096,143.445
256,32,4,8192,256.256
256,32,4,16384,485.761
256,32,8,16,35.4983
256,32,8,32,35.829
256,32,8,64,35.8077
256,32,8,128,40.3837
256,32,8,256,45.75
256,32,8,512,59.6907
256,32,8,1024,87.2647
256,32,8,2048,143.605
256,32,8,4096,259.851
256,32,8,8192,498.796
256,32,8,16384,975.16
256,32,16,16,45.8027
256,32,16,32,46.0587
256,32,16,64,46.4533
256,32,16,128,53.7813
256,32,16,256,64.683
256,32,16,512,91.542
256,32,16,1024,164.757
256,32,16,2048,313.12
256,32,16,4096,579.19
256,32,16,8192,1105.56
256,32,16,16384,2213.88
256,32,32,16,65.4613
256,32,32,32,66.1553
256,32,32,64,67.008
256,32,32,128,84.6933
256,32,32,256,109.664
256,32,32,512,188.939
256,32,32,1024,357.035
256,32,32,2048,685.015
256,32,32,4096,1334.83
256,32,32,8192,2876.59
256,32,32,16384,5835.17
256,32,64,16,104.79
256,32,64,32,106.422
256,32,64,64,108.278
256,32,64,128,150.742
256,32,64,256,252.331
256,32,64,512,491.937
256,32,64,1024,938.68
256,32,64,2048,1807.47
256,32,64,4096,3564.25
256,32,64,8192,7255.2
256,32,64,16384,14554.3
256,32,128,16,189.216
256,32,128,32,192.961
256,32,128,64,196.992
256,32,128,128,301.857
256,32,128,256,499.436
256,32,128,512,964.419
256,32,128,1024,1875.26
256,32,128,2048,3717.42
256,32,128,4096,7376.55
256,32,128,8192,14712.6
256,32,128,16384,29359.2
256,64,0,0,22.0373
256,64,1,16,22.976
256,64,1,32,23.083
256,64,1,64,23.3813
256,64,1,128,23.008
256,64,1,256,23.083
256,64,1,512,29.5787
256,64,1,1024,43.168
256,64,1,2048,71.3387
256,64,1,4096,128.929
256,64,1,8192,243.435
256,64,1,16384,473.707
256,64,2,16,28.7257
256,64,2,32,28.672
256,64,2,64,28.704
256,64,2,128,29.9307
256,64,2,256,30.3467
256,64,2,512,37.024
256,64,2,1024,50.7313
256,64,2,2048,78.6133
256,64,2,4096,134.71
256,64,2,8192,248.374
256,64,2,16384,476.247
256,64,4,16,29.9733
256,64,4,32,30.112
256,64,4,64,30.166
256,64,4,128,31.7653
256,64,4,256,34.464
256,64,4,512,44.693
256,64,4,1024,59.072
256,64,4,2048,86.7407
256,64,4,4096,144.096
256,64,4,8192,257.589
256,64,4,16384,484.341
256,64,8,16,35.7227
256,64,8,32,35.7013
256,64,8,64,35.8083
256,64,8,128,40.416
256,64,8,256,45.813
256,64,8,512,59.5947
256,64,8,1024,87.2957
256,64,8,2048,144.459
256,64,8,4096,259.723
256,64,8,8192,498.827
256,64,8,16384,974.891
256,64,16,16,45.4507
256,64,16,32,46.1013
256,64,16,64,46.6353
256,64,16,128,53.8773
256,64,16,256,64.7893
256,64,16,512,91.3923
256,64,16,1024,165.525
256,64,16,2048,313.27
256,64,16,4096,571.48
256,64,16,8192,1138.07
256,64,16,16384,2289.49
256,64,32,16,65.397
256,64,32,32,66.368
256,64,32,64,66.9863
256,64,32,128,84.5233
256,64,32,256,109.888
256,64,32,512,186.688
256,64,32,1024,356.14
256,64,32,2048,690.978
256,64,32,4096,1374.01
256,64,32,8192,2884.58
256,64,32,16384,5525.04
256,64,64,16,104.821
256,64,64,32,106.656
256,64,64,64,108.352
256,64,64,128,151.147
256,64,64,256,251.947
256,64,64,512,490.028
256,64,64,1024,939.171
256,64,64,2048,1807.79
256,64,64,4096,3591.01
256,64,64,8192,7225.77
256,64,64,16384,14451.9
256,64,128,16,189.505
256,64,128,32,193.078
256,64,128,64,197.099
256,64,128,128,300.46
256,64,128,256,499.051
256,64,128,512,964.888
256,64,128,1024,1875.97
256,64,128,2048,3719.83
256,64,128,4096,7377.41
256,64,128,8192,14715.9
256,64,128,16384,29366.5
256,128,0,0,22.4743
256,128,1,16,23.7443
256,128,1,32,23.6583
256,128,1,64,23.7543
256,128,1,128,23.6587
256,128,1,256,23.723
256,128,1,512,29.643
256,128,1,1024,43.3813
256,128,1,2048,71.5197
256,128,1,4096,128.992
256,128,1,8192,243.446
256,128,1,16384,473.836
256,128,2,16,29.3443
256,128,2,32,29.2803
256,128,2,64,29.269
256,128,2,128,32.288
256,128,2,256,33.312
256,128,2,512,39.9893
256,128,2,1024,53.5993
256,128,2,2048,81.8777
256,128,2,4096,138.486
256,128,2,8192,250.764
256,128,2,16384,478.977
256,128,4,16,31.1893
256,128,4,32,31.3493
256,128,4,64,31.413
256,128,4,128,33.3863
256,128,4,256,35.5623
256,128,4,512,46.9117
256,128,4,1024,61.5467
256,128,4,2048,89.2167
256,128,4,4096,145.824
256,128,4,8192,259.115
256,128,4,16384,486.401
256,128,8,16,36.7467
256,128,8,32,36.9063
256,128,8,64,37.163
256,128,8,128,42.2397
256,128,8,256,47.4453
256,128,8,512,62.688
256,128,8,1024,90.7523
256,128,8,2048,150.613
256,128,8,4096,266.773
256,128,8,8192,505.196
256,128,8,16384,985.004
256,128,16,16,47.3813
256,128,16,32,47.6593
256,128,16,64,47.9467
256,128,16,128,55.9793
256,128,16,256,65.514
256,128,16,512,92.1387
256,128,16,1024,165.184
256,128,16,2048,319.062
256,128,16,4096,593.665
256,128,16,8192,1127.97
256,128,16,16384,2313.44
256,128,32,16,67.1467
256,128,32,32,68.0323
256,128,32,64,68.6407
256,128,32,128,86.3363
256,128,32,256,112.118
256,128,32,512,187.925
256,128,32,1024,368.897
256,128,32,2048,726.337
256,128,32,4096,1428.28
256,128,32,8192,3031.77
256,128,32,16384,5843.25
256,128,64,16,106.614
256,128,64,32,108.235
256,128,64,64,109.845
256,128,64,128,152.384
256,128,64,256,252.748
256,128,64,512,493.131
256,128,64,1024,943.468
256,128,64,2048,1840.86
256,128,64,4096,3635.5
256,128,64,8192,7289.08
256,128,64,16384,14670.8
256,128,128,16,190.816
256,128,128,32,194.337
256,128,128,64,198.337
256,128,128,128,303.307
256,128,128,256,502.892
256,128,128,512,963.918
256,128,128,1024,1877.29
256,128,128,2048,3718.07
256,128,128,4096,7380.27
256,128,128,8192,14714.3
256,128,128,16384,29356.1
256,256,0,0,26.1223
256,256,1,16,26.9977
256,256,1,32,27.136
256,256,1,64,27.4137
256,256,1,128,27.3387
256,256,1,256,27.36
256,256,1,512,29.7703
256,256,1,1024,43.8187
256,256,1,2048,71.6803
256,256,1,4096,129.152
256,256,1,8192,243.488
256,256,1,16384,473.654
256,256,2,16,33.259
256,256,2,32,33.2693
256,256,2,64,33.174
256,256,2,128,36.1703
256,256,2,256,39.6477
256,256,2,512,43.8187
256,256,2,1024,57.312
256,256,2,2048,85.3227
256,256,2,4096,140.779
256,256,2,8192,254.614
256,256,2,16384,478.636
256,256,4,16,35.3703
256,256,4,32,35.4023
256,256,4,64,35.6267
256,256,4,128,38.24
256,256,4,256,40.608
256,256,4,512,47.669
256,256,4,1024,64.8217
256,256,4,2048,93.2053
256,256,4,4096,150.368
256,256,4,8192,263.926
256,256,4,16384,492.181
256,256,8,16,41.6107
256,256,8,32,41.6213
256,256,8,64,42.0373
256,256,8,128,46.816
256,256,8,256,53.217
256,256,8,512,66.144
256,256,8,1024,95.1897
256,256,8,2048,159.798
256,256,8,4096,280.299
256,256,8,8192,521.334
256,256,8,16384,997.901
256,256,16,16,52.394
256,256,16,32,52.8
256,256,16,64,52.9707
256,256,16,128,62.091
256,256,16,256,70.624
256,256,16,512,92.9813
256,256,16,1024,165.813
256,256,16,2048,323.606
256,256,16,4096,626.06
256,256,16,8192,1193.42
256,256,16,16384,2285.49
256,256,32,16,72.3307
256,256,32,32,73.4827
256,256,32,64,74.016
256,256,32,128,92.043
256,256,32,256,115.243
256,256,32,512,187.915
256,256,32,1024,375.275
256,256,32,2048,738.849
256,256,32,4096,1464.1
256,256,32,8192,3136.11
256,256,32,16384,6058.78
256,256,64,16,112.417
256,256,64,32,114.133
256,256,64,64,115.755
256,256,64,128,155.147
256,256,64,256,257.526
256,256,64,512,490.817
256,256,64,1024,944.631
256,256,64,2048,1848.88
256,256,64,4096,3657.46
256,256,64,8192,7299.57
256,256,64,16384,14676.6
256,256,128,16,193.846
256,256,128,32,197.067
256,256,128,64,201.174
256,256,128,128,306.006
256,256,128,256,505.772
256,256,128,512,968.888
256,256,128,1024,1877.76
256,256,128,2048,3720.48
256,256,128,4096,7383.77
256,256,128,8192,14718.6
256,256,128,16384,29370
256,512,0,0,33.931
256,512,1,16,34.24
256,512,1,32,34.4113
256,512,1,64,34.6983
256,512,1,128,34.304
256,512,1,256,34.5707
256,512,1,512,34.475
256,512,1,1024,44.608
256,512,1,2048,72.0647
256,512,1,4096,129.29
256,512,1,8192,243.861
256,512,1,16384,474.082
256,512,2,16,40.5757
256,512,2,32,40.235
256,512,2,64,40.459
256,512,2,128,43.7977
256,512,2,256,47.4243
256,512,2,512,53.6637
256,512,2,1024,65.4293
256,512,2,2048,93.1207
256,512,2,4096,149.664
256,512,2,8192,261.504
256,512,2,16384,488.939
256,512,4,16,42.7093
256,512,4,32,42.3893
256,512,4,64,42.8163
256,512,4,128,46.1333
256,512,4,256,49.792
256,512,4,512,55.0297
256,512,4,1024,71.9683
256,512,4,2048,99.8187
256,512,4,4096,156.032
256,512,4,8192,269.034
256,512,4,16384,495.563
256,512,8,16,52.565
256,512,8,32,52.619
256,512,8,64,52.6293
256,512,8,128,55.744
256,512,8,256,61.046
256,512,8,512,74.5597
256,512,8,1024,102.731
256,512,8,2048,170.645
256,512,8,4096,306.934
256,512,8,8192,564.385
256,512,8,16384,1075.16
256,512,16,16,62.7093
256,512,16,32,63.3067
256,512,16,64,63.5733
256,512,16,128,73.1737
256,512,16,256,82.838
256,512,16,512,99.7447
256,512,16,1024,150.486
256,512,16,2048,330.241
256,512,16,4096,644.801
256,512,16,8192,1281.56
256,512,16,16384,2634.16
256,512,32,16,83.2853
256,512,32,32,84.299
256,512,32,64,84.8533
256,512,32,128,103.392
256,512,32,256,124.245
256,512,32,512,190.699
256,512,32,1024,347.946
256,512,32,2048,802.157
256,512,32,4096,1594.52
256,512,32,8192,3298.62
256,512,32,16384,6554.94
256,512,64,16,123.489
256,512,64,32,124.982
256,512,64,64,126.859
256,512,64,128,166.496
256,512,64,256,260.609
256,512,64,512,495.148
256,512,64,1024,947.246
256,512,64,2048,1855.07
256,512,64,4096,3666.1
256,512,64,8192,7335.24
256,512,64,16384,14687
256,512,128,16,205.75
256,512,128,32,208.735
256,512,128,64,212.651
256,512,128,128,311.424
256,512,128,256,507.234
256,512,128,512,971.149
256,512,128,1024,1883.29
256,512,128,2048,3720.84
256,512,128,4096,7389.12
256,512,128,8192,14724.5
256,512,128,16384,29369.4
256,1024,0,0,48.416
256,1024,1,16,48.8323
256,1024,1,32,48.4797
256,1024,1,64,48.4053
256,1024,1,128,48.352
256,1024,1,256,48.6613
256,1024,1,512,48.8427
256,1024,1,1024,48.9607
256,1024,1,2048,72.3097
256,1024,1,4096,129.611
256,1024,1,8192,243.787
256,1024,1,16384,474.081
256,1024,2,16,54.4857
256,1024,2,32,54.208
256,1024,2,64,54.837
256,1024,2,128,58.2723
256,1024,2,256,61.3653
256,1024,2,512,68.235
256,1024,2,1024,82.5397
256,1024,2,2048,108.405
256,1024,2,4096,164.203
256,1024,2,8192,277.814
256,1024,2,16384,503.264
256,1024,4,16,56.864
256,1024,4,32,56.5337
256,1024,4,64,56.6617
256,1024,4,128,60.4267
256,1024,4,256,64.245
256,1024,4,512,71.6167
256,1024,4,1024,84.2563
256,1024,4,2048,114.741
256,1024,4,4096,171.787
256,1024,4,8192,290.048
256,1024,4,16384,520.907
256,1024,8,16,66.6347
256,1024,8,32,67.0083
256,1024,8,64,67.6057
256,1024,8,128,76.5877
256,1024,8,256,81.7497
256,1024,8,512,89.5787
256,1024,8,1024,118.965
256,1024,8,2048,182.144
256,1024,8,4096,321.647
256,1024,8,8192,600.716
256,1024,8,16384,1154.45
256,1024,16,16,82.72
256,1024,16,32,82.8583
256,1024,16,64,83.593
256,1024,16,128,93.5253
256,1024,16,256,103.147
256,1024,16,512,125.611
256,1024,16,1024,156.928
256,1024,16,2048,328.419
256,1024,16,4096,658.912
256,1024,16,8192,1368.61
256,1024,16,16384,2614.56
256,1024,32,16,103.456
256,1024,32,32,104.843
256,1024,32,64,105.344
256,1024,32,128,124.96
256,1024,32,256,145.941
256,1024,32,512,205.75
256,1024,32,1024,327.467
256,1024,32,2048,801.847
256,1024,32,4096,1604.81
256,1024,32,8192,3279.1
256,1024,32,16384,6674.62
256,1024,64,16,145.601
256,1024,64,32,147.338
256,1024,64,64,148.704
256,1024,64,128,189.184
256,1024,64,256,278.657
256,1024,64,512,505.27
256,1024,64,1024,935.928
256,1024,64,2048,1856.83
256,1024,64,4096,3676.61
256,1024,64,8192,7334.66
256,1024,64,16384,14695.7
256,1024,128,16,228.3
256,1024,128,32,231.713
256,1024,128,64,235.702
256,1024,128,128,330.603
256,1024,128,256,515.415
256,1024,128,512,979.64
256,1024,128,1024,1892.41
256,1024,128,2048,3732.16
256,1024,128,4096,7396.82
256,1024,128,8192,14731.4
256,1024,128,16384,29392.1
256,2048,0,0,76.8753
256,2048,1,16,77.0777
256,2048,1,32,77.7603
256,2048,1,64,77.088
256,2048,1,128,77.408
256,2048,1,256,77.3873
256,2048,1,512,77.1627
256,2048,1,1024,77.4617
256,2048,1,2048,78.016
256,2048,1,4096,129.963
256,2048,1,8192,244.544
256,2048,1,16384,474.241
256,2048,2,16,83.1253
256,2048,2,32,82.7847
256,2048,2,64,83.296
256,2048,2,128,86.6453
256,2048,2,256,90.133
256,2048,2,512,96.9817
256,2048,2,1024,111.893
256,2048,2,2048,139.712
256,2048,2,4096,196.8
256,2048,2,8192,311.925
256,2048,2,16384,545.175
256,2048,4,16,85.1203
256,2048,4,32,85.5257
256,2048,4,64,85.771
256,2048,4,128,88.3307
256,2048,4,256,92.4693
256,2048,4,512,99.8613
256,2048,4,1024,114.603
256,2048,4,2048,142.155
256,2048,4,4096,202.582
256,2048,4,8192,319.755
256,2048,4,16384,551.723
256,2048,8,16,95.0293
256,2048,8,32,95.5413
256,2048,8,64,95.3593
256,2048,8,128,105.184
256,2048,8,256,116.033
256,2048,8,512,137.291
256,2048,8,1024,147.968
256,2048,8,2048,205.473
256,2048,8,4096,332.054
256,2048,8,8192,637.483
256,2048,8,16384,1186.16
256,2048,16,16,112.353
256,2048,16,32,113.505
256,2048,16,64,113.333
256,2048,16,128,131.253
256,2048,16,256,143.948
256,2048,16,512,161.963
256,2048,16,1024,216.501
256,2048,16,2048,275.509
256,2048,16,4096,658.476
256,2048,16,8192,1341.65
256,2048,16,16384,2682.73
256,2048,32,16,143.275
256,2048,32,32,145.536
256,2048,32,64,145.963
256,2048,32,128,166.475
256,2048,32,256,187.99
256,2048,32,512,246.027
256,2048,32,1024,375.969
256,2048,32,2048,657.281
256,2048,32,4096,1591.72
256,2048,32,8192,3283.18
256,2048,32,16384,6569.18
256,2048,64,16,186.272
256,2048,64,32,188.831
256,2048,64,64,190.166
256,2048,64,128,232.864
256,2048,64,256,323.649
256,2048,64,512,542.615
256,2048,64,1024,966.317
256,2048,64,2048,1847.72
256,2048,64,4096,3682.33
256,2048,64,8192,7349.85
256,2048,64,16384,14664.6
256,2048,128,16,271.852
256,2048,128,32,274.497
256,2048,128,64,280.46
256,2048,128,128,375.446
256,2048,128,256,553.261
256,2048,128,512,999.757
256,2048,128,1024,1904.43
256,2048,128,2048,3745.87
256,2048,128,4096,7408.83
256,2048,128,8192,14758.8
256,2048,128,16384,29407.6
256,4096,0,0,134.155
256,4096,1,16,134.411
256,4096,1,32,134.324
256,4096,1,64,134.462
256,4096,1,128,134.005
256,4096,1,256,134.518
256,4096,1,512,134.336
256,4096,1,1024,134.966
256,4096,1,2048,134.793
256,4096,1,4096,135.702
256,4096,1,8192,245.344
256,4096,1,16384,474.988
256,4096,2,16,140.513
256,4096,2,32,139.936
256,4096,2,64,141.024
256,4096,2,128,143.051
256,4096,2,256,147.307
256,4096,2,512,155.179
256,4096,2,1024,168.971
256,4096,2,2048,196.854
256,4096,2,4096,254.454
256,4096,2,8192,371.157
256,4096,2,16384,611.362
256,4096,4,16,141.845
256,4096,4,32,142.442
256,4096,4,64,141.536
256,4096,4,128,145.227
256,4096,4,256,148.906
256,4096,4,512,156.181
256,4096,4,1024,171.189
256,4096,4,2048,200.693
256,4096,4,4096,258.144
256,4096,4,8192,379.554
256,4096,4,16384,614.667
256,4096,8,16,151.509
256,4096,8,32,152.576
256,4096,8,64,152.352
256,4096,8,128,162.656
256,4096,8,256,173.184
256,4096,8,512,194.39
256,4096,8,1024,237.877
256,4096,8,2048,263.585
256,4096,8,4096,379.894
256,4096,8,8192,634.827
256,4096,8,16384,1277.61
256,4096,16,16,168.64
256,4096,16,32,169.909
256,4096,16,64,170.101
256,4096,16,128,188.15
256,4096,16,256,208.673
256,4096,16,512,243.03
256,4096,16,1024,290.859
256,4096,16,2048,395.883
256,4096,16,4096,511.446
256,4096,16,8192,1317.12
256,4096,16,16384,2716.27
256,4096,32,16,204.246
256,4096,32,32,205.846
256,4096,32,64,206.678
256,4096,32,128,242.486
256,4096,32,256,269.153
256,4096,32,512,341.6
256,4096,32,1024,500.363
256,4096,32,2048,743.788
256,4096,32,4096,1462.7
256,4096,32,8192,3278.34
256,4096,32,16384,6574.8
256,4096,64,16,268.193
256,4096,64,32,269.856
256,4096,64,64,271.349
256,4096,64,128,316.833
256,4096,64,256,400.588
256,4096,64,512,615.628
256,4096,64,1024,1053.18
256,4096,64,2048,1886.11
256,4096,64,4096,3628
256,4096,64,8192,7338.53
256,4096,64,16384,14678.5
256,4096,128,16,355.916
256,4096,128,32,358.241
256,4096,128,64,365.484
256,4096,128,128,460.46
256,4096,128,256,633.453
256,4096,128,512,1078.95
256,4096,128,1024,1959.69
256,4096,128,2048,3775.8
256,4096,128,4096,7457.75
256,4096,128,8192,14793.6
256,4096,128,16384,29458.5
256,8192,0,0,247.125
256,8192,1,16,248.545
256,8192,1,32,248.395
256,8192,1,64,248.427
256,8192,1,128,248.587
256,8192,1,256,246.859
256,8192,1,512,246.593
256,8192,1,1024,247.691
256,8192,1,2048,249.792
256,8192,1,4096,248.832
256,8192,1,8192,252.043
256,8192,1,16384,478.775
256,8192,2,16,254.528
256,8192,2,32,253.345
256,8192,2,64,253.634
256,8192,2,128,257.068
256,8192,2,256,261.28
256,8192,2,512,267.563
256,8192,2,1024,281.185
256,8192,2,2048,310.432
256,8192,2,4096,373.302
256,8192,2,8192,488.341
256,8192,2,16384,723.616
256,8192,4,16,257.365
256,8192,4,32,256.715
256,8192,4,64,256.822
256,8192,4,128,260.853
256,8192,4,256,263.499
256,8192,4,512,270.433
256,8192,4,1024,285.697
256,8192,4,2048,314.528
256,8192,4,4096,374.827
256,8192,4,8192,491.915
256,8192,4,16384,734.892
256,8192,8,16,264.779
256,8192,8,32,266.144
256,8192,8,64,267.242
256,8192,8,128,274.827
256,8192,8,256,287.2
256,8192,8,512,308.747
256,8192,8,1024,351.254
256,8192,8,2048,438.55
256,8192,8,4096,496.588
256,8192,8,8192,734.626
256,8192,8,16384,1281.07
256,8192,16,16,283.414
256,8192,16,32,283.371
256,8192,16,64,284.78
256,8192,16,128,301.354
256,8192,16,256,319.457
256,8192,16,512,355.371
256,8192,16,1024,427.574
256,8192,16,2048,554.699
256,8192,16,4096,757.346
256,8192,16,8192,1002.85
256,8192,16,16384,2713.29
256,8192,32,16,317.76
256,8192,32,32,320.384
256,8192,32,64,321.099
256,8192,32,128,356.406
256,8192,32,256,396.161
256,8192,32,512,493.237
256,8192,32,1024,627.073
256,8192,32,2048,946.008
256,8192,32,4096,1531.92
256,8192,32,8192,3090.21
256,8192,32,16384,6565.68
256,8192,64,16,388.448
256,8192,64,32,391.48
256,8192,64,64,393.75
256,8192,64,128,470.338
256,8192,64,256,555.927
256,8192,64,512,752.087
256,8192,64,1024,1191.1
256,8192,64,2048,2045.91
256,8192,64,4096,3740.16
256,8192,64,8192,7357.01
256,8192,64,16384,14689.8
256,8192,128,16,516.065
256,8192,128,32,521.399
256,8192,128,64,527.99
256,8192,128,128,629.153
256,8192,128,256,786.317
256,8192,128,512,1229.74
256,8192,128,1024,2113.2
256,8192,128,2048,3887.9
256,8192,128,4096,7508.01
256,8192,128,8192,14904.3
256,8192,128,16384,29532.4
256,16384,0,0,480.725
256,16384,1,16,479.788
256,16384,1,32,479.703
256,16384,1,64,479.756
256,16384,1,128,479.799
256,16384,1,256,479.67
256,16384,1,512,479.896
256,16384,1,1024,480.129
256,16384,1,2048,480.31
256,16384,1,4096,480.705
256,16384,1,8192,482.133
256,16384,1,16384,485.762
256,16384,2,16,481.217
256,16384,2,32,481.728
256,16384,2,64,481.132
256,16384,2,128,482.38
256,16384,2,256,485.644
256,16384,2,512,492.268
256,16384,2,1024,507.201
256,16384,2,2048,536.588
256,16384,2,4096,606.615
256,16384,2,8192,726.026
256,16384,2,16384,959.81
256,16384,4,16,482.636
256,16384,4,32,480.982
256,16384,4,64,480.554
256,16384,4,128,485.399
256,16384,4,256,491.318
256,16384,4,512,498.86
256,16384,4,1024,511.084
256,16384,4,2048,541.28
256,16384,4,4096,608.118
256,16384,4,8192,729.111
256,16384,4,16384,961.804
256,16384,8,16,493.825
256,16384,8,32,492.939
256,16384,8,64,492.139
256,16384,8,128,500.833
256,16384,8,256,515.276
256,16384,8,512,535.085
256,16384,8,1024,577.183
256,16384,8,2048,664.267
256,16384,8,4096,844.129
256,16384,8,8192,964.887
256,16384,8,16384,1466.4
256,16384,16,16,507.318
256,16384,16,32,510.999
256,16384,16,64,511.18
256,16384,16,128,526.934
256,16384,16,256,547.116
256,16384,16,512,583.788
256,16384,16,1024,656.876
256,16384,16,2048,802.166
256,16384,16,4096,1095.62
256,16384,16,8192,1494.62
256,16384,16,16384,2259.62
256,16384,32,16,544.961
256,16384,32,32,547.691
256,16384,32,64,546.092
256,16384,32,128,584.215
256,16384,32,256,623.404
256,16384,32,512,719.405
256,16384,32,1024,917.232
256,16384,32,2048,1242.57
256,16384,32,4096,1940.48
256,16384,32,8192,3131.59
256,16384,32,16384,6117.24
256,16384,64,16,616.311
256,16384,64,32,619.606
256,16384,64,64,621.101
256,16384,64,128,695.96
256,16384,64,256,808.653
256,16384,64,512,1035.94
256,16384,64,1024,1471.59
256,16384,64,2048,2340.78
256,16384,64,4096,4072.5
256,16384,64,8192,7457.79
256,16384,64,16384,14766.2
256,16384,128,16,765.804
256,16384,128,32,774.967
256,16384,128,64,782.21
256,16384,128,128,942.882
256,16384,128,256,1090.68
256,16384,128,512,1526.63
256,16384,128,1024,2412.34
256,16384,128,2048,4199.45
256,16384,128,4096,7753.37
256,16384,128,8192,14967.2
256,16384,128,16384,29785.1
512,0,0,0,40.4267
512,0,1,16,43.1253
512,0,1,32,43.5407
512,0,1,64,43.296
512,0,1,128,43.4663
512,0,1,256,43.3277
512,0,1,512,47.9893
512,0,1,1024,61.281
512,0,1,2048,89.28
512,0,1,4096,144.577
512,0,1,8192,255.884
512,0,1,16384,478.87
512,0,2,16,44.576
512,0,2,32,44.7253
512,0,2,64,44.8
512,0,2,128,45.888
512,0,2,256,46.1973
512,0,2,512,52.2017
512,0,2,1024,66.592
512,0,2,2048,94.6667
512,0,2,4096,150.422
512,0,2,8192,261.792
512,0,2,16384,484.482
512,0,4,16,47.776
512,0,4,32,48.5763
512,0,4,64,47.9573
512,0,4,128,49.6853
512,0,4,256,52.9173
512,0,4,512,60.309
512,0,4,1024,81.76
512,0,4,2048,114.261
512,0,4,4096,170.421
512,0,4,8192,285.697
512,0,4,16384,508.417
512,0,8,16,55.2113
512,0,8,32,55.2003
512,0,8,64,55.8513
512,0,8,128,59.6593
512,0,8,256,63.9787
512,0,8,512,77.2373
512,0,8,1024,108.886
512,0,8,2048,165.355
512,0,8,4096,285.782
512,0,8,8192,521.537
512,0,8,16384,1000.52
512,0,16,16,68.0217
512,0,16,32,68.7893
512,0,16,64,69.0667
512,0,16,128,78.2613
512,0,16,256,87.4563
512,0,16,512,113.035
512,0,16,1024,184.641
512,0,16,2048,367.126
512,0,16,4096,653.857
512,0,16,8192,1281.84
512,0,16,16384,2453.28
512,0,32,16,93.995
512,0,32,32,95.0077
512,0,32,64,95.8933
512,0,32,128,114.176
512,0,32,256,136.149
512,0,32,512,231.915
512,0,32,1024,421.175
512,0,32,2048,796.577
512,0,32,4096,1543.82
512,0,32,8192,3228.92
512,0,32,16384,6180.11
512,0,64,16,145.312
512,0,64,32,147.211
512,0,64,64,149.088
512,0,64,128,187.904
512,0,64,256,266.07
512,0,64,512,507.682
512,0,64,1024,967.502
512,0,64,2048,1888.57
512,0,64,4096,3706.59
512,0,64,8192,7374.27
512,0,64,16384,14679.3
512,0,128,16,251.606
512,0,128,32,254.337
512,0,128,64,258.028
512,0,128,128,356.801
512,0,128,256,511.852
512,0,128,512,974.467
512,0,128,1024,1884.68
512,0,128,2048,3728.29
512,0,128,4096,7397.83
512,0,128,8192,14728.3
512,0,128,16384,29378.6
512,16,0,0,46.133
512,16,1,16,47.0937
512,16,1,32,46.646
512,16,1,64,47.0827
512,16,1,128,48.4367
512,16,1,256,48.9927
512,16,1,512,49.728
512,16,1,1024,63.5623
512,16,1,2048,90.912
512,16,1,4096,146.699
512,16,1,8192,256.712
512,16,1,16384,482.08
512,16,2,16,49.301
512,16,2,32,49.1413
512,16,2,64,49.376
512,16,2,128,50.6557
512,16,2,256,50.7093
512,16,2,512,53.5897
512,16,2,1024,69.6007
512,16,2,2048,97.4507
512,16,2,4096,152.981
512,16,2,8192,263.99
512,16,2,16384,488.898
512,16,4,16,52.7573
512,16,4,32,52.6397
512,16,4,64,52.5973
512,16,4,128,55.1357
512,16,4,256,58.1337
512,16,4,512,63.125
512,16,4,1024,82.5813
512,16,4,2048,119.68
512,16,4,4096,176.512
512,16,4,8192,289.408
512,16,4,16384,514.901
512,16,8,16,59.9787
512,16,8,32,60.0967
512,16,8,64,60.523
512,16,8,128,64.693
512,16,8,256,69.1633
512,16,8,512,79.9793
512,16,8,1024,112.821
512,16,8,2048,169.035
512,16,8,4096,291.319
512,16,8,8192,527.969
512,16,8,16384,1004.73
512,16,16,16,73.1307
512,16,16,32,73.7393
512,16,16,64,74.443
512,16,16,128,82.8267
512,16,16,256,92.5763
512,16,16,512,116.011
512,16,16,1024,189.397
512,16,16,2048,371.361
512,16,16,4096,686.081
512,16,16,8192,1285.33
512,16,16,16384,2496.42
512,16,32,16,99.4027
512,16,32,32,99.9573
512,16,32,64,101.067
512,16,32,128,119.499
512,16,32,256,139.169
512,16,32,512,228.716
512,16,32,1024,431.233
512,16,32,2048,816.973
512,16,32,4096,1595.27
512,16,32,8192,3341.82
512,16,32,16384,6152.69
512,16,64,16,151.414
512,16,64,32,152.182
512,16,64,64,153.12
512,16,64,128,191.606
512,16,64,256,267.062
512,16,64,512,509.761
512,16,64,1024,968.674
512,16,64,2048,1892.31
512,16,64,4096,3733.64
512,16,64,8192,7401
512,16,64,16384,14733.1
512,16,128,16,254.39
512,16,128,32,256.47
512,16,128,64,260.715
512,16,128,128,359.542
512,16,128,256,513.228
512,16,128,512,973.506
512,16,128,1024,1885.51
512,16,128,2048,3729.84
512,16,128,4096,7394.97
512,16,128,8192,14735.6
512,16,128,16384,29378.8
512,32,0,0,46.379
512,32,1,16,47.3493
512,32,1,32,47.0073
512,32,1,64,47.1897
512,32,1,128,48.6293
512,32,1,256,48.811
512,32,1,512,50.0273
512,32,1,1024,63.4453
512,32,1,2048,91.542
512,32,1,4096,147.147
512,32,1,8192,257.099
512,32,1,16384,482.732
512,32,2,16,49.28
512,32,2,32,49.4507
512,32,2,64,49.5257
512,32,2,128,49.9527
512,32,2,256,50.6133
512,32,2,512,53.8457
512,32,2,1024,70.2403
512,32,2,2048,97.7073
512,32,2,4096,153.76
512,32,2,8192,263.99
512,32,2,16384,490.252
512,32,4,16,52.7037
512,32,4,32,52.6827
512,32,4,64,53.1627
512,32,4,128,54.5707
512,32,4,256,58.1547
512,32,4,512,63.2213
512,32,4,1024,82.902
512,32,4,2048,120.149
512,32,4,4096,177.142
512,32,4,8192,290.357
512,32,4,16384,515.212
512,32,8,16,59.6587
512,32,8,32,60.16
512,32,8,64,60.32
512,32,8,128,64.6613
512,32,8,256,69.1623
512,32,8,512,79.9577
512,32,8,1024,112.821
512,32,8,2048,170.304
512,32,8,4096,292.682
512,32,8,8192,527.831
512,32,8,16384,1002.39
512,32,16,16,73.3863
512,32,16,32,73.728
512,32,16,64,74.389
512,32,16,128,82.9333
512,32,16,256,92.7787
512,32,16,512,116.245
512,32,16,1024,192.086
512,32,16,2048,373.846
512,32,16,4096,680.535
512,32,16,8192,1298.66
512,32,16,16384,2524.27
512,32,32,16,99.456
512,32,32,32,100.299
512,32,32,64,100.8
512,32,32,128,118.624
512,32,32,256,139.67
512,32,32,512,228.737
512,32,32,1024,432.929
512,32,32,2048,802.294
512,32,32,4096,1631.76
512,32,32,8192,3179.45
512,32,32,16384,6317.77
512,32,64,16,150.967
512,32,64,32,152.651
512,32,64,64,154.219
512,32,64,128,191.146
512,32,64,256,266.646
512,32,64,512,509.655
512,32,64,1024,967.608
512,32,64,2048,1896.31
512,32,64,4096,3721.95
512,32,64,8192,7408.17
512,32,64,16384,14742.8
512,32,128,16,253.12
512,32,128,32,256.48
512,32,128,64,260.79
512,32,128,128,358.54
512,32,128,256,513.474
512,32,128,512,973.986
512,32,128,1024,1886.14
512,32,128,2048,3733.33
512,32,128,4096,7395.97
512,32,128,8192,14734.6
512,32,128,16384,29383.6
512,64,0,0,46.9017
512,64,1,16,47.4243
512,64,1,32,47.2853
512,64,1,64,47.3923
512,64,1,128,48.928
512,64,1,256,49.12
512,64,1,512,49.9193
512,64,1,1024,63.3707
512,64,1,2048,91.446
512,64,1,4096,146.945
512,64,1,8192,257.099
512,64,1,16384,480.844
512,64,2,16,49.877
512,64,2,32,49.4833
512,64,2,64,49.792
512,64,2,128,50.6667
512,64,2,256,51.2107
512,64,2,512,53.3757
512,64,2,1024,70.198
512,64,2,2048,97.814
512,64,2,4096,154.07
512,64,2,8192,263.093
512,64,2,16384,492.642
512,64,4,16,52.7577
512,64,4,32,53.4293
512,64,4,64,52.949
512,64,4,128,54.87
512,64,4,256,57.771
512,64,4,512,63.2957
512,64,4,1024,82.6133
512,64,4,2048,120.065
512,64,4,4096,176.213
512,64,4,8192,290.229
512,64,4,16384,514.102
512,64,8,16,60.171
512,64,8,32,60.6403
512,64,8,64,60.597
512,64,8,128,64.8643
512,64,8,256,69.558
512,64,8,512,79.893
512,64,8,1024,112.469
512,64,8,2048,170.304
512,64,8,4096,293.622
512,64,8,8192,525.771
512,64,8,16384,1005.02
512,64,16,16,73.3333
512,64,16,32,73.408
512,64,16,64,73.9627
512,64,16,128,83.0403
512,64,16,256,92.8647
512,64,16,512,116.149
512,64,16,1024,190.113
512,64,16,2048,372.747
512,64,16,4096,673.793
512,64,16,8192,1313.06
512,64,16,16384,2498.56
512,64,32,16,99.3173
512,64,32,32,100.192
512,64,32,64,101.131
512,64,32,128,118.955
512,64,32,256,139.691
512,64,32,512,230.827
512,64,32,1024,427.81
512,64,32,2048,832.47
512,64,32,4096,1613.14
512,64,32,8192,3287.75
512,64,32,16384,6345.17
512,64,64,16,151.179
512,64,64,32,152.086
512,64,64,64,154.485
512,64,64,128,191.222
512,64,64,256,266.731
512,64,64,512,508.471
512,64,64,1024,969.729
512,64,64,2048,1897.04
512,64,64,4096,3728.14
512,64,64,8192,7411.83
512,64,64,16384,14711.8
512,64,128,16,253.568
512,64,128,32,256.939
512,64,128,64,260.385
512,64,128,128,359.521
512,64,128,256,513.76
512,64,128,512,973.602
512,64,128,1024,1884.58
512,64,128,2048,3731.08
512,64,128,4096,7396.13
512,64,128,8192,14745
512,64,128,16384,29380
512,128,0,0,47.2107
512,128,1,16,49.6957
512,128,1,32,49.8883
512,128,1,64,50.0483
512,128,1,128,50.208
512,128,1,256,50.0483
512,128,1,512,52.9177
512,128,1,1024,66.3253
512,128,1,2048,93.6957
512,128,1,4096,148.95
512,128,1,8192,259.275
512,128,1,16384,483.328
512,128,2,16,51.4667
512,128,2,32,51.051
512,128,2,64,51.2747
512,128,2,128,53.056
512,128,2,256,53.2587
512,128,2,512,54.7093
512,128,2,1024,73.4183
512,128,2,2048,101.622
512,128,2,4096,157.334
512,128,2,8192,269.793
512,128,2,16384,492.331
512,128,4,16,55.232
512,128,4,32,55.3493
512,128,4,64,55.4027
512,128,4,128,57.0883
512,128,4,256,60.3523
512,128,4,512,66.133
512,128,4,1024,84.5123
512,128,4,2048,125.312
512,128,4,4096,181.194
512,128,4,8192,295.19
512,128,4,16384,524.267
512,128,8,16,62.3043
512,128,8,32,62.5067
512,128,8,64,62.848
512,128,8,128,67.6053
512,128,8,256,72.011
512,128,8,512,82.8483
512,128,8,1024,115.583
512,128,8,2048,173.131
512,128,8,4096,296.287
512,128,8,8192,534.667
512,128,8,16384,1010.45
512,128,16,16,76.16
512,128,16,32,76.5123
512,128,16,64,76.8427
512,128,16,128,85.9307
512,128,16,256,95.1253
512,128,16,512,118.272
512,128,16,1024,193.195
512,128,16,2048,373.75
512,128,16,4096,703.714
512,128,16,8192,1352.26
512,128,16,16384,2611.71
512,128,32,16,102.112
512,128,32,32,102.816
512,128,32,64,103.734
512,128,32,128,122.102
512,128,32,256,142.923
512,128,32,512,229.45
512,128,32,1024,435.703
512,128,32,2048,808.737
512,128,32,4096,1664.42
512,128,32,8192,3301.51
512,128,32,16384,6571.95
512,128,64,16,153.525
512,128,64,32,155.072
512,128,64,64,156.939
512,128,64,128,195.467
512,128,64,256,270.294
512,128,64,512,510.294
512,128,64,1024,969.719
512,128,64,2048,1899.31
512,128,64,4096,3735.47
512,128,64,8192,7437.28
512,128,64,16384,14809.6
512,128,128,16,257.366
512,128,128,32,260.395
512,128,128,64,263.286
512,128,128,128,362.07
512,128,128,256,516.161
512,128,128,512,975.075
512,128,128,1024,1883.94
512,128,128,2048,3733.45
512,128,128,4096,7398.19
512,128,128,8192,14738
512,128,128,16384,29393.3
512,256,0,0,54.6453
512,256,1,16,56.9817
512,256,1,32,56.672
512,256,1,64,56.9703
512,256,1,128,56.8637
512,256,1,256,57.0877
512,256,1,512,57.5043
512,256,1,1024,69.9627
512,256,1,2048,97.366
512,256,1,4096,152.906
512,256,1,8192,262.764
512,256,1,16384,484.749
512,256,2,16,58.3787
512,256,2,32,58.262
512,256,2,64,58.56
512,256,2,128,59.8933
512,256,2,256,59.8613
512,256,2,512,59.9887
512,256,2,1024,79.893
512,256,2,2048,108.961
512,256,2,4096,163.807
512,256,2,8192,275.254
512,256,2,16384,497.228
512,256,4,16,62.24
512,256,4,32,62.1977
512,256,4,64,62.379
512,256,4,128,64.4267
512,256,4,256,67.531
512,256,4,512,73.9197
512,256,4,1024,89.5037
512,256,4,2048,135.935
512,256,4,4096,193.099
512,256,4,8192,305.462
512,256,4,16384,532.992
512,256,8,16,69.3337
512,256,8,32,69.6433
512,256,8,64,70.2083
512,256,8,128,74.6027
512,256,8,256,80.2453
512,256,8,512,89.8457
512,256,8,1024,119.723
512,256,8,2048,179.008
512,256,8,4096,305.984
512,256,8,8192,553.067
512,256,8,16384,1024.79
512,256,16,16,83.7127
512,256,16,32,83.7657
512,256,16,64,84.203
512,256,16,128,93.536
512,256,16,256,103.499
512,256,16,512,122.997
512,256,16,1024,194.165
512,256,16,2048,382.647
512,256,16,4096,721.74
512,256,16,8192,1374.5
512,256,16,16384,2618.08
512,256,32,16,109.675
512,256,32,32,110.549
512,256,32,64,111.009
512,256,32,128,130.07
512,256,32,256,150.965
512,256,32,512,224.534
512,256,32,1024,448.95
512,256,32,2048,861.942
512,256,32,4096,1690.78
512,256,32,8192,3492.91
512,256,32,16384,6834.78
512,256,64,16,161.494
512,256,64,32,163.445
512,256,64,64,164.801
512,256,64,128,202.902
512,256,64,256,276.022
512,256,64,512,512.153
512,256,64,1024,973.431
512,256,64,2048,1896.21
512,256,64,4096,3740.25
512,256,64,8192,7442.34
512,256,64,16384,14827.9
512,256,128,16,264.983
512,256,128,32,267.19
512,256,128,64,272.022
512,256,128,128,367.745
512,256,128,256,518.52
512,256,128,512,976.162
512,256,128,1024,1888.22
512,256,128,2048,3730.16
512,256,128,4096,7404.23
512,256,128,8192,14742.7
512,256,128,16384,29390.8
512,512,0,0,68.8113
512,512,1,16,70.7307
512,512,1,32,70.9223
512,512,1,64,70.9977
512,512,1,128,71.0827
512,512,1,256,70.9547
512,512,1,512,70.9867
512,512,1,1024,77.0883
512,512,1,2048,104.789
512,512,1,4096,160.598
512,512,1,8192,270.134
512,512,1,16384,491.745
512,512,2,16,72.352
512,512,2,32,72.7357
512,512,2,64,72.694
512,512,2,128,73.5253
512,512,2,256,73.7917
512,512,2,512,74.0483
512,512,2,1024,82.0807
512,512,2,2048,122.454
512,512,2,4096,177.963
512,512,2,8192,288.875
512,512,2,16384,512.033
512,512,4,16,75.4663
512,512,4,32,75.99
512,512,4,64,75.808
512,512,4,128,77.7707
512,512,4,256,81.664
512,512,4,512,88.9483
512,512,4,1024,103.253
512,512,4,2048,140.16
512,512,4,4096,213.142
512,512,4,8192,330.581
512,512,4,16384,569.664
512,512,8,16,83.6587
512,512,8,32,84.021
512,512,8,64,83.659
512,512,8,128,89.5357
512,512,8,256,94.8797
512,512,8,512,104.097
512,512,8,1024,130.197
512,512,8,2048,195.842
512,512,8,4096,334.284
512,512,8,8192,601.495
512,512,8,16384,1126.06
512,512,16,16,97.909
512,512,16,32,98.6453
512,512,16,64,98.9547
512,512,16,128,108.502
512,512,16,256,119.306
512,512,16,512,138.101
512,512,16,1024,201.568
512,512,16,2048,392.054
512,512,16,4096,737.207
512,512,16,8192,1537.66
512,512,16,16384,3043.94
512,512,32,16,125.004
512,512,32,32,125.814
512,512,32,64,126.112
512,512,32,128,146.027
512,512,32,256,167.35
512,512,32,512,242.272
512,512,32,1024,419.563
512,512,32,2048,894.946
512,512,32,4096,1747.23
512,512,32,8192,3489.93
512,512,32,16384,6999.39
512,512,64,16,177.249
512,512,64,32,179.222
512,512,64,64,180.545
512,512,64,128,219.915
512,512,64,256,284.652
512,512,64,512,518.721
512,512,64,1024,973.433
512,512,64,2048,1903.96
512,512,64,4096,3737.36
512,512,64,8192,7450.87
512,512,64,16384,14835.7
512,512,128,16,281.355
512,512,128,32,283.19
512,512,128,64,286.656
512,512,128,128,378.56
512,512,128,256,522.871
512,512,128,512,980.504
512,512,128,1024,1891.65
512,512,128,2048,3738.61
512,512,128,4096,7413.31
512,512,128,8192,14757.2
512,512,128,16384,29407.6
512,1024,0,0,96.47
512,1024,1,16,98.5287
512,1024,1,32,98.4323
512,1024,1,64,98.6133
512,1024,1,128,98.8263
512,1024,1,256,98.8377
512,1024,1,512,98.7633
512,1024,1,1024,99.0727
512,1024,1,2048,120.021
512,1024,1,4096,175.499
512,1024,1,8192,285.537
512,1024,1,16384,507.329
512,1024,2,16,100.277
512,1024,2,32,100.107
512,1024,2,64,100.042
512,1024,2,128,101.846
512,1024,2,256,100.907
512,1024,2,512,101.398
512,1024,2,1024,102.283
512,1024,2,2048,137.483
512,1024,2,4096,205.451
512,1024,2,8192,317.356
512,1024,2,16384,539.03
512,1024,4,16,103.584
512,1024,4,32,103.756
512,1024,4,64,103.818
512,1024,4,128,106.838
512,1024,4,256,108.864
512,1024,4,512,117.323
512,1024,4,1024,131.253
512,1024,4,2048,159.404
512,1024,4,4096,256.544
512,1024,4,8192,382.346
512,1024,4,16384,627.521
512,1024,8,16,111.819
512,1024,8,32,111.307
512,1024,8,64,111.403
512,1024,8,128,116.811
512,1024,8,256,123.638
512,1024,8,512,135.541
512,1024,8,1024,155.211
512,1024,8,2048,210.496
512,1024,8,4096,341.569
512,1024,8,8192,608.683
512,1024,8,16384,1169.68
512,1024,16,16,126.134
512,1024,16,32,126.081
512,1024,16,64,126.112
512,1024,16,128,137.877
512,1024,16,256,149.237
512,1024,16,512,168.864
512,1024,16,1024,219.958
512,1024,16,2048,411.863
512,1024,16,4096,756.887
512,1024,16,8192,1585.5
512,1024,16,16384,3194.16
512,1024,32,16,154.944
512,1024,32,32,155.168
512,1024,32,64,156.405
512,1024,32,128,176.833
512,1024,32,256,197.857
512,1024,32,512,267.947
512,1024,32,1024,357.526
512,1024,32,2048,897.186
512,1024,32,4096,1749.72
512,1024,32,8192,3506.97
512,1024,32,16384,6973.15
512,1024,64,16,208.822
512,1024,64,32,210.347
512,1024,64,64,211.659
512,1024,64,128,251.499
512,1024,64,256,309.515
512,1024,64,512,524.15
512,1024,64,1024,982.478
512,1024,64,2048,1907.05
512,1024,64,4096,3744.09
512,1024,64,8192,7455.06
512,1024,64,16384,14846
512,1024,128,16,313.526
512,1024,128,32,316.31
512,1024,128,64,320.064
512,1024,128,128,410.284
512,1024,128,256,535.308
512,1024,128,512,987.15
512,1024,128,1024,1901.3
512,1024,128,2048,3741.04
512,1024,128,4096,7420.69
512,1024,128,8192,14776.2
512,1024,128,16384,29440.7
512,2048,0,0,153.088
512,2048,1,16,154.379
512,2048,1,32,154.795
512,2048,1,64,154.592
512,2048,1,128,154.913
512,2048,1,256,154.411
512,2048,1,512,155.008
512,2048,1,1024,154.785
512,2048,1,2048,154.827
512,2048,1,4096,204.694
512,2048,1,8192,315.211
512,2048,1,16384,538.06
512,2048,2,16,156.193
512,2048,2,32,156.736
512,2048,2,64,156.341
512,2048,2,128,157.227
512,2048,2,256,156.437
512,2048,2,512,156.747
512,2048,2,1024,157.867
512,2048,2,2048,157.654
512,2048,2,4096,251.841
512,2048,2,8192,380.747
512,2048,2,16384,615.542
512,2048,4,16,159.691
512,2048,4,32,160.256
512,2048,4,64,159.595
512,2048,4,128,161.355
512,2048,4,256,163.649
512,2048,4,512,171.669
512,2048,4,1024,187.925
512,2048,4,2048,217.611
512,2048,4,4096,271.819
512,2048,4,8192,461.825
512,2048,4,16384,706.935
512,2048,8,16,167.094
512,2048,8,32,167.051
512,2048,8,64,166.795
512,2048,8,128,171.862
512,2048,8,256,176.47
512,2048,8,512,191.99
512,2048,8,1024,218.859
512,2048,8,2048,272.342
512,2048,8,4096,392.79
512,2048,8,8192,669.792
512,2048,8,16384,1209.58
512,2048,16,16,179.713
512,2048,16,32,180.491
512,2048,16,64,180.523
512,2048,16,128,192.683
512,2048,16,256,205.195
512,2048,16,512,227.596
512,2048,16,1024,274.507
512,2048,16,2048,367.712
512,2048,16,4096,744.193
512,2048,16,8192,1504.17
512,2048,16,16384,3123.23
512,2048,32,16,210.368
512,2048,32,32,212.566
512,2048,32,64,211.851
512,2048,32,128,236.395
512,2048,32,256,257.622
512,2048,32,512,314.731
512,2048,32,1024,486.561
512,2048,32,2048,672.278
512,2048,32,4096,1750.49
512,2048,32,8192,3502.85
512,2048,32,16384,6998.33
512,2048,64,16,267.979
512,2048,64,32,270.368
512,2048,64,64,271.382
512,2048,64,128,313.782
512,2048,64,256,369.345
512,2048,64,512,562.529
512,2048,64,1024,1001.91
512,2048,64,2048,1921.52
512,2048,64,4096,3766.57
512,2048,64,8192,7465.92
512,2048,64,16384,14854.4
512,2048,128,16,375.147
512,2048,128,32,378.817
512,2048,128,64,384.033
512,2048,128,128,474.007
512,2048,128,256,585.889
512,2048,128,512,1010.28
512,2048,128,1024,1919.52
512,2048,128,2048,3774.55
512,2048,128,4096,7444.49
512,2048,128,8192,14811.2
512,2048,128,16384,29485.9
512,4096,0,0,264.597
512,4096,1,16,265.515
512,4096,1,32,266.421
512,4096,1,64,266.742
512,4096,1,128,265.974
512,4096,1,256,266.049
512,4096,1,512,266.229
512,4096,1,1024,265.633
512,4096,1,2048,267.936
512,4096,1,4096,268.779
512,4096,1,8192,376.065
512,4096,1,16384,604.365
512,4096,2,16,268.011
512,4096,2,32,268.108
512,4096,2,64,268.555
512,4096,2,128,268.278
512,4096,2,256,268.705
512,4096,2,512,268.908
512,4096,2,1024,267.851
512,4096,2,2048,271.649
512,4096,2,4096,270.901
512,4096,2,8192,477.025
512,4096,2,16384,726.86
512,4096,4,16,272.224
512,4096,4,32,272.107
512,4096,4,64,270.988
512,4096,4,128,273.312
512,4096,4,256,274.934
512,4096,4,512,282.88
512,4096,4,1024,298.379
512,4096,4,2048,329.152
512,4096,4,4096,386.337
512,4096,4,8192,496.758
512,4096,4,16384,867.361
512,4096,8,16,278.785
512,4096,8,32,278.251
512,4096,8,64,277.738
512,4096,8,128,281.835
512,4096,8,256,287.019
512,4096,8,512,294.262
512,4096,8,1024,332.812
512,4096,8,2048,385.153
512,4096,8,4096,504.214
512,4096,8,8192,744.631
512,4096,8,16384,1330.06
512,4096,16,16,290.433
512,4096,16,32,290.74
512,4096,16,64,291.596
512,4096,16,128,302.294
512,4096,16,256,314.145
512,4096,16,512,340.928
512,4096,16,1024,388.235
512,4096,16,2048,485.004
512,4096,16,4096,677.356
512,4096,16,8192,1593.39
512,4096,16,16384,3184.85
512,4096,32,16,319.21
512,4096,32,32,319.361
512,4096,32,64,320.15
512,4096,32,128,343.906
512,4096,32,256,374.817
512,4096,32,512,427.095
512,4096,32,1024,575.916
512,4096,32,2048,916.639
512,4096,32,4096,1463.8
512,4096,32,8192,3546.53
512,4096,32,16384,6999.14
512,4096,64,16,383.222
512,4096,64,32,382.582
512,4096,64,64,385.696
512,4096,64,128,434.498
512,4096,64,256,489.686
512,4096,64,512,645.538
512,4096,64,1024,1079.69
512,4096,64,2048,1957.49
512,4096,64,4096,3769.45
512,4096,64,8192,7527.99
512,4096,64,16384,14862.3
512,4096,128,16,494.54
512,4096,128,32,499.274
512,4096,128,64,507.062
512,4096,128,128,596.962
512,4096,128,256,704.161
512,4096,128,512,1079.21
512,4096,128,1024,1960.92
512,4096,128,2048,3800.39
512,4096,128,4096,7490.79
512,4096,128,8192,14863.7
512,4096,128,16384,29574.8
512,8192,0,0,488.001
512,8192,1,16,489.548
512,8192,1,32,490.465
512,8192,1,64,491.169
512,8192,1,128,490.348
512,8192,1,256,489.899
512,8192,1,512,490.498
512,8192,1,1024,491.212
512,8192,1,2048,491.316
512,8192,1,4096,495.926
512,8192,1,8192,499.649
512,8192,1,16384,724.994
512,8192,2,16,490.377
512,8192,2,32,491.777
512,8192,2,64,491.617
512,8192,2,128,491.756
512,8192,2,256,491.03
512,8192,2,512,491.628
512,8192,2,1024,492.801
512,8192,2,2048,494.177
512,8192,2,4096,497.43
512,8192,2,8192,503.89
512,8192,2,16384,950.945
512,8192,4,16,494.006
512,8192,4,32,495.638
512,8192,4,64,494.998
512,8192,4,128,497.643
512,8192,4,256,499.808
512,8192,4,512,507.169
512,8192,4,1024,522.005
512,8192,4,2048,551.968
512,8192,4,4096,612.407
512,8192,4,8192,724.855
512,8192,4,16384,959.07
512,8192,8,16,501.388
512,8192,8,32,501.73
512,8192,8,64,501.377
512,8192,8,128,506.358
512,8192,8,256,509.696
512,8192,8,512,516.364
512,8192,8,1024,535.169
512,8192,8,2048,597.11
512,8192,8,4096,722.081
512,8192,8,8192,960.87
512,8192,8,16384,1448.35
512,8192,16,16,513.249
512,8192,16,32,513.526
512,8192,16,64,514.838
512,8192,16,128,524.353
512,8192,16,256,536.557
512,8192,16,512,557.836
512,8192,16,1024,607.639
512,8192,16,2048,721.975
512,8192,16,4096,910.68
512,8192,16,8192,1378.28
512,8192,16,16384,3273.85
512,8192,32,16,540.31
512,8192,32,32,541.504
512,8192,32,64,542.881
512,8192,32,128,563.947
512,8192,32,256,589.11
512,8192,32,512,649.355
512,8192,32,1024,796.727
512,8192,32,2048,1147.22
512,8192,32,4096,1827.83
512,8192,32,8192,3185.13
512,8192,32,16384,7140.57
512,8192,64,16,598.274
512,8192,64,32,599.043
512,8192,64,64,602.711
512,8192,64,128,657.026
512,8192,64,256,721.623
512,8192,64,512,856.184
512,8192,64,1024,1249.01
512,8192,64,2048,2128.69
512,8192,64,4096,3871.4
512,8192,64,8192,7578.73
512,8192,64,16384,14951.5
512,8192,128,16,729.986
512,8192,128,32,734.135
512,8192,128,64,739.745
512,8192,128,128,839.427
512,8192,128,256,945.005
512,8192,128,512,1264.63
512,8192,128,1024,2133.53
512,8192,128,2048,3920.55
512,8192,128,4096,7571.8
512,8192,128,8192,14962.8
512,8192,128,16384,29658.5
512,16384,0,0,935.323
512,16384,1,16,935.552
512,16384,1,32,940.012
512,16384,1,64,937.794
512,16384,1,128,936.887
512,16384,1,256,938.433
512,16384,1,512,935.085
512,16384,1,1024,936.845
512,16384,1,2048,938.838
512,16384,1,4096,938.541
512,16384,1,8192,959.383
512,16384,1,16384,967.297
512,16384,2,16,939.039
512,16384,2,32,941.463
512,16384,2,64,937.89
512,16384,2,128,941.965
512,16384,2,256,941.26
512,16384,2,512,938.817
512,16384,2,1024,937.827
512,16384,2,2048,938.306
512,16384,2,4096,939.768
512,16384,2,8192,955.021
512,16384,2,16384,972.823
512,16384,4,16,943.714
512,16384,4,32,944.855
512,16384,4,64,945.556
512,16384,4,128,945.778
512,16384,4,256,948.377
512,16384,4,512,957.398
512,16384,4,1024,970.892
512,16384,4,2048,1002.9
512,16384,4,4096,1064.31
512,16384,4,8192,1183.01
512,16384,4,16384,1404.09
512,16384,8,16,949.667
512,16384,8,32,951.392
512,16384,8,64,950.209
512,16384,8,128,954.71
512,16384,8,256,957.932
512,16384,8,512,966.14
512,16384,8,1024,985.783
512,16384,8,2048,1012.64
512,16384,8,4096,1118.14
512,16384,8,8192,1390.21
512,16384,8,16384,1883.68
512,16384,16,16,960.386
512,16384,16,32,962.316
512,16384,16,64,962.486
512,16384,16,128,973.132
512,16384,16,256,985.262
512,16384,16,512,1006.86
512,16384,16,1024,1054.97
512,16384,16,2048,1161.67
512,16384,16,4096,1350.38
512,16384,16,8192,1780.47
512,16384,16,16384,2808.29
512,16384,32,16,991.606
512,16384,32,32,993.047
512,16384,32,64,990.956
512,16384,32,128,1014.26
512,16384,32,256,1039.86
512,16384,32,512,1090.32
512,16384,32,1024,1226.54
512,16384,32,2048,1552.29
512,16384,32,4096,2215.07
512,16384,32,8192,3631.67
512,16384,32,16384,6487.73
512,16384,64,16,1049.4
512,16384,64,32,1048.22
512,16384,64,64,1054.43
512,16384,64,128,1097.29
512,16384,64,256,1157.76
512,16384,64,512,1308.41
512,16384,64,1024,1612.05
512,16384,64,2048,2430.97
512,16384,64,4096,4220.98
512,16384,64,8192,7742.44
512,16384,64,16384,15009.3
512,16384,128,16,1172.36
512,16384,128,32,1175.62
512,16384,128,64,1185.34
512,16384,128,128,1286.66
512,16384,128,256,1410.4
512,16384,128,512,1677.23
512,16384,128,1024,2432.28
512,16384,128,2048,4192.19
512,16384,128,4096,7831.09
512,16384,128,8192,15123.5
512,16384,128,16384,29805.3
1024,0,0,0,97.9413
1024,0,1,16,100.32
1024,0,1,32,100.832
1024,0,1,64,100.235
1024,0,1,128,100.939
1024,0,1,256,101.888
1024,0,1,512,102.859
1024,0,1,1024,108.15
1024,0,1,2048,137.547
1024,0,1,4096,193.419
1024,0,1,8192,304.502
1024,0,1,16384,524.396
1024,0,2,16,102.497
1024,0,2,32,103.115
1024,0,2,64,102.859
1024,0,2,128,104.501
1024,0,2,256,105.205
1024,0,2,512,108.224
1024,0,2,1024,115.211
1024,0,2,2048,148.896
1024,0,2,4096,207.691
1024,0,2,8192,318.891
1024,0,2,16384,541.132
1024,0,4,16,107.179
1024,0,4,32,107.211
1024,0,4,64,106.464
1024,0,4,128,110.368
1024,0,4,256,112.683
1024,0,4,512,117.782
1024,0,4,1024,132.341
1024,0,4,2048,174.251
1024,0,4,4096,259.83
1024,0,4,8192,378.283
1024,0,4,16384,602.667
1024,0,8,16,117.418
1024,0,8,32,117.6
1024,0,8,64,117.621
1024,0,8,128,122.902
1024,0,8,256,127.425
1024,0,8,512,136.779
1024,0,8,1024,163.552
1024,0,8,2048,254.741
1024,0,8,4096,415.382
1024,0,8,8192,704.993
1024,0,8,16384,1256.26
1024,0,16,16,135.229
1024,0,16,32,135.754
1024,0,16,64,136.161
1024,0,16,128,145.696
1024,0,16,256,156.565
1024,0,16,512,175.488
1024,0,16,1024,269.792
1024,0,16,2048,469.729
1024,0,16,4096,859.166
1024,0,16,8192,1661.65
1024,0,16,16384,3234.35
1024,0,32,16,174.107
1024,0,32,32,174.517
1024,0,32,64,174.592
1024,0,32,128,194.283
1024,0,32,256,215.04
1024,0,32,512,282.849
1024,0,32,1024,511.03
1024,0,32,2048,959.107
1024,0,32,4096,1828.58
1024,0,32,8192,3619.59
1024,0,32,16384,7186.81
1024,0,64,16,247.851
1024,0,64,32,249.643
1024,0,64,64,250.731
1024,0,64,128,289.152
1024,0,64,256,340.892
1024,0,64,512,530.423
1024,0,64,1024,992.877
1024,0,64,2048,1929.64
1024,0,64,4096,3776.8
1024,0,64,8192,7488.27
1024,0,64,16384,14907
1024,0,128,16,396.406
1024,0,128,32,399.777
1024,0,128,64,404.14
1024,0,128,128,499.18
1024,0,128,256,612.812
1024,0,128,512,998.403
1024,0,128,1024,1910.98
1024,0,128,2048,3766.7
1024,0,128,4096,7439.22
1024,0,128,8192,14785
1024,0,128,16384,29438
1024,16,0,0,105.771
1024,16,1,16,107.573
1024,16,1,32,107.648
1024,16,1,64,105.995
1024,16,1,128,108.053
1024,16,1,256,108.544
1024,16,1,512,110.134
1024,16,1,1024,112.064
1024,16,1,2048,142.774
1024,16,1,4096,198.198
1024,16,1,8192,308.769
1024,16,1,16384,528.374
1024,16,2,16,109.344
1024,16,2,32,109.429
1024,16,2,64,109.995
1024,16,2,128,111.019
1024,16,2,256,112.054
1024,16,2,512,113.59
1024,16,2,1024,121.366
1024,16,2,2048,155.147
1024,16,2,4096,213.483
1024,16,2,8192,324.172
1024,16,2,16384,545.751
1024,16,4,16,113.866
1024,16,4,32,114.006
1024,16,4,64,114.732
1024,16,4,128,116.939
1024,16,4,256,119.894
1024,16,4,512,124.459
1024,16,4,1024,137.28
1024,16,4,2048,179.766
1024,16,4,4096,269.622
1024,16,4,8192,395.883
1024,16,4,16384,623.362
1024,16,8,16,124.726
1024,16,8,32,124.747
1024,16,8,64,125.281
1024,16,8,128,129.643
1024,16,8,256,135.318
1024,16,8,512,144.726
1024,16,8,1024,168.928
1024,16,8,2048,262.336
1024,16,8,4096,426.441
1024,16,8,8192,729.645
1024,16,8,16384,1280.24
1024,16,16,16,142.86
1024,16,16,32,143.328
1024,16,16,64,143.179
1024,16,16,128,153.376
1024,16,16,256,162.262
1024,16,16,512,182.689
1024,16,16,1024,270.23
1024,16,16,2048,479.745
1024,16,16,4096,864.426
1024,16,16,8192,1682.14
1024,16,16,16384,3253.35
1024,16,32,16,181.888
1024,16,32,32,182.156
1024,16,32,64,183.157
1024,16,32,128,202.102
1024,16,32,256,221.932
1024,16,32,512,284.63
1024,16,32,1024,510.007
1024,16,32,2048,966.614
1024,16,32,4096,1840.04
1024,16,32,8192,3622.44
1024,16,32,16384,7211.11
1024,16,64,16,255.232
1024,16,64,32,256.822
1024,16,64,64,258.561
1024,16,64,128,296.481
1024,16,64,256,346.464
1024,16,64,512,528.79
1024,16,64,1024,997.581
1024,16,64,2048,1931.45
1024,16,64,4096,3782.26
1024,16,64,8192,7490.54
1024,16,64,16384,14919.9
1024,16,128,16,404.268
1024,16,128,32,406.668
1024,16,128,64,411.051
1024,16,128,128,504.353
1024,16,128,256,615.907
1024,16,128,512,1001.02
1024,16,128,1024,1912.27
1024,16,128,2048,3766.73
1024,16,128,4096,7444.34
1024,16,128,8192,14796.2
1024,16,128,16384,29449.8
1024,32,0,0,105.685
1024,32,1,16,107.382
1024,32,1,32,106.603
1024,32,1,64,107.435
1024,32,1,128,107.968
1024,32,1,256,109.078
1024,32,1,512,108.736
1024,32,1,1024,112.63
1024,32,1,2048,143.467
1024,32,1,4096,198.048
1024,32,1,8192,309.495
1024,32,1,16384,530.625
1024,32,2,16,110.357
1024,32,2,32,109.589
1024,32,2,64,109.835
1024,32,2,128,111.35
1024,32,2,256,112.704
1024,32,2,512,114.912
1024,32,2,1024,120.31
1024,32,2,2048,154.965
1024,32,2,4096,213.739
1024,32,2,8192,324.385
1024,32,2,16384,546.635
1024,32,4,16,114.923
1024,32,4,32,114.656
1024,32,4,64,115.413
1024,32,4,128,117.323
1024,32,4,256,120.043
1024,32,4,512,124.341
1024,32,4,1024,136.683
1024,32,4,2048,179.104
1024,32,4,4096,270.869
1024,32,4,8192,394.305
1024,32,4,16384,615.745
1024,32,8,16,124.832
1024,32,8,32,124.907
1024,32,8,64,125.291
1024,32,8,128,130.176
1024,32,8,256,135.072
1024,32,8,512,145.153
1024,32,8,1024,168.245
1024,32,8,2048,260.993
1024,32,8,4096,436.874
1024,32,8,8192,733.368
1024,32,8,16384,1279.84
1024,32,16,16,142.838
1024,32,16,32,143.243
1024,32,16,64,143.349
1024,32,16,128,153.44
1024,32,16,256,162.369
1024,32,16,512,183.307
1024,32,16,1024,272.896
1024,32,16,2048,475.595
1024,32,16,4096,879.277
1024,32,16,8192,1691.65
1024,32,16,16384,3239.74
1024,32,32,16,181.174
1024,32,32,32,181.675
1024,32,32,64,182.561
1024,32,32,128,201.707
1024,32,32,256,221.653
1024,32,32,512,285.514
1024,32,32,1024,511.937
1024,32,32,2048,963.298
1024,32,32,4096,1845.64
1024,32,32,8192,3591.62
1024,32,32,16384,7194.38
1024,32,64,16,255.606
1024,32,64,32,256.843
1024,32,64,64,257.728
1024,32,64,128,297.292
1024,32,64,256,347.062
1024,32,64,512,530.572
1024,32,64,1024,996.943
1024,32,64,2048,1925.59
1024,32,64,4096,3774.74
1024,32,64,8192,7501.84
1024,32,64,16384,14917.1
1024,32,128,16,405.185
1024,32,128,32,407.094
1024,32,128,64,410.636
1024,32,128,128,504.929
1024,32,128,256,616.289
1024,32,128,512,999.138
1024,32,128,1024,1912.93
1024,32,128,2048,3765.39
1024,32,128,4096,7441.69
1024,32,128,8192,14793.9
1024,32,128,16384,29447.5
1024,64,0,0,105.664
1024,64,1,16,107.542
1024,64,1,32,107.158
1024,64,1,64,107.648
1024,64,1,128,108.49
1024,64,1,256,108.875
1024,64,1,512,110.464
1024,64,1,1024,112.181
1024,64,1,2048,143.147
1024,64,1,4096,197.664
1024,64,1,8192,308.46
1024,64,1,16384,529.461
1024,64,2,16,109.398
1024,64,2,32,109.856
1024,64,2,64,110.379
1024,64,2,128,112.331
1024,64,2,256,112.331
1024,64,2,512,115.158
1024,64,2,1024,120.854
1024,64,2,2048,155.456
1024,64,2,4096,213.601
1024,64,2,8192,323.904
1024,64,2,16384,548.012
1024,64,4,16,114.241
1024,64,4,32,113.963
1024,64,4,64,114.475
1024,64,4,128,117.205
1024,64,4,256,118.902
1024,64,4,512,124.854
1024,64,4,1024,136.896
1024,64,4,2048,178.166
1024,64,4,4096,269.004
1024,64,4,8192,395.171
1024,64,4,16384,625.708
1024,64,8,16,124.395
1024,64,8,32,124.416
1024,64,8,64,124.609
1024,64,8,128,130.432
1024,64,8,256,135.755
1024,64,8,512,144.044
1024,64,8,1024,168.032
1024,64,8,2048,267.435
1024,64,8,4096,430.197
1024,64,8,8192,739.824
1024,64,8,16384,1278.8
1024,64,16,16,143.19
1024,64,16,32,143.595
1024,64,16,64,143.488
1024,64,16,128,153.184
1024,64,16,256,163.819
1024,64,16,512,182.464
1024,64,16,1024,272.768
1024,64,16,2048,478.806
1024,64,16,4096,870.36
1024,64,16,8192,1691.36
1024,64,16,16384,3249.92
1024,64,32,16,181.547
1024,64,32,32,181.708
1024,64,32,64,181.984
1024,64,32,128,201.665
1024,64,32,256,221.909
1024,64,32,512,285.419
1024,64,32,1024,514.732
1024,64,32,2048,969.559
1024,64,32,4096,1847.74
1024,64,32,8192,3612.19
1024,64,32,16384,7191.11
1024,64,64,16,255.936
1024,64,64,32,257.611
1024,64,64,64,258.432
1024,64,64,128,297.036
1024,64,64,256,346.742
1024,64,64,512,528.887
1024,64,64,1024,996.642
1024,64,64,2048,1929.62
1024,64,64,4096,3784.45
1024,64,64,8192,7492.97
1024,64,64,16384,14923.1
1024,64,128,16,405.057
1024,64,128,32,406.636
1024,64,128,64,411.564
1024,64,128,128,504.609
1024,64,128,256,615.554
1024,64,128,512,1000.41
1024,64,128,1024,1910.58
1024,64,128,2048,3768.37
1024,64,128,4096,7443.56
1024,64,128,8192,14786.6
1024,64,128,16384,29453.8
1024,128,0,0,110.624
1024,128,1,16,112.598
1024,128,1,32,113.024
1024,128,1,64,112.715
1024,128,1,128,112.278
1024,128,1,256,113.782
1024,128,1,512,114.325
1024,128,1,1024,117.643
1024,128,1,2048,147.52
1024,128,1,4096,203.189
1024,128,1,8192,314.326
1024,128,1,16384,536.289
1024,128,2,16,114.145
1024,128,2,32,115.158
1024,128,2,64,114.443
1024,128,2,128,115.937
1024,128,2,256,117.6
1024,128,2,512,120.352
1024,128,2,1024,125.761
1024,128,2,2048,160.438
1024,128,2,4096,220.117
1024,128,2,8192,330.838
1024,128,2,16384,552.086
1024,128,4,16,119.893
1024,128,4,32,119.787
1024,128,4,64,119.829
1024,128,4,128,122.24
1024,128,4,256,125.292
1024,128,4,512,130.699
1024,128,4,1024,142.368
1024,128,4,2048,184.277
1024,128,4,4096,274.56
1024,128,4,8192,410.913
1024,128,4,16384,641.249
1024,128,8,16,129.824
1024,128,8,32,129.675
1024,128,8,64,129.665
1024,128,8,128,135.018
1024,128,8,256,139.339
1024,128,8,512,150.24
1024,128,8,1024,173.76
1024,128,8,2048,265.59
1024,128,8,4096,441.046
1024,128,8,8192,749.185
1024,128,8,16384,1295.93
1024,128,16,16,148.161
1024,128,16,32,148.949
1024,128,16,64,148.864
1024,128,16,128,158.635
1024,128,16,256,169.046
1024,128,16,512,188.086
1024,128,16,1024,276.064
1024,128,16,2048,466.72
1024,128,16,4096,886.241
1024,128,16,8192,1714.2
1024,128,16,16384,3287.63
1024,128,32,16,186.081
1024,128,32,32,186.944
1024,128,32,64,187.883
1024,128,32,128,206.742
1024,128,32,256,227.243
1024,128,32,512,287.457
1024,128,32,1024,518.508
1024,128,32,2048,974.19
1024,128,32,4096,1866.3
1024,128,32,8192,3651.41
1024,128,32,16384,7235.19
1024,128,64,16,261.75
1024,128,64,32,261.942
1024,128,64,64,263.04
1024,128,64,128,303.19
1024,128,64,256,352.587
1024,128,64,512,531.895
1024,128,64,1024,995.469
1024,128,64,2048,1927.72
1024,128,64,4096,3783.27
1024,128,64,8192,7486.68
1024,128,64,16384,14919.7
1024,128,128,16,409.719
1024,128,128,32,412.705
1024,128,128,64,417.612
1024,128,128,128,510.327
1024,128,128,256,621.335
1024,128,128,512,999.639
1024,128,128,1024,1913.73
1024,128,128,2048,3763.82
1024,128,128,4096,7439.73
1024,128,128,8192,14799.6
1024,128,128,16384,29449.3
1024,256,0,0,123.499
1024,256,1,16,123.563
1024,256,1,32,124.8
1024,256,1,64,125.078
1024,256,1,128,125.569
1024,256,1,256,126.411
1024,256,1,512,128.299
1024,256,1,1024,130.656
1024,256,1,2048,157.013
1024,256,1,4096,212.747
1024,256,1,8192,323.99
1024,256,1,16384,544.985
1024,256,2,16,128.3
1024,256,2,32,127.691
1024,256,2,64,127.51
1024,256,2,128,127.744
1024,256,2,256,130.517
1024,256,2,512,133.067
1024,256,2,1024,137.024
1024,256,2,2048,170.496
1024,256,2,4096,232.063
1024,256,2,8192,342.55
1024,256,2,16384,563.926
1024,256,4,16,131.466
1024,256,4,32,131.382
1024,256,4,64,132.235
1024,256,4,128,134.741
1024,256,4,256,137.398
1024,256,4,512,143.009
1024,256,4,1024,152.021
1024,256,4,2048,196.022
1024,256,4,4096,280.672
1024,256,4,8192,427.126
1024,256,4,16384,675.842
1024,256,8,16,142.187
1024,256,8,32,142.485
1024,256,8,64,141.76
1024,256,8,128,148.117
1024,256,8,256,153.355
1024,256,8,512,162.432
1024,256,8,1024,183.958
1024,256,8,2048,262.091
1024,256,8,4096,445.654
1024,256,8,8192,758.305
1024,256,8,16384,1361.35
1024,256,16,16,160.064
1024,256,16,32,160.929
1024,256,16,64,161.248
1024,256,16,128,170.912
1024,256,16,256,182.121
1024,256,16,512,201.622
1024,256,16,1024,275.265
1024,256,16,2048,437.249
1024,256,16,4096,919.457
1024,256,16,8192,1743.66
1024,256,16,16384,3437.68
1024,256,32,16,198.837
1024,256,32,32,198.891
1024,256,32,64,200.32
1024,256,32,128,219.051
1024,256,32,256,240.791
1024,256,32,512,293.889
1024,256,32,1024,518.188
1024,256,32,2048,982.381
1024,256,32,4096,1889.75
1024,256,32,8192,3692.6
1024,256,32,16384,7320.66
1024,256,64,16,273.111
1024,256,64,32,276.151
1024,256,64,64,276.576
1024,256,64,128,314.657
1024,256,64,256,365.462
1024,256,64,512,530.849
1024,256,64,1024,998.338
1024,256,64,2048,1935.97
1024,256,64,4096,3783.12
1024,256,64,8192,7491.2
1024,256,64,16384,14919
1024,256,128,16,422.465
1024,256,128,32,426.518
1024,256,128,64,430.711
1024,256,128,128,519.554
1024,256,128,256,630.945
1024,256,128,512,1002.4
1024,256,128,1024,1915.82
1024,256,128,2048,3771.14
1024,256,128,4096,7449.05
1024,256,128,8192,14800.9
1024,256,128,16384,29458.1
1024,512,0,0,147.126
1024,512,1,16,148.32
1024,512,1,32,149.302
1024,512,1,64,149.92
1024,512,1,128,149.27
1024,512,1,256,150.315
1024,512,1,512,151.328
1024,512,1,1024,155.329
1024,512,1,2048,175.446
1024,512,1,4096,234.464
1024,512,1,8192,343.958
1024,512,1,16384,566.22
1024,512,2,16,151.659
1024,512,2,32,150.624
1024,512,2,64,152.128
1024,512,2,128,153.014
1024,512,2,256,155.531
1024,512,2,512,157.174
1024,512,2,1024,164.491
1024,512,2,2048,189.269
1024,512,2,4096,257.057
1024,512,2,8192,367.499
1024,512,2,16384,588.993
1024,512,4,16,155.541
1024,512,4,32,156.876
1024,512,4,64,156.609
1024,512,4,128,159.936
1024,512,4,256,162.24
1024,512,4,512,167.606
1024,512,4,1024,176.641
1024,512,4,2048,216.108
1024,512,4,4096,301.9
1024,512,4,8192,470.091
1024,512,4,16384,721.142
1024,512,8,16,167.168
1024,512,8,32,166.486
1024,512,8,64,166.357
1024,512,8,128,171.499
1024,512,8,256,178.059
1024,512,8,512,188.981
1024,512,8,1024,207.979
1024,512,8,2048,273.996
1024,512,8,4096,461.462
1024,512,8,8192,849.186
1024,512,8,16384,1452.22
1024,512,16,16,185.195
1024,512,16,32,186.155
1024,512,16,64,185.791
1024,512,16,128,195.808
1024,512,16,256,206.667
1024,512,16,512,226.753
1024,512,16,1024,274.475
1024,512,16,2048,486.379
1024,512,16,4096,899.223
1024,512,16,8192,1793.87
1024,512,16,16384,3440.19
1024,512,32,16,224.033
1024,512,32,32,223.957
1024,512,32,64,224.981
1024,512,32,128,244.843
1024,512,32,256,265.942
1024,512,32,512,314.39
1024,512,32,1024,516.428
1024,512,32,2048,982.189
1024,512,32,4096,1900.89
1024,512,32,8192,3727.72
1024,512,32,16384,7388.79
1024,512,64,16,299.361
1024,512,64,32,300.64
1024,512,64,64,302.796
1024,512,64,128,341.793
1024,512,64,256,391.425
1024,512,64,512,537.495
1024,512,64,1024,1000.19
1024,512,64,2048,1935.71
1024,512,64,4096,3797.48
1024,512,64,8192,7520.61
1024,512,64,16384,14935.8
1024,512,128,16,448.47
1024,512,128,32,452.129
1024,512,128,64,455.713
1024,512,128,128,544.962
1024,512,128,256,649.708
1024,512,128,512,1008.09
1024,512,128,1024,1917.01
1024,512,128,2048,3770.41
1024,512,128,4096,7462.97
1024,512,128,8192,14830.2
1024,512,128,16384,29486.2
1024,1024,0,0,200.224
1024,1024,1,16,201.345
1024,1024,1,32,201.527
1024,1024,1,64,200.79
1024,1024,1,128,202.273
1024,1024,1,256,200.469
1024,1024,1,512,203.114
1024,1024,1,1024,205.642
1024,1024,1,2048,215.563
1024,1024,1,4096,273.91
1024,1024,1,8192,387.147
1024,1024,1,16384,608.481
1024,1024,2,16,202.465
1024,1024,2,32,202.731
1024,1024,2,64,203.242
1024,1024,2,128,203.414
1024,1024,2,256,205.344
1024,1024,2,512,209.782
1024,1024,2,1024,213.291
1024,1024,2,2048,227.936
1024,1024,2,4096,296.47
1024,1024,2,8192,416.449
1024,1024,2,16384,639.404
1024,1024,4,16,204.758
1024,1024,4,32,204.555
1024,1024,4,64,205.749
1024,1024,4,128,209.44
1024,1024,4,256,211.606
1024,1024,4,512,218.082
1024,1024,4,1024,225.344
1024,1024,4,2048,253.942
1024,1024,4,4096,345.996
1024,1024,4,8192,505.87
1024,1024,4,16384,791.66
1024,1024,8,16,216.395
1024,1024,8,32,215.904
1024,1024,8,64,216.064
1024,1024,8,128,223.328
1024,1024,8,256,227.33
1024,1024,8,512,237.963
1024,1024,8,1024,257.813
1024,1024,8,2048,314.025
1024,1024,8,4096,489.644
1024,1024,8,8192,906.179
1024,1024,8,16384,1682.87
1024,1024,16,16,235.596
1024,1024,16,32,235.168
1024,1024,16,64,234.87
1024,1024,16,128,244.992
1024,1024,16,256,257.056
1024,1024,16,512,277.515
1024,1024,16,1024,320.939
1024,1024,16,2048,510.871
1024,1024,16,4096,907.18
1024,1024,16,8192,1774.11
1024,1024,16,16384,3456.49
1024,1024,32,16,274.411
1024,1024,32,32,274.859
1024,1024,32,64,274.869
1024,1024,32,128,294.251
1024,1024,32,256,316.129
1024,1024,32,512,362.007
1024,1024,32,1024,531.36
1024,1024,32,2048,992.482
1024,1024,32,4096,1915.99
1024,1024,32,8192,3741.62
1024,1024,32,16384,7389.72
1024,1024,64,16,349.516
1024,1024,64,32,352.204
1024,1024,64,64,352.662
1024,1024,64,128,392.929
1024,1024,64,256,443.99
1024,1024,64,512,563.809
1024,1024,64,1024,1012.77
1024,1024,64,2048,1949.65
1024,1024,64,4096,3826.95
1024,1024,64,8192,7530.4
1024,1024,64,16384,14967.7
1024,1024,128,16,500.759
1024,1024,128,32,504.343
1024,1024,128,64,508.833
1024,1024,128,128,596.951
1024,1024,128,256,692.301
1024,1024,128,512,1014.91
1024,1024,128,1024,1927.24
1024,1024,128,2048,3793.07
1024,1024,128,4096,7578.27
1024,1024,128,8192,14871.2
1024,1024,128,16384,29553
1024,2048,0,0,309.356
1024,2048,1,16,313.695
1024,2048,1,32,310.859
1024,2048,1,64,312.171
1024,2048,1,128,313.696
1024,2048,1,256,310.849
1024,2048,1,512,314.102
1024,2048,1,1024,312.321
1024,2048,1,2048,317.994
1024,2048,1,4096,354.592
1024,2048,1,8192,471.81
1024,2048,1,16384,693.281
1024,2048,2,16,312.887
1024,2048,2,32,314.976
1024,2048,2,64,314.859
1024,2048,2,128,313.591
1024,2048,2,256,313.546
1024,2048,2,512,314.805
1024,2048,2,1024,317.162
1024,2048,2,2048,326.123
1024,2048,2,4096,370.71
1024,2048,2,8192,494.348
1024,2048,2,16384,739.212
1024,2048,4,16,316.48
1024,2048,4,32,316.289
1024,2048,4,64,316.471
1024,2048,4,128,315.275
1024,2048,4,256,314.603
1024,2048,4,512,321.612
1024,2048,4,1024,329.238
1024,2048,4,2048,337.056
1024,2048,4,4096,425.259
1024,2048,4,8192,577.824
1024,2048,4,16384,950.752
1024,2048,8,16,320.299
1024,2048,8,32,319.52
1024,2048,8,64,321.184
1024,2048,8,128,323.029
1024,2048,8,256,329.663
1024,2048,8,512,337.792
1024,2048,8,1024,356.33
1024,2048,8,2048,401.568
1024,2048,8,4096,542.166
1024,2048,8,8192,967.567
1024,2048,8,16384,1786.04
1024,2048,16,16,333.803
1024,2048,16,32,333.718
1024,2048,16,64,334.976
1024,2048,16,128,345.131
1024,2048,16,256,356.596
1024,2048,16,512,376.598
1024,2048,16,1024,420.396
1024,2048,16,2048,525.004
1024,2048,16,4096,940.61
1024,2048,16,8192,1831.04
1024,2048,16,16384,3489.34
1024,2048,32,16,372.918
1024,2048,32,32,373.099
1024,2048,32,64,373.846
1024,2048,32,128,394.635
1024,2048,32,256,416.001
1024,2048,32,512,465.792
1024,2048,32,1024,574.998
1024,2048,32,2048,966.082
1024,2048,32,4096,1869.09
1024,2048,32,8192,3799.82
1024,2048,32,16384,7414.58
1024,2048,64,16,449.846
1024,2048,64,32,449.676
1024,2048,64,64,452.961
1024,2048,64,128,496.278
1024,2048,64,256,544.15
1024,2048,64,512,649.324
1024,2048,64,1024,1051.22
1024,2048,64,2048,1971.71
1024,2048,64,4096,3858.21
1024,2048,64,8192,7611.48
1024,2048,64,16384,15036.4
1024,2048,128,16,602.465
1024,2048,128,32,605.495
1024,2048,128,64,612.962
1024,2048,128,128,699.66
1024,2048,128,256,794.946
1024,2048,128,512,1045.07
1024,2048,128,1024,1957.56
1024,2048,128,2048,3833.02
1024,2048,128,4096,7537.71
1024,2048,128,8192,14923.6
1024,2048,128,16384,29646.9
1024,4096,0,0,531.456
1024,4096,1,16,534.177
1024,4096,1,32,534.816
1024,4096,1,64,536.779
1024,4096,1,128,534.786
1024,4096,1,256,536.011
1024,4096,1,512,533.857
1024,4096,1,1024,536.758
1024,4096,1,2048,535.382
1024,4096,1,4096,541.196
1024,4096,1,8192,632.833
1024,4096,1,16384,868.834
1024,4096,2,16,537.036
1024,4096,2,32,538.06
1024,4096,2,64,536.993
1024,4096,2,128,537.985
1024,4096,2,256,536.609
1024,4096,2,512,536.556
1024,4096,2,1024,535.702
1024,4096,2,2048,540.769
1024,4096,2,4096,549.335
1024,4096,2,8192,652.418
1024,4096,2,16384,907.245
1024,4096,4,16,540.363
1024,4096,4,32,540.141
1024,4096,4,64,537.215
1024,4096,4,128,538.466
1024,4096,4,256,537.792
1024,4096,4,512,540.481
1024,4096,4,1024,538.69
1024,4096,4,2048,551.84
1024,4096,4,4096,563.521
1024,4096,4,8192,765.826
1024,4096,4,16384,1122.79
1024,4096,8,16,542.881
1024,4096,8,32,543.745
1024,4096,8,64,544.449
1024,4096,8,128,543.788
1024,4096,8,256,545.046
1024,4096,8,512,546.208
1024,4096,8,1024,561.515
1024,4096,8,2048,589.441
1024,4096,8,4096,683.234
1024,4096,8,8192,932.311
1024,4096,8,16384,1781.69
1024,4096,16,16,546.763
1024,4096,16,32,544.171
1024,4096,16,64,543.457
1024,4096,16,128,545.398
1024,4096,16,256,561.793
1024,4096,16,512,577.185
1024,4096,16,1024,620.258
1024,4096,16,2048,712.877
1024,4096,16,4096,935.681
1024,4096,16,8192,1809.62
1024,4096,16,16384,3576.56
1024,4096,32,16,575.724
1024,4096,32,32,574.923
1024,4096,32,64,576.715
1024,4096,32,128,596.769
1024,4096,32,256,616.577
1024,4096,32,512,663.926
1024,4096,32,1024,765.271
1024,4096,32,2048,1106.04
1024,4096,32,4096,1957.47
1024,4096,32,8192,3752.51
1024,4096,32,16384,7472.44
1024,4096,64,16,647.841
1024,4096,64,32,648.767
1024,4096,64,64,651.574
1024,4096,64,128,693.718
1024,4096,64,256,743.479
1024,4096,64,512,844.343
1024,4096,64,1024,1122.78
1024,4096,64,2048,2098.44
1024,4096,64,4096,3911.82
1024,4096,64,8192,7666.93
1024,4096,64,16384,15128.8
1024,4096,128,16,802.007
1024,4096,128,32,809.378
1024,4096,128,64,815.629
1024,4096,128,128,900.973
1024,4096,128,256,996.431
1024,4096,128,512,1206.16
1024,4096,128,1024,2016.38
1024,4096,128,2048,3882.73
1024,4096,128,4096,7620.25
1024,4096,128,8192,15037.1
1024,4096,128,16384,29797.8
1024,8192,0,0,978.401
1024,8192,1,16,980.045
1024,8192,1,32,981.249
1024,8192,1,64,982.721
1024,8192,1,128,980.867
1024,8192,1,256,982.263
1024,8192,1,512,979.651
1024,8192,1,1024,979.671
1024,8192,1,2048,979.288
1024,8192,1,4096,981.827
1024,8192,1,8192,987.831
1024,8192,1,16384,1205.69
1024,8192,2,16,982.274
1024,8192,2,32,983.97
1024,8192,2,64,984.728
1024,8192,2,128,984.247
1024,8192,2,256,983.193
1024,8192,2,512,984.355
1024,8192,2,1024,984.814
1024,8192,2,2048,984.654
1024,8192,2,4096,987.321
1024,8192,2,8192,996.598
1024,8192,2,16384,1218.7
1024,8192,4,16,987.619
1024,8192,4,32,987.405
1024,8192,4,64,986.07
1024,8192,4,128,985.677
1024,8192,4,256,983.917
1024,8192,4,512,985.474
1024,8192,4,1024,987.158
1024,8192,4,2048,983.736
1024,8192,4,4096,1000.11
1024,8192,4,8192,1015.81
1024,8192,4,16384,1452.26
1024,8192,8,16,991.884
1024,8192,8,32,991.543
1024,8192,8,64,991.649
1024,8192,8,128,991.043
1024,8192,8,256,992.054
1024,8192,8,512,994.168
1024,8192,8,1024,992.461
1024,8192,8,2048,1008.92
1024,8192,8,4096,1041.45
1024,8192,8,8192,1250.33
1024,8192,8,16384,1741.54
1024,8192,16,16,993.745
1024,8192,16,32,994.265
1024,8192,16,64,993.419
1024,8192,16,128,993.825
1024,8192,16,256,993.167
1024,8192,16,512,997.57
1024,8192,16,1024,1033.75
1024,8192,16,2048,1097.74
1024,8192,16,4096,1310.32
1024,8192,16,8192,1894.52
1024,8192,16,16384,3618.13
1024,8192,32,16,992.94
1024,8192,32,32,992.365
1024,8192,32,64,993.839
1024,8192,32,128,996.333
1024,8192,32,256,1023.45
1024,8192,32,512,1069.59
1024,8192,32,1024,1157.31
1024,8192,32,2048,1420.6
1024,8192,32,4096,2196.04
1024,8192,32,8192,3928.84
1024,8192,32,16384,7643.21
1024,8192,64,16,1056.9
1024,8192,64,32,1059.57
1024,8192,64,64,1061.64
1024,8192,64,128,1099.13
1024,8192,64,256,1142.42
1024,8192,64,512,1239.03
1024,8192,64,1024,1460.22
1024,8192,64,2048,2218.09
1024,8192,64,4096,4162.53
1024,8192,64,8192,7783.66
1024,8192,64,16384,15242.3
1024,8192,128,16,1204.59
1024,8192,128,32,1208.26
1024,8192,128,64,1214.17
1024,8192,128,128,1301.09
1024,8192,128,256,1397.56
1024,8192,128,512,1593.07
1024,8192,128,1024,2151.08
1024,8192,128,2048,4029.46
1024,8192,128,4096,7728.82
1024,8192,128,8192,15195.2
1024,8192,128,16384,30040.9
1024,16384,0,0,1873.93
1024,16384,1,16,1879.46
1024,16384,1,32,1882.44
1024,16384,1,64,1876.21
1024,16384,1,128,1881.34
1024,16384,1,256,1879.06
1024,16384,1,512,1881.47
1024,16384,1,1024,1879
1024,16384,1,2048,1876.32
1024,16384,1,4096,1881.05
1024,16384,1,8192,1876.41
1024,16384,1,16384,1884.37
1024,16384,2,16,1878.65
1024,16384,2,32,1881.54
1024,16384,2,64,1882.39
1024,16384,2,128,1883.26
1024,16384,2,256,1878.99
1024,16384,2,512,1882.29
1024,16384,2,1024,1879.7
1024,16384,2,2048,1879.04
1024,16384,2,4096,1879.27
1024,16384,2,8192,1881.17
1024,16384,2,16384,1897.57
1024,16384,4,16,1881.37
1024,16384,4,32,1885.65
1024,16384,4,64,1887.05
1024,16384,4,128,1885.19
1024,16384,4,256,1882.99
1024,16384,4,512,1885.35
1024,16384,4,1024,1881.4
1024,16384,4,2048,1883.4
1024,16384,4,4096,1888.28
1024,16384,4,8192,1899.66
1024,16384,4,16384,1924.69
1024,16384,8,16,1890.12
1024,16384,8,32,1887.03
1024,16384,8,64,1888.98
1024,16384,8,128,1889
1024,16384,8,256,1890.02
1024,16384,8,512,1888.13
1024,16384,8,1024,1891
1024,16384,8,2048,1888.47
1024,16384,8,4096,1905.41
1024,16384,8,8192,1966.1
1024,16384,8,16384,2402.96
1024,16384,16,16,1890.19
1024,16384,16,32,1890.31
1024,16384,16,64,1896.31
1024,16384,16,128,1893.17
1024,16384,16,256,1893.5
1024,16384,16,512,1893.73
1024,16384,16,1024,1897.81
1024,16384,16,2048,1952.75
1024,16384,16,4096,2072.13
1024,16384,16,8192,2595.6
1024,16384,16,16384,3966.13
1024,16384,32,16,1895.26
1024,16384,32,32,1896.03
1024,16384,32,64,1895.73
1024,16384,32,128,1891.71
1024,16384,32,256,1900.6
1024,16384,32,512,1898.47
1024,16384,32,1024,1988.2
1024,16384,32,2048,2159.86
1024,16384,32,4096,2718.61
1024,16384,32,8192,4293.32
1024,16384,32,16384,7717.99
1024,16384,64,16,1891.52
1024,16384,64,32,1894.59
1024,16384,64,64,1896.37
1024,16384,64,128,1899.1
1024,16384,64,256,1958.74
1024,16384,64,512,2062.29
1024,16384,64,1024,2257.49
1024,16384,64,2048,2753.14
1024,16384,64,4096,4272.71
1024,16384,64,8192,8226.47
1024,16384,64,16384,15424.8
1024,16384,128,16,2025.85
1024,16384,128,32,2031.46
1024,16384,128,64,2034.55
1024,16384,128,128,2111.65
1024,16384,128,256,2198.81
1024,16384,128,512,2395.4
1024,16384,128,1024,2827.31
1024,16384,128,2048,4328.89
1024,16384,128,4096,8001.35
1024,16384,128,8192,15440.1
1024,16384,128,16384,30310.4
2048,0,0,0,275.318
2048,0,1,16,277.163
2048,0,1,32,276.758
2048,0,1,64,277.089
2048,0,1,128,277.686
2048,0,1,256,279.009
2048,0,1,512,279.616
2048,0,1,1024,286.059
2048,0,1,2048,292.428
2048,0,1,4096,354.635
2048,0,1,8192,470.135
2048,0,1,16384,696.961
2048,0,2,16,280.725
2048,0,2,32,280.043
2048,0,2,64,281.259
2048,0,2,128,282.72
2048,0,2,256,282.622
2048,0,2,512,289.196
2048,0,2,1024,295.062
2048,0,2,2048,309.984
2048,0,2,4096,376.982
2048,0,2,8192,508.011
2048,0,2,16384,742.604
2048,0,4,16,290.048
2048,0,4,32,290.401
2048,0,4,64,290.838
2048,0,4,128,290.465
2048,0,4,256,293.366
2048,0,4,512,298.251
2048,0,4,1024,311.596
2048,0,4,2048,339.467
2048,0,4,4096,427.211
2048,0,4,8192,631.457
2048,0,4,16384,1017.19
2048,0,8,16,304.267
2048,0,8,32,303.531
2048,0,8,64,303.926
2048,0,8,128,309.068
2048,0,8,256,315.077
2048,0,8,512,325.075
2048,0,8,1024,346.87
2048,0,8,2048,402.22
2048,0,8,4096,591.148
2048,0,8,8192,1060.99
2048,0,8,16384,1924.4
2048,0,16,16,334.123
2048,0,16,32,337.802
2048,0,16,64,334.241
2048,0,16,128,349.526
2048,0,16,256,359.318
2048,0,16,512,380.812
2048,0,16,1024,425.228
2048,0,16,2048,577.548
2048,0,16,4096,1065.84
2048,0,16,8192,2007.53
2048,0,16,16384,3886.8
2048,0,32,16,394.518
2048,0,32,32,395.916
2048,0,32,64,396.588
2048,0,32,128,416.28
2048,0,32,256,438.583
2048,0,32,512,490.465
2048,0,32,1024,593.505
2048,0,32,2048,1057.43
2048,0,32,4096,2029.39
2048,0,32,8192,3916.21
2048,0,32,16384,7699.97
2048,0,64,16,515.297
2048,0,64,32,517.164
2048,0,64,64,518.988
2048,0,64,128,558.914
2048,0,64,256,608.513
2048,0,64,512,706.85
2048,0,64,1024,1052.61
2048,0,64,2048,2023.37
2048,0,64,4096,3883.34
2048,0,64,8192,7594.23
2048,0,64,16384,15018.6
2048,0,128,16,755.821
2048,0,128,32,758.968
2048,0,128,64,765.644
2048,0,128,128,851.917
2048,0,128,256,954.337
2048,0,128,512,1189.07
2048,0,128,1024,1981.17
2048,0,128,2048,3834.76
2048,0,128,4096,7528.08
2048,0,128,8192,14905.8
2048,0,128,16384,29608.6
2048,16,0,0,287.04
2048,16,1,16,289.483
2048,16,1,32,289.387
2048,16,1,64,292.779
2048,16,1,128,291.073
2048,16,1,256,291.147
2048,16,1,512,291.926
2048,16,1,1024,294.988
2048,16,1,2048,303.103
2048,16,1,4096,365.537
2048,16,1,8192,483.618
2048,16,1,16384,707.159
2048,16,2,16,292.502
2048,16,2,32,293.888
2048,16,2,64,293.153
2048,16,2,128,297.888
2048,16,2,256,299.649
2048,16,2,512,298.923
2048,16,2,1024,305.877
2048,16,2,2048,319.404
2048,16,2,4096,391.06
2048,16,2,8192,524.053
2048,16,2,16384,762.988
2048,16,4,16,300.577
2048,16,4,32,299.243
2048,16,4,64,299.297
2048,16,4,128,304.939
2048,16,4,256,305.28
2048,16,4,512,311.99
2048,16,4,1024,322.646
2048,16,4,2048,348.479
2048,16,4,4096,437.793
2048,16,4,8192,639.777
2048,16,4,16384,1051.47
2048,16,8,16,316.406
2048,16,8,32,318.859
2048,16,8,64,319.051
2048,16,8,128,322.518
2048,16,8,256,328.459
2048,16,8,512,337.633
2048,16,8,1024,361.185
2048,16,8,2048,414.198
2048,16,8,4096,591.191
2048,16,8,8192,1068.51
2048,16,8,16384,1925.68
2048,16,16,16,346.88
2048,16,16,32,346.165
2048,16,16,64,347.136
2048,16,16,128,359.425
2048,16,16,256,371.67
2048,16,16,512,388.385
2048,16,16,1024,437.889
2048,16,16,2048,580.237
2048,16,16,4096,1071.39
2048,16,16,8192,2014.88
2048,16,16,16384,3905.81
2048,16,32,16,407.478
2048,16,32,32,410.912
2048,16,32,64,408.449
2048,16,32,128,431.724
2048,16,32,256,450.806
2048,16,32,512,498.818
2048,16,32,1024,605.484
2048,16,32,2048,1056.59
2048,16,32,4096,2032.73
2048,16,32,8192,3930.22
2048,16,32,16384,7712.52
2048,16,64,16,527.916
2048,16,64,32,528.449
2048,16,64,64,530.904
2048,16,64,128,571.777
2048,16,64,256,621.804
2048,16,64,512,717.449
2048,16,64,1024,1054.9
2048,16,64,2048,2028.7
2048,16,64,4096,3885.11
2048,16,64,8192,7604.34
2048,16,64,16384,15034
2048,16,128,16,767.468
2048,16,128,32,772.141
2048,16,128,64,777.912
2048,16,128,128,863.97
2048,16,128,256,964.303
2048,16,128,512,1197.55
2048,16,128,1024,1986.81
2048,16,128,2048,3843.11
2048,16,128,4096,7535.27
2048,16,128,8192,14923.3
2048,16,128,16384,29607.6
2048,32,0,0,286.699
2048,32,1,16,289.824
2048,32,1,32,289.292
2048,32,1,64,290.06
2048,32,1,128,290.081
2048,32,1,256,291.162
2048,32,1,512,293.174
2048,32,1,1024,295.745
2048,32,1,2048,301.995
2048,32,1,4096,363.532
2048,32,1,8192,481.847
2048,32,1,16384,702.67
2048,32,2,16,296.107
2048,32,2,32,294.177
2048,32,2,64,294.123
2048,32,2,128,297.106
2048,32,2,256,296.14
2048,32,2,512,299.52
2048,32,2,1024,306.72
2048,32,2,2048,319.446
2048,32,2,4096,387.5
2048,32,2,8192,524.086
2048,32,2,16384,759.895
2048,32,4,16,300.683
2048,32,4,32,300.342
2048,32,4,64,300.715
2048,32,4,128,302.614
2048,32,4,256,308.065
2048,32,4,512,314.764
2048,32,4,1024,323.596
2048,32,4,2048,350.763
2048,32,4,4096,442.082
2048,32,4,8192,642.892
2048,32,4,16384,1067.03
2048,32,8,16,319.403
2048,32,8,32,316.171
2048,32,8,64,317.313
2048,32,8,128,324.769
2048,32,8,256,328.331
2048,32,8,512,340.917
2048,32,8,1024,359.307
2048,32,8,2048,415.542
2048,32,8,4096,593.376
2048,32,8,8192,1068.32
2048,32,8,16384,1937.45
2048,32,16,16,347.372
2048,32,16,32,351.073
2048,32,16,64,348.918
2048,32,16,128,359.074
2048,32,16,256,368.438
2048,32,16,512,392.417
2048,32,16,1024,435.894
2048,32,16,2048,580.972
2048,32,16,4096,1073.61
2048,32,16,8192,2024.07
2048,32,16,16384,3909.27
2048,32,32,16,407.329
2048,32,32,32,409.494
2048,32,32,64,408.811
2048,32,32,128,429.015
2048,32,32,256,454.316
2048,32,32,512,504.203
2048,32,32,1024,606.177
2048,32,32,2048,1057.3
2048,32,32,4096,2036.2
2048,32,32,8192,3930.81
2048,32,32,16384,7711.26
2048,32,64,16,528.897
2048,32,64,32,529.409
2048,32,64,64,530.999
2048,32,64,128,571.896
2048,32,64,256,620.365
2048,32,64,512,718.913
2048,32,64,1024,1055.14
2048,32,64,2048,2031.28
2048,32,64,4096,3892.6
2048,32,64,8192,7606.48
2048,32,64,16384,15035.8
2048,32,128,16,768.44
2048,32,128,32,771.778
2048,32,128,64,778.008
2048,32,128,128,864.514
2048,32,128,256,964.29
2048,32,128,512,1198.09
2048,32,128,1024,1986.97
2048,32,128,2048,3835.83
2048,32,128,4096,7535.44
2048,32,128,8192,14917.6
2048,32,128,16384,29612.1
2048,64,0,0,287.894
2048,64,1,16,289.324
2048,64,1,32,290.059
2048,64,1,64,290.913
2048,64,1,128,293.121
2048,64,1,256,294.059
2048,64,1,512,292.683
2048,64,1,1024,296.193
2048,64,1,2048,300.95
2048,64,1,4096,362.091
2048,64,1,8192,483.127
2048,64,1,16384,708.567
2048,64,2,16,296.545
2048,64,2,32,293.782
2048,64,2,64,293.003
2048,64,2,128,294.944
2048,64,2,256,297.696
2048,64,2,512,301.484
2048,64,2,1024,304.854
2048,64,2,2048,316.812
2048,64,2,4096,393.357
2048,64,2,8192,523.883
2048,64,2,16384,765.121
2048,64,4,16,302.315
2048,64,4,32,300.214
2048,64,4,64,302.369
2048,64,4,128,304.939
2048,64,4,256,304.193
2048,64,4,512,314.027
2048,64,4,1024,323.926
2048,64,4,2048,349.227
2048,64,4,4096,441.77
2048,64,4,8192,639.051
2048,64,4,16384,1057.32
2048,64,8,16,318.134
2048,64,8,32,320.182
2048,64,8,64,319.308
2048,64,8,128,324.406
2048,64,8,256,328.609
2048,64,8,512,338.731
2048,64,8,1024,361.984
2048,64,8,2048,412.812
2048,64,8,4096,589.719
2048,64,8,8192,1069.44
2048,64,8,16384,1947.18
2048,64,16,16,347.852
2048,64,16,32,346.561
2048,64,16,64,347.5
2048,64,16,128,360.662
2048,64,16,256,366.539
2048,64,16,512,394.528
2048,64,16,1024,434.091
2048,64,16,2048,581.793
2048,64,16,4096,1067.96
2048,64,16,8192,2027.51
2048,64,16,16384,3902.62
2048,64,32,16,406.646
2048,64,32,32,408.352
2048,64,32,64,409.079
2048,64,32,128,429.194
2048,64,32,256,451.041
2048,64,32,512,500.054
2048,64,32,1024,605.441
2048,64,32,2048,1058.41
2048,64,32,4096,2035.7
2048,64,32,8192,3925.69
2048,64,32,16384,7708.1
2048,64,64,16,527.308
2048,64,64,32,528.043
2048,64,64,64,530.827
2048,64,64,128,571.873
2048,64,64,256,619.916
2048,64,64,512,718.851
2048,64,64,1024,1053.71
2048,64,64,2048,2032.24
2048,64,64,4096,3889.98
2048,64,64,8192,7606.21
2048,64,64,16384,15035.6
2048,64,128,16,767.511
2048,64,128,32,772.311
2048,64,128,64,777.879
2048,64,128,128,865.389
2048,64,128,256,964.664
2048,64,128,512,1199.19
2048,64,128,1024,1988.91
2048,64,128,2048,3842.34
2048,64,128,4096,7538.44
2048,64,128,8192,14926.9
2048,64,128,16384,29612.4
2048,128,0,0,298.486
2048,128,1,16,301.078
2048,128,1,32,300.865
2048,128,1,64,300.629
2048,128,1,128,301.185
2048,128,1,256,304.308
2048,128,1,512,303.436
2048,128,1,1024,306.539
2048,128,1,2048,310.955
2048,128,1,4096,372.535
2048,128,1,8192,491.713
2048,128,1,16384,719.702
2048,128,2,16,307.02
2048,128,2,32,304.299
2048,128,2,64,304.117
2048,128,2,128,308.203
2048,128,2,256,310.102
2048,128,2,512,312.331
2048,128,2,1024,316.492
2048,128,2,2048,327.372
2048,128,2,4096,402.433
2048,128,2,8192,536.663
2048,128,2,16384,774.744
2048,128,4,16,312.022
2048,128,4,32,311.691
2048,128,4,64,313.045
2048,128,4,128,315.243
2048,128,4,256,319.201
2048,128,4,512,322.72
2048,128,4,1024,335.328
2048,128,4,2048,357.537
2048,128,4,4096,451.854
2048,128,4,8192,654.701
2048,128,4,16384,1084.48
2048,128,8,16,329.132
2048,128,8,32,327.189
2048,128,8,64,327.339
2048,128,8,128,333.814
2048,128,8,256,341.004
2048,128,8,512,349.814
2048,128,8,1024,374.444
2048,128,8,2048,426.721
2048,128,8,4096,600.566
2048,128,8,8192,1074.54
2048,128,8,16384,1941.15
2048,128,16,16,357.132
2048,128,16,32,360.95
2048,128,16,64,360.065
2048,128,16,128,367.733
2048,128,16,256,378.913
2048,128,16,512,400.279
2048,128,16,1024,444.31
2048,128,16,2048,584.811
2048,128,16,4096,1074.95
2048,128,16,8192,2034.18
2048,128,16,16384,3923.94
2048,128,32,16,418.39
2048,128,32,32,419.094
2048,128,32,64,418.593
2048,128,32,128,442.465
2048,128,32,256,460.886
2048,128,32,512,509.537
2048,128,32,1024,611.468
2048,128,32,2048,1058.23
2048,128,32,4096,2036.24
2048,128,32,8192,3926.79
2048,128,32,16384,7706.95
2048,128,64,16,537.847
2048,128,64,32,539.618
2048,128,64,64,540.951
2048,128,64,128,581.922
2048,128,64,256,631.916
2048,128,64,512,729.217
2048,128,64,1024,1062.02
2048,128,64,2048,2028.57
2048,128,64,4096,3894.19
2048,128,64,8192,7614.76
2048,128,64,16384,15044.5
2048,128,128,16,778.349
2048,128,128,32,782.21
2048,128,128,64,787.373
2048,128,128,128,874.178
2048,128,128,256,974.787
2048,128,128,512,1208.21
2048,128,128,1024,1993.72
2048,128,128,2048,3842.66
2048,128,128,4096,7535.33
2048,128,128,8192,14919.7
2048,128,128,16384,29619.2
2048,256,0,0,321.835
2048,256,1,16,324.289
2048,256,1,32,328.14
2048,256,1,64,324.022
2048,256,1,128,328.396
2048,256,1,256,328.171
2048,256,1,512,330.304
2048,256,1,1024,328.77
2048,256,1,2048,336.801
2048,256,1,4096,395.756
2048,256,1,8192,514.22
2048,256,1,16384,734.977
2048,256,2,16,328.204
2048,256,2,32,331.36
2048,256,2,64,330.006
2048,256,2,128,328.214
2048,256,2,256,333.835
2048,256,2,512,333.899
2048,256,2,1024,339.062
2048,256,2,2048,351.713
2048,256,2,4096,422.295
2048,256,2,8192,557.761
2048,256,2,16384,796.193
2048,256,4,16,333.697
2048,256,4,32,334.326
2048,256,4,64,336.214
2048,256,4,128,338.124
2048,256,4,256,340.257
2048,256,4,512,344.236
2048,256,4,1024,358.571
2048,256,4,2048,382.625
2048,256,4,4096,473.474
2048,256,4,8192,667.519
2048,256,4,16384,1118.13
2048,256,8,16,353.036
2048,256,8,32,351.937
2048,256,8,64,349.59
2048,256,8,128,355.073
2048,256,8,256,364.726
2048,256,8,512,373.622
2048,256,8,1024,397.578
2048,256,8,2048,446.859
2048,256,8,4096,610.315
2048,256,8,8192,1074.41
2048,256,8,16384,1974.43
2048,256,16,16,378.209
2048,256,16,32,383.297
2048,256,16,64,379.435
2048,256,16,128,395.158
2048,256,16,256,401.163
2048,256,16,512,423.895
2048,256,16,1024,467.35
2048,256,16,2048,595.788
2048,256,16,4096,1080.72
2048,256,16,8192,2050.59
2048,256,16,16384,3961.5
2048,256,32,16,440.683
2048,256,32,32,440.214
2048,256,32,64,445.153
2048,256,32,128,462.198
2048,256,32,256,487.382
2048,256,32,512,536.003
2048,256,32,1024,634.679
2048,256,32,2048,1057.12
2048,256,32,4096,2041.29
2048,256,32,8192,3939.79
2048,256,32,16384,7717.11
2048,256,64,16,561.803
2048,256,64,32,562.7
2048,256,64,64,563.766
2048,256,64,128,605.995
2048,256,64,256,653.794
2048,256,64,512,751.276
2048,256,64,1024,1071.44
2048,256,64,2048,2023.68
2048,256,64,4096,3897.43
2048,256,64,8192,7623.12
2048,256,64,16384,15057.5
2048,256,128,16,801.496
2048,256,128,32,804.728
2048,256,128,64,811.864
2048,256,128,128,897.538
2048,256,128,256,996.931
2048,256,128,512,1225.46
2048,256,128,1024,2007.29
2048,256,128,2048,3858.18
2048,256,128,4096,7541.74
2048,256,128,8192,14934.7
2048,256,128,16384,29633.1
2048,512,0,0,366.102
2048,512,1,16,369.803
2048,512,1,32,369.409
2048,512,1,64,368.544
2048,512,1,128,373.996
2048,512,1,256,374.838
2048,512,1,512,374.86
2048,512,1,1024,379.98
2048,512,1,2048,383.148
2048,512,1,4096,438.06
2048,512,1,8192,559.936
2048,512,1,16384,790.348
2048,512,2,16,373.686
2048,512,2,32,375.307
2048,512,2,64,376.043
2048,512,2,128,377.601
2048,512,2,256,375.682
2048,512,2,512,381.75
2048,512,2,1024,386.926
2048,512,2,2048,397.376
2048,512,2,4096,464.534
2048,512,2,8192,602.187
2048,512,2,16384,849.93
2048,512,4,16,383.478
2048,512,4,32,380.705
2048,512,4,64,382.006
2048,512,4,128,386.475
2048,512,4,256,388.801
2048,512,4,512,393.206
2048,512,4,1024,401.099
2048,512,4,2048,425.623
2048,512,4,4096,515.66
2048,512,4,8192,703.128
2048,512,4,16384,1194.98
2048,512,8,16,395.584
2048,512,8,32,396.128
2048,512,8,64,395.596
2048,512,8,128,404.854
2048,512,8,256,411.265
2048,512,8,512,421.9
2048,512,8,1024,439.032
2048,512,8,2048,489.217
2048,512,8,4096,639.759
2048,512,8,8192,1112.62
2048,512,8,16384,2013.02
2048,512,16,16,425.963
2048,512,16,32,425.313
2048,512,16,64,429.921
2048,512,16,128,436.14
2048,512,16,256,447.874
2048,512,16,512,473.558
2048,512,16,1024,512.864
2048,512,16,2048,623.948
2048,512,16,4096,1103.36
2048,512,16,8192,2059.55
2048,512,16,16384,3998.58
2048,512,32,16,486.059
2048,512,32,32,485.654
2048,512,32,64,487.341
2048,512,32,128,507.713
2048,512,32,256,532.854
2048,512,32,512,577.26
2048,512,32,1024,677.09
2048,512,32,2048,1065.94
2048,512,32,4096,2052.95
2048,512,32,8192,3954.94
2048,512,32,16384,7744.46
2048,512,64,16,606.679
2048,512,64,32,608.162
2048,512,64,64,609.815
2048,512,64,128,651.651
2048,512,64,256,700.268
2048,512,64,512,795.321
2048,512,64,1024,1092.49
2048,512,64,2048,2040.2
2048,512,64,4096,3910.72
2048,512,64,8192,7663.3
2048,512,64,16384,15097.4
2048,512,128,16,846.733
2048,512,128,32,851.266
2048,512,128,64,858.307
2048,512,128,128,944.429
2048,512,128,256,1038.38
2048,512,128,512,1262.3
2048,512,128,1024,2032.92
2048,512,128,2048,3875.3
2048,512,128,4096,7558.65
2048,512,128,8192,14961
2048,512,128,16384,29676.6
2048,1024,0,0,458.71
2048,1024,1,16,462.039
2048,1024,1,32,466.476
2048,1024,1,64,461.046
2048,1024,1,128,465.804
2048,1024,1,256,466.648
2048,1024,1,512,464.31
2048,1024,1,1024,467.659
2048,1024,1,2048,471.126
2048,1024,1,4096,517.686
2048,1024,1,8192,637.858
2048,1024,1,16384,875.66
2048,1024,2,16,466.795
2048,1024,2,32,465.696
2048,1024,2,64,470.423
2048,1024,2,128,472.534
2048,1024,2,256,471.041
2048,1024,2,512,470.444
2048,1024,2,1024,474.817
2048,1024,2,2048,489.847
2048,1024,2,4096,547.126
2048,1024,2,8192,688.3
2048,1024,2,16384,963.148
2048,1024,4,16,475.489
2048,1024,4,32,472.79
2048,1024,4,64,477.675
2048,1024,4,128,477.367
2048,1024,4,256,481.11
2048,1024,4,512,486.739
2048,1024,4,1024,498.648
2048,1024,4,2048,516.727
2048,1024,4,4096,598.444
2048,1024,4,8192,786.593
2048,1024,4,16384,1268.1
2048,1024,8,16,488.203
2048,1024,8,32,490.999
2048,1024,8,64,489.153
2048,1024,8,128,495.607
2048,1024,8,256,503.86
2048,1024,8,512,514.614
2048,1024,8,1024,532.182
2048,1024,8,2048,572.886
2048,1024,8,4096,708.718
2048,1024,8,8192,1147.05
2048,1024,8,16384,2073.93
2048,1024,16,16,520.352
2048,1024,16,32,516.683
2048,1024,16,64,520.075
2048,1024,16,128,532.622
2048,1024,16,256,544.301
2048,1024,16,512,565.228
2048,1024,16,1024,607.063
2048,1024,16,2048,705.153
2048,1024,16,4096,1123.92
2048,1024,16,8192,2104.33
2048,1024,16,16384,4046.77
2048,1024,32,16,577.857
2048,1024,32,32,582.295
2048,1024,32,64,581.633
2048,1024,32,128,604.471
2048,1024,32,256,627.991
2048,1024,32,512,667.788
2048,1024,32,1024,762.454
2048,1024,32,2048,1070.04
2048,1024,32,4096,2086.99
2048,1024,32,8192,4005
2048,1024,32,16384,7786.95
2048,1024,64,16,699.276
2048,1024,64,32,699.778
2048,1024,64,64,703.596
2048,1024,64,128,743.458
2048,1024,64,256,792.066
2048,1024,64,512,888.397
2048,1024,64,1024,1137.08
2048,1024,64,2048,2070.07
2048,1024,64,4096,3951.99
2048,1024,64,8192,7724.02
2048,1024,64,16384,15146.1
2048,1024,128,16,939.672
2048,1024,128,32,943.609
2048,1024,128,64,950.135
2048,1024,128,128,1035.87
2048,1024,128,256,1129.35
2048,1024,128,512,1336.79
2048,1024,128,1024,2063.3
2048,1024,128,2048,3916.84
2048,1024,128,4096,7631.24
2048,1024,128,8192,15030.9
2048,1024,128,16384,29758.2
2048,2048,0,0,643.321
2048,2048,1,16,646.327
2048,2048,1,32,647.426
2048,2048,1,64,647.191
2048,2048,1,128,647.116
2048,2048,1,256,651.34
2048,2048,1,512,651.714
2048,2048,1,1024,657.185
2048,2048,1,2048,661.953
2048,2048,1,4096,679.052
2048,2048,1,8192,806.157
2048,2048,1,16384,1045.6
2048,2048,2,16,655.499
2048,2048,2,32,654.07
2048,2048,2,64,651.243
2048,2048,2,128,649.292
2048,2048,2,256,653.942
2048,2048,2,512,655.969
2048,2048,2,1024,662.38
2048,2048,2,2048,677.431
2048,2048,2,4096,707.33
2048,2048,2,8192,853.538
2048,2048,2,16384,1135.35
2048,2048,4,16,660.791
2048,2048,4,32,656.406
2048,2048,4,64,654.892
2048,2048,4,128,662.54
2048,2048,4,256,668.236
2048,2048,4,512,672.738
2048,2048,4,1024,684.513
2048,2048,4,2048,702.635
2048,2048,4,4096,764.715
2048,2048,4,8192,955.394
2048,2048,4,16384,1370
2048,2048,8,16,667.756
2048,2048,8,32,674.433
2048,2048,8,64,673.74
2048,2048,8,128,673.111
2048,2048,8,256,679.073
2048,2048,8,512,697.655
2048,2048,8,1024,725.313
2048,2048,8,2048,755.586
2048,2048,8,4096,865.965
2048,2048,8,8192,1215.57
2048,2048,8,16384,2201.25
2048,2048,16,16,696.182
2048,2048,16,32,704.855
2048,2048,16,64,695.394
2048,2048,16,128,707.181
2048,2048,16,256,719.085
2048,2048,16,512,744.13
2048,2048,16,1024,800.172
2048,2048,16,2048,875.981
2048,2048,16,4096,1144.22
2048,2048,16,8192,2210.56
2048,2048,16,16384,4137.2
2048,2048,32,16,757.526
2048,2048,32,32,763.458
2048,2048,32,64,765.228
2048,2048,32,128,780.855
2048,2048,32,256,803.447
2048,2048,32,512,858.882
2048,2048,32,1024,941.335
2048,2048,32,2048,1153.34
2048,2048,32,4096,2157.21
2048,2048,32,8192,4061.7
2048,2048,32,16384,7872.66
2048,2048,64,16,880.184
2048,2048,64,32,882.392
2048,2048,64,64,882.167
2048,2048,64,128,926.178
2048,2048,64,256,974.168
2048,2048,64,512,1067.87
2048,2048,64,1024,1267.35
2048,2048,64,2048,2111.82
2048,2048,64,4096,4032.03
2048,2048,64,8192,7839.75
2048,2048,64,16384,15295.6
2048,2048,128,16,1124.34
2048,2048,128,32,1128.71
2048,2048,128,64,1134.88
2048,2048,128,128,1218.85
2048,2048,128,256,1312.32
2048,2048,128,512,1499.74
2048,2048,128,1024,2096.02
2048,2048,128,2048,3980.46
2048,2048,128,4096,7685.77
2048,2048,128,8192,15179.3
2048,2048,128,16384,29931.2
2048,4096,0,0,1010.91
2048,4096,1,16,1028.73
2048,4096,1,32,1019.43
2048,4096,1,64,1019.61
2048,4096,1,128,1020.42
2048,4096,1,256,1029.62
2048,4096,1,512,1029.64
2048,4096,1,1024,1029.46
2048,4096,1,2048,1026.59
2048,4096,1,4096,1050.43
2048,4096,1,8192,1133.65
2048,4096,1,16384,1383.38
2048,4096,2,16,1024.88
2048,4096,2,32,1022.99
2048,4096,2,64,1026.98
2048,4096,2,128,1034.48
2048,4096,2,256,1026.62
2048,4096,2,512,1029.3
2048,4096,2,1024,1040.3
2048,4096,2,2048,1051.2
2048,4096,2,4096,1066.89
2048,4096,2,8192,1182.04
2048,4096,2,16384,1482.67
2048,4096,4,16,1039.85
2048,4096,4,32,1044.3
2048,4096,4,64,1029.79
2048,4096,4,128,1035.51
2048,4096,4,256,1046.91
2048,4096,4,512,1045.47
2048,4096,4,1024,1049.72
2048,4096,4,2048,1070.28
2048,4096,4,4096,1101.81
2048,4096,4,8192,1281.51
2048,4096,4,16384,1644.37
2048,4096,8,16,1054.17
2048,4096,8,32,1050.63
2048,4096,8,64,1057.36
2048,4096,8,128,1062.87
2048,4096,8,256,1068.2
2048,4096,8,512,1066.03
2048,4096,8,1024,1087.92
2048,4096,8,2048,1127.02
2048,4096,8,4096,1218.27
2048,4096,8,8192,1484.51
2048,4096,8,16384,2380.92
2048,4096,16,16,1084.6
2048,4096,16,32,1073.66
2048,4096,16,64,1081.91
2048,4096,16,128,1091.74
2048,4096,16,256,1101.17
2048,4096,16,512,1105.8
2048,4096,16,1024,1165.87
2048,4096,16,2048,1269.26
2048,4096,16,4096,1446.01
2048,4096,16,8192,2320.73
2048,4096,16,16384,4325.02
2048,4096,32,16,1125.65
2048,4096,32,32,1137.74
2048,4096,32,64,1139.29
2048,4096,32,128,1141.66
2048,4096,32,256,1176.02
2048,4096,32,512,1224.59
2048,4096,32,1024,1316.92
2048,4096,32,2048,1501.01
2048,4096,32,4096,2206.53
2048,4096,32,8192,4211.71
2048,4096,32,16384,8009.14
2048,4096,64,16,1241.74
2048,4096,64,32,1245.11
2048,4096,64,64,1245.24
2048,4096,64,128,1289.04
2048,4096,64,256,1335.12
2048,4096,64,512,1428.39
2048,4096,64,1024,1624.86
2048,4096,64,2048,2152.2
2048,4096,64,4096,4160.11
2048,4096,64,8192,7975.54
2048,4096,64,16384,15503.2
2048,4096,128,16,1486.85
2048,4096,128,32,1493.67
2048,4096,128,64,1497.94
2048,4096,128,128,1585.06
2048,4096,128,256,1677.89
2048,4096,128,512,1857.95
2048,4096,128,1024,2251.03
2048,4096,128,2048,4094.39
2048,4096,128,4096,7901.45
2048,4096,128,8192,15313.6
2048,4096,128,16384,30224.5
2048,8192,0,0,1797.26
2048,8192,1,16,1802.75
2048,8192,1,32,1817.48
2048,8192,1,64,1813.56
2048,8192,1,128,1803.18
2048,8192,1,256,1815.2
2048,8192,1,512,1804.85
2048,8192,1,1024,1820.65
2048,8192,1,2048,1805.84
2048,8192,1,4096,1805.13
2048,8192,1,8192,1840.58
2048,8192,1,16384,2040.62
2048,8192,2,16,1820.75
2048,8192,2,32,1807.17
2048,8192,2,64,1806.54
2048,8192,2,128,1821
2048,8192,2,256,1821.08
2048,8192,2,512,1823.58
2048,8192,2,1024,1821.34
2048,8192,2,2048,1809.9
2048,8192,2,4096,1831.24
2048,8192,2,8192,1864.68
2048,8192,2,16384,2096.72
2048,8192,4,16,1812.98
2048,8192,4,32,1831.69
2048,8192,4,64,1829.24
2048,8192,4,128,1814.79
2048,8192,4,256,1813.96
2048,8192,4,512,1819.91
2048,8192,4,1024,1822.2
2048,8192,4,2048,1827.43
2048,8192,4,4096,1865.57
2048,8192,4,8192,1907.89
2048,8192,4,16384,2316.5
2048,8192,8,16,1844.78
2048,8192,8,32,1826
2048,8192,8,64,1846.84
2048,8192,8,128,1850.13
2048,8192,8,256,1842.5
2048,8192,8,512,1865.39
2048,8192,8,1024,1870.78
2048,8192,8,2048,1891.45
2048,8192,8,4096,1977.62
2048,8192,8,8192,2136.21
2048,8192,8,16384,2714.17
2048,8192,16,16,1865.47
2048,8192,16,32,1866.77
2048,8192,16,64,1871.78
2048,8192,16,128,1869.87
2048,8192,16,256,1876.45
2048,8192,16,512,1884.75
2048,8192,16,1024,1914.77
2048,8192,16,2048,1991.93
2048,8192,16,4096,2188.92
2048,8192,16,8192,2619.79
2048,8192,16,16384,4700.58
2048,8192,32,16,1880.85
2048,8192,32,32,1883.94
2048,8192,32,64,1901.39
2048,8192,32,128,1910.34
2048,8192,32,256,1923.02
2048,8192,32,512,1968.06
2048,8192,32,1024,2032.39
2048,8192,32,2048,2238.1
2048,8192,32,4096,2746.31
2048,8192,32,8192,4412.48
2048,8192,32,16384,8402.4
2048,8192,64,16,1987.43
2048,8192,64,32,1982.6
2048,8192,64,64,1990.99
2048,8192,64,128,2024.3
2048,8192,64,256,2063.09
2048,8192,64,512,2159.96
2048,8192,64,1024,2337.81
2048,8192,64,2048,2856.38
2048,8192,64,4096,4279.78
2048,8192,64,8192,8230.92
2048,8192,64,16384,15613.3
2048,8192,128,16,2216.03
2048,8192,128,32,2220.2
2048,8192,128,64,2225.78
2048,8192,128,128,2312.71
2048,8192,128,256,2402.68
2048,8192,128,512,2583.01
2048,8192,128,1024,2967.95
2048,8192,128,2048,4095.85
2048,8192,128,4096,8193.14
2048,8192,128,8192,15770.8
2048,8192,128,16384,30540.9
2048,16384,0,0,3368.35
2048,16384,1,16,3400.88
2048,16384,1,32,3402.08
2048,16384,1,64,3398.5
2048,16384,1,128,3399.41
2048,16384,1,256,3400.22
2048,16384,1,512,3406.25
2048,16384,1,1024,3370.14
2048,16384,1,2048,3397.04
2048,16384,1,4096,3409.58
2048,16384,1,8192,3409.63
2048,16384,1,16384,3423.73
2048,16384,2,16,3385.53
2048,16384,2,32,3404.93
2048,16384,2,64,3401.77
2048,16384,2,128,3403.46
2048,16384,2,256,3408.17
2048,16384,2,512,3404.33
2048,16384,2,1024,3380.94
2048,16384,2,2048,3380.27
2048,16384,2,4096,3407.3
2048,16384,2,8192,3411.29
2048,16384,2,16384,3447.32
2048,16384,4,16,3416.52
2048,16384,4,32,3408.29
2048,16384,4,64,3409.41
2048,16384,4,128,3410.12
2048,16384,4,256,3390.63
2048,16384,4,512,3415.46
2048,16384,4,1024,3419.32
2048,16384,4,2048,3422.95
2048,16384,4,4096,3402.09
2048,16384,4,8192,3455.97
2048,16384,4,16384,3528.41
2048,16384,8,16,3426.78
2048,16384,8,32,3430.83
2048,16384,8,64,3412.95
2048,16384,8,128,3401.69
2048,16384,8,256,3433.79
2048,16384,8,512,3436.88
2048,16384,8,1024,3441.54
2048,16384,8,2048,3443.41
2048,16384,8,4096,3498.78
2048,16384,8,8192,3716.4
2048,16384,8,16384,3975.64
2048,16384,16,16,3450.03
2048,16384,16,32,3453.86
2048,16384,16,64,3453.84
2048,16384,16,128,3452.01
2048,16384,16,256,3450.43
2048,16384,16,512,3470.89
2048,16384,16,1024,3471.73
2048,16384,16,2048,3520.85
2048,16384,16,4096,3678.49
2048,16384,16,8192,3988.02
2048,16384,16,16384,5068.16
2048,16384,32,16,3479.57
2048,16384,32,32,3482.97
2048,16384,32,64,3479.04
2048,16384,32,128,3480.52
2048,16384,32,256,3491.73
2048,16384,32,512,3496.56
2048,16384,32,1024,3573.36
2048,16384,32,2048,3725.15
2048,16384,32,4096,4087.15
2048,16384,32,8192,5294.82
2048,16384,32,16384,8764.05
2048,16384,64,16,3505.66
2048,16384,64,32,3501.51
2048,16384,64,64,3509.32
2048,16384,64,128,3540.75
2048,16384,64,256,3578.11
2048,16384,64,512,3652.43
2048,16384,64,1024,3802.84
2048,16384,64,2048,4194.71
2048,16384,64,4096,5638.07
2048,16384,64,8192,8635.84
2048,16384,64,16384,16292.2
2048,16384,128,16,3714.38
2048,16384,128,32,3712.03
2048,16384,128,64,3713.64
2048,16384,128,128,3793.2
2048,16384,128,256,3870.2
2048,16384,128,512,4040.18
2048,16384,128,1024,4412.35
2048,16384,128,2048,5509.13
2048,16384,128,4096,8375.05
2048,16384,128,8192,16491.9
2048,16384,128,16384,31285
