prefill_chunk,kv_prefill,n_decode,kv_decode,time_us
0,0,1,16,12.2777
0,0,1,32,12.2137
0,0,1,64,12.3737
0,0,1,128,17.5263
0,0,1,256,17.9003
0,0,1,512,19.6597
0,0,1,1024,23.564
0,0,1,2048,34.188
0,0,1,4096,49.7737
0,0,1,8192,80.3877
0,0,1,16384,137.287
0,0,2,16,18.017
0,0,2,32,18.0063
0,0,2,64,18.2193
0,0,2,128,21.7407
0,0,2,256,23.126
0,0,2,512,26.7533
0,0,2,1024,36.5993
0,0,2,2048,52.3763
0,0,2,4096,81.5613
0,0,2,8192,137.608
0,0,2,16384,246.862
0,0,4,16,18.4327
0,0,4,32,18.6457
0,0,4,64,19.0627
0,0,4,128,22.9347
0,0,4,256,27.575
0,0,4,512,35.532
0,0,4,1024,50.8837
0,0,4,2048,79.8543
0,0,4,4096,135.313
0,0,4,8192,242.06
0,0,4,16384,460.366
0,0,8,16,18.8163
0,0,8,32,19.2113
0,0,8,64,20.2997
0,0,8,128,29.356
0,0,8,256,38.402
0,0,8,512,52.888
0,0,8,1024,82.6723
0,0,8,2048,141.404
0,0,8,4096,253.378
0,0,8,8192,468.44
0,0,8,16384,913.114
0,0,16,16,24.3643
0,0,16,32,25.2487
0,0,16,64,27.2227
0,0,16,128,37.698
0,0,16,256,54.1683
0,0,16,512,86.8633
0,0,16,1024,145.778
0,0,16,2048,261.464
0,0,16,4096,492.068
0,0,16,8192,917.797
0,0,16,16384,1817.8
0,0,32,16,34.999
0,0,32,32,35.6173
0,0,32,64,39.0733
0,0,32,128,59.928
0,0,32,256,94.3947
0,0,32,512,158.931
0,0,32,1024,279.492
0,0,32,2048,523.238
0,0,32,4096,1011.6
0,0,32,8192,2007.18
0,0,32,16384,4010.35
0,0,64,16,55.2033
0,0,64,32,56.4613
0,0,64,64,61.6777
0,0,64,128,98.9063
0,0,64,256,160.477
0,0,64,512,283.907
0,0,64,1024,516.965
0,0,64,2048,988.082
0,0,64,4096,1929.47
0,0,64,8192,3826.98
0,0,64,16384,7654.24
0,0,128,16,94.3097
0,0,128,32,95.2047
0,0,128,64,103.078
0,0,128,128,175.699
0,0,128,256,283.876
0,0,128,512,518.554
0,0,128,1024,977.478
0,0,128,2048,1900.47
0,0,128,4096,3751.77
0,0,128,8192,7459.46
0,0,128,16384,14888.8
0,0,256,16,181.054
0,0,256,32,184.468
0,0,256,64,202.644
0,0,256,128,327.578
0,0,256,256,544.901
0,0,256,512,1012.2
0,0,256,1024,1926.04
0,0,256,2048,3766.69
0,0,256,4096,7430.89
0,0,256,8192,14770.9
0,0,256,16384,29431.1
16,0,0,0,12.4697
16,0,1,16,17.9633
16,0,1,32,18.1237
16,0,1,64,18.23
16,0,1,128,23.6487
16,0,1,256,30.327
16,0,1,512,37.122
16,0,1,1024,50.893
16,0,1,2048,78.7127
16,0,1,4096,134.171
16,0,1,8192,247.296
16,0,1,16384,480.032
16,0,2,16,23.2123
16,0,2,32,23.3077
16,0,2,64,23.4997
16,0,2,128,29.3667
16,0,2,256,36.4927
16,0,2,512,51.4477
16,0,2,1024,80.0777
16,0,2,2048,136.486
16,0,2,4096,254.401
16,0,2,8192,488.065
16,0,2,16384,958.218
16,0,4,16,28.663
16,0,4,32,29.0783
16,0,4,64,29.6443
16,0,4,128,41.0903
16,0,4,256,55.042
16,0,4,512,82.8303
16,0,4,1024,138.811
16,0,4,2048,254.571
16,0,4,4096,483.551
16,0,4,8192,934.098
16,0,4,16384,1828.21
16,0,8,16,44.3327
16,0,8,32,45.2503
16,0,8,64,46.146
16,0,8,128,67.5657
16,0,8,256,92.4093
16,0,8,512,141.606
16,0,8,1024,241.311
16,0,8,2048,441.576
16,0,8,4096,840.792
16,0,8,8192,1645.5
16,0,8,16384,3767.82
16,0,16,16,76.2057
16,0,16,32,77.4217
16,0,16,64,79.6513
16,0,16,128,121.135
16,0,16,256,167.239
16,0,16,512,258.955
16,0,16,1024,455.956
16,0,16,2048,842.317
16,0,16,4096,1888.03
16,0,16,8192,4985.46
16,0,16,16384,11332.3
16,0,32,16,142.694
16,0,32,32,146.257
16,0,32,64,148.732
16,0,32,128,230.698
16,0,32,256,323.875
16,0,32,512,563.498
16,0,32,1024,1101.59
16,0,32,2048,2838.62
16,0,32,4096,6428.68
16,0,32,8192,13133
16,0,32,16384,26547.5
16,0,64,16,269.248
16,0,64,32,277.078
16,0,64,64,283.244
16,0,64,128,457.139
16,0,64,256,847.874
16,0,64,512,1828.39
16,0,64,1024,3615.63
16,0,64,2048,7260.41
16,0,64,4096,14465.5
16,0,64,8192,29040.6
16,0,64,16384,58130.4
16,0,128,16,530.805
16,0,128,32,544.31
16,0,128,64,560.075
16,0,128,128,1034.91
16,0,128,256,1899.22
16,0,128,512,3749.31
16,0,128,1024,7401.5
16,0,128,2048,14725.9
16,0,128,4096,29342.3
16,0,128,8192,58651.2
16,0,128,16384,117173
16,16,0,0,12.758
16,16,1,16,18.337
16,16,1,32,18.475
16,16,1,64,18.6667
16,16,1,128,23.5957
16,16,1,256,30.3587
16,16,1,512,37.4947
16,16,1,1024,51.682
16,16,1,2048,79.5663
16,16,1,4096,134.395
16,16,1,8192,248.233
16,16,1,16384,480.35
16,16,2,16,23.6597
16,16,2,32,23.777
16,16,2,64,24.1187
16,16,2,128,29.6543
16,16,2,256,36.78
16,16,2,512,51.81
16,16,2,1024,80.3983
16,16,2,2048,137.318
16,16,2,4096,254.581
16,16,2,8192,487.091
16,16,2,16384,958.276
16,16,4,16,29.1103
16,16,4,32,29.537
16,16,4,64,30.1663
16,16,4,128,41.0363
16,16,4,256,55.0743
16,16,4,512,83.0007
16,16,4,1024,138.437
16,16,4,2048,254.41
16,16,4,4096,481.192
16,16,4,8192,929.348
16,16,4,16384,1851.12
16,16,8,16,44.8447
16,16,8,32,45.6557
16,16,8,64,46.7643
16,16,8,128,67.3413
16,16,8,256,92.1423
16,16,8,512,141.413
16,16,8,1024,240.873
16,16,8,2048,442.63
16,16,8,4096,840.522
16,16,8,8192,1652.88
16,16,8,16384,3825.31
16,16,16,16,76.3337
16,16,16,32,77.976
16,16,16,64,79.95
16,16,16,128,121.05
16,16,16,256,167.195
16,16,16,512,259.115
16,16,16,1024,454.748
16,16,16,2048,842.944
16,16,16,4096,1908.25
16,16,16,8192,5070.09
16,16,16,16384,11007.5
16,16,32,16,142.886
16,16,32,32,146.363
16,16,32,64,149.275
16,16,32,128,230.6
16,16,32,256,324.247
16,16,32,512,563.456
16,16,32,1024,1112.64
16,16,32,2048,2837
16,16,32,4096,6329.41
16,16,32,8192,13072.6
16,16,32,16384,26350.5
16,16,64,16,269.205
16,16,64,32,276.97
16,16,64,64,283.573
16,16,64,128,457.735
16,16,64,256,849.151
16,16,64,512,1837.13
16,16,64,1024,3606.68
16,16,64,2048,7269.75
16,16,64,4096,14493.6
16,16,64,8192,28994.8
16,16,64,16384,58096.3
16,16,128,16,530.888
16,16,128,32,543.732
16,16,128,64,559.477
16,16,128,128,1022.85
16,16,128,256,1896.55
16,16,128,512,3750.93
16,16,128,1024,7400.8
16,16,128,2048,14726.1
16,16,128,4096,29346.1
16,16,128,8192,58653.1
16,16,128,16384,117179
16,32,0,0,12.939
16,32,1,16,18.5077
16,32,1,32,18.6887
16,32,1,64,18.71
16,32,1,128,23.574
16,32,1,256,30.7423
16,32,1,512,37.761
16,32,1,1024,51.617
16,32,1,2048,79.6293
16,32,1,4096,134.65
16,32,1,8192,246.889
16,32,1,16384,480.657
16,32,2,16,23.8513
16,32,2,32,23.926
16,32,2,64,24.1503
16,32,2,128,29.7397
16,32,2,256,36.7907
16,32,2,512,51.661
16,32,2,1024,80.632
16,32,2,2048,136.443
16,32,2,4096,255.113
16,32,2,8192,486.855
16,32,2,16384,956.886
16,32,4,16,29.2063
16,32,4,32,29.633
16,32,4,64,30.241
16,32,4,128,41.0253
16,32,4,256,55.1277
16,32,4,512,82.7553
16,32,4,1024,139.258
16,32,4,2048,253.182
16,32,4,4096,481.927
16,32,4,8192,931.03
16,32,4,16384,1839.23
16,32,8,16,44.951
16,32,8,32,45.6973
16,32,8,64,46.7107
16,32,8,128,67.362
16,32,8,256,92.473
16,32,8,512,141.562
16,32,8,1024,240.776
16,32,8,2048,443.311
16,32,8,4096,838.517
16,32,8,8192,1650.97
16,32,8,16384,3838.01
16,32,16,16,76.376
16,32,16,32,77.9977
16,32,16,64,80.0777
16,32,16,128,121.157
16,32,16,256,166.96
16,32,16,512,258.751
16,32,16,1024,456.112
16,32,16,2048,843.413
16,32,16,4096,1903.29
16,32,16,8192,5242.65
16,32,16,16384,11127.3
16,32,32,16,142.576
16,32,32,32,146.234
16,32,32,64,149.306
16,32,32,128,230.653
16,32,32,256,324.331
16,32,32,512,565.044
16,32,32,1024,1113.07
16,32,32,2048,2727.43
16,32,32,4096,6407.31
16,32,32,8192,13162.3
16,32,32,16384,26064.1
16,32,64,16,269.493
16,32,64,32,276.991
16,32,64,64,283.69
16,32,64,128,458.287
16,32,64,256,858.675
16,32,64,512,1830.41
16,32,64,1024,3622.79
16,32,64,2048,7272.6
16,32,64,4096,14509
16,32,64,8192,29010.4
16,32,64,16384,58129.5
16,32,128,16,530.94
16,32,128,32,543.847
16,32,128,64,559.443
16,32,128,128,1029.81
16,32,128,256,1901.65
16,32,128,512,3751.26
16,32,128,1024,7393.83
16,32,128,2048,14720.7
16,32,128,4096,29344.4
16,32,128,8192,58638.2
16,32,128,16384,117170
16,64,0,0,13.046
16,64,1,16,18.6357
16,64,1,32,18.7737
16,64,1,64,18.9553
16,64,1,128,23.5633
16,64,1,256,30.817
16,64,1,512,37.9857
16,64,1,1024,51.6603
16,64,1,2048,79.245
16,64,1,4096,135.29
16,64,1,8192,247.357
16,64,1,16384,480.4
16,64,2,16,23.9587
16,64,2,32,24.1497
16,64,2,64,24.342
16,64,2,128,29.6113
16,64,2,256,36.8753
16,64,2,512,51.6817
16,64,2,1024,80.5257
16,64,2,2048,136.761
16,64,2,4096,254.536
16,64,2,8192,487.302
16,64,2,16384,958.868
16,64,4,16,29.377
16,64,4,32,29.8463
16,64,4,64,30.39
16,64,4,128,41.1637
16,64,4,256,55.1373
16,64,4,512,82.8403
16,64,4,1024,139.023
16,64,4,2048,254.099
16,64,4,4096,483.62
16,64,4,8192,933.491
16,64,4,16384,1840.15
16,64,8,16,45.0677
16,64,8,32,45.8037
16,64,8,64,46.626
16,64,8,128,67.3513
16,64,8,256,92.4727
16,64,8,512,141.316
16,64,8,1024,240.478
16,64,8,2048,441.241
16,64,8,4096,841.979
16,64,8,8192,1644.25
16,64,8,16384,3780.9
16,64,16,16,76.61
16,64,16,32,78.3597
16,64,16,64,79.96
16,64,16,128,121.092
16,64,16,256,167.493
16,64,16,512,259.048
16,64,16,1024,455.705
16,64,16,2048,842.332
16,64,16,4096,1953.15
16,64,16,8192,5180.72
16,64,16,16384,11125.9
16,64,32,16,142.746
16,64,32,32,146.298
16,64,32,64,149.252
16,64,32,128,230.77
16,64,32,256,324.256
16,64,32,512,569.64
16,64,32,1024,1121.18
16,64,32,2048,2763.95
16,64,32,4096,6364.91
16,64,32,8192,13146.1
16,64,32,16384,26751.8
16,64,64,16,269.384
16,64,64,32,277.236
16,64,64,64,284.009
16,64,64,128,458.169
16,64,64,256,845.879
16,64,64,512,1840.89
16,64,64,1024,3610.13
16,64,64,2048,7272.79
16,64,64,4096,14463
16,64,64,8192,28990.2
16,64,64,16384,58102
16,64,128,16,531.24
16,64,128,32,544.178
16,64,128,64,560.487
16,64,128,128,1027.84
16,64,128,256,1900.02
16,64,128,512,3751.55
16,64,128,1024,7395.11
16,64,128,2048,14735.2
16,64,128,4096,29346.5
16,64,128,8192,58648.5
16,64,128,16384,117176
16,128,0,0,16.49
16,128,1,16,23.7963
16,128,1,32,23.8077
16,128,1,64,23.733
16,128,1,128,25.952
16,128,1,256,30.538
16,128,1,512,44.937
16,128,1,1024,58.6657
16,128,1,2048,86.6863
16,128,1,4096,142.312
16,128,1,8192,253.957
16,128,1,16384,481.364
16,128,2,16,27.3803
16,128,2,32,27.6573
16,128,2,64,27.818
16,128,2,128,34.538
16,128,2,256,40.511
16,128,2,512,55.2837
16,128,2,1024,84.4033
16,128,2,2048,140.871
16,128,2,4096,254.522
16,128,2,8192,488.245
16,128,2,16384,957.599
16,128,4,16,35.8927
16,128,4,32,36.159
16,128,4,64,36.4583
16,128,4,128,43.583
16,128,4,256,55.4333
16,128,4,512,83.476
16,128,4,1024,139.496
16,128,4,2048,254.256
16,128,4,4096,483.318
16,128,4,8192,932.008
16,128,4,16384,1832.84
16,128,8,16,51.4333
16,128,8,32,52.1803
16,128,8,64,52.895
16,128,8,128,70.2387
16,128,8,256,92.67
16,128,8,512,142.056
16,128,8,1024,240.347
16,128,8,2048,443.223
16,128,8,4096,840.589
16,128,8,8192,1674.84
16,128,8,16384,3703.45
16,128,16,16,83.1773
16,128,16,32,84.5417
16,128,16,64,85.982
16,128,16,128,123.89
16,128,16,256,168.668
16,128,16,512,259.621
16,128,16,1024,466.337
16,128,16,2048,874.466
16,128,16,4096,2057.47
16,128,16,8192,5226.62
16,128,16,16384,11040.1
16,128,32,16,145.629
16,128,32,32,149.095
16,128,32,64,152.338
16,128,32,128,235.344
16,128,32,256,329.156
16,128,32,512,582.495
16,128,32,1024,1168.84
16,128,32,2048,2867.33
16,128,32,4096,6417.35
16,128,32,8192,13188.7
16,128,32,16384,26725.4
16,128,64,16,272.101
16,128,64,32,279.557
16,128,64,64,286.416
16,128,64,128,462.325
16,128,64,256,857.198
16,128,64,512,1840.75
16,128,64,1024,3620.61
16,128,64,2048,7258.42
16,128,64,4096,14504
16,128,64,8192,29056.4
16,128,64,16384,58087.6
16,128,128,16,533.567
16,128,128,32,546.57
16,128,128,64,562.752
16,128,128,128,1039.22
16,128,128,256,1906.5
16,128,128,512,3760.25
16,128,128,1024,7406.82
16,128,128,2048,14740.5
16,128,128,4096,29349.5
16,128,128,8192,58641.6
16,128,128,16384,117194
16,256,0,0,19.9887
16,256,1,16,30.6443
16,256,1,32,30.8477
16,256,1,64,30.9217
16,256,1,128,30.8047
16,256,1,256,33.4603
16,256,1,512,44.7883
16,256,1,1024,65.8977
16,256,1,2048,93.599
16,256,1,4096,149.576
16,256,1,8192,261.627
16,256,1,16384,485.324
16,256,2,16,31.2323
16,256,2,32,31.3913
16,256,2,64,31.5087
16,256,2,128,38.1437
16,256,2,256,45.2043
16,256,2,512,59.007
16,256,2,1024,88.0727
16,256,2,2048,144.306
16,256,2,4096,256.934
16,256,2,8192,487.884
16,256,2,16384,958.875
16,256,4,16,41.2367
16,256,4,32,41.781
16,256,4,64,42.133
16,256,4,128,50.047
16,256,4,256,57.8227
16,256,4,512,83.8807
16,256,4,1024,139.688
16,256,4,2048,252.614
16,256,4,4096,486.765
16,256,4,8192,939.748
16,256,4,16384,1835.99
16,256,8,16,56.7773
16,256,8,32,57.8557
16,256,8,64,58.751
16,256,8,128,76.905
16,256,8,256,95.3797
16,256,8,512,142.621
16,256,8,1024,240.743
16,256,8,2048,441.987
16,256,8,4096,845.722
16,256,8,8192,1667.35
16,256,8,16384,3963.5
16,256,16,16,88.5317
16,256,16,32,90.2597
16,256,16,64,91.7957
16,256,16,128,130.419
16,256,16,256,171.485
16,256,16,512,260.326
16,256,16,1024,489.217
16,256,16,2048,946.425
16,256,16,4096,2422.05
16,256,16,8192,5079.35
16,256,16,16384,11030.6
16,256,32,16,151.39
16,256,32,32,154.771
16,256,32,64,158.131
16,256,32,128,237.66
16,256,32,256,335.653
16,256,32,512,573.164
16,256,32,1024,1297.78
16,256,32,2048,2992.61
16,256,32,4096,6413.82
16,256,32,8192,13017.4
16,256,32,16384,26570.6
16,256,64,16,277.712
16,256,64,32,284.539
16,256,64,64,291.078
16,256,64,128,464.6
16,256,64,256,859.57
16,256,64,512,1854.54
16,256,64,1024,3647.35
16,256,64,2048,7275.91
16,256,64,4096,14532.5
16,256,64,8192,29060.4
16,256,64,16384,58178.8
16,256,128,16,536.492
16,256,128,32,549.047
16,256,128,64,565.207
16,256,128,128,1041.05
16,256,128,256,1911.92
16,256,128,512,3760.61
16,256,128,1024,7399.5
16,256,128,2048,14735
16,256,128,4096,29360.5
16,256,128,8192,58665.1
16,256,128,16384,117199
16,512,0,0,26.9013
16,512,1,16,37.695
16,512,1,32,37.9407
16,512,1,64,38.047
16,512,1,128,44.7887
16,512,1,256,44.6923
16,512,1,512,47.6257
16,512,1,1024,73.6523
16,512,1,2048,107.561
16,512,1,4096,163.464
16,512,1,8192,274.939
16,512,1,16384,495.928
16,512,2,16,43.1783
16,512,2,32,43.487
16,512,2,64,43.9997
16,512,2,128,45.3963
16,512,2,256,52.6713
16,512,2,512,66.111
16,512,2,1024,95.5717
16,512,2,2048,151.571
16,512,2,4096,265.35
16,512,2,8192,490.617
16,512,2,16384,962.067
16,512,4,16,50.9967
16,512,4,32,51.135
16,512,4,64,51.317
16,512,4,128,62.207
16,512,4,256,70.996
16,512,4,512,86.3027
16,512,4,1024,140.595
16,512,4,2048,252.647
16,512,4,4096,483.491
16,512,4,8192,944.604
16,512,4,16384,1851.64
16,512,8,16,68.575
16,512,8,32,69.386
16,512,8,64,70.143
16,512,8,128,88.852
16,512,8,256,108.735
16,512,8,512,145.129
16,512,8,1024,241.341
16,512,8,2048,446.01
16,512,8,4096,878.355
16,512,8,8192,1851.63
16,512,8,16384,4038.99
16,512,16,16,99.9347
16,512,16,32,101.545
16,512,16,64,103.518
16,512,16,128,142.057
16,512,16,256,184.104
16,512,16,512,264.402
16,512,16,1024,469.7
16,512,16,2048,1137.13
16,512,16,4096,2616.41
16,512,16,8192,5544.55
16,512,16,16384,11774.7
16,512,32,16,162.803
16,512,32,32,166.622
16,512,32,64,169.608
16,512,32,128,248.946
16,512,32,256,340.07
16,512,32,512,572.888
16,512,32,1024,1385.47
16,512,32,2048,3153.56
16,512,32,4096,6701.53
16,512,32,8192,13228.2
16,512,32,16384,26914.2
16,512,64,16,290.012
16,512,64,32,296.369
16,512,64,64,302.919
16,512,64,128,472.409
16,512,64,256,902.848
16,512,64,512,1859.62
16,512,64,1024,3669.32
16,512,64,2048,7318.52
16,512,64,4096,14582
16,512,64,8192,29144.9
16,512,64,16384,58209.3
16,512,128,16,547.225
16,512,128,32,559.449
16,512,128,64,575.193
16,512,128,128,1059.17
16,512,128,256,1928.87
16,512,128,512,3786.73
16,512,128,1024,7418.86
16,512,128,2048,14747.8
16,512,128,4096,29370.9
16,512,128,8192,58673.3
16,512,128,16384,117208
16,1024,0,0,41.2473
16,1024,1,16,51.8073
16,1024,1,32,51.914
16,1024,1,64,51.989
16,1024,1,128,59.0177
16,1024,1,256,66.1853
16,1024,1,512,72.97
16,1024,1,1024,76.4683
16,1024,1,2048,130.217
16,1024,1,4096,191.689
16,1024,1,8192,302.726
16,1024,1,16384,525.274
16,1024,2,16,57.504
16,1024,2,32,57.9723
16,1024,2,64,57.919
16,1024,2,128,68.0843
16,1024,2,256,73.3857
16,1024,2,512,80.9697
16,1024,2,1024,109.012
16,1024,2,2048,170.046
16,1024,2,4096,279.976
16,1024,2,8192,506.991
16,1024,2,16384,966.335
16,1024,4,16,72.5967
16,1024,4,32,73.045
16,1024,4,64,72.106
16,1024,4,128,82.3137
16,1024,4,256,90.676
16,1024,4,512,112.766
16,1024,4,1024,143.529
16,1024,4,2048,254.152
16,1024,4,4096,482.33
16,1024,4,8192,974.837
16,1024,4,16384,1928.5
16,1024,8,16,88.447
16,1024,8,32,89.5887
16,1024,8,64,90.0467
16,1024,8,128,110.398
16,1024,8,256,129.598
16,1024,8,512,172.073
16,1024,8,1024,246.322
16,1024,8,2048,442.949
16,1024,8,4096,976.33
16,1024,8,8192,2071.21
16,1024,8,16384,4505.33
16,1024,16,16,120.522
16,1024,16,32,121.673
16,1024,16,64,123.806
16,1024,16,128,164.104
16,1024,16,256,207.241
16,1024,16,512,290.599
16,1024,16,1024,460.422
16,1024,16,2048,1014.31
16,1024,16,4096,2817.4
16,1024,16,8192,5830.44
16,1024,16,16384,12214.6
16,1024,32,16,186.857
16,1024,32,32,190.579
16,1024,32,64,193.693
16,1024,32,128,272.146
16,1024,32,256,365.671
16,1024,32,512,597.743
16,1024,32,1024,1244.45
16,1024,32,2048,3240.27
16,1024,32,4096,6807.95
16,1024,32,8192,13575.5
16,1024,32,16384,27054
16,1024,64,16,313.458
16,1024,64,32,319.986
16,1024,64,64,326.567
16,1024,64,128,496.635
16,1024,64,256,938.465
16,1024,64,512,1902.05
16,1024,64,1024,3657.33
16,1024,64,2048,7319.36
16,1024,64,4096,14627.6
16,1024,64,8192,29137.7
16,1024,64,16384,58263.9
16,1024,128,16,570.97
16,1024,128,32,583.141
16,1024,128,64,601.519
16,1024,128,128,1091.15
16,1024,128,256,1956.02
16,1024,128,512,3807.78
16,1024,128,1024,7454.2
16,1024,128,2048,14780.3
16,1024,128,4096,29401.9
16,1024,128,8192,58703.5
16,1024,128,16384,117241
16,2048,0,0,69.856
16,2048,1,16,80.2663
16,2048,1,32,79.626
16,2048,1,64,79.9143
16,2048,1,128,86.7723
16,2048,1,256,93.5033
16,2048,1,512,107.38
16,2048,1,1024,129.065
16,2048,1,2048,135.86
16,2048,1,4096,247.88
16,2048,1,8192,368.711
16,2048,1,16384,607.577
16,2048,2,16,85.61
16,2048,2,32,86.2283
16,2048,2,64,86.8153
16,2048,2,128,96.1593
16,2048,2,256,106.506
16,2048,2,512,127.562
16,2048,2,1024,138.239
16,2048,2,2048,194.76
16,2048,2,4096,316.264
16,2048,2,8192,557.853
16,2048,2,16384,1027.8
16,2048,4,16,101.002
16,2048,4,32,101.237
16,2048,4,64,101.749
16,2048,4,128,121.354
16,2048,4,256,131.369
16,2048,4,512,148.649
16,2048,4,1024,197.875
16,2048,4,2048,262.163
16,2048,4,4096,486.407
16,2048,4,8192,982.573
16,2048,4,16384,1950.86
16,2048,8,16,128.351
16,2048,8,32,129.354
16,2048,8,64,129.258
16,2048,8,128,149.31
16,2048,8,256,177.353
16,2048,8,512,209.523
16,2048,8,1024,300.734
16,2048,8,2048,450.524
16,2048,8,4096,897.593
16,2048,8,8192,2307.21
16,2048,8,16384,4313.48
16,2048,16,16,163.274
16,2048,16,32,165.972
16,2048,16,64,167.081
16,2048,16,128,209.587
16,2048,16,256,251.944
16,2048,16,512,342.803
16,2048,16,1024,516.806
16,2048,16,2048,863.811
16,2048,16,4096,2657.45
16,2048,16,8192,5945.07
16,2048,16,16384,12336.5
16,2048,32,16,229.896
16,2048,32,32,234.11
16,2048,32,64,237.257
16,2048,32,128,317.278
16,2048,32,256,415.442
16,2048,32,512,666.811
16,2048,32,1024,1397.24
16,2048,32,2048,3042.29
16,2048,32,4096,6873.31
16,2048,32,8192,13666.5
16,2048,32,16384,27178
16,2048,64,16,358.45
16,2048,64,32,365.523
16,2048,64,64,371.901
16,2048,64,128,543.015
16,2048,64,256,1033.55
16,2048,64,512,1986.61
16,2048,64,1024,3746.9
16,2048,64,2048,7401.77
16,2048,64,4096,14630.1
16,2048,64,8192,29232.7
16,2048,64,16384,58274.6
16,2048,128,16,616.668
16,2048,128,32,629.734
16,2048,128,64,650
16,2048,128,128,1163.79
16,2048,128,256,2041.36
16,2048,128,512,3887.33
16,2048,128,1024,7512.54
16,2048,128,2048,14846.4
16,2048,128,4096,29446
16,2048,128,8192,58746.1
16,2048,128,16384,117315
16,4096,0,0,127.402
16,4096,1,16,135.53
16,4096,1,32,135.445
16,4096,1,64,135.604
16,4096,1,128,142.527
16,4096,1,256,149.396
16,4096,1,512,162.858
16,4096,1,1024,192.426
16,4096,1,2048,241.684
16,4096,1,4096,254.633
16,4096,1,8192,477.843
16,4096,1,16384,716.529
16,4096,2,16,142.121
16,4096,2,32,142.879
16,4096,2,64,142.869
16,4096,2,128,152.724
16,4096,2,256,163.252
16,4096,2,512,183.732
16,4096,2,1024,226.463
16,4096,2,2048,255.518
16,4096,2,4096,368.851
16,4096,2,8192,606.385
16,4096,2,16384,1090.81
16,4096,4,16,157.642
16,4096,4,32,158.57
16,4096,4,64,158.538
16,4096,4,128,178.153
16,4096,4,256,199.103
16,4096,4,512,239.197
16,4096,4,1024,275.316
16,4096,4,2048,372.19
16,4096,4,4096,494.899
16,4096,4,8192,952.635
16,4096,4,16384,1997.05
16,4096,8,16,184.586
16,4096,8,32,185.919
16,4096,8,64,187.498
16,4096,8,128,223.348
16,4096,8,256,252.297
16,4096,8,512,299.785
16,4096,8,1024,391.198
16,4096,8,2048,556.743
16,4096,8,4096,854.47
16,4096,8,8192,2199.85
16,4096,8,16384,4852.26
16,4096,16,16,239.796
16,4096,16,32,245.022
16,4096,16,64,245.919
16,4096,16,128,291.785
16,4096,16,256,335.603
16,4096,16,512,422.248
16,4096,16,1024,619.592
16,4096,16,2048,979.727
16,4096,16,4096,2282.75
16,4096,16,8192,6085.68
16,4096,16,16384,12394.5
16,4096,32,16,311.678
16,4096,32,32,315.892
16,4096,32,64,318.376
16,4096,32,128,406.377
16,4096,32,256,498.355
16,4096,32,512,806.641
16,4096,32,1024,1520.37
16,4096,32,2048,3290.64
16,4096,32,4096,6746.07
16,4096,32,8192,13595.2
16,4096,32,16384,27337.9
16,4096,64,16,448.082
16,4096,64,32,450.462
16,4096,64,64,459.315
16,4096,64,128,638.856
16,4096,64,256,1169.69
16,4096,64,512,2144.84
16,4096,64,1024,3920.18
16,4096,64,2048,7512.08
16,4096,64,4096,14684.3
16,4096,64,8192,29391.7
16,4096,64,16384,58558.3
16,4096,128,16,710.45
16,4096,128,32,725.32
16,4096,128,64,749.756
16,4096,128,128,1294.88
16,4096,128,256,2191.92
16,4096,128,512,4039.51
16,4096,128,1024,7661.95
16,4096,128,2048,14948.4
16,4096,128,4096,29568.6
16,4096,128,8192,58875.2
16,4096,128,16384,117429
16,8192,0,0,243.134
16,8192,1,16,246.964
16,8192,1,32,246.964
16,8192,1,64,247.647
16,8192,1,128,254.655
16,8192,1,256,260.767
16,8192,1,512,275.21
16,8192,1,1024,302.996
16,8192,1,2048,366.921
16,8192,1,4096,475.176
16,8192,1,8192,490.802
16,8192,1,16384,944.198
16,8192,2,16,255.348
16,8192,2,32,255.455
16,8192,2,64,255.124
16,8192,2,128,264.671
16,8192,2,256,275.465
16,8192,2,512,296.414
16,8192,2,1024,338.836
16,8192,2,2048,427.401
16,8192,2,4096,488.563
16,8192,2,8192,714.983
16,8192,2,16384,1194.49
16,8192,4,16,269.45
16,8192,4,32,269.737
16,8192,4,64,271.103
16,8192,4,128,291.828
16,8192,4,256,311.839
16,8192,4,512,352.425
16,8192,4,1024,436.083
16,8192,4,2048,537.96
16,8192,4,4096,715.41
16,8192,4,8192,959.154
16,8192,4,16384,1922.59
16,8192,8,16,298.324
16,8192,8,32,299.166
16,8192,8,64,300.745
16,8192,8,128,336.799
16,8192,8,256,375.828
16,8192,8,512,451.22
16,8192,8,1024,542.312
16,8192,8,2048,733.457
16,8192,8,4096,1070.39
16,8192,8,8192,1690.59
16,8192,8,16384,4846.79
16,8192,16,16,357.257
16,8192,16,32,359.562
16,8192,16,64,360.67
16,8192,16,128,436.585
16,8192,16,256,495.571
16,8192,16,512,600.658
16,8192,16,1024,843.633
16,8192,16,2048,1167.7
16,8192,16,4096,2608.79
16,8192,16,8192,5834.11
16,8192,16,16384,12445
16,8192,32,16,472.904
16,8192,32,32,477.043
16,8192,32,64,480.457
16,8192,32,128,572.616
16,8192,32,256,695.517
16,8192,32,512,1060.12
16,8192,32,1024,1858.51
16,8192,32,2048,3582.45
16,8192,32,4096,7047.86
16,8192,32,8192,13589
16,8192,32,16384,27438.5
16,8192,64,16,613.555
16,8192,64,32,620.488
16,8192,64,64,626.995
16,8192,64,128,872.892
16,8192,64,256,1434.41
16,8192,64,512,2358.33
16,8192,64,1024,4185.89
16,8192,64,2048,7850.18
16,8192,64,4096,14984.1
16,8192,64,8192,29423.6
16,8192,64,16384,58670.4
16,8192,128,16,891.72
16,8192,128,32,908.755
16,8192,128,64,987.027
16,8192,128,128,1500.18
16,8192,128,256,2461.26
16,8192,128,512,4356.18
16,8192,128,1024,7981.19
16,8192,128,2048,15253.4
16,8192,128,4096,29799.7
16,8192,128,8192,59082.9
16,8192,128,16384,117660
16,16384,0,0,476.19
16,16384,1,16,478.761
16,16384,1,32,478.302
16,16384,1,64,478.377
16,16384,1,128,479.519
16,16384,1,256,483.636
16,16384,1,512,500.618
16,16384,1,1024,525.162
16,16384,1,2048,609.225
16,16384,1,4096,717.192
16,16384,1,8192,942.973
16,16384,1,16384,966.247
16,16384,2,16,480.724
16,16384,2,32,480.543
16,16384,2,64,480.916
16,16384,2,128,490.388
16,16384,2,256,499.69
16,16384,2,512,519.604
16,16384,2,1024,563.231
16,16384,2,2048,663.453
16,16384,2,4096,830.441
16,16384,2,8192,951.847
16,16384,2,16384,1403.73
16,16384,4,16,493.3
16,16384,4,32,494.377
16,16384,4,64,495.049
16,16384,4,128,515.262
16,16384,4,256,534.014
16,16384,4,512,579.529
16,16384,4,1024,665.983
16,16384,4,2048,838.29
16,16384,4,4096,1064.07
16,16384,4,8192,1399.83
16,16384,4,16384,1955.6
16,16384,8,16,525.055
16,16384,8,32,524.82
16,16384,8,64,529.002
16,16384,8,128,563.668
16,16384,8,256,599.625
16,16384,8,512,674.985
16,16384,8,1024,835.22
16,16384,8,2048,1075.21
16,16384,8,4096,1431.32
16,16384,8,8192,2266.84
16,16384,8,16384,4184.45
16,16384,16,16,581.374
16,16384,16,32,583.977
16,16384,16,64,584.863
16,16384,16,128,661.129
16,16384,16,256,744.573
16,16384,16,512,920.723
16,16384,16,1024,1214.52
16,16384,16,2048,1786.06
16,16384,16,4096,3443.45
16,16384,16,8192,6420.12
16,16384,16,16384,12202.7
16,16384,32,16,701.14
16,16384,32,32,705.289
16,16384,32,64,711.776
16,16384,32,128,885.555
16,16384,32,256,1088.84
16,16384,32,512,1446.56
16,16384,32,1024,2305.24
16,16384,32,2048,4069.95
16,16384,32,4096,7710.28
16,16384,32,8192,14521.5
16,16384,32,16384,27509.3
16,16384,64,16,952.191
16,16384,64,32,964.03
16,16384,64,64,1011.03
16,16384,64,128,1304.47
16,16384,64,256,1776.69
16,16384,64,512,2799.71
16,16384,64,1024,4775.95
16,16384,64,2048,8444.74
16,16384,64,4096,15619
16,16384,64,8192,29958.2
16,16384,64,16384,59084
16,16384,128,16,1261.19
16,16384,128,32,1326.77
16,16384,128,64,1431.56
16,16384,128,128,1920.39
16,16384,128,256,2957.84
16,16384,128,512,4931.28
16,16384,128,1024,8617.93
16,16384,128,2048,15941.6
16,16384,128,4096,30412.3
16,16384,128,8192,59568.2
16,16384,128,16384,118175
32,0,0,0,12.9707
32,0,1,16,18.4853
32,0,1,32,18.4853
32,0,1,64,18.5707
32,0,1,128,23.4877
32,0,1,256,30.7093
32,0,1,512,37.8773
32,0,1,1024,51.68
32,0,1,2048,79.6687
32,0,1,4096,135.392
32,0,1,8192,247.232
32,0,1,16384,480.491
32,0,2,16,23.787
32,0,2,32,23.8607
32,0,2,64,23.9463
32,0,2,128,29.4393
32,0,2,256,36.96
32,0,2,512,51.7327
32,0,2,1024,80.5333
32,0,2,2048,136.544
32,0,2,4096,254.603
32,0,2,8192,488.532
32,0,2,16384,957.439
32,0,4,16,29.0767
32,0,4,32,29.387
32,0,4,64,29.9413
32,0,4,128,41.2267
32,0,4,256,55.136
32,0,4,512,83.0613
32,0,4,1024,138.922
32,0,4,2048,254.559
32,0,4,4096,478.954
32,0,4,8192,929.77
32,0,4,16384,1830.8
32,0,8,16,44.9923
32,0,8,32,45.6533
32,0,8,64,46.4533
32,0,8,128,67.6053
32,0,8,256,92.3943
32,0,8,512,141.334
32,0,8,1024,240.459
32,0,8,2048,441.536
32,0,8,4096,839.178
32,0,8,8192,1647.89
32,0,8,16384,3769.2
32,0,16,16,76.543
32,0,16,32,78.251
32,0,16,64,80.0427
32,0,16,128,121.611
32,0,16,256,167.679
32,0,16,512,259.199
32,0,16,1024,456.725
32,0,16,2048,839.572
32,0,16,4096,1966.39
32,0,16,8192,5158.97
32,0,16,16384,10856.7
32,0,32,16,142.955
32,0,32,32,146.624
32,0,32,64,149.066
32,0,32,128,231.233
32,0,32,256,325.749
32,0,32,512,567.435
32,0,32,1024,1092.79
32,0,32,2048,2805.95
32,0,32,4096,6387.03
32,0,32,8192,13308.3
32,0,32,16384,26423.2
32,0,64,16,270.165
32,0,64,32,277.504
32,0,64,64,283.947
32,0,64,128,458.389
32,0,64,256,851.638
32,0,64,512,1838.63
32,0,64,1024,3613.24
32,0,64,2048,7278.59
32,0,64,4096,14519.2
32,0,64,8192,29088.7
32,0,64,16384,58092.5
32,0,128,16,531.713
32,0,128,32,544.843
32,0,128,64,559.936
32,0,128,128,1025.38
32,0,128,256,1896.13
32,0,128,512,3752.12
32,0,128,1024,7404.85
32,0,128,2048,14728.1
32,0,128,4096,29340.8
32,0,128,8192,58649.4
32,0,128,16384,117185
32,16,0,0,13.0347
32,16,1,16,18.6777
32,16,1,32,18.709
32,16,1,64,18.8163
32,16,1,128,23.7227
32,16,1,256,30.8583
32,16,1,512,37.9947
32,16,1,1024,51.7227
32,16,1,2048,80.0107
32,16,1,4096,135.328
32,16,1,8192,247.253
32,16,1,16384,480.032
32,16,2,16,24.032
32,16,2,32,24.1063
32,16,2,64,24.192
32,16,2,128,29.6
32,16,2,256,37.2157
32,16,2,512,51.6477
32,16,2,1024,80.3733
32,16,2,2048,137.579
32,16,2,4096,255.083
32,16,2,8192,487.307
32,16,2,16384,956.408
32,16,4,16,29.3223
32,16,4,32,29.76
32,16,4,64,30.3893
32,16,4,128,41.216
32,16,4,256,55.008
32,16,4,512,82.912
32,16,4,1024,138.656
32,16,4,2048,255.03
32,16,4,4096,481.227
32,16,4,8192,934.133
32,16,4,16384,1828.07
32,16,8,16,44.9493
32,16,8,32,45.9093
32,16,8,64,46.8693
32,16,8,128,67.445
32,16,8,256,92.395
32,16,8,512,141.344
32,16,8,1024,240.225
32,16,8,2048,442.027
32,16,8,4096,839.351
32,16,8,8192,1639.8
32,16,8,16384,3775.74
32,16,16,16,76.641
32,16,16,32,78.3787
32,16,16,64,80.4157
32,16,16,128,121.867
32,16,16,256,167.392
32,16,16,512,259.531
32,16,16,1024,457.228
32,16,16,2048,846.167
32,16,16,4096,1916.64
32,16,16,8192,5210.4
32,16,16,16384,11044.2
32,16,32,16,143.093
32,16,32,32,146.485
32,16,32,64,149.483
32,16,32,128,231.296
32,16,32,256,325.942
32,16,32,512,573.056
32,16,32,1024,1118.9
32,16,32,2048,2709.34
32,16,32,4096,6304.34
32,16,32,8192,13004.3
32,16,32,16384,26204.1
32,16,64,16,270.24
32,16,64,32,277.515
32,16,64,64,284.288
32,16,64,128,458.593
32,16,64,256,860.812
32,16,64,512,1837.89
32,16,64,1024,3610.21
32,16,64,2048,7259.43
32,16,64,4096,14520.8
32,16,64,8192,28978.9
32,16,64,16384,58100.4
32,16,128,16,532.14
32,16,128,32,544.982
32,16,128,64,560.685
32,16,128,128,1032.61
32,16,128,256,1902.75
32,16,128,512,3754.51
32,16,128,1024,7395.48
32,16,128,2048,14724.2
32,16,128,4096,29339.3
32,16,128,8192,58640.7
32,16,128,16384,117184
32,32,0,0,13.035
32,32,1,16,18.763
32,32,1,32,18.6877
32,32,1,64,18.7307
32,32,1,128,23.4983
32,32,1,256,30.848
32,32,1,512,37.888
32,32,1,1024,51.7977
32,32,1,2048,79.616
32,32,1,4096,135.072
32,32,1,8192,247.691
32,32,1,16384,480.503
32,32,2,16,24.032
32,32,2,32,24.1067
32,32,2,64,24.4053
32,32,2,128,29.7173
32,32,2,256,36.9493
32,32,2,512,51.6587
32,32,2,1024,80.3737
32,32,2,2048,136.747
32,32,2,4096,255.009
32,32,2,8192,487.479
32,32,2,16384,956.323
32,32,4,16,29.408
32,32,4,32,29.888
32,32,4,64,30.2187
32,32,4,128,41.3227
32,32,4,256,55.0613
32,32,4,512,83.3807
32,32,4,1024,139.232
32,32,4,2048,255.446
32,32,4,4096,483.489
32,32,4,8192,935.705
32,32,4,16384,1827.89
32,32,8,16,45.067
32,32,8,32,45.771
32,32,8,64,46.9223
32,32,8,128,67.627
32,32,8,256,92.64
32,32,8,512,141.302
32,32,8,1024,240.79
32,32,8,2048,441.802
32,32,8,4096,839.139
32,32,8,8192,1644.52
32,32,8,16384,3740.03
32,32,16,16,76.6933
32,32,16,32,78.368
32,32,16,64,80.5117
32,32,16,128,121.856
32,32,16,256,167.68
32,32,16,512,259.125
32,32,16,1024,456.47
32,32,16,2048,847.126
32,32,16,4096,2005.35
32,32,16,8192,5035.81
32,32,16,16384,10895.3
32,32,32,16,142.901
32,32,32,32,146.635
32,32,32,64,149.419
32,32,32,128,231.403
32,32,32,256,325.089
32,32,32,512,571.043
32,32,32,1024,1125.51
32,32,32,2048,2747.7
32,32,32,4096,6350.12
32,32,32,8192,13109.3
32,32,32,16384,26332
32,32,64,16,270.316
32,32,64,32,277.665
32,32,64,64,284.342
32,32,64,128,457.847
32,32,64,256,853.945
32,32,64,512,1843.05
32,32,64,1024,3612.13
32,32,64,2048,7274.89
32,32,64,4096,14514.9
32,32,64,8192,28993.6
32,32,64,16384,58055.4
32,32,128,16,532.13
32,32,128,32,544.855
32,32,128,64,560.952
32,32,128,128,1038.65
32,32,128,256,1898.41
32,32,128,512,3749.77
32,32,128,1024,7402.16
32,32,128,2048,14728.3
32,32,128,4096,29337.4
32,32,128,8192,58645.9
32,32,128,16384,117189
32,64,0,0,13.2697
32,64,1,16,18.891
32,64,1,32,19.019
32,64,1,64,19.296
32,64,1,128,23.4883
32,64,1,256,30.6347
32,64,1,512,38.112
32,64,1,1024,51.968
32,64,1,2048,79.6913
32,64,1,4096,135.947
32,64,1,8192,247.852
32,64,1,16384,480.428
32,64,2,16,24.2667
32,64,2,32,24.576
32,64,2,64,24.672
32,64,2,128,29.7387
32,64,2,256,37.2583
32,64,2,512,51.883
32,64,2,1024,80.64
32,64,2,2048,136.907
32,64,2,4096,254.337
32,64,2,8192,488.088
32,64,2,16384,956.89
32,64,4,16,29.7813
32,64,4,32,30.112
32,64,4,64,30.656
32,64,4,128,41.216
32,64,4,256,55.1147
32,64,4,512,83.19
32,64,4,1024,139.318
32,64,4,2048,254.731
32,64,4,4096,482.914
32,64,4,8192,934.318
32,64,4,16384,1829.95
32,64,8,16,45.5893
32,64,8,32,46.1873
32,64,8,64,47.2
32,64,8,128,67.712
32,64,8,256,92.4813
32,64,8,512,141.462
32,64,8,1024,241.014
32,64,8,2048,442.007
32,64,8,4096,840.247
32,64,8,8192,1646.24
32,64,8,16384,3770.15
32,64,16,16,77.2803
32,64,16,32,78.688
32,64,16,64,80.6827
32,64,16,128,121.729
32,64,16,256,167.829
32,64,16,512,259.606
32,64,16,1024,456.726
32,64,16,2048,843.107
32,64,16,4096,1993.76
32,64,16,8192,5011.44
32,64,16,16384,11012.5
32,64,32,16,143.04
32,64,32,32,146.71
32,64,32,64,149.664
32,64,32,128,231.82
32,64,32,256,325.484
32,64,32,512,570.786
32,64,32,1024,1132.34
32,64,32,2048,2863.6
32,64,32,4096,6414.32
32,64,32,8192,12929
32,64,32,16384,26284.3
32,64,64,16,270.422
32,64,64,32,277.718
32,64,64,64,284.674
32,64,64,128,459.223
32,64,64,256,845.561
32,64,64,512,1841.36
32,64,64,1024,3620.06
32,64,64,2048,7282.07
32,64,64,4096,14435.5
32,64,64,8192,28992.4
32,64,64,16384,58138.2
32,64,128,16,532.397
32,64,128,32,544.706
32,64,128,64,560.845
32,64,128,128,1028.9
32,64,128,256,1899
32,64,128,512,3757.57
32,64,128,1024,7406.6
32,64,128,2048,14727.5
32,64,128,4096,29343
32,64,128,8192,58644
32,64,128,16384,117177
32,128,0,0,16.8003
32,128,1,16,24.1603
32,128,1,32,24.1923
32,128,1,64,24.2457
32,128,1,128,26.2187
32,128,1,256,30.6557
32,128,1,512,45.2913
32,128,1,1024,59.2533
32,128,1,2048,87.2217
32,128,1,4096,143.019
32,128,1,8192,254.39
32,128,1,16384,481.751
32,128,2,16,27.8927
32,128,2,32,27.9893
32,128,2,64,28.171
32,128,2,128,34.688
32,128,2,256,40.6933
32,128,2,512,55.4987
32,128,2,1024,84.6403
32,128,2,2048,140.257
32,128,2,4096,255.35
32,128,2,8192,488.856
32,128,2,16384,958.756
32,128,4,16,36.3097
32,128,4,32,36.6727
32,128,4,64,37.024
32,128,4,128,43.85
32,128,4,256,55.488
32,128,4,512,83.8303
32,128,4,1024,139.297
32,128,4,2048,253.802
32,128,4,4096,485.656
32,128,4,8192,940.048
32,128,4,16384,1831.52
32,128,8,16,52.012
32,128,8,32,52.7253
32,128,8,64,53.3333
32,128,8,128,70.3897
32,128,8,256,93.1737
32,128,8,512,142.39
32,128,8,1024,240.172
32,128,8,2048,441.08
32,128,8,4096,842.417
32,128,8,8192,1663.04
32,128,8,16384,3841.93
32,128,16,16,83.776
32,128,16,32,85.0563
32,128,16,64,86.731
32,128,16,128,124.128
32,128,16,256,168.929
32,128,16,512,259.927
32,128,16,1024,470.082
32,128,16,2048,893.135
32,128,16,4096,2081.68
32,128,16,8192,5150.78
32,128,16,16384,11001.7
32,128,32,16,146.187
32,128,32,32,149.718
32,128,32,64,152.608
32,128,32,128,235.969
32,128,32,256,330.882
32,128,32,512,577.668
32,128,32,1024,1199.78
32,128,32,2048,2810.19
32,128,32,4096,6433.04
32,128,32,8192,13074.2
32,128,32,16384,26170.6
32,128,64,16,273.228
32,128,64,32,280.172
32,128,64,64,287.053
32,128,64,128,463.117
32,128,64,256,861.946
32,128,64,512,1840.96
32,128,64,1024,3624.35
32,128,64,2048,7274.7
32,128,64,4096,14510.1
32,128,64,8192,29116.1
32,128,64,16384,58104.6
32,128,128,16,534.926
32,128,128,32,547.736
32,128,128,64,563.982
32,128,128,128,1045.56
32,128,128,256,1908.53
32,128,128,512,3759.35
32,128,128,1024,7402.98
32,128,128,2048,14740.1
32,128,128,4096,29344.2
32,128,128,8192,58674.6
32,128,128,16384,117188
32,256,0,0,20.1607
32,256,1,16,30.9867
32,256,1,32,30.9867
32,256,1,64,31.008
32,256,1,128,31.1253
32,256,1,256,33.632
32,256,1,512,44.8213
32,256,1,1024,66.4437
32,256,1,2048,94.0597
32,256,1,4096,149.942
32,256,1,8192,261.719
32,256,1,16384,484.749
32,256,2,16,31.6157
32,256,2,32,31.8613
32,256,2,64,31.9467
32,256,2,128,38.7307
32,256,2,256,45.3877
32,256,2,512,59.1043
32,256,2,1024,88.5233
32,256,2,2048,144.385
32,256,2,4096,257.217
32,256,2,8192,489.518
32,256,2,16384,958.042
32,256,4,16,41.792
32,256,4,32,42.2407
32,256,4,64,42.4213
32,256,4,128,50.7733
32,256,4,256,58.3897
32,256,4,512,83.9043
32,256,4,1024,139.607
32,256,4,2048,253.922
32,256,4,4096,486.35
32,256,4,8192,935.323
32,256,4,16384,1839.18
32,256,8,16,57.1413
32,256,8,32,58.0483
32,256,8,64,59.008
32,256,8,128,77.3127
32,256,8,256,95.6807
32,256,8,512,142.956
32,256,8,1024,239.757
32,256,8,2048,442.253
32,256,8,4096,850.011
32,256,8,8192,1677.92
32,256,8,16384,3970.43
32,256,16,16,88.662
32,256,16,32,90.71
32,256,16,64,92.5017
32,256,16,128,131.062
32,256,16,256,172.044
32,256,16,512,261.495
32,256,16,1024,483.49
32,256,16,2048,974.769
32,256,16,4096,2433.27
32,256,16,8192,5182.88
32,256,16,16384,10972.8
32,256,32,16,151.639
32,256,32,32,155.435
32,256,32,64,158.614
32,256,32,128,238.402
32,256,32,256,336.13
32,256,32,512,569.049
32,256,32,1024,1306.78
32,256,32,2048,2892.09
32,256,32,4096,6447.05
32,256,32,8192,12969.8
32,256,32,16384,26504.9
32,256,64,16,279.083
32,256,64,32,285.4
32,256,64,64,292.023
32,256,64,128,464.963
32,256,64,256,873.638
32,256,64,512,1856.68
32,256,64,1024,3653.24
32,256,64,2048,7295.37
32,256,64,4096,14565
32,256,64,8192,29080.6
32,256,64,16384,58290.2
32,256,128,16,537.348
32,256,128,32,550.285
32,256,128,64,566.682
32,256,128,128,1044.65
32,256,128,256,1919.71
32,256,128,512,3772.59
32,256,128,1024,7416.59
32,256,128,2048,14739.7
32,256,128,4096,29448.9
32,256,128,8192,58655.1
32,256,128,16384,117190
32,512,0,0,27.168
32,512,1,16,38.1233
32,512,1,32,38.2293
32,512,1,64,38.208
32,512,1,128,45.0033
32,512,1,256,45.2163
32,512,1,512,48.0747
32,512,1,1024,73.9313
32,512,1,2048,107.926
32,512,1,4096,163.138
32,512,1,8192,273.909
32,512,1,16384,497.742
32,512,2,16,43.552
32,512,2,32,44.1283
32,512,2,64,44.1177
32,512,2,128,45.899
32,512,2,256,53.0567
32,512,2,512,66.7423
32,512,2,1024,95.788
32,512,2,2048,151.884
32,512,2,4096,265.772
32,512,2,8192,489.955
32,512,2,16384,961.423
32,512,4,16,51.5633
32,512,4,32,51.67
32,512,4,64,51.7337
32,512,4,128,62.603
32,512,4,256,71.9477
32,512,4,512,86.4967
32,512,4,1024,140.556
32,512,4,2048,253.442
32,512,4,4096,479.982
32,512,4,8192,946.983
32,512,4,16384,1863.93
32,512,8,16,69.024
32,512,8,32,69.707
32,512,8,64,70.5173
32,512,8,128,89.0137
32,512,8,256,109.462
32,512,8,512,145.686
32,512,8,1024,242.326
32,512,8,2048,447.544
32,512,8,4096,890.139
32,512,8,8192,1895.35
32,512,8,16384,3978.5
32,512,16,16,100.267
32,512,16,32,102.187
32,512,16,64,103.894
32,512,16,128,143.222
32,512,16,256,184.674
32,512,16,512,265.698
32,512,16,1024,469.133
32,512,16,2048,1125.4
32,512,16,4096,2565.27
32,512,16,8192,5622.01
32,512,16,16384,11742.8
32,512,32,16,163.137
32,512,32,32,167.201
32,512,32,64,170.486
32,512,32,128,250.37
32,512,32,256,341.805
32,512,32,512,570.969
32,512,32,1024,1338.81
32,512,32,2048,3151.95
32,512,32,4096,6686.07
32,512,32,8192,13318.9
32,512,32,16384,27170.6
32,512,64,16,290.957
32,512,64,32,297.378
32,512,64,64,303.98
32,512,64,128,474.158
32,512,64,256,889.82
32,512,64,512,1859.31
32,512,64,1024,3680.39
32,512,64,2048,7319.21
32,512,64,4096,14600.9
32,512,64,8192,29197.7
32,512,64,16384,58256.1
32,512,128,16,548.399
32,512,128,32,561.115
32,512,128,64,577.018
32,512,128,128,1066.82
32,512,128,256,1928.4
32,512,128,512,3780.67
32,512,128,1024,7427.3
32,512,128,2048,14756.1
32,512,128,4096,29366.7
32,512,128,8192,58682.3
32,512,128,16384,117222
32,1024,0,0,41.5253
32,1024,1,16,52.3417
32,1024,1,32,52.1503
32,1024,1,64,52.3533
32,1024,1,128,59.275
32,1024,1,256,66.3147
32,1024,1,512,73.3337
32,1024,1,1024,76.8643
32,1024,1,2048,130.571
32,1024,1,4096,192.171
32,1024,1,8192,303.651
32,1024,1,16384,526.927
32,1024,2,16,57.76
32,1024,2,32,58.166
32,1024,2,64,58.1547
32,1024,2,128,68.0113
32,1024,2,256,74.1227
32,1024,2,512,81.2063
32,1024,2,1024,108.758
32,1024,2,2048,169.484
32,1024,2,4096,282.488
32,1024,2,8192,507.097
32,1024,2,16384,967.497
32,1024,4,16,73.398
32,1024,4,32,73.4723
32,1024,4,64,72.651
32,1024,4,128,83.0513
32,1024,4,256,91.2857
32,1024,4,512,113.888
32,1024,4,1024,144.439
32,1024,4,2048,254.903
32,1024,4,4096,482.712
32,1024,4,8192,971.283
32,1024,4,16384,1943.07
32,1024,8,16,89.2273
32,1024,8,32,89.515
32,1024,8,64,90.9977
32,1024,8,128,111.202
32,1024,8,256,129.771
32,1024,8,512,172.684
32,1024,8,1024,247.277
32,1024,8,2048,443.331
32,1024,8,4096,971.282
32,1024,8,8192,2154.2
32,1024,8,16384,4444.11
32,1024,16,16,121.015
32,1024,16,32,122.551
32,1024,16,64,124.438
32,1024,16,128,164.47
32,1024,16,256,208.183
32,1024,16,512,292.973
32,1024,16,1024,461.392
32,1024,16,2048,944.797
32,1024,16,4096,2739.82
32,1024,16,8192,5803.87
32,1024,16,16384,12164.7
32,1024,32,16,187.307
32,1024,32,32,191.031
32,1024,32,64,193.761
32,1024,32,128,273.698
32,1024,32,256,365.902
32,1024,32,512,594.415
32,1024,32,1024,1252.94
32,1024,32,2048,3212.53
32,1024,32,4096,6791.71
32,1024,32,8192,13415.3
32,1024,32,16384,27229.2
32,1024,64,16,314.531
32,1024,64,32,320.952
32,1024,64,64,327.298
32,1024,64,128,498.116
32,1024,64,256,963.945
32,1024,64,512,1909.95
32,1024,64,1024,3688.83
32,1024,64,2048,7338.91
32,1024,64,4096,14635.1
32,1024,64,8192,29104.6
32,1024,64,16384,58258.8
32,1024,128,16,572.218
32,1024,128,32,584.101
32,1024,128,64,602.106
32,1024,128,128,1097.19
32,1024,128,256,1957.84
32,1024,128,512,3815.3
32,1024,128,1024,7458.69
32,1024,128,2048,14779.9
32,1024,128,4096,29404
32,1024,128,8192,58684.8
32,1024,128,16384,117256
32,2048,0,0,70.1443
32,2048,1,16,79.51
32,2048,1,32,79.9477
32,2048,1,64,80.0753
32,2048,1,128,86.838
32,2048,1,256,93.5153
32,2048,1,512,107.318
32,2048,1,1024,129.281
32,2048,1,2048,135.959
32,2048,1,4096,247.352
32,2048,1,8192,368.782
32,2048,1,16384,607.77
32,2048,2,16,86.155
32,2048,2,32,86.7637
32,2048,2,64,86.7307
32,2048,2,128,96.3743
32,2048,2,256,106.528
32,2048,2,512,127.66
32,2048,2,1024,138.967
32,2048,2,2048,194.604
32,2048,2,4096,315.427
32,2048,2,8192,557.178
32,2048,2,16384,1026.45
32,2048,4,16,101.441
32,2048,4,32,101.75
32,2048,4,64,102.188
32,2048,4,128,121.868
32,2048,4,256,131.66
32,2048,4,512,149.825
32,2048,4,1024,198.562
32,2048,4,2048,261.613
32,2048,4,4096,487.45
32,2048,4,8192,982.665
32,2048,4,16384,1968.36
32,2048,8,16,128.61
32,2048,8,32,130.017
32,2048,8,64,129.847
32,2048,8,128,149.655
32,2048,8,256,177.847
32,2048,8,512,210.188
32,2048,8,1024,302.189
32,2048,8,2048,450.755
32,2048,8,4096,907.815
32,2048,8,8192,2296.14
32,2048,8,16384,4549.1
32,2048,16,16,164.289
32,2048,16,32,166.326
32,2048,16,64,167.297
32,2048,16,128,208.514
32,2048,16,256,252.856
32,2048,16,512,343.919
32,2048,16,1024,517.402
32,2048,16,2048,865.928
32,2048,16,4096,2677.67
32,2048,16,8192,6087.75
32,2048,16,16384,12220.1
32,2048,32,16,230.274
32,2048,32,32,234.349
32,2048,32,64,237.73
32,2048,32,128,318.136
32,2048,32,256,417.006
32,2048,32,512,663.793
32,2048,32,1024,1345.59
32,2048,32,2048,3154.21
32,2048,32,4096,6906.48
32,2048,32,8192,13497.3
32,2048,32,16384,27050.6
32,2048,64,16,360.558
32,2048,64,32,365.998
32,2048,64,64,372.963
32,2048,64,128,545.2
32,2048,64,256,1065.18
32,2048,64,512,1980.9
32,2048,64,1024,3763.79
32,2048,64,2048,7381.04
32,2048,64,4096,14665.7
32,2048,64,8192,29270.8
32,2048,64,16384,58382
32,2048,128,16,618.299
32,2048,128,32,631.196
32,2048,128,64,651.131
32,2048,128,128,1177.65
32,2048,128,256,2039.73
32,2048,128,512,3879.54
32,2048,128,1024,7514.31
32,2048,128,2048,14842.5
32,2048,128,4096,29458.4
32,2048,128,8192,58753.8
32,2048,128,16384,117402
32,4096,0,0,127.489
32,4096,1,16,135.457
32,4096,1,32,136.076
32,4096,1,64,135.404
32,4096,1,128,142.273
32,4096,1,256,148.918
32,4096,1,512,163.894
32,4096,1,1024,193.047
32,4096,1,2048,241.367
32,4096,1,4096,255.522
32,4096,1,8192,480.324
32,4096,1,16384,719.687
32,4096,2,16,143.948
32,4096,2,32,143.703
32,4096,2,64,143.17
32,4096,2,128,152.407
32,4096,2,256,163.746
32,4096,2,512,184.737
32,4096,2,1024,226.647
32,4096,2,2048,255.49
32,4096,2,4096,369.369
32,4096,2,8192,605.841
32,4096,2,16384,1088.47
32,4096,4,16,158.007
32,4096,4,32,158.508
32,4096,4,64,158.658
32,4096,4,128,177.826
32,4096,4,256,198.733
32,4096,4,512,239.661
32,4096,4,1024,276.152
32,4096,4,2048,372.238
32,4096,4,4096,496.091
32,4096,4,8192,944.733
32,4096,4,16384,2006.92
32,4096,8,16,184.812
32,4096,8,32,186.253
32,4096,8,64,187.447
32,4096,8,128,223.394
32,4096,8,256,253.315
32,4096,8,512,300.046
32,4096,8,1024,392.079
32,4096,8,2048,559.493
32,4096,8,4096,854.995
32,4096,8,8192,2321.06
32,4096,8,16384,5007.49
32,4096,16,16,240.567
32,4096,16,32,245.08
32,4096,16,64,247.021
32,4096,16,128,292.557
32,4096,16,256,336.067
32,4096,16,512,422.49
32,4096,16,1024,618.533
32,4096,16,2048,1007.61
32,4096,16,4096,2172.47
32,4096,16,8192,6081.03
32,4096,16,16384,12482.9
32,4096,32,16,311.086
32,4096,32,32,315.501
32,4096,32,64,317.07
32,4096,32,128,406.03
32,4096,32,256,498.735
32,4096,32,512,809.789
32,4096,32,1024,1496.34
32,4096,32,2048,3178.63
32,4096,32,4096,6629.05
32,4096,32,8192,13569.9
32,4096,32,16384,27416.1
32,4096,64,16,448.506
32,4096,64,32,454.031
32,4096,64,64,460.058
32,4096,64,128,639.322
32,4096,64,256,1191.94
32,4096,64,512,2133.71
32,4096,64,1024,3919.54
32,4096,64,2048,7550.1
32,4096,64,4096,14670.6
32,4096,64,8192,29301.5
32,4096,64,16384,58459.6
32,4096,128,16,712.551
32,4096,128,32,725.33
32,4096,128,64,750.93
32,4096,128,128,1286.81
32,4096,128,256,2180.79
32,4096,128,512,4052.81
32,4096,128,1024,7659.97
32,4096,128,2048,14964.8
32,4096,128,4096,29567.2
32,4096,128,8192,58879.8
32,4096,128,16384,117431
32,8192,0,0,243.373
32,8192,1,16,248.088
32,8192,1,32,248.205
32,8192,1,64,246.424
32,8192,1,128,253.379
32,8192,1,256,260.408
32,8192,1,512,275.405
32,8192,1,1024,305.369
32,8192,1,2048,368.772
32,8192,1,4096,471.376
32,8192,1,8192,490.735
32,8192,1,16384,942.516
32,8192,2,16,254.915
32,8192,2,32,255.65
32,8192,2,64,255.821
32,8192,2,128,265.603
32,8192,2,256,275.918
32,8192,2,512,297.805
32,8192,2,1024,338.713
32,8192,2,2048,427.396
32,8192,2,4096,489.807
32,8192,2,8192,714.172
32,8192,2,16384,1196.2
32,8192,4,16,271.01
32,8192,4,32,273.72
32,8192,4,64,272.632
32,8192,4,128,292.003
32,8192,4,256,311.428
32,8192,4,512,351.875
32,8192,4,1024,436.027
32,8192,4,2048,534.469
32,8192,4,4096,717.009
32,8192,4,8192,958.261
32,8192,4,16384,1932.46
32,8192,8,16,299.064
32,8192,8,32,300.056
32,8192,8,64,300.355
32,8192,8,128,338.03
32,8192,8,256,374.18
32,8192,8,512,450.308
32,8192,8,1024,543.42
32,8192,8,2048,735.357
32,8192,8,4096,1076.71
32,8192,8,8192,1706.25
32,8192,8,16384,4941.98
32,8192,16,16,356.43
32,8192,16,32,360.067
32,8192,16,64,361.443
32,8192,16,128,437.7
32,8192,16,256,495.61
32,8192,16,512,601.446
32,8192,16,1024,855.986
32,8192,16,2048,1236.74
32,8192,16,4096,2481.29
32,8192,16,8192,5980.56
32,8192,16,16384,12511.3
32,8192,32,16,469.924
32,8192,32,32,476.058
32,8192,32,64,482.021
32,8192,32,128,570.619
32,8192,32,256,698.62
32,8192,32,512,1056.66
32,8192,32,1024,1822.3
32,8192,32,2048,3713.63
32,8192,32,4096,7124.74
32,8192,32,8192,13711.5
32,8192,32,16384,27447
32,8192,64,16,612.742
32,8192,64,32,622.406
32,8192,64,64,630.855
32,8192,64,128,884.267
32,8192,64,256,1417.07
32,8192,64,512,2418.83
32,8192,64,1024,4213.91
32,8192,64,2048,7865.17
32,8192,64,4096,14947.8
32,8192,64,8192,29549.4
32,8192,64,16384,58714.5
32,8192,128,16,890.078
32,8192,128,32,912.224
32,8192,128,64,985.408
32,8192,128,128,1561.11
32,8192,128,256,2476.9
32,8192,128,512,4368.47
32,8192,128,1024,7992.21
32,8192,128,2048,15260.2
32,8192,128,4096,29794.8
32,8192,128,8192,59110.3
32,8192,128,16384,117662
32,16384,0,0,476.676
32,16384,1,16,478.662
32,16384,1,32,478.694
32,16384,1,64,478.522
32,16384,1,128,480.006
32,16384,1,256,484.357
32,16384,1,512,497.338
32,16384,1,1024,526.842
32,16384,1,2048,608.156
32,16384,1,4096,718.835
32,16384,1,8192,943.415
32,16384,1,16384,967.284
32,16384,2,16,479.087
32,16384,2,32,479.504
32,16384,2,64,481.499
32,16384,2,128,490.288
32,16384,2,256,501.415
32,16384,2,512,521.467
32,16384,2,1024,564.486
32,16384,2,2048,665.073
32,16384,2,4096,831.07
32,16384,2,8192,952.532
32,16384,2,16384,1402.22
32,16384,4,16,493.712
32,16384,4,32,495.738
32,16384,4,64,497.456
32,16384,4,128,518.427
32,16384,4,256,539.152
32,16384,4,512,579.1
32,16384,4,1024,662.128
32,16384,4,2048,838.921
32,16384,4,4096,1062.15
32,16384,4,8192,1399.63
32,16384,4,16384,1946.35
32,16384,8,16,525.307
32,16384,8,32,527.547
32,16384,8,64,527.013
32,16384,8,128,563.163
32,16384,8,256,600.455
32,16384,8,512,678.578
32,16384,8,1024,833.492
32,16384,8,2048,1080.09
32,16384,8,4096,1426.6
32,16384,8,8192,2286.18
32,16384,8,16384,4342.81
32,16384,16,16,581.425
32,16384,16,32,584.561
32,16384,16,64,588.689
32,16384,16,128,661.276
32,16384,16,256,744.904
32,16384,16,512,919.977
32,16384,16,1024,1219.71
32,16384,16,2048,1806.5
32,16384,16,4096,3467.28
32,16384,16,8192,6292.99
32,16384,16,16384,12087.8
32,16384,32,16,698.844
32,16384,32,32,705.513
32,16384,32,64,709.533
32,16384,32,128,878.401
32,16384,32,256,1120.96
32,16384,32,512,1479.66
32,16384,32,1024,2315.65
32,16384,32,2048,4119.69
32,16384,32,4096,7711.03
32,16384,32,8192,14272.4
32,16384,32,16384,27460.2
32,16384,64,16,956.556
32,16384,64,32,972.032
32,16384,64,64,1023.75
32,16384,64,128,1307.84
32,16384,64,256,1754.49
32,16384,64,512,2873.5
32,16384,64,1024,4760.55
32,16384,64,2048,8445.91
32,16384,64,4096,15616.8
32,16384,64,8192,29905
32,16384,64,16384,59130.1
32,16384,128,16,1267.05
32,16384,128,32,1336.4
32,16384,128,64,1402.68
32,16384,128,128,1967.12
32,16384,128,256,2987.12
32,16384,128,512,4951.9
32,16384,128,1024,8614.08
32,16384,128,2048,15919.5
32,16384,128,4096,30415.9
32,16384,128,8192,59557.5
32,16384,128,16384,118092
64,0,0,0,13.92
64,0,1,16,19.2
64,0,1,32,19.3393
64,0,1,64,19.4347
64,0,1,128,23.6693
64,0,1,256,30.8277
64,0,1,512,38.528
64,0,1,1024,52.9177
64,0,1,2048,80.6517
64,0,1,4096,136.577
64,0,1,8192,248.344
64,0,1,16384,480.496
64,0,2,16,24.6403
64,0,2,32,24.747
64,0,2,64,24.7473
64,0,2,128,29.9843
64,0,2,256,37.5787
64,0,2,512,52.2243
64,0,2,1024,80.6837
64,0,2,2048,136.62
64,0,2,4096,254.125
64,0,2,8192,487.312
64,0,2,16384,956.224
64,0,4,16,30.1237
64,0,4,32,30.5063
64,0,4,64,30.8697
64,0,4,128,41.259
64,0,4,256,55.3607
64,0,4,512,83.265
64,0,4,1024,139.639
64,0,4,2048,255.352
64,0,4,4096,481.744
64,0,4,8192,932.085
64,0,4,16384,1837.49
64,0,8,16,45.643
64,0,8,32,46.454
64,0,8,64,47.3927
64,0,8,128,67.8297
64,0,8,256,92.6623
64,0,8,512,141.516
64,0,8,1024,241.208
64,0,8,2048,441.978
64,0,8,4096,839.465
64,0,8,8192,1646.22
64,0,8,16384,3691.88
64,0,16,16,77.441
64,0,16,32,78.9127
64,0,16,64,80.8007
64,0,16,128,122.209
64,0,16,256,167.948
64,0,16,512,259.554
64,0,16,1024,458.671
64,0,16,2048,857.93
64,0,16,4096,1902.75
64,0,16,8192,5199.2
64,0,16,16384,11331.9
64,0,32,16,143.276
64,0,32,32,146.839
64,0,32,64,149.858
64,0,32,128,232.45
64,0,32,256,326.446
64,0,32,512,581.148
64,0,32,1024,1123.22
64,0,32,2048,2766.12
64,0,32,4096,6342.89
64,0,32,8192,13051.7
64,0,32,16384,26455.2
64,0,64,16,271.449
64,0,64,32,278.638
64,0,64,64,284.825
64,0,64,128,459.077
64,0,64,256,858.036
64,0,64,512,1839.42
64,0,64,1024,3621.19
64,0,64,2048,7283.48
64,0,64,4096,14502.6
64,0,64,8192,29175.4
64,0,64,16384,58072
64,0,128,16,534.758
64,0,128,32,546.93
64,0,128,64,562.363
64,0,128,128,1046.09
64,0,128,256,1902.13
64,0,128,512,3756.4
64,0,128,1024,7407.66
64,0,128,2048,14731
64,0,128,4096,29349.1
64,0,128,8192,58651
64,0,128,16384,117176
64,16,0,0,13.771
64,16,1,16,19.3387
64,16,1,32,19.5523
64,16,1,64,19.7553
64,16,1,128,23.6377
64,16,1,256,30.9767
64,16,1,512,39.0193
64,16,1,1024,52.7797
64,16,1,2048,80.4383
64,16,1,4096,136.247
64,16,1,8192,247.416
64,16,1,16384,480.506
64,16,2,16,24.7257
64,16,2,32,24.96
64,16,2,64,25.291
64,16,2,128,30.048
64,16,2,256,37.8243
64,16,2,512,52.2567
64,16,2,1024,80.8863
64,16,2,2048,137.623
64,16,2,4096,254.841
64,16,2,8192,489.414
64,16,2,16384,956.267
64,16,4,16,30.3363
64,16,4,32,30.8483
64,16,4,64,31.3603
64,16,4,128,41.3663
64,16,4,256,55.467
64,16,4,512,83.2647
64,16,4,1024,139.318
64,16,4,2048,256.014
64,16,4,4096,484.08
64,16,4,8192,930.389
64,16,4,16384,1830.07
64,16,8,16,46.102
64,16,8,32,46.7313
64,16,8,64,47.5423
64,16,8,128,68.1713
64,16,8,256,92.8333
64,16,8,512,141.623
64,16,8,1024,240.898
64,16,8,2048,442.16
64,16,8,4096,841.066
64,16,8,8192,1642.23
64,16,8,16384,3796.08
64,16,16,16,77.707
64,16,16,32,79.2647
64,16,16,64,81.1747
64,16,16,128,121.986
64,16,16,256,167.757
64,16,16,512,259.043
64,16,16,1024,457.424
64,16,16,2048,848.724
64,16,16,4096,1923.74
64,16,16,8192,5039.98
64,16,16,16384,11047.7
64,16,32,16,143.202
64,16,32,32,147.116
64,16,32,64,149.879
64,16,32,128,232.482
64,16,32,256,326.713
64,16,32,512,588.614
64,16,32,1024,1120.14
64,16,32,2048,2760.47
64,16,32,4096,6413.1
64,16,32,8192,13288.9
64,16,32,16384,26566.9
64,16,64,16,271.501
64,16,64,32,278.243
64,16,64,64,285.582
64,16,64,128,460.315
64,16,64,256,852.778
64,16,64,512,1845.82
64,16,64,1024,3613.68
64,16,64,2048,7253.39
64,16,64,4096,14509.6
64,16,64,8192,29015.6
64,16,64,16384,58151.1
64,16,128,16,534.428
64,16,128,32,548.166
64,16,128,64,563.655
64,16,128,128,1034.48
64,16,128,256,1905.34
64,16,128,512,3758.11
64,16,128,1024,7406.62
64,16,128,2048,14753
64,16,128,4096,29346.9
64,16,128,8192,58669.7
64,16,128,16384,117177
64,32,0,0,13.8987
64,32,1,16,19.457
64,32,1,32,19.595
64,32,1,64,19.7653
64,32,1,128,23.8187
64,32,1,256,30.8693
64,32,1,512,39.0617
64,32,1,1024,52.7477
64,32,1,2048,81.5157
64,32,1,4096,136.695
64,32,1,8192,249.144
64,32,1,16384,480.977
64,32,2,16,25.0137
64,32,2,32,25.2063
64,32,2,64,25.3013
64,32,2,128,30.3473
64,32,2,256,37.9307
64,32,2,512,52.417
64,32,2,1024,81.0993
64,32,2,2048,137.335
64,32,2,4096,255.427
64,32,2,8192,488.593
64,32,2,16384,955.745
64,32,4,16,30.6133
64,32,4,32,31.051
64,32,4,64,31.339
64,32,4,128,41.462
64,32,4,256,55.4893
64,32,4,512,83.2117
64,32,4,1024,138.978
64,32,4,2048,255.011
64,32,4,4096,483.451
64,32,4,8192,929.675
64,32,4,16384,1837.36
64,32,8,16,46.1873
64,32,8,32,46.9127
64,32,8,64,47.8833
64,32,8,128,68.129
64,32,8,256,92.865
64,32,8,512,141.687
64,32,8,1024,240.835
64,32,8,2048,442.587
64,32,8,4096,840.991
64,32,8,8192,1647.74
64,32,8,16384,3740.28
64,32,16,16,77.836
64,32,16,32,79.3927
64,32,16,64,81.4733
64,32,16,128,121.847
64,32,16,256,167.885
64,32,16,512,259.746
64,32,16,1024,458.32
64,32,16,2048,848.885
64,32,16,4096,1974.84
64,32,16,8192,5067.16
64,32,16,16384,11182.6
64,32,32,16,143.319
64,32,32,32,147.074
64,32,32,64,150.092
64,32,32,128,232.483
64,32,32,256,326.756
64,32,32,512,583.4
64,32,32,1024,1168.72
64,32,32,2048,2849.68
64,32,32,4096,6394.66
64,32,32,8192,13092.2
64,32,32,16384,26032.4
64,32,64,16,271.641
64,32,64,32,278.478
64,32,64,64,285.444
64,32,64,128,460.315
64,32,64,256,845.183
64,32,64,512,1838.21
64,32,64,1024,3619.34
64,32,64,2048,7280.74
64,32,64,4096,14467.6
64,32,64,8192,28962.2
64,32,64,16384,58183.4
64,32,128,16,535.1
64,32,128,32,547.271
64,32,128,64,563.474
64,32,128,128,1033.34
64,32,128,256,1903.18
64,32,128,512,3763.46
64,32,128,1024,7410.66
64,32,128,2048,14739.1
64,32,128,4096,29346.1
64,32,128,8192,58660.6
64,32,128,16384,117181
64,64,0,0,14.016
64,64,1,16,19.5947
64,64,1,32,19.7657
64,64,1,64,19.9467
64,64,1,128,24.0003
64,64,1,256,30.9553
64,64,1,512,39.0727
64,64,1,1024,53.1107
64,64,1,2048,80.801
64,64,1,4096,136.461
64,64,1,8192,248.569
64,64,1,16384,480.977
64,64,2,16,25.0243
64,64,2,32,25.355
64,64,2,64,25.5467
64,64,2,128,30.486
64,64,2,256,38.006
64,64,2,512,52.705
64,64,2,1024,81.5693
64,64,2,2048,137.719
64,64,2,4096,253.774
64,64,2,8192,486.843
64,64,2,16384,956.554
64,64,4,16,31.115
64,64,4,32,31.3603
64,64,4,64,31.8403
64,64,4,128,41.75
64,64,4,256,55.606
64,64,4,512,83.4247
64,64,4,1024,139.414
64,64,4,2048,255.203
64,64,4,4096,482.129
64,64,4,8192,935.509
64,64,4,16384,1838.42
64,64,8,16,46.422
64,64,8,32,47.4353
64,64,8,64,48.15
64,64,8,128,68.1393
64,64,8,256,92.7693
64,64,8,512,141.826
64,64,8,1024,241.069
64,64,8,2048,443.942
64,64,8,4096,841.088
64,64,8,8192,1656.73
64,64,8,16384,3815.24
64,64,16,16,78.401
64,64,16,32,79.894
64,64,16,64,81.6433
64,64,16,128,122.167
64,64,16,256,167.991
64,64,16,512,259.576
64,64,16,1024,459.27
64,64,16,2048,858.774
64,64,16,4096,1874.63
64,64,16,8192,5265.14
64,64,16,16384,10952.7
64,64,32,16,143.425
64,64,32,32,147.277
64,64,32,64,149.922
64,64,32,128,232.867
64,64,32,256,326.81
64,64,32,512,581.181
64,64,32,1024,1120.31
64,64,32,2048,2757.39
64,64,32,4096,6435.95
64,64,32,8192,13193.4
64,64,32,16384,26102.4
64,64,64,16,271.833
64,64,64,32,278.542
64,64,64,64,285.39
64,64,64,128,460.145
64,64,64,256,862.065
64,64,64,512,1843.83
64,64,64,1024,3627.62
64,64,64,2048,7261.53
64,64,64,4096,14456.2
64,64,64,8192,29090.5
64,64,64,16384,58034.2
64,64,128,16,535.079
64,64,128,32,547.538
64,64,128,64,563.815
64,64,128,128,1032.28
64,64,128,256,1908.17
64,64,128,512,3759.76
64,64,128,1024,7409.95
64,64,128,2048,14740.9
64,64,128,4096,29354.3
64,64,128,8192,58664.9
64,64,128,16384,117174
64,128,0,0,17.419
64,128,1,16,25.2483
64,128,1,32,25.451
64,128,1,64,25.3867
64,128,1,128,26.9767
64,128,1,256,31.1467
64,128,1,512,44.875
64,128,1,1024,61.025
64,128,1,2048,88.4273
64,128,1,4096,143.778
64,128,1,8192,256.291
64,128,1,16384,483.985
64,128,2,16,28.5547
64,128,2,32,28.6827
64,128,2,64,28.971
64,128,2,128,35.2113
64,128,2,256,41.1523
64,128,2,512,56.278
64,128,2,1024,85.5053
64,128,2,2048,141.975
64,128,2,4096,255.651
64,128,2,8192,490.299
64,128,2,16384,956.93
64,128,4,16,37.355
64,128,4,32,37.7713
64,128,4,64,37.6643
64,128,4,128,44.2247
64,128,4,256,55.9793
64,128,4,512,83.9693
64,128,4,1024,139.745
64,128,4,2048,254.959
64,128,4,4096,488.058
64,128,4,8192,933.643
64,128,4,16384,1834.73
64,128,8,16,52.94
64,128,8,32,53.6967
64,128,8,64,54.433
64,128,8,128,70.924
64,128,8,256,93.4197
64,128,8,512,142.413
64,128,8,1024,240.942
64,128,8,2048,443.046
64,128,8,4096,840.704
64,128,8,8192,1657.64
64,128,8,16384,3757.94
64,128,16,16,84.4597
64,128,16,32,86.2627
64,128,16,64,87.713
64,128,16,128,125.398
64,128,16,256,169.272
64,128,16,512,260.11
64,128,16,1024,477.48
64,128,16,2048,904.907
64,128,16,4096,2185.73
64,128,16,8192,5276.25
64,128,16,16384,11103.3
64,128,32,16,147.746
64,128,32,32,150.925
64,128,32,64,154.104
64,128,32,128,236.503
64,128,32,256,332.676
64,128,32,512,576.263
64,128,32,1024,1241.71
64,128,32,2048,2843.74
64,128,32,4096,6391.94
64,128,32,8192,13137.9
64,128,32,16384,26215.4
64,128,64,16,274.681
64,128,64,32,281.412
64,128,64,64,287.801
64,128,64,128,464.913
64,128,64,256,872.47
64,128,64,512,1854.86
64,128,64,1024,3635.82
64,128,64,2048,7283.26
64,128,64,4096,14524.2
64,128,64,8192,29018.9
64,128,64,16384,58192.5
64,128,128,16,537.756
64,128,128,32,550.77
64,128,128,64,566.034
64,128,128,128,1044.98
64,128,128,256,1916.25
64,128,128,512,3770.56
64,128,128,1024,7411.37
64,128,128,2048,14736.2
64,128,128,4096,29354
64,128,128,8192,58646.2
64,128,128,16384,117195
64,256,0,0,20.907
64,256,1,16,31.552
64,256,1,32,31.8297
64,256,1,64,32.0003
64,256,1,128,32.1707
64,256,1,256,34.347
64,256,1,512,45.014
64,256,1,1024,68.4593
64,256,1,2048,95.436
64,256,1,4096,151.351
64,256,1,8192,263.128
64,256,1,16384,487.175
64,256,2,16,32.886
64,256,2,32,32.864
64,256,2,64,32.79
64,256,2,128,39.0827
64,256,2,256,46.0063
64,256,2,512,59.8833
64,256,2,1024,88.929
64,256,2,2048,145.132
64,256,2,4096,257.901
64,256,2,8192,489.393
64,256,2,16384,956.172
64,256,4,16,42.465
64,256,4,32,43.094
64,256,4,64,43.3827
64,256,4,128,51.456
64,256,4,256,58.7423
64,256,4,512,84.204
64,256,4,1024,140.14
64,256,4,2048,253.315
64,256,4,4096,485.019
64,256,4,8192,938.103
64,256,4,16384,1843.75
64,256,8,16,57.75
64,256,8,32,58.6783
64,256,8,64,59.8727
64,256,8,128,78.3473
64,256,8,256,96.3427
64,256,8,512,142.935
64,256,8,1024,240.397
64,256,8,2048,443.354
64,256,8,4096,852.215
64,256,8,8192,1689.17
64,256,8,16384,3882.55
64,256,16,16,89.249
64,256,16,32,91.3183
64,256,16,64,92.972
64,256,16,128,131.884
64,256,16,256,172.557
64,256,16,512,261.902
64,256,16,1024,486.95
64,256,16,2048,990.285
64,256,16,4096,2267.37
64,256,16,8192,5236.31
64,256,16,16384,11261.5
64,256,32,16,153.026
64,256,32,32,156.567
64,256,32,64,159.479
64,256,32,128,239.799
64,256,32,256,338.298
64,256,32,512,566.621
64,256,32,1024,1328.59
64,256,32,2048,2958.11
64,256,32,4096,6555.51
64,256,32,8192,13257.8
64,256,32,16384,26659
64,256,64,16,280.377
64,256,64,32,286.809
64,256,64,64,293.305
64,256,64,128,466.086
64,256,64,256,886.529
64,256,64,512,1865.07
64,256,64,1024,3667.33
64,256,64,2048,7291.03
64,256,64,4096,14500.3
64,256,64,8192,29092.7
64,256,64,16384,58221
64,256,128,16,539.943
64,256,128,32,553.266
64,256,128,64,570.514
64,256,128,128,1045.24
64,256,128,256,1925.47
64,256,128,512,3771.87
64,256,128,1024,7421.97
64,256,128,2048,14745
64,256,128,4096,29373.1
64,256,128,8192,58671.5
64,256,128,16384,117189
64,512,0,0,27.9903
64,512,1,16,38.6673
64,512,1,32,38.635
64,512,1,64,38.8803
64,512,1,128,45.7397
64,512,1,256,46.0063
64,512,1,512,48.4917
64,512,1,1024,73.6437
64,512,1,2048,110.199
64,512,1,4096,165.986
64,512,1,8192,277.827
64,512,1,16384,501.383
64,512,2,16,44.7577
64,512,2,32,44.7897
64,512,2,64,45.153
64,512,2,128,46.6463
64,512,2,256,53.2917
64,512,2,512,67.4677
64,512,2,1024,95.9053
64,512,2,2048,153.101
64,512,2,4096,265.123
64,512,2,8192,490.95
64,512,2,16384,959.649
64,512,4,16,52.5877
64,512,4,32,52.662
64,512,4,64,53.035
64,512,4,128,63.403
64,512,4,256,72.513
64,512,4,512,86.9557
64,512,4,1024,141.421
64,512,4,2048,252.547
64,512,4,4096,483.11
64,512,4,8192,942.113
64,512,4,16384,1874.79
64,512,8,16,69.4203
64,512,8,32,70.6037
64,512,8,64,71.2863
64,512,8,128,89.6967
64,512,8,256,110.189
64,512,8,512,146.114
64,512,8,1024,242.425
64,512,8,2048,444.477
64,512,8,4096,898.786
64,512,8,8192,1874
64,512,8,16384,4102.91
64,512,16,16,101.057
64,512,16,32,102.956
64,512,16,64,104.631
64,512,16,128,143.565
64,512,16,256,185.335
64,512,16,512,265.976
64,512,16,1024,468.604
64,512,16,2048,1117.23
64,512,16,4096,2553.58
64,512,16,8192,5582.4
64,512,16,16384,11693.6
64,512,32,16,164.588
64,512,32,32,167.96
64,512,32,64,171.139
64,512,32,128,251.982
64,512,32,256,343.118
64,512,32,512,575.389
64,512,32,1024,1304.97
64,512,32,2048,3240.38
64,512,32,4096,6696.01
64,512,32,8192,13406.3
64,512,32,16384,27112
64,512,64,16,293.134
64,512,64,32,298.681
64,512,64,64,304.911
64,512,64,128,474.769
64,512,64,256,909.9
64,512,64,512,1871.91
64,512,64,1024,3668.78
64,512,64,2048,7333.1
64,512,64,4096,14582.1
64,512,64,8192,29154.6
64,512,64,16384,58209.4
64,512,128,16,551.368
64,512,128,32,564.733
64,512,128,64,580.552
64,512,128,128,1063.28
64,512,128,256,1931.71
64,512,128,512,3792.53
64,512,128,1024,7436.1
64,512,128,2048,14756.1
64,512,128,4096,29379.5
64,512,128,8192,58678.1
64,512,128,16384,117221
64,1024,0,0,42.1233
64,1024,1,16,52.502
64,1024,1,32,52.7263
64,1024,1,64,52.8863
64,1024,1,128,59.862
64,1024,1,256,66.3687
64,1024,1,512,74.3477
64,1024,1,1024,78.4227
64,1024,1,2048,130.839
64,1024,1,4096,193.379
64,1024,1,8192,305.348
64,1024,1,16384,528.497
64,1024,2,16,58.966
64,1024,2,32,58.9443
64,1024,2,64,59.201
64,1024,2,128,68.5123
64,1024,2,256,75.4673
64,1024,2,512,81.6763
64,1024,2,1024,110.839
64,1024,2,2048,170.359
64,1024,2,4096,286.948
64,1024,2,8192,521.052
64,1024,2,16384,968.449
64,1024,4,16,74.2617
64,1024,4,32,73.8677
64,1024,4,64,73.8463
64,1024,4,128,84.4597
64,1024,4,256,91.692
64,1024,4,512,115.298
64,1024,4,1024,145.901
64,1024,4,2048,254.745
64,1024,4,4096,485.98
64,1024,4,8192,974.179
64,1024,4,16384,1926.45
64,1024,8,16,90.2413
64,1024,8,32,90.753
64,1024,8,64,91.692
64,1024,8,128,111.83
64,1024,8,256,130.445
64,1024,8,512,174.104
64,1024,8,1024,247.608
64,1024,8,2048,444.038
64,1024,8,4096,938.989
64,1024,8,8192,2103.19
64,1024,8,16384,4371.13
64,1024,16,16,122.251
64,1024,16,32,123.394
64,1024,16,64,125.601
64,1024,16,128,164.343
64,1024,16,256,209.442
64,1024,16,512,293.167
64,1024,16,1024,461.244
64,1024,16,2048,916.706
64,1024,16,4096,2810.06
64,1024,16,8192,5940.64
64,1024,16,16384,12304.6
64,1024,32,16,188.237
64,1024,32,32,191.854
64,1024,32,64,194.669
64,1024,32,128,274.5
64,1024,32,256,368.688
64,1024,32,512,606.398
64,1024,32,1024,1199.32
64,1024,32,2048,3241.25
64,1024,32,4096,6805.52
64,1024,32,8192,13602.4
64,1024,32,16384,27110.7
64,1024,64,16,316.069
64,1024,64,32,322.01
64,1024,64,64,328.74
64,1024,64,128,499.452
64,1024,64,256,962.297
64,1024,64,512,1915.4
64,1024,64,1024,3670.94
64,1024,64,2048,7355.93
64,1024,64,4096,14644.5
64,1024,64,8192,29190.2
64,1024,64,16384,58266.1
64,1024,128,16,574.941
64,1024,128,32,587.709
64,1024,128,64,604.488
64,1024,128,128,1096.93
64,1024,128,256,1962.77
64,1024,128,512,3813.9
64,1024,128,1024,7459.69
64,1024,128,2048,14785.6
64,1024,128,4096,29411
64,1024,128,8192,58731.9
64,1024,128,16384,117248
64,2048,0,0,70.849
64,2048,1,16,80.737
64,2048,1,32,80.62
64,2048,1,64,80.5453
64,2048,1,128,87.276
64,2048,1,256,94.422
64,2048,1,512,108.94
64,2048,1,1024,130.402
64,2048,1,2048,138.626
64,2048,1,4096,244.451
64,2048,1,8192,370.736
64,2048,1,16384,611.229
64,2048,2,16,86.5397
64,2048,2,32,86.8597
64,2048,2,64,87.4997
64,2048,2,128,96.983
64,2048,2,256,107.469
64,2048,2,512,128.119
64,2048,2,1024,139.362
64,2048,2,2048,196.525
64,2048,2,4096,318.34
64,2048,2,8192,556.914
64,2048,2,16384,1031.09
64,2048,4,16,102.359
64,2048,4,32,102.23
64,2048,4,64,103.02
64,2048,4,128,122.348
64,2048,4,256,132.449
64,2048,4,512,151.117
64,2048,4,1024,200.888
64,2048,4,2048,262.628
64,2048,4,4096,488.796
64,2048,4,8192,987.598
64,2048,4,16384,1949.93
64,2048,8,16,129.421
64,2048,8,32,130.465
64,2048,8,64,130.722
64,2048,8,128,149.698
64,2048,8,256,179.225
64,2048,8,512,211.417
64,2048,8,1024,303.322
64,2048,8,2048,450.407
64,2048,8,4096,901.483
64,2048,8,8192,2204.85
64,2048,8,16384,4436.76
64,2048,16,16,164.748
64,2048,16,32,166.914
64,2048,16,64,168.376
64,2048,16,128,210.211
64,2048,16,256,254.243
64,2048,16,512,345.412
64,2048,16,1024,517.159
64,2048,16,2048,859.628
64,2048,16,4096,2707.6
64,2048,16,8192,6030.37
64,2048,16,16384,12068.9
64,2048,32,16,230.478
64,2048,32,32,234.52
64,2048,32,64,238.232
64,2048,32,128,319.332
64,2048,32,256,419.696
64,2048,32,512,672.798
64,2048,32,1024,1344.79
64,2048,32,2048,2919.47
64,2048,32,4096,6856.49
64,2048,32,8192,13549.8
64,2048,32,16384,27174.8
64,2048,64,16,362.266
64,2048,64,32,366.895
64,2048,64,64,374.779
64,2048,64,128,547.73
64,2048,64,256,1055.2
64,2048,64,512,1993.71
64,2048,64,1024,3758.98
64,2048,64,2048,7399.55
64,2048,64,4096,14707.4
64,2048,64,8192,29190.8
64,2048,64,16384,58308.9
64,2048,128,16,620.371
64,2048,128,32,633.203
64,2048,128,64,653.47
64,2048,128,128,1169
64,2048,128,256,2044.08
64,2048,128,512,3898.74
64,2048,128,1024,7527.99
64,2048,128,2048,14848
64,2048,128,4096,29475.1
64,2048,128,8192,58762.2
64,2048,128,16384,117317
64,4096,0,0,128.055
64,4096,1,16,135.757
64,4096,1,32,136.919
64,4096,1,64,136.45
64,4096,1,128,142.882
64,4096,1,256,150.285
64,4096,1,512,164.407
64,4096,1,1024,193.582
64,4096,1,2048,243.481
64,4096,1,4096,256.782
64,4096,1,8192,482.46
64,4096,1,16384,721.299
64,4096,2,16,144.119
64,4096,2,32,142.69
64,4096,2,64,144.578
64,4096,2,128,153.208
64,4096,2,256,164.237
64,4096,2,512,185.496
64,4096,2,1024,227.234
64,4096,2,2048,255.865
64,4096,2,4096,370.725
64,4096,2,8192,608.318
64,4096,2,16384,1089.97
64,4096,4,16,158.701
64,4096,4,32,158.935
64,4096,4,64,159.96
64,4096,4,128,178.456
64,4096,4,256,199.565
64,4096,4,512,240.227
64,4096,4,1024,277.391
64,4096,4,2048,375.302
64,4096,4,4096,495.911
64,4096,4,8192,951.062
64,4096,4,16384,2014.49
64,4096,8,16,186.264
64,4096,8,32,186.467
64,4096,8,64,188.109
64,4096,8,128,224.621
64,4096,8,256,254.222
64,4096,8,512,300.708
64,4096,8,1024,391.152
64,4096,8,2048,560.829
64,4096,8,4096,857.184
64,4096,8,8192,2245.95
64,4096,8,16384,4818.34
64,4096,16,16,241.359
64,4096,16,32,245.998
64,4096,16,64,245.006
64,4096,16,128,293.145
64,4096,16,256,336.622
64,4096,16,512,424.145
64,4096,16,1024,618.377
64,4096,16,2048,984.841
64,4096,16,4096,2174.55
64,4096,16,8192,5994.41
64,4096,16,16384,12419.5
64,4096,32,16,313.423
64,4096,32,32,316.677
64,4096,32,64,321.081
64,4096,32,128,407.227
64,4096,32,256,501.895
64,4096,32,512,806.432
64,4096,32,1024,1593.78
64,4096,32,2048,3258
64,4096,32,4096,6667.08
64,4096,32,8192,13708
64,4096,32,16384,27219.3
64,4096,64,16,447.036
64,4096,64,32,455.771
64,4096,64,64,461.67
64,4096,64,128,641.992
64,4096,64,256,1187.7
64,4096,64,512,2156.63
64,4096,64,1024,3924.47
64,4096,64,2048,7531.33
64,4096,64,4096,14716.6
64,4096,64,8192,29370.4
64,4096,64,16384,58428.4
64,4096,128,16,713.631
64,4096,128,32,729.376
64,4096,128,64,753.994
64,4096,128,128,1307.76
64,4096,128,256,2207.01
64,4096,128,512,4055.02
64,4096,128,1024,7670.55
64,4096,128,2048,14969.7
64,4096,128,4096,29574.3
64,4096,128,8192,58893.8
64,4096,128,16384,117442
64,8192,0,0,243.961
64,8192,1,16,249.017
64,8192,1,32,247.641
64,8192,1,64,247.523
64,8192,1,128,254.916
64,8192,1,256,261.263
64,8192,1,512,275.235
64,8192,1,1024,305.465
64,8192,1,2048,368.784
64,8192,1,4096,482.193
64,8192,1,8192,493.287
64,8192,1,16384,946.847
64,8192,2,16,255.384
64,8192,2,32,256.249
64,8192,2,64,255.317
64,8192,2,128,264.878
64,8192,2,256,276.588
64,8192,2,512,298.308
64,8192,2,1024,338.946
64,8192,2,2048,428.08
64,8192,2,4096,487.73
64,8192,2,8192,717.29
64,8192,2,16384,1188.03
64,8192,4,16,271.791
64,8192,4,32,271.663
64,8192,4,64,272.484
64,8192,4,128,292.505
64,8192,4,256,311.781
64,8192,4,512,353.967
64,8192,4,1024,436.497
64,8192,4,2048,543.709
64,8192,4,4096,714.868
64,8192,4,8192,960.953
64,8192,4,16384,1904.12
64,8192,8,16,299.022
64,8192,8,32,300.303
64,8192,8,64,302.468
64,8192,8,128,337.743
64,8192,8,256,375.365
64,8192,8,512,452.263
64,8192,8,1024,542.866
64,8192,8,2048,733.994
64,8192,8,4096,1075.64
64,8192,8,8192,1665.07
64,8192,8,16384,4970.38
64,8192,16,16,358.107
64,8192,16,32,359.706
64,8192,16,64,362.405
64,8192,16,128,438.235
64,8192,16,256,496.742
64,8192,16,512,600.873
64,8192,16,1024,841.195
64,8192,16,2048,1337.87
64,8192,16,4096,2647.22
64,8192,16,8192,5866.85
64,8192,16,16384,12566.2
64,8192,32,16,475.388
64,8192,32,32,479.1
64,8192,32,64,477.894
64,8192,32,128,572.573
64,8192,32,256,705.344
64,8192,32,512,1068.84
64,8192,32,1024,1837.34
64,8192,32,2048,3616.66
64,8192,32,4096,7052.67
64,8192,32,8192,13656.1
64,8192,32,16384,27554.9
64,8192,64,16,613.748
64,8192,64,32,619.806
64,8192,64,64,632.638
64,8192,64,128,868.779
64,8192,64,256,1422.59
64,8192,64,512,2319.13
64,8192,64,1024,4238.55
64,8192,64,2048,7871.07
64,8192,64,4096,14971.1
64,8192,64,8192,29348.8
64,8192,64,16384,58705.7
64,8192,128,16,894.744
64,8192,128,32,913.282
64,8192,128,64,996.132
64,8192,128,128,1509.79
64,8192,128,256,2456.42
64,8192,128,512,4373.48
64,8192,128,1024,7996.08
64,8192,128,2048,15279.4
64,8192,128,4096,29808.6
64,8192,128,8192,59101.1
64,8192,128,16384,117662
64,16384,0,0,477.233
64,16384,1,16,479.687
64,16384,1,32,479.164
64,16384,1,64,479.409
64,16384,1,128,480.604
64,16384,1,256,483.921
64,16384,1,512,498.77
64,16384,1,1024,525.853
64,16384,1,2048,611.112
64,16384,1,4096,718.943
64,16384,1,8192,945.774
64,16384,1,16384,969.413
64,16384,2,16,481.296
64,16384,2,32,480.348
64,16384,2,64,480.764
64,16384,2,128,490.577
64,16384,2,256,500.679
64,16384,2,512,526.226
64,16384,2,1024,563.858
64,16384,2,2048,666.067
64,16384,2,4096,830.828
64,16384,2,8192,952.696
64,16384,2,16384,1404.5
64,16384,4,16,495.549
64,16384,4,32,495.58
64,16384,4,64,497.436
64,16384,4,128,515.997
64,16384,4,256,538.492
64,16384,4,512,578.963
64,16384,4,1024,664.734
64,16384,4,2048,841.495
64,16384,4,4096,1062.42
64,16384,4,8192,1399.69
64,16384,4,16384,1937.07
64,16384,8,16,526.354
64,16384,8,32,526.877
64,16384,8,64,528.318
64,16384,8,128,564.446
64,16384,8,256,601.075
64,16384,8,512,677.524
64,16384,8,1024,837.27
64,16384,8,2048,1080.35
64,16384,8,4096,1430.35
64,16384,8,8192,2268.77
64,16384,8,16384,4410.96
64,16384,16,16,582.963
64,16384,16,32,584.253
64,16384,16,64,586.632
64,16384,16,128,661.384
64,16384,16,256,743.53
64,16384,16,512,917.911
64,16384,16,1024,1219.33
64,16384,16,2048,1723.75
64,16384,16,4096,3254.14
64,16384,16,8192,6396.78
64,16384,16,16384,12076.9
64,16384,32,16,702.548
64,16384,32,32,705.93
64,16384,32,64,712.191
64,16384,32,128,882.158
64,16384,32,256,1128.14
64,16384,32,512,1460.51
64,16384,32,1024,2312.02
64,16384,32,2048,4130.32
64,16384,32,4096,7775.14
64,16384,32,8192,14256.4
64,16384,32,16384,27564.7
64,16384,64,16,952.621
64,16384,64,32,980.696
64,16384,64,64,1008.17
64,16384,64,128,1292.11
64,16384,64,256,1773.69
64,16384,64,512,2839.39
64,16384,64,1024,4820.93
64,16384,64,2048,8443.46
64,16384,64,4096,15643.6
64,16384,64,8192,30034
64,16384,64,16384,59018.6
64,16384,128,16,1275.72
64,16384,128,32,1335.67
64,16384,128,64,1439.39
64,16384,128,128,1889.98
64,16384,128,256,2927.93
64,16384,128,512,4941.95
64,16384,128,1024,8642.54
64,16384,128,2048,15939
64,16384,128,4096,30427.2
64,16384,128,8192,59590.7
64,16384,128,16384,118107
128,0,0,0,21.2587
128,0,1,16,26.1227
128,0,1,32,26.4857
128,0,1,64,26.3253
128,0,1,128,30.2723
128,0,1,256,34.2943
128,0,1,512,45.7393
128,0,1,1024,61.0253
128,0,1,2048,89.4943
128,0,1,4096,145.858
128,0,1,8192,259.011
128,0,1,16384,482.897
128,0,2,16,30.5497
128,0,2,32,30.72
128,0,2,64,30.913
128,0,2,128,35.4453
128,0,2,256,44.5127
128,0,2,512,59.5317
128,0,2,1024,87.1697
128,0,2,2048,143.501
128,0,2,4096,256.089
128,0,2,8192,487.591
128,0,2,16384,955.331
128,0,4,16,38.038
128,0,4,32,38.4753
128,0,4,64,38.9343
128,0,4,128,49.5687
128,0,4,256,63.3293
128,0,4,512,87.607
128,0,4,1024,141.837
128,0,4,2048,255.832
128,0,4,4096,486.407
128,0,4,8192,930.402
128,0,4,16384,1848.87
128,0,8,16,55.1473
128,0,8,32,56.3203
128,0,8,64,57.0777
128,0,8,128,77.91
128,0,8,256,102.349
128,0,8,512,149.356
128,0,8,1024,245.411
128,0,8,2048,446.715
128,0,8,4096,848.076
128,0,8,8192,1655.6
128,0,8,16384,3751.17
128,0,16,16,89.5797
128,0,16,32,91.329
128,0,16,64,92.951
128,0,16,128,134.498
128,0,16,256,180.899
128,0,16,512,270.788
128,0,16,1024,486.098
128,0,16,2048,898.125
128,0,16,4096,1945.8
128,0,16,8192,5234.47
128,0,16,16384,11279.2
128,0,32,16,159.981
128,0,32,32,163.309
128,0,32,64,166.242
128,0,32,128,249.935
128,0,32,256,343.002
128,0,32,512,622.665
128,0,32,1024,1226.33
128,0,32,2048,2866.28
128,0,32,4096,6407.87
128,0,32,8192,13098.2
128,0,32,16384,26605.2
128,0,64,16,302.906
128,0,64,32,309.157
128,0,64,64,315.343
128,0,64,128,486.396
128,0,64,256,892.483
128,0,64,512,1875.73
128,0,64,1024,3652.29
128,0,64,2048,7287.98
128,0,64,4096,14534.6
128,0,64,8192,29187
128,0,64,16384,58141.9
128,0,128,16,588.138
128,0,128,32,600.414
128,0,128,64,614.526
128,0,128,128,1045.96
128,0,128,256,1908.4
128,0,128,512,3764.66
128,0,128,1024,7414.59
128,0,128,2048,14743.8
128,0,128,4096,29359.8
128,0,128,8192,58673.5
128,0,128,16384,117207
128,16,0,0,25.3333
128,16,1,16,29.739
128,16,1,32,29.8137
128,16,1,64,29.835
128,16,1,128,31.6057
128,16,1,256,36.8437
128,16,1,512,45.26
128,16,1,1024,65.249
128,16,1,2048,93.185
128,16,1,4096,149.623
128,16,1,8192,260.644
128,16,1,16384,485.831
128,16,2,16,34.08
128,16,2,32,34.497
128,16,2,64,34.6037
128,16,2,128,37.6113
128,16,2,256,44.833
128,16,2,512,61.5903
128,16,2,1024,88.4913
128,16,2,2048,145.111
128,16,2,4096,258.959
128,16,2,8192,487.484
128,16,2,16384,954.83
128,16,4,16,42.4113
128,16,4,32,42.8703
128,16,4,64,43.0837
128,16,4,128,51.5953
128,16,4,256,64.854
128,16,4,512,91.0197
128,16,4,1024,142.541
128,16,4,2048,256.665
128,16,4,4096,488.87
128,16,4,8192,941.581
128,16,4,16384,1837.78
128,16,8,16,60.107
128,16,8,32,60.9827
128,16,8,64,61.6757
128,16,8,128,79.692
128,16,8,256,104.012
128,16,8,512,151.298
128,16,8,1024,246.083
128,16,8,2048,447.559
128,16,8,4096,853.561
128,16,8,8192,1674.71
128,16,8,16384,3714.89
128,16,16,16,94.5613
128,16,16,32,96.2687
128,16,16,64,97.8463
128,16,16,128,136.546
128,16,16,256,182.552
128,16,16,512,273.08
128,16,16,1024,496.478
128,16,16,2048,942.798
128,16,16,4096,2099.23
128,16,16,8192,5170.86
128,16,16,16384,11120.6
128,16,32,16,163.853
128,16,32,32,167.149
128,16,32,64,169.944
128,16,32,128,252.024
128,16,32,256,345.519
128,16,32,512,611.774
128,16,32,1024,1320.7
128,16,32,2048,2865.45
128,16,32,4096,6462.65
128,16,32,8192,13092.2
128,16,32,16384,26376.7
128,16,64,16,304.966
128,16,64,32,311.717
128,16,64,64,317.519
128,16,64,128,489.394
128,16,64,256,889.41
128,16,64,512,1880.86
128,16,64,1024,3658
128,16,64,2048,7275.73
128,16,64,4096,14557
128,16,64,8192,29032.3
128,16,64,16384,58206.9
128,16,128,16,590.665
128,16,128,32,602.26
128,16,128,64,616.361
128,16,128,128,1049.21
128,16,128,256,1911.24
128,16,128,512,3772.34
128,16,128,1024,7419.69
128,16,128,2048,14758.8
128,16,128,4096,29356.9
128,16,128,8192,58676.8
128,16,128,16384,117207
128,32,0,0,25.462
128,32,1,16,29.9203
128,32,1,32,29.7707
128,32,1,64,29.9207
128,32,1,128,31.915
128,32,1,256,37.1317
128,32,1,512,45.419
128,32,1,1024,65.2707
128,32,1,2048,93.2277
128,32,1,4096,149.41
128,32,1,8192,260.943
128,32,1,16384,485.991
128,32,2,16,34.4223
128,32,2,32,34.614
128,32,2,64,34.6353
128,32,2,128,37.5363
128,32,2,256,44.9717
128,32,2,512,61.878
128,32,2,1024,88.5557
128,32,2,2048,143.992
128,32,2,4096,258.137
128,32,2,8192,487.965
128,32,2,16384,955.478
128,32,4,16,42.6887
128,32,4,32,42.966
128,32,4,64,43.4463
128,32,4,128,51.5527
128,32,4,256,64.7583
128,32,4,512,90.5397
128,32,4,1024,142.338
128,32,4,2048,256.324
128,32,4,4096,489.895
128,32,4,8192,943.8
128,32,4,16384,1855.49
128,32,8,16,60.4277
128,32,8,32,61.0993
128,32,8,64,61.921
128,32,8,128,79.596
128,32,8,256,103.948
128,32,8,512,151.522
128,32,8,1024,245.88
128,32,8,2048,448.177
128,32,8,4096,859.927
128,32,8,8192,1678.95
128,32,8,16384,3814.53
128,32,16,16,94.7103
128,32,16,32,96.204
128,32,16,64,97.783
128,32,16,128,136.471
128,32,16,256,182.551
128,32,16,512,273.231
128,32,16,1024,494.13
128,32,16,2048,958.115
128,32,16,4096,2290.08
128,32,16,8192,5166.56
128,32,16,16384,11254.3
128,32,32,16,164.184
128,32,32,32,166.851
128,32,32,64,169.912
128,32,32,128,251.79
128,32,32,256,344.954
128,32,32,512,634.942
128,32,32,1024,1296.78
128,32,32,2048,2978.24
128,32,32,4096,6515.18
128,32,32,8192,13089.4
128,32,32,16384,26409.9
128,32,64,16,305.914
128,32,64,32,312.293
128,32,64,64,317.85
128,32,64,128,488.668
128,32,64,256,888.023
128,32,64,512,1883.17
128,32,64,1024,3647.33
128,32,64,2048,7282.67
128,32,64,4096,14560.4
128,32,64,8192,29182
128,32,64,16384,58192
128,32,128,16,590.536
128,32,128,32,602.793
128,32,128,64,617.076
128,32,128,128,1059.47
128,32,128,256,1911.87
128,32,128,512,3769.2
128,32,128,1024,7414.37
128,32,128,2048,14752.9
128,32,128,4096,29365.9
128,32,128,8192,58778.4
128,32,128,16384,117214
128,64,0,0,26.304
128,64,1,16,30.315
128,64,1,32,30.262
128,64,1,64,30.3793
128,64,1,128,32.417
128,64,1,256,37.483
128,64,1,512,45.707
128,64,1,1024,65.601
128,64,1,2048,93.5697
128,64,1,4096,149.506
128,64,1,8192,261.69
128,64,1,16384,486.183
128,64,2,16,34.8697
128,64,2,32,34.8587
128,64,2,64,35.1997
128,64,2,128,37.921
128,64,2,256,45.345
128,64,2,512,62.219
128,64,2,1024,88.876
128,64,2,2048,144.077
128,64,2,4096,259.139
128,64,2,8192,486.748
128,64,2,16384,954.703
128,64,4,16,43.2107
128,64,4,32,43.5957
128,64,4,64,43.8943
128,64,4,128,52.0863
128,64,4,256,65.057
128,64,4,512,90.7107
128,64,4,1024,142.925
128,64,4,2048,256.761
128,64,4,4096,488.274
128,64,4,8192,939.964
128,64,4,16384,1837.03
128,64,8,16,60.9707
128,64,8,32,61.3877
128,64,8,64,62.2623
128,64,8,128,79.9263
128,64,8,256,104.311
128,64,8,512,151.266
128,64,8,1024,245.945
128,64,8,2048,448.198
128,64,8,4096,852.065
128,64,8,8192,1679
128,64,8,16384,3700.04
128,64,16,16,94.9343
128,64,16,32,96.6417
128,64,16,64,97.7933
128,64,16,128,136.76
128,64,16,256,182.68
128,64,16,512,273.454
128,64,16,1024,492.935
128,64,16,2048,957.848
128,64,16,4096,2118.12
128,64,16,8192,5227.84
128,64,16,16384,11058.3
128,64,32,16,164.28
128,64,32,32,167.693
128,64,32,64,170.52
128,64,32,128,251.983
128,64,32,256,345.637
128,64,32,512,617.129
128,64,32,1024,1288.97
128,64,32,2048,2946.97
128,64,32,4096,6389.32
128,64,32,8192,13249.5
128,64,32,16384,26596.7
128,64,64,16,305.232
128,64,64,32,312.101
128,64,64,64,317.413
128,64,64,128,489.788
128,64,64,256,900.781
128,64,64,512,1887.12
128,64,64,1024,3653.26
128,64,64,2048,7285.46
128,64,64,4096,14531
128,64,64,8192,29018.4
128,64,64,16384,58118.8
128,64,128,16,590.921
128,64,128,32,602.067
128,64,128,64,616.436
128,64,128,128,1051.39
128,64,128,256,1912.93
128,64,128,512,3777.4
128,64,128,1024,7417
128,64,128,2048,14748.8
128,64,128,4096,29367.7
128,64,128,8192,58675.2
128,64,128,16384,117215
128,128,0,0,29.995
128,128,1,16,33.238
128,128,1,32,33.4727
128,128,1,64,33.547
128,128,1,128,37.675
128,128,1,256,41.7503
128,128,1,512,49.206
128,128,1,1024,72.5663
128,128,1,2048,101.111
128,128,1,4096,157.325
128,128,1,8192,268.899
128,128,1,16384,495.089
128,128,2,16,37.3337
128,128,2,32,37.0777
128,128,2,64,37.2483
128,128,2,128,44.833
128,128,2,256,51.0617
128,128,2,512,66.54
128,128,2,1024,95.9907
128,128,2,2048,151.693
128,128,2,4096,263.374
128,128,2,8192,491.484
128,128,2,16384,956.626
128,128,4,16,46.0487
128,128,4,32,46.3253
128,128,4,64,46.656
128,128,4,128,56.1183
128,128,4,256,68.2897
128,128,4,512,95.8303
128,128,4,1024,144.29
128,128,4,2048,254.809
128,128,4,4096,489.117
128,128,4,8192,946.98
128,128,4,16384,1860.93
128,128,8,16,63.713
128,128,8,32,64.5877
128,128,8,64,65.4407
128,128,8,128,83.9803
128,128,8,256,107.031
128,128,8,512,155.586
128,128,8,1024,248.899
128,128,8,2048,450.034
128,128,8,4096,864.492
128,128,8,8192,1705.96
128,128,8,16384,3961.46
128,128,16,16,98.1023
128,128,16,32,99.799
128,128,16,64,101.196
128,128,16,128,140.961
128,128,16,256,185.762
128,128,16,512,277.06
128,128,16,1024,504.039
128,128,16,2048,1042.52
128,128,16,4096,2362.47
128,128,16,8192,5364.96
128,128,16,16384,11159.2
128,128,32,16,167.714
128,128,32,32,170.829
128,128,32,64,173.549
128,128,32,128,256.526
128,128,32,256,350.874
128,128,32,512,632.434
128,128,32,1024,1410.67
128,128,32,2048,3117.47
128,128,32,4096,6409.69
128,128,32,8192,13127.9
128,128,32,16384,26922.2
128,128,64,16,309.327
128,128,64,32,315.066
128,128,64,64,321.274
128,128,64,128,492.817
128,128,64,256,914.529
128,128,64,512,1885.43
128,128,64,1024,3669.87
128,128,64,2048,7329.78
128,128,64,4096,14593.2
128,128,64,8192,29177.9
128,128,64,16384,58320.1
128,128,128,16,593.747
128,128,128,32,605.522
128,128,128,64,619.88
128,128,128,128,1063.25
128,128,128,256,1919.96
128,128,128,512,3776.98
128,128,128,1024,7422.88
128,128,128,2048,14749.9
128,128,128,4096,29364.3
128,128,128,8192,58688.9
128,128,128,16384,117208
128,256,0,0,36.95
128,256,1,16,39.83
128,256,1,32,40.0967
128,256,1,64,40.2993
128,256,1,128,43.4033
128,256,1,256,48.1283
128,256,1,512,56.2033
128,256,1,1024,74.315
128,256,1,2048,111.287
128,256,1,4096,167.202
128,256,1,8192,279.673
128,256,1,16384,505.723
128,256,2,16,45.5153
128,256,2,32,45.792
128,256,2,64,46.1437
128,256,2,128,48.5663
128,256,2,256,58.465
128,256,2,512,68.9183
128,256,2,1024,102.828
128,256,2,2048,159.533
128,256,2,4096,270.521
128,256,2,8192,497.008
128,256,2,16384,957.847
128,256,4,16,53.3447
128,256,4,32,53.5583
128,256,4,64,53.9417
128,256,4,128,63.4997
128,256,4,256,73.473
128,256,4,512,99.9373
128,256,4,1024,151.735
128,256,4,2048,255.566
128,256,4,4096,488.881
128,256,4,8192,948.055
128,256,4,16384,1862.47
128,256,8,16,71.9687
128,256,8,32,72.5133
128,256,8,64,73.27
128,256,8,128,92.45
128,256,8,256,112.578
128,256,8,512,159.874
128,256,8,1024,255.502
128,256,8,2048,455.878
128,256,8,4096,891.552
128,256,8,8192,1751.48
128,256,8,16384,3896.76
128,256,16,16,106.636
128,256,16,32,108.267
128,256,16,64,109.409
128,256,16,128,149.101
128,256,16,256,191.255
128,256,16,512,281.987
128,256,16,1024,520.23
128,256,16,2048,1094.76
128,256,16,4096,2581.65
128,256,16,8192,5699.78
128,256,16,16384,11577.3
128,256,32,16,176.204
128,256,32,32,179.576
128,256,32,64,182.21
128,256,32,128,262.318
128,256,32,256,358.543
128,256,32,512,631.4
128,256,32,1024,1514.8
128,256,32,2048,3124.74
128,256,32,4096,6611.22
128,256,32,8192,13325.7
128,256,32,16384,27110.2
128,256,64,16,317.455
128,256,64,32,323.94
128,256,64,64,329.306
128,256,64,128,498.215
128,256,64,256,932.076
128,256,64,512,1890.48
128,256,64,1024,3704.28
128,256,64,2048,7350.58
128,256,64,4096,14619.2
128,256,64,8192,29157.5
128,256,64,16384,58286.8
128,256,128,16,599.453
128,256,128,32,610.643
128,256,128,64,625.8
128,256,128,128,1062.52
128,256,128,256,1927.87
128,256,128,512,3786.15
128,256,128,1024,7421.28
128,256,128,2048,14753.4
128,256,128,4096,29370.7
128,256,128,8192,58674.2
128,256,128,16384,117225
128,512,0,0,51.0083
128,512,1,16,53.3977
128,512,1,32,53.5477
128,512,1,64,53.6113
128,512,1,128,57.3553
128,512,1,256,61.5797
128,512,1,512,69.1743
128,512,1,1024,84.1503
128,512,1,2048,131.799
128,512,1,4096,187.511
128,512,1,8192,300.185
128,512,1,16384,525.949
128,512,2,16,58.7423
128,512,2,32,59.1367
128,512,2,64,59.3923
128,512,2,128,66.9343
128,512,2,256,68.9397
128,512,2,512,86.5827
128,512,2,1024,109.09
128,512,2,2048,173.56
128,512,2,4096,283.502
128,512,2,8192,507.825
128,512,2,16384,964.673
128,512,4,16,68.1607
128,512,4,32,68.7043
128,512,4,64,68.6087
128,512,4,128,77.9637
128,512,4,256,88.428
128,512,4,512,108.993
128,512,4,1024,163.661
128,512,4,2048,259.224
128,512,4,4096,489.575
128,512,4,8192,965.42
128,512,4,16384,1902.92
128,512,8,16,87.5213
128,512,8,32,87.8303
128,512,8,64,88.78
128,512,8,128,107.36
128,512,8,256,129.068
128,512,8,512,169.058
128,512,8,1024,266.062
128,512,8,2048,472.549
128,512,8,4096,994.039
128,512,8,8192,2141.21
128,512,8,16384,4372.58
128,512,16,16,122.668
128,512,16,32,124.332
128,512,16,64,125.644
128,512,16,128,165.592
128,512,16,256,207.331
128,512,16,512,291.14
128,512,16,1024,542.961
128,512,16,2048,1378.8
128,512,16,4096,3030.12
128,512,16,8192,6009.73
128,512,16,16384,12138.5
128,512,32,16,193.037
128,512,32,32,195.875
128,512,32,64,198.477
128,512,32,128,278.991
128,512,32,256,368.453
128,512,32,512,611.965
128,512,32,1024,1455.2
128,512,32,2048,3363.55
128,512,32,4096,6917.2
128,512,32,8192,13676.6
128,512,32,16384,27693.4
128,512,64,16,334.351
128,512,64,32,340.186
128,512,64,64,346.351
128,512,64,128,511.793
128,512,64,256,931.713
128,512,64,512,1897.62
128,512,64,1024,3722.1
128,512,64,2048,7360.16
128,512,64,4096,14648.6
128,512,64,8192,29262.2
128,512,64,16384,58382.4
128,512,128,16,614.92
128,512,128,32,626.92
128,512,128,64,642.079
128,512,128,128,1083.98
128,512,128,256,1938.7
128,512,128,512,3797.02
128,512,128,1024,7438.43
128,512,128,2048,14769.2
128,512,128,4096,29383.9
128,512,128,8192,58713.4
128,512,128,16384,117231
128,1024,0,0,79.5103
128,1024,1,16,81.388
128,1024,1,32,81.9213
128,1024,1,64,81.5797
128,1024,1,128,84.9923
128,1024,1,256,88.492
128,1024,1,512,96.6097
128,1024,1,1024,111.778
128,1024,1,2048,140.279
128,1024,1,4096,230.03
128,1024,1,8192,343.343
128,1024,1,16384,567.261
128,1024,2,16,87.5213
128,1024,2,32,87.0947
128,1024,2,64,87.2333
128,1024,2,128,94.4753
128,1024,2,256,101.794
128,1024,2,512,110.199
128,1024,2,1024,142.903
128,1024,2,2048,193.709
128,1024,2,4096,316.292
128,1024,2,8192,551.785
128,1024,2,16384,1031.97
128,1024,4,16,96.0437
128,1024,4,32,96.0547
128,1024,4,64,96.705
128,1024,4,128,110.156
128,1024,4,256,120.289
128,1024,4,512,139.554
128,1024,4,1024,180.622
128,1024,4,2048,292.74
128,1024,4,4096,487.484
128,1024,4,8192,1034.6
128,1024,4,16384,2093.02
128,1024,8,16,117.964
128,1024,8,32,118.754
128,1024,8,64,118.838
128,1024,8,128,140.034
128,1024,8,256,161.229
128,1024,8,512,200.856
128,1024,8,1024,283.513
128,1024,8,2048,485.777
128,1024,8,4096,1115.02
128,1024,8,8192,2399.99
128,1024,8,16384,4970.45
128,1024,16,16,154.21
128,1024,16,32,155.383
128,1024,16,64,156.93
128,1024,16,128,197.272
128,1024,16,256,240.621
128,1024,16,512,322.852
128,1024,16,1024,498.79
128,1024,16,2048,1345.4
128,1024,16,4096,3154.27
128,1024,16,8192,6362.23
128,1024,16,16384,13022.3
128,1024,32,16,225.699
128,1024,32,32,227.949
128,1024,32,64,230.925
128,1024,32,128,312.409
128,1024,32,256,404.613
128,1024,32,512,652.937
128,1024,32,1024,1240.2
128,1024,32,2048,3303.35
128,1024,32,4096,6929.91
128,1024,32,8192,13770.5
128,1024,32,16384,27391
128,1024,64,16,367.354
128,1024,64,32,373.648
128,1024,64,64,378.095
128,1024,64,128,545.843
128,1024,64,256,979.202
128,1024,64,512,1935.64
128,1024,64,1024,3714.97
128,1024,64,2048,7401.52
128,1024,64,4096,14689.8
128,1024,64,8192,29236.6
128,1024,64,16384,58389.5
128,1024,128,16,649.374
128,1024,128,32,661.854
128,1024,128,64,676.522
128,1024,128,128,1110.41
128,1024,128,256,1967.6
128,1024,128,512,3827.43
128,1024,128,1024,7471.74
128,1024,128,2048,14797.2
128,1024,128,4096,29422.7
128,1024,128,8192,58749.4
128,1024,128,16384,117291
128,2048,0,0,134.135
128,2048,1,16,137.101
128,2048,1,32,137.026
128,2048,1,64,137.272
128,2048,1,128,140.556
128,2048,1,256,144.077
128,2048,1,512,151.788
128,2048,1,1024,167.523
128,2048,1,2048,195.768
128,2048,1,4096,256.696
128,2048,1,8192,426.885
128,2048,1,16384,661.31
128,2048,2,16,142.103
128,2048,2,32,142.348
128,2048,2,64,142.52
128,2048,2,128,149.144
128,2048,2,256,157.325
128,2048,2,512,170.935
128,2048,2,1024,194.232
128,2048,2,2048,256.771
128,2048,2,4096,370.682
128,2048,2,8192,612.872
128,2048,2,16384,1081.27
128,2048,4,16,150.061
128,2048,4,32,150.434
128,2048,4,64,150.881
128,2048,4,128,161.197
128,2048,4,256,173.176
128,2048,4,512,194.733
128,2048,4,1024,238.787
128,2048,4,2048,323.684
128,2048,4,4096,554.632
128,2048,4,8192,1008.13
128,2048,4,16384,2065.17
128,2048,8,16,172.941
128,2048,8,32,173.89
128,2048,8,64,173.837
128,2048,8,128,198.179
128,2048,8,256,221.784
128,2048,8,512,268.996
128,2048,8,1024,342.16
128,2048,8,2048,512.146
128,2048,8,4096,974.647
128,2048,8,8192,2547.39
128,2048,8,16384,4938.79
128,2048,16,16,215.331
128,2048,16,32,215.416
128,2048,16,64,217.421
128,2048,16,128,259.32
128,2048,16,256,301.753
128,2048,16,512,391.973
128,2048,16,1024,565.916
128,2048,16,2048,917.825
128,2048,16,4096,3096.9
128,2048,16,8192,6548.49
128,2048,16,16384,13094.1
128,2048,32,16,288.174
128,2048,32,32,290.03
128,2048,32,64,292.185
128,2048,32,128,377.157
128,2048,32,256,472.006
128,2048,32,512,803.691
128,2048,32,1024,1430.5
128,2048,32,2048,3220.93
128,2048,32,4096,6953.98
128,2048,32,8192,13846.2
128,2048,32,16384,27485
128,2048,64,16,433.007
128,2048,64,32,438.214
128,2048,64,64,443.6
128,2048,64,128,613.608
128,2048,64,256,1085.26
128,2048,64,512,2020.48
128,2048,64,1024,3796.29
128,2048,64,2048,7411.56
128,2048,64,4096,14760.6
128,2048,64,8192,29329.9
128,2048,64,16384,58541.9
128,2048,128,16,716.98
128,2048,128,32,727.711
128,2048,128,64,745.215
128,2048,128,128,1190.96
128,2048,128,256,2051.32
128,2048,128,512,3892.32
128,2048,128,1024,7535.76
128,2048,128,2048,14876.4
128,2048,128,4096,29479
128,2048,128,8192,58806.5
128,2048,128,16384,117344
128,4096,0,0,245.155
128,4096,1,16,247.439
128,4096,1,32,248.217
128,4096,1,64,247.8
128,4096,1,128,251.502
128,4096,1,256,254.99
128,4096,1,512,262.276
128,4096,1,1024,277.508
128,4096,1,2048,311.087
128,4096,1,4096,367.118
128,4096,1,8192,485.895
128,4096,1,16384,827.521
128,4096,2,16,252.942
128,4096,2,32,253.092
128,4096,2,64,254.008
128,4096,2,128,260.025
128,4096,2,256,266.798
128,4096,2,512,281.497
128,4096,2,1024,310.211
128,4096,2,2048,360.378
128,4096,2,4096,481.435
128,4096,2,8192,707.657
128,4096,2,16384,1189.7
128,4096,4,16,261.016
128,4096,4,32,261.849
128,4096,4,64,261.7
128,4096,4,128,271.492
128,4096,4,256,283.268
128,4096,4,512,305.017
128,4096,4,1024,360.09
128,4096,4,2048,441.019
128,4096,4,4096,608.989
128,4096,4,8192,1071.92
128,4096,4,16384,2097.23
128,4096,8,16,281.849
128,4096,8,32,282.863
128,4096,8,64,283.95
128,4096,8,128,308.014
128,4096,8,256,333.316
128,4096,8,512,382.821
128,4096,8,1024,467.685
128,4096,8,2048,628.67
128,4096,8,4096,968.984
128,4096,8,8192,2369.59
128,4096,8,16384,5572.42
128,4096,16,16,322.777
128,4096,16,32,326.245
128,4096,16,64,325.529
128,4096,16,128,376.485
128,4096,16,256,425.147
128,4096,16,512,516.668
128,4096,16,1024,730.825
128,4096,16,2048,1154.28
128,4096,16,4096,2096.76
128,4096,16,8192,6629.91
128,4096,16,16384,13156.6
128,4096,32,16,407.036
128,4096,32,32,409.542
128,4096,32,64,412.326
128,4096,32,128,499.528
128,4096,32,256,596.989
128,4096,32,512,962.071
128,4096,32,1024,1753.27
128,4096,32,2048,3365.53
128,4096,32,4096,6887.09
128,4096,32,8192,13980.2
128,4096,32,16384,27837.1
128,4096,64,16,557.449
128,4096,64,32,563.667
128,4096,64,64,569.618
128,4096,64,128,746.378
128,4096,64,256,1255.55
128,4096,64,512,2171.49
128,4096,64,1024,3959.55
128,4096,64,2048,7538.95
128,4096,64,4096,14769.3
128,4096,64,8192,29377.7
128,4096,64,16384,58616.9
128,4096,128,16,846.262
128,4096,128,32,859.447
128,4096,128,64,882.849
128,4096,128,128,1336.66
128,4096,128,256,2214.55
128,4096,128,512,4071.71
128,4096,128,1024,7678.49
128,4096,128,2048,14971.2
128,4096,128,4096,29581.9
128,4096,128,8192,58902.5
128,4096,128,16384,117479
128,8192,0,0,468.849
128,8192,1,16,469.948
128,8192,1,32,469.509
128,8192,1,64,469.862
128,8192,1,128,474.097
128,8192,1,256,477.553
128,8192,1,512,484.849
128,8192,1,1024,501.308
128,8192,1,2048,533.564
128,8192,1,4096,596.851
128,8192,1,8192,708.212
128,8192,1,16384,946.081
128,8192,2,16,474.002
128,8192,2,32,474.001
128,8192,2,64,473.83
128,8192,2,128,481.489
128,8192,2,256,489.181
128,8192,2,512,502.3
128,8192,2,1024,531.048
128,8192,2,2048,593.267
128,8192,2,4096,695.508
128,8192,2,8192,933.026
128,8192,2,16384,1391.43
128,8192,4,16,485.02
128,8192,4,32,484.294
128,8192,4,64,483.974
128,8192,4,128,494.15
128,8192,4,256,505.703
128,8192,4,512,526.696
128,8192,4,1024,571.783
128,8192,4,2048,693.022
128,8192,4,4096,842.764
128,8192,4,8192,1179.57
128,8192,4,16384,2187.84
128,8192,8,16,503.718
128,8192,8,32,504.23
128,8192,8,64,504.871
128,8192,8,128,528.134
128,8192,8,256,557.394
128,8192,8,512,603.41
128,8192,8,1024,716.435
128,8192,8,2048,895.511
128,8192,8,4096,1201.48
128,8192,8,8192,1899.16
128,8192,8,16384,5436.03
128,8192,16,16,543.451
128,8192,16,32,544.85
128,8192,16,64,546.129
128,8192,16,128,594.578
128,8192,16,256,650.559
128,8192,16,512,763.668
128,8192,16,1024,1022.56
128,8192,16,2048,1621.49
128,8192,16,4096,3002.17
128,8192,16,8192,6237.97
128,8192,16,16384,13360.2
128,8192,32,16,628.254
128,8192,32,32,632.307
128,8192,32,64,635.112
128,8192,32,128,737.397
128,8192,32,256,888.649
128,8192,32,512,1340.94
128,8192,32,1024,2092.15
128,8192,32,2048,3845.24
128,8192,32,4096,7174.13
128,8192,32,8192,13899.5
128,8192,32,16384,27989.2
128,8192,64,16,800.789
128,8192,64,32,807.648
128,8192,64,64,815.894
128,8192,64,128,1025.01
128,8192,64,256,1501
128,8192,64,512,2461.48
128,8192,64,1024,4254.6
128,8192,64,2048,7884.24
128,8192,64,4096,15028.9
128,8192,64,8192,29642.8
128,8192,64,16384,58822.3
128,8192,128,16,1109.14
128,8192,128,32,1127.4
128,8192,128,64,1158.57
128,8192,128,128,1614.66
128,8192,128,256,2502.02
128,8192,128,512,4383.98
128,8192,128,1024,7996.74
128,8192,128,2048,15260.5
128,8192,128,4096,29825.3
128,8192,128,8192,59151.6
128,8192,128,16384,117726
128,16384,0,0,915.532
128,16384,1,16,917.644
128,16384,1,32,918.22
128,16384,1,64,918.412
128,16384,1,128,921.464
128,16384,1,256,924.6
128,16384,1,512,931.884
128,16384,1,1024,948.066
128,16384,1,2048,988.664
128,16384,1,4096,1047.55
128,16384,1,8192,1170.36
128,16384,1,16384,1392.86
128,16384,2,16,920.769
128,16384,2,32,921.634
128,16384,2,64,924.93
128,16384,2,128,925.613
128,16384,2,256,930.562
128,16384,2,512,946.327
128,16384,2,1024,976.149
128,16384,2,2048,1047.52
128,16384,2,4096,1162.54
128,16384,2,8192,1368.58
128,16384,2,16384,1836.22
128,16384,4,16,930.519
128,16384,4,32,930.7
128,16384,4,64,930.839
128,16384,4,128,941.964
128,16384,4,256,953.986
128,16384,4,512,975.031
128,16384,4,1024,1020.61
128,16384,4,2048,1118.82
128,16384,4,4096,1366.99
128,16384,4,8192,1640.84
128,16384,4,16384,2338.58
128,16384,8,16,951.49
128,16384,8,32,952.236
128,16384,8,64,953.336
128,16384,8,128,974.872
128,16384,8,256,1001.05
128,16384,8,512,1046.86
128,16384,8,1024,1168.08
128,16384,8,2048,1400.2
128,16384,8,4096,1840.97
128,16384,8,8192,2604.89
128,16384,8,16384,4651.32
128,16384,16,16,993.684
128,16384,16,32,995.037
128,16384,16,64,996.301
128,16384,16,128,1042.55
128,16384,16,256,1089.85
128,16384,16,512,1239.48
128,16384,16,1024,1541.2
128,16384,16,2048,2229.83
128,16384,16,4096,3656.2
128,16384,16,8192,6940.32
128,16384,16,16384,12685.8
128,16384,32,16,1073.07
128,16384,32,32,1077.33
128,16384,32,64,1080.91
128,16384,32,128,1176.77
128,16384,32,256,1372.66
128,16384,32,512,1809.83
128,16384,32,1024,2661.44
128,16384,32,2048,4323.6
128,16384,32,4096,7902.83
128,16384,32,8192,14488.2
128,16384,32,16384,27942.8
128,16384,64,16,1252.57
128,16384,64,32,1265.12
128,16384,64,64,1284.35
128,16384,64,128,1548.36
128,16384,64,256,1964.25
128,16384,64,512,2975.36
128,16384,64,1024,4855.96
128,16384,64,2048,8537.6
128,16384,64,4096,15725.3
128,16384,64,8192,30103.8
128,16384,64,16384,59266.2
128,16384,128,16,1617.65
128,16384,128,32,1634.3
128,16384,128,64,1672.44
128,16384,128,128,2173.79
128,16384,128,256,3031.4
128,16384,128,512,4979.84
128,16384,128,1024,8647.97
128,16384,128,2048,15937.9
128,16384,128,4096,30426.6
128,16384,128,8192,59613.7
128,16384,128,16384,118267
256,0,0,0,42.4107
256,0,1,16,46.5073
256,0,1,32,46.4323
256,0,1,64,46.902
256,0,1,128,48.3737
256,0,1,256,53.2277
256,0,1,512,64.204
256,0,1,1024,84.6833
256,0,1,2048,121.548
256,0,1,4096,178.114
256,0,1,8192,289.903
256,0,1,16384,516.829
256,0,2,16,51.542
256,0,2,32,51.5947
256,0,2,64,51.905
256,0,2,128,56.2023
256,0,2,256,63.7767
256,0,2,512,78.988
256,0,2,1024,111.244
256,0,2,2048,164.013
256,0,2,4096,277.284
256,0,2,8192,503.996
256,0,2,16384,959.725
256,0,4,16,61.996
256,0,4,32,62.017
256,0,4,64,62.603
256,0,4,128,71.265
256,0,4,256,84.236
256,0,4,512,110.625
256,0,4,1024,161.559
256,0,4,2048,268.452
256,0,4,4096,500.38
256,0,4,8192,962.649
256,0,4,16384,1890.7
256,0,8,16,82.305
256,0,8,32,83.852
256,0,8,64,84.2357
256,0,8,128,102.658
256,0,8,256,127.586
256,0,8,512,174.616
256,0,8,1024,269.369
256,0,8,2048,475.334
256,0,8,4096,911.619
256,0,8,8192,1810.63
256,0,8,16384,3951.32
256,0,16,16,122.818
256,0,16,32,123.97
256,0,16,64,125.345
256,0,16,128,164.941
256,0,16,256,210.648
256,0,16,512,301.444
256,0,16,1024,594.994
256,0,16,2048,1136.28
256,0,16,4096,2407.75
256,0,16,8192,5287.17
256,0,16,16384,11354.7
256,0,32,16,203.524
256,0,32,32,207.864
256,0,32,64,210.317
256,0,32,128,291.449
256,0,32,256,383.706
256,0,32,512,824.277
256,0,32,1024,1533.55
256,0,32,2048,3077.38
256,0,32,4096,6521.67
256,0,32,8192,13255.9
256,0,32,16384,27039.1
256,0,64,16,367.131
256,0,64,32,373.446
256,0,64,64,379.024
256,0,64,128,548.7
256,0,64,256,943.703
256,0,64,512,1915.28
256,0,64,1024,3727.85
256,0,64,2048,7389.37
256,0,64,4096,14612.5
256,0,64,8192,29191.5
256,0,64,16384,58330.5
256,0,128,16,701.343
256,0,128,32,713.108
256,0,128,64,726.09
256,0,128,128,1126.29
256,0,128,256,1927.01
256,0,128,512,3788.06
256,0,128,1024,7436.69
256,0,128,2048,14761.7
256,0,128,4096,29388.2
256,0,128,8192,58699.5
256,0,128,16384,117229
256,16,0,0,48.6083
256,16,1,16,53.0993
256,16,1,32,53.7393
256,16,1,64,53.6963
256,16,1,128,55.702
256,16,1,256,57.9213
256,16,1,512,68.5343
256,16,1,1024,89.143
256,16,1,2048,130.444
256,16,1,4096,187.586
256,16,1,8192,300.612
256,16,1,16384,524.347
256,16,2,16,58.3903
256,16,2,32,58.5713
256,16,2,64,58.8707
256,16,2,128,63.7237
256,16,2,256,68.481
256,16,2,512,84.3963
256,16,2,1024,113.773
256,16,2,2048,170.466
256,16,2,4096,284.644
256,16,2,8192,510.493
256,16,2,16384,971.373
256,16,4,16,69.206
256,16,4,32,69.6757
256,16,4,64,70.0383
256,16,4,128,78.8387
256,16,4,256,89.5267
256,16,4,512,115.596
256,16,4,1024,167.33
256,16,4,2048,271.299
256,16,4,4096,497.969
256,16,4,8192,958.68
256,16,4,16384,1898.24
256,16,8,16,89.74
256,16,8,32,91.148
256,16,8,64,91.02
256,16,8,128,109.815
256,16,8,256,132.268
256,16,8,512,178.477
256,16,8,1024,272.057
256,16,8,2048,493.511
256,16,8,4096,964.088
256,16,8,8192,1928.54
256,16,8,16384,4276.17
256,16,16,16,130.05
256,16,16,32,132.897
256,16,16,64,133.558
256,16,16,128,171.789
256,16,16,256,217.56
256,16,16,512,306.788
256,16,16,1024,601.16
256,16,16,2048,1245.65
256,16,16,4096,2659.2
256,16,16,8192,5725.75
256,16,16,16384,11560.4
256,16,32,16,211.673
256,16,32,32,215.79
256,16,32,64,216.569
256,16,32,128,296.228
256,16,32,256,388.432
256,16,32,512,788.107
256,16,32,1024,1571.5
256,16,32,2048,3208.44
256,16,32,4096,6577.52
256,16,32,8192,13355.2
256,16,32,16384,26515.1
256,16,64,16,373.723
256,16,64,32,380.528
256,16,64,64,385.093
256,16,64,128,552.946
256,16,64,256,922.989
256,16,64,512,1920.11
256,16,64,1024,3739.41
256,16,64,2048,7384.61
256,16,64,4096,14649.2
256,16,64,8192,29178.9
256,16,64,16384,58428.1
256,16,128,16,706.335
256,16,128,32,721.611
256,16,128,64,731.2
256,16,128,128,1123.24
256,16,128,256,1926.66
256,16,128,512,3783.61
256,16,128,1024,7426.78
256,16,128,2048,14776.1
256,16,128,4096,29387.8
256,16,128,8192,58800
256,16,128,16384,117260
256,32,0,0,48.8753
256,32,1,16,53.6117
256,32,1,32,53.526
256,32,1,64,53.4937
256,32,1,128,56.065
256,32,1,256,57.7823
256,32,1,512,68.3743
256,32,1,1024,89.3877
256,32,1,2048,130.914
256,32,1,4096,187.875
256,32,1,8192,298.34
256,32,1,16384,522.823
256,32,2,16,59.009
256,32,2,32,58.6243
256,32,2,64,59.19
256,32,2,128,63.5423
256,32,2,256,68.3743
256,32,2,512,84.6627
256,32,2,1024,114.306
256,32,2,2048,170.818
256,32,2,4096,281.796
256,32,2,8192,511.495
256,32,2,16384,964.493
256,32,4,16,69.1317
256,32,4,32,69.3023
256,32,4,64,69.6223
256,32,4,128,78.6357
256,32,4,256,88.854
256,32,4,512,115.159
256,32,4,1024,167.139
256,32,4,2048,271.172
256,32,4,4096,501.875
256,32,4,8192,962.434
256,32,4,16384,1901.44
256,32,8,16,89.825
256,32,8,32,91.1263
256,32,8,64,91.319
256,32,8,128,109.857
256,32,8,256,131.425
256,32,8,512,178.904
256,32,8,1024,272.462
256,32,8,2048,488.785
256,32,8,4096,965.87
256,32,8,8192,1968.28
256,32,8,16384,4074.03
256,32,16,16,130.497
256,32,16,32,131.49
256,32,16,64,133.068
256,32,16,128,173.101
256,32,16,256,217.251
256,32,16,512,306.756
256,32,16,1024,590.569
256,32,16,2048,1261.88
256,32,16,4096,2641.82
256,32,16,8192,5662.84
256,32,16,16384,11566.4
256,32,32,16,211.501
256,32,32,32,214.125
256,32,32,64,218.318
256,32,32,128,296.313
256,32,32,256,388.848
256,32,32,512,817.228
256,32,32,1024,1592.74
256,32,32,2048,3196.45
256,32,32,4096,6613.82
256,32,32,8192,13101.3
256,32,32,16384,26567.3
256,32,64,16,374.053
256,32,64,32,379.909
256,32,64,64,385.275
256,32,64,128,553.756
256,32,64,256,919.789
256,32,64,512,1921.48
256,32,64,1024,3737.42
256,32,64,2048,7402.12
256,32,64,4096,14628.1
256,32,64,8192,29212.4
256,32,64,16384,58414.5
256,32,128,16,706.613
256,32,128,32,717.919
256,32,128,64,731.263
256,32,128,128,1124.45
256,32,128,256,1931.42
256,32,128,512,3793.07
256,32,128,1024,7438.76
256,32,128,2048,14770.7
256,32,128,4096,29387.7
256,32,128,8192,58707.8
256,32,128,16384,117237
256,64,0,0,49.0887
256,64,1,16,54.2297
256,64,1,32,54.1453
256,64,1,64,53.6327
256,64,1,128,55.7767
256,64,1,256,58.081
256,64,1,512,69.025
256,64,1,1024,89.3877
256,64,1,2048,131.202
256,64,1,4096,187.299
256,64,1,8192,299.823
256,64,1,16384,526.344
256,64,2,16,58.6353
256,64,2,32,59.1797
256,64,2,64,59.1477
256,64,2,128,63.3717
256,64,2,256,68.2893
256,64,2,512,84.4717
256,64,2,1024,114.828
256,64,2,2048,169.805
256,64,2,4096,281.049
256,64,2,8192,508.381
256,64,2,16384,964.654
256,64,4,16,69.5157
256,64,4,32,69.3773
256,64,4,64,69.707
256,64,4,128,79.5957
256,64,4,256,88.7797
256,64,4,512,116.087
256,64,4,1024,167.373
256,64,4,2048,270.287
256,64,4,4096,500.785
256,64,4,8192,963.374
256,64,4,16384,1883.33
256,64,8,16,89.6757
256,64,8,32,90.828
256,64,8,64,90.9027
256,64,8,128,109.879
256,64,8,256,132.098
256,64,8,512,178.797
256,64,8,1024,273.102
256,64,8,2048,486.535
256,64,8,4096,976.472
256,64,8,8192,1892.74
256,64,8,16384,4139.67
256,64,16,16,130.626
256,64,16,32,131.874
256,64,16,64,133.122
256,64,16,128,171.831
256,64,16,256,217.102
256,64,16,512,308.463
256,64,16,1024,603.188
256,64,16,2048,1238.19
256,64,16,4096,2660.76
256,64,16,8192,5739.87
256,64,16,16384,11744
256,64,32,16,211.843
256,64,32,32,214.712
256,64,32,64,218.648
256,64,32,128,296.548
256,64,32,256,391.248
256,64,32,512,792.139
256,64,32,1024,1589.74
256,64,32,2048,3211.77
256,64,32,4096,6659
256,64,32,8192,13275.8
256,64,32,16384,26716.1
256,64,64,16,374.565
256,64,64,32,380.464
256,64,64,64,385.851
256,64,64,128,554.077
256,64,64,256,946.339
256,64,64,512,1920.56
256,64,64,1024,3749.13
256,64,64,2048,7375.45
256,64,64,4096,14643.9
256,64,64,8192,29211.8
256,64,64,16384,58374
256,64,128,16,706.261
256,64,128,32,717.866
256,64,128,64,733.835
256,64,128,128,1123.11
256,64,128,256,1932.48
256,64,128,512,3789.44
256,64,128,1024,7441.02
256,64,128,2048,14776.5
256,64,128,4096,29398.2
256,64,128,8192,58721.3
256,64,128,16384,117250
256,128,0,0,56.2467
256,128,1,16,58.8057
256,128,1,32,58.593
256,128,1,64,58.9977
256,128,1,128,60.5977
256,128,1,256,62.753
256,128,1,512,74.6243
256,128,1,1024,95.799
256,128,1,2048,135.425
256,128,1,4096,197.528
256,128,1,8192,311.408
256,128,1,16384,535.869
256,128,2,16,64.364
256,128,2,32,64.865
256,128,2,64,64.5557
256,128,2,128,69.206
256,128,2,256,74.252
256,128,2,512,89.377
256,128,2,1024,121.389
256,128,2,2048,177.453
256,128,2,4096,288.804
256,128,2,8192,520.252
256,128,2,16384,972.312
256,128,4,16,74.5823
256,128,4,32,75.2113
256,128,4,64,75.4787
256,128,4,128,84.9077
256,128,4,256,95.2437
256,128,4,512,121.036
256,128,4,1024,172.792
256,128,4,2048,277.956
256,128,4,4096,498.619
256,128,4,8192,974.371
256,128,4,16384,1902.4
256,128,8,16,95.4253
256,128,8,32,96.236
256,128,8,64,96.6517
256,128,8,128,116.546
256,128,8,256,137.421
256,128,8,512,185.155
256,128,8,1024,278.02
256,128,8,2048,501.127
256,128,8,4096,1013.35
256,128,8,8192,2037.52
256,128,8,16384,4366.87
256,128,16,16,136.418
256,128,16,32,138.764
256,128,16,64,138.508
256,128,16,128,178.37
256,128,16,256,223.331
256,128,16,512,312.975
256,128,16,1024,590.823
256,128,16,2048,1307.02
256,128,16,4096,2832.62
256,128,16,8192,5672.13
256,128,16,16384,12049.5
256,128,32,16,217.379
256,128,32,32,220.259
256,128,32,64,222.936
256,128,32,128,303.61
256,128,32,256,397.691
256,128,32,512,823.51
256,128,32,1024,1637.27
256,128,32,2048,3274.23
256,128,32,4096,6736.91
256,128,32,8192,13461.8
256,128,32,16384,27054.1
256,128,64,16,380.507
256,128,64,32,386.416
256,128,64,64,391.846
256,128,64,128,559.869
256,128,64,256,956.781
256,128,64,512,1922.07
256,128,64,1024,3751.08
256,128,64,2048,7407.06
256,128,64,4096,14678.7
256,128,64,8192,29257.2
256,128,64,16384,58426.1
256,128,128,16,712.042
256,128,128,32,723.787
256,128,128,64,737.344
256,128,128,128,1131.5
256,128,128,256,1935.73
256,128,128,512,3795.39
256,128,128,1024,7434.52
256,128,128,2048,14770.5
256,128,128,4096,29394.4
256,128,128,8192,58723.4
256,128,128,16384,117254
256,256,0,0,71.051
256,256,1,16,71.9587
256,256,1,32,71.4993
256,256,1,64,72.385
256,256,1,128,73.4727
256,256,1,256,74.6463
256,256,1,512,82.3157
256,256,1,1024,106.466
256,256,1,2048,148.866
256,256,1,4096,218.254
256,256,1,8192,332.718
256,256,1,16384,556.231
256,256,2,16,76.5127
256,256,2,32,77.281
256,256,2,64,76.9717
256,256,2,128,81.6867
256,256,2,256,86.7743
256,256,2,512,99.511
256,256,2,1024,129.804
256,256,2,2048,195.662
256,256,2,4096,300.174
256,256,2,8192,528.039
256,256,2,16384,991.427
256,256,4,16,87.2653
256,256,4,32,87.7983
256,256,4,64,88.5027
256,256,4,128,97.601
256,256,4,256,108.546
256,256,4,512,131.415
256,256,4,1024,182.103
256,256,4,2048,286.275
256,256,4,4096,509.512
256,256,4,8192,1004.18
256,256,4,16384,1928.82
256,256,8,16,108.577
256,256,8,32,109.271
256,256,8,64,109.698
256,256,8,128,129.911
256,256,8,256,149.815
256,256,8,512,196.547
256,256,8,1024,287.769
256,256,8,2048,517.127
256,256,8,4096,1063.91
256,256,8,8192,2210.19
256,256,8,16384,4600.55
256,256,16,16,149.303
256,256,16,32,151.117
256,256,16,64,153.133
256,256,16,128,191.491
256,256,16,256,234.03
256,256,16,512,323.671
256,256,16,1024,584.231
256,256,16,2048,1434.72
256,256,16,4096,2942.8
256,256,16,8192,6105.27
256,256,16,16384,12897.5
256,256,32,16,231.011
256,256,32,32,233.891
256,256,32,64,236.932
256,256,32,128,315.855
256,256,32,256,405.414
256,256,32,512,771.317
256,256,32,1024,1688.65
256,256,32,2048,3481.33
256,256,32,4096,6961.6
256,256,32,8192,13715
256,256,32,16384,27244.1
256,256,64,16,393.84
256,256,64,32,399.909
256,256,64,64,405.115
256,256,64,128,571.091
256,256,64,256,963.598
256,256,64,512,1927.2
256,256,64,1024,3751.34
256,256,64,2048,7418.43
256,256,64,4096,14703.5
256,256,64,8192,29327.7
256,256,64,16384,58515.4
256,256,128,16,723.552
256,256,128,32,736.831
256,256,128,64,748.267
256,256,128,128,1140.86
256,256,128,256,1940.27
256,256,128,512,3798.75
256,256,128,1024,7447.27
256,256,128,2048,14783.7
256,256,128,4096,29410.2
256,256,128,8192,58734.5
256,256,128,16384,117270
256,512,0,0,97.26
256,512,1,16,97.4737
256,512,1,32,97.3133
256,512,1,64,98.3267
256,512,1,128,99.063
256,512,1,256,100.385
256,512,1,512,103.169
256,512,1,1024,124.653
256,512,1,2048,163.971
256,512,1,4096,245.71
256,512,1,8192,374.97
256,512,1,16384,595.773
256,512,2,16,101.505
256,512,2,32,101.378
256,512,2,64,102.861
256,512,2,128,106.039
256,512,2,256,111.713
256,512,2,512,121.591
256,512,2,1024,151.618
256,512,2,2048,215.619
256,512,2,4096,324.336
256,512,2,8192,547.613
256,512,2,16384,1009.83
256,512,4,16,113.196
256,512,4,32,113.111
256,512,4,64,113.847
256,512,4,128,123.03
256,512,4,256,133.709
256,512,4,512,156.407
256,512,4,1024,203.405
256,512,4,2048,306.905
256,512,4,4096,525.116
256,512,4,8192,1051.45
256,512,4,16384,2055.69
256,512,8,16,134.317
256,512,8,32,135.618
256,512,8,64,136.706
256,512,8,128,156.482
256,512,8,256,177.709
256,512,8,512,217.923
256,512,8,1024,310.191
256,512,8,2048,537.085
256,512,8,4096,1191.21
256,512,8,8192,2536.43
256,512,8,16384,4980.86
256,512,16,16,175.447
256,512,16,32,176.525
256,512,16,64,177.975
256,512,16,128,218.371
256,512,16,256,262.308
256,512,16,512,343.994
256,512,16,1024,657.406
256,512,16,2048,1573.42
256,512,16,4096,3223.54
256,512,16,8192,6477.63
256,512,16,16384,13151.5
256,512,32,16,257.678
256,512,32,32,260.249
256,512,32,64,263.193
256,512,32,128,343.482
256,512,32,256,432.997
256,512,32,512,758.827
256,512,32,1024,1685.82
256,512,32,2048,3586.57
256,512,32,4096,7149.17
256,512,32,8192,14124.8
256,512,32,16384,28395.6
256,512,64,16,420.551
256,512,64,32,427.121
256,512,64,64,431.686
256,512,64,128,597.128
256,512,64,256,971.865
256,512,64,512,1941.57
256,512,64,1024,3767.07
256,512,64,2048,7442.89
256,512,64,4096,14732.2
256,512,64,8192,29333.3
256,512,64,16384,58566.8
256,512,128,16,751.083
256,512,128,32,764.171
256,512,128,64,775.542
256,512,128,128,1170.44
256,512,128,256,1956
256,512,128,512,3822.23
256,512,128,1024,7463.83
256,512,128,2048,14805.2
256,512,128,4096,29426.3
256,512,128,8192,58743.4
256,512,128,16384,117309
256,1024,0,0,152.61
256,1024,1,16,151.362
256,1024,1,32,150.647
256,1024,1,64,151.405
256,1024,1,128,151.842
256,1024,1,256,152.397
256,1024,1,512,156.706
256,1024,1,1024,159.908
256,1024,1,2048,208.813
256,1024,1,4096,283.993
256,1024,1,8192,456.092
256,1024,1,16384,676.927
256,1024,2,16,154.199
256,1024,2,32,153.783
256,1024,2,64,153.709
256,1024,2,128,156.888
256,1024,2,256,162.349
256,1024,2,512,174.712
256,1024,2,1024,192.974
256,1024,2,2048,250.499
256,1024,2,4096,370.661
256,1024,2,8192,604.222
256,1024,2,16384,1072.72
256,1024,4,16,162.893
256,1024,4,32,164.482
256,1024,4,64,163.053
256,1024,4,128,171.928
256,1024,4,256,183.747
256,1024,4,512,204.046
256,1024,4,1024,254.851
256,1024,4,2048,350.608
256,1024,4,4096,567.229
256,1024,4,8192,1115.28
256,1024,4,16384,2156.52
256,1024,8,16,185.145
256,1024,8,32,184.558
256,1024,8,64,185.186
256,1024,8,128,207.64
256,1024,8,256,229.24
256,1024,8,512,271.321
256,1024,8,1024,362.116
256,1024,8,2048,558.28
256,1024,8,4096,1270.72
256,1024,8,8192,2663.48
256,1024,8,16384,5417.83
256,1024,16,16,226.446
256,1024,16,32,227.704
256,1024,16,64,230.382
256,1024,16,128,269.785
256,1024,16,256,315.567
256,1024,16,512,400.507
256,1024,16,1024,591.465
256,1024,16,2048,1639.44
256,1024,16,4096,3375.45
256,1024,16,8192,6657.24
256,1024,16,16384,13270.7
256,1024,32,16,309.957
256,1024,32,32,312.613
256,1024,32,64,314.895
256,1024,32,128,397.328
256,1024,32,256,484.005
256,1024,32,512,861.303
256,1024,32,1024,1269.07
256,1024,32,2048,3611.49
256,1024,32,4096,7194.74
256,1024,32,8192,14252.1
256,1024,32,16384,28320.5
256,1024,64,16,474.481
256,1024,64,32,480.006
256,1024,64,64,487.175
256,1024,64,128,650.666
256,1024,64,256,1029.31
256,1024,64,512,1973.36
256,1024,64,1024,3777.3
256,1024,64,2048,7457.29
256,1024,64,4096,14761.4
256,1024,64,8192,29401
256,1024,64,16384,58568.3
256,1024,128,16,806.284
256,1024,128,32,816.438
256,1024,128,64,833.217
256,1024,128,128,1217.03
256,1024,128,256,1984.08
256,1024,128,512,3841.9
256,1024,128,1024,7489.75
256,1024,128,2048,14829
256,1024,128,4096,29466.3
256,1024,128,8192,58818.4
256,1024,128,16384,117350
256,2048,0,0,261.508
256,2048,1,16,260.719
256,2048,1,32,260.729
256,2048,1,64,261.699
256,2048,1,128,261.518
256,2048,1,256,260.004
256,2048,1,512,264.793
256,2048,1,1024,268.547
256,2048,1,2048,271.492
256,2048,1,4096,378.437
256,2048,1,8192,542.898
256,2048,1,16384,856.193
256,2048,2,16,262.884
256,2048,2,32,262.511
256,2048,2,64,264.207
256,2048,2,128,263.236
256,2048,2,256,266.959
256,2048,2,512,269.902
256,2048,2,1024,299.14
256,2048,2,2048,332.058
256,2048,2,4096,448.87
256,2048,2,8192,711.626
256,2048,2,16384,1159.78
256,2048,4,16,269.188
256,2048,4,32,267.513
256,2048,4,64,269.54
256,2048,4,128,275.3
256,2048,4,256,284.666
256,2048,4,512,306.212
256,2048,4,1024,344.933
256,2048,4,2048,455.526
256,2048,4,4096,635.508
256,2048,4,8192,1167.91
256,2048,4,16384,2278.97
256,2048,8,16,285.093
256,2048,8,32,288.036
256,2048,8,64,286.639
256,2048,8,128,307.588
256,2048,8,256,326.49
256,2048,8,512,371.226
256,2048,8,1024,451.43
256,2048,8,2048,645.108
256,2048,8,4096,1040.62
256,2048,8,8192,2925.36
256,2048,8,16384,5707.07
256,2048,16,16,326.234
256,2048,16,32,327.738
256,2048,16,64,330.842
256,2048,16,128,370.949
256,2048,16,256,414.406
256,2048,16,512,505.287
256,2048,16,1024,691.146
256,2048,16,2048,1084.55
256,2048,16,4096,3358.29
256,2048,16,8192,6836.68
256,2048,16,16384,13343
256,2048,32,16,410.981
256,2048,32,32,414.374
256,2048,32,64,415.889
256,2048,32,128,503.836
256,2048,32,256,589.769
256,2048,32,512,942.53
256,2048,32,1024,1596.86
256,2048,32,2048,3106.68
256,2048,32,4096,7223.4
256,2048,32,8192,14283.2
256,2048,32,16384,28626
256,2048,64,16,579.091
256,2048,64,32,584.777
256,2048,64,64,590.835
256,2048,64,128,758.517
256,2048,64,256,1115.27
256,2048,64,512,2054.58
256,2048,64,1024,3851.93
256,2048,64,2048,7489.15
256,2048,64,4096,14828.7
256,2048,64,8192,29464.9
256,2048,64,16384,58752.3
256,2048,128,16,913.219
256,2048,128,32,923.789
256,2048,128,64,942.136
256,2048,128,128,1329.8
256,2048,128,256,2065.27
256,2048,128,512,3918.69
256,2048,128,1024,7545.64
256,2048,128,2048,14884.5
256,2048,128,4096,29526.2
256,2048,128,8192,58882.7
256,2048,128,16384,117482
256,4096,0,0,479.932
256,4096,1,16,479.132
256,4096,1,32,480.093
256,4096,1,64,479.623
256,4096,1,128,482.535
256,4096,1,256,480.295
256,4096,1,512,484.914
256,4096,1,1024,484.466
256,4096,1,2048,485.95
256,4096,1,4096,497.566
256,4096,1,8192,721.888
256,4096,1,16384,1075.11
256,4096,2,16,485.458
256,4096,2,32,485.436
256,4096,2,64,483.783
256,4096,2,128,482.236
256,4096,2,256,482.866
256,4096,2,512,481.629
256,4096,2,1024,489.544
256,4096,2,2048,547.55
256,4096,2,4096,611.54
256,4096,2,8192,844.141
256,4096,2,16384,1402.59
256,4096,4,16,490.663
256,4096,4,32,485.895
256,4096,4,64,489.639
256,4096,4,128,486.686
256,4096,4,256,489.148
256,4096,4,512,505.138
256,4096,4,1024,547.091
256,4096,4,2048,623.829
256,4096,4,4096,855.35
256,4096,4,8192,1211.51
256,4096,4,16384,2384.45
256,4096,8,16,496.317
256,4096,8,32,500.21
256,4096,8,64,496.647
256,4096,8,128,508.316
256,4096,8,256,526.056
256,4096,8,512,568.968
256,4096,8,1024,658.398
256,4096,8,2048,818.711
256,4096,8,4096,1210.85
256,4096,8,8192,2539.59
256,4096,8,16384,6182.01
256,4096,16,16,527.975
256,4096,16,32,529.331
256,4096,16,64,528.541
256,4096,16,128,572.968
256,4096,16,256,613.438
256,4096,16,512,703.359
256,4096,16,1024,925.122
256,4096,16,2048,1455.86
256,4096,16,4096,2594.68
256,4096,16,8192,6916.27
256,4096,16,16384,13775.1
256,4096,32,16,610.078
256,4096,32,32,614.132
256,4096,32,64,614.495
256,4096,32,128,701.738
256,4096,32,256,792.983
256,4096,32,512,1195.74
256,4096,32,1024,1910.72
256,4096,32,2048,3547.42
256,4096,32,4096,7084.39
256,4096,32,8192,14443.2
256,4096,32,16384,28741
256,4096,64,16,783.029
256,4096,64,32,790.464
256,4096,64,64,795.787
256,4096,64,128,970.541
256,4096,64,256,1286.45
256,4096,64,512,2215.05
256,4096,64,1024,4012.84
256,4096,64,2048,7628.65
256,4096,64,4096,14925.6
256,4096,64,8192,29654.4
256,4096,64,16384,59005.8
256,4096,128,16,1131.06
256,4096,128,32,1138.94
256,4096,128,64,1166.43
256,4096,128,128,1538.13
256,4096,128,256,2233.69
256,4096,128,512,4068.15
256,4096,128,1024,7690.5
256,4096,128,2048,15001.2
256,4096,128,4096,29647
256,4096,128,8192,59078.9
256,4096,128,16384,117721
256,8192,0,0,917.676
256,8192,1,16,929.486
256,8192,1,32,921.634
256,8192,1,64,919.831
256,8192,1,128,915.81
256,8192,1,256,919.17
256,8192,1,512,919.042
256,8192,1,1024,917.4
256,8192,1,2048,925.026
256,8192,1,4096,933.145
256,8192,1,8192,945.283
256,8192,1,16384,1390.28
256,8192,2,16,923.116
256,8192,2,32,923.587
256,8192,2,64,921.41
256,8192,2,128,920.109
256,8192,2,256,919.704
256,8192,2,512,920.909
256,8192,2,1024,920.045
256,8192,2,2048,933.39
256,8192,2,4096,1049.28
256,8192,2,8192,1182.56
256,8192,2,16384,1657.69
256,8192,4,16,931.128
256,8192,4,32,932.856
256,8192,4,64,934.33
256,8192,4,128,929.304
256,8192,4,256,939.042
256,8192,4,512,930.349
256,8192,4,1024,964.259
256,8192,4,2048,1035.47
256,8192,4,4096,1196.45
256,8192,4,8192,1632.89
256,8192,4,16384,2422.54
256,8192,8,16,934.679
256,8192,8,32,942.519
256,8192,8,64,934.478
256,8192,8,128,941.752
256,8192,8,256,946.083
256,8192,8,512,971.202
256,8192,8,1024,1059.39
256,8192,8,2048,1261.75
256,8192,8,4096,1561.11
256,8192,8,8192,2466.15
256,8192,8,16384,5996.04
256,8192,16,16,953.346
256,8192,16,32,955.074
256,8192,16,64,955.194
256,8192,16,128,986.969
256,8192,16,256,1015.26
256,8192,16,512,1102.71
256,8192,16,1024,1334.24
256,8192,16,2048,2125.78
256,8192,16,4096,3546.48
256,8192,16,8192,6367.05
256,8192,16,16384,14111.7
256,8192,32,16,1015.09
256,8192,32,32,1027.6
256,8192,32,64,1029
256,8192,32,128,1102.88
256,8192,32,256,1205.75
256,8192,32,512,1554.21
256,8192,32,1024,2299.14
256,8192,32,2048,3981.99
256,8192,32,4096,7474.46
256,8192,32,8192,14286.2
256,8192,32,16384,29146.2
256,8192,64,16,1187.65
256,8192,64,32,1194.48
256,8192,64,64,1200.6
256,8192,64,128,1388.01
256,8192,64,256,1649.56
256,8192,64,512,2559.92
256,8192,64,1024,4339.43
256,8192,64,2048,7938.14
256,8192,64,4096,15181.4
256,8192,64,8192,29854.4
256,8192,64,16384,59269.2
256,8192,128,16,1547.77
256,8192,128,32,1564.41
256,8192,128,64,1586.02
256,8192,128,128,1965.14
256,8192,128,256,2598.57
256,8192,128,512,4404.57
256,8192,128,1024,8012.21
256,8192,128,2048,15294.1
256,8192,128,4096,29925.5
256,8192,128,8192,59296.1
256,8192,128,16384,118150
256,16384,0,0,1800.82
256,16384,1,16,1800.83
256,16384,1,32,1801.83
256,16384,1,64,1806.11
256,16384,1,128,1798.91
256,16384,1,256,1798.83
256,16384,1,512,1800.6
256,16384,1,1024,1802.82
256,16384,1,2048,1802.27
256,16384,1,4096,1803.81
256,16384,1,8192,1812.58
256,16384,1,16384,1854.92
256,16384,2,16,1817.96
256,16384,2,32,1808.95
256,16384,2,64,1808.82
256,16384,2,128,1804.72
256,16384,2,256,1809.55
256,16384,2,512,1808.81
256,16384,2,1024,1811.49
256,16384,2,2048,1813.84
256,16384,2,4096,1826.56
256,16384,2,8192,2059.55
256,16384,2,16384,2306.74
256,16384,4,16,1810.97
256,16384,4,32,1814.78
256,16384,4,64,1810.87
256,16384,4,128,1813.69
256,16384,4,256,1820.4
256,16384,4,512,1825.2
256,16384,4,1024,1824.36
256,16384,4,2048,1877.05
256,16384,4,4096,1997.01
256,16384,4,8192,2333.08
256,16384,4,16384,3223.8
256,16384,8,16,1822.05
256,16384,8,32,1823.91
256,16384,8,64,1823.32
256,16384,8,128,1830.57
256,16384,8,256,1837.87
256,16384,8,512,1847.81
256,16384,8,1024,1890.26
256,16384,8,2048,2036.54
256,16384,8,4096,2588.69
256,16384,8,8192,3535.4
256,16384,8,16384,6116.66
256,16384,16,16,1843.15
256,16384,16,32,1848.44
256,16384,16,64,1843.85
256,16384,16,128,1860.43
256,16384,16,256,1875.42
256,16384,16,512,1934.6
256,16384,16,1024,2160.06
256,16384,16,2048,2849.28
256,16384,16,4096,4395.99
256,16384,16,8192,7470.22
256,16384,16,16384,13693.6
256,16384,32,16,1883
256,16384,32,32,1883.87
256,16384,32,64,1885.31
256,16384,32,128,1932.79
256,16384,32,256,2018.13
256,16384,32,512,2299.97
256,16384,32,1024,3063.92
256,16384,32,2048,4674.09
256,16384,32,4096,8166.59
256,16384,32,8192,14960.1
256,16384,32,16384,28662.2
256,16384,64,16,2015.78
256,16384,64,32,2022.85
256,16384,64,64,2029.15
256,16384,64,128,2205.33
256,16384,64,256,2449.37
256,16384,64,512,3215.58
256,16384,64,1024,4973.56
256,16384,64,2048,8587.82
256,16384,64,4096,15828.9
256,16384,64,8192,30483.8
256,16384,64,16384,59706.6
256,16384,128,16,2383.67
256,16384,128,32,2403.78
256,16384,128,64,2416.82
256,16384,128,128,2802.67
256,16384,128,256,3327.86
256,16384,128,512,5028.49
256,16384,128,1024,8652.83
256,16384,128,2048,15934.1
256,16384,128,4096,30466.5
256,16384,128,8192,59872
256,16384,128,16384,118638
512,0,0,0,98.8493
512,0,1,16,104.78
512,0,1,32,105.014
512,0,1,64,104.823
512,0,1,128,107.223
512,0,1,256,110.071
512,0,1,512,117.559
512,0,1,1024,140.599
512,0,1,2048,182.531
512,0,1,4096,265.039
512,0,1,8192,385.446
512,0,1,16384,613.78
512,0,2,16,111.521
512,0,2,32,110.679
512,0,2,64,111.991
512,0,2,128,116.78
512,0,2,256,121.868
512,0,2,512,134.935
512,0,2,1024,167.544
512,0,2,2048,229.144
512,0,2,4096,345.285
512,0,2,8192,569.341
512,0,2,16384,1024.76
512,0,4,16,124.567
512,0,4,32,124.909
512,0,4,64,125.143
512,0,4,128,135.682
512,0,4,256,146.018
512,0,4,512,170.338
512,0,4,1024,223.875
512,0,4,2048,327.877
512,0,4,4096,564.851
512,0,4,8192,1101.23
512,0,4,16384,2107.05
512,0,8,16,151.672
512,0,8,32,152.183
512,0,8,64,153.079
512,0,8,128,172.216
512,0,8,256,193.688
512,0,8,512,239.545
512,0,8,1024,335.717
512,0,8,2048,616.809
512,0,8,4096,1270.55
512,0,8,8192,2515.34
512,0,8,16384,4775.92
512,0,16,16,204.899
512,0,16,32,206.019
512,0,16,64,206.702
512,0,16,128,248.398
512,0,16,256,289.582
512,0,16,512,377.627
512,0,16,1024,780.299
512,0,16,2048,1625.27
512,0,16,4096,3091.32
512,0,16,8192,6226.51
512,0,16,16384,12740.9
512,0,32,16,308.133
512,0,32,32,313.957
512,0,32,64,315.823
512,0,32,128,396.4
512,0,32,256,484.732
512,0,32,512,906.403
512,0,32,1024,1824.6
512,0,32,2048,3607.31
512,0,32,4096,7118.23
512,0,32,8192,13974.1
512,0,32,16384,27803.3
512,0,64,16,517.234
512,0,64,32,523.079
512,0,64,64,529.437
512,0,64,128,692.479
512,0,64,256,991.481
512,0,64,512,1962.1
512,0,64,1024,3793.54
512,0,64,2048,7480.04
512,0,64,4096,14790.6
512,0,64,8192,29399.8
512,0,64,16384,58586.4
512,0,128,16,939.949
512,0,128,32,968.771
512,0,128,64,965.998
512,0,128,128,1344.72
512,0,128,256,1976.37
512,0,128,512,3823.51
512,0,128,1024,7477.41
512,0,128,2048,14818.5
512,0,128,4096,29451.8
512,0,128,8192,58781.6
512,0,128,16384,117310
512,16,0,0,111.042
512,16,1,16,117.368
512,16,1,32,117.751
512,16,1,64,117.698
512,16,1,128,119.65
512,16,1,256,122.797
512,16,1,512,126.402
512,16,1,1024,149.282
512,16,1,2048,194.509
512,16,1,4096,275.396
512,16,1,8192,405.489
512,16,1,16384,632.884
512,16,2,16,123.97
512,16,2,32,122.637
512,16,2,64,123.085
512,16,2,128,128.663
512,16,2,256,134.071
512,16,2,512,144.717
512,16,2,1024,176.696
512,16,2,2048,239.182
512,16,2,4096,357.967
512,16,2,8192,580.607
512,16,2,16384,1037.81
512,16,4,16,137.08
512,16,4,32,138.082
512,16,4,64,137.901
512,16,4,128,147.693
512,16,4,256,157.977
512,16,4,512,179.459
512,16,4,1024,234.393
512,16,4,2048,339.034
512,16,4,4096,578.537
512,16,4,8192,1132.98
512,16,4,16384,2129.17
512,16,8,16,164.258
512,16,8,32,164.994
512,16,8,64,164.376
512,16,8,128,185.464
512,16,8,256,206.84
512,16,8,512,248.334
512,16,8,1024,346.191
512,16,8,2048,638.228
512,16,8,4096,1292.31
512,16,8,8192,2567.75
512,16,8,16384,5053.61
512,16,16,16,217.507
512,16,16,32,218.478
512,16,16,64,220.035
512,16,16,128,260.558
512,16,16,256,302.5
512,16,16,512,395.355
512,16,16,1024,756.993
512,16,16,2048,1618.43
512,16,16,4096,3187.87
512,16,16,8192,6447.22
512,16,16,16384,12782.9
512,16,32,16,320.847
512,16,32,32,325.924
512,16,32,64,328.048
512,16,32,128,409.255
512,16,32,256,494.972
512,16,32,512,914.275
512,16,32,1024,1859.98
512,16,32,2048,3649.86
512,16,32,4096,7216.57
512,16,32,8192,14142.6
512,16,32,16384,27905.2
512,16,64,16,530.365
512,16,64,32,537.768
512,16,64,64,541.107
512,16,64,128,712.938
512,16,64,256,982.873
512,16,64,512,1965.45
512,16,64,1024,3800.37
512,16,64,2048,7486.95
512,16,64,4096,14801.7
512,16,64,8192,29407.1
512,16,64,16384,58633.6
512,16,128,16,950.799
512,16,128,32,967.557
512,16,128,64,975.651
512,16,128,128,1378.5
512,16,128,256,1976.18
512,16,128,512,3831.76
512,16,128,1024,7474.62
512,16,128,2048,14827.8
512,16,128,4096,29461
512,16,128,8192,58777.7
512,16,128,16384,117343
512,32,0,0,110.476
512,32,1,16,117.079
512,32,1,32,117.429
512,32,1,64,117.922
512,32,1,128,119.49
512,32,1,256,122.604
512,32,1,512,128.173
512,32,1,1024,150.146
512,32,1,2048,193.08
512,32,1,4096,276.793
512,32,1,8192,406.428
512,32,1,16384,631.806
512,32,2,16,123.341
512,32,2,32,123.81
512,32,2,64,123.372
512,32,2,128,128.226
512,32,2,256,133.517
512,32,2,512,144.259
512,32,2,1024,177.549
512,32,2,2048,239.295
512,32,2,4096,357.125
512,32,2,8192,580.073
512,32,2,16384,1033.03
512,32,4,16,137.549
512,32,4,32,137.901
512,32,4,64,138.648
512,32,4,128,146.999
512,32,4,256,157.976
512,32,4,512,179
512,32,4,1024,233.881
512,32,4,2048,338.298
512,32,4,4096,578.728
512,32,4,8192,1130.44
512,32,4,16384,2110.52
512,32,8,16,164.419
512,32,8,32,165.026
512,32,8,64,165.176
512,32,8,128,184.888
512,32,8,256,206.222
512,32,8,512,250.468
512,32,8,1024,345.818
512,32,8,2048,639.305
512,32,8,4096,1332.5
512,32,8,8192,2561.83
512,32,8,16384,4989.02
512,32,16,16,216.974
512,32,16,32,219.353
512,32,16,64,219.395
512,32,16,128,259.972
512,32,16,256,301.893
512,32,16,512,393.756
512,32,16,1024,778.955
512,32,16,2048,1630.38
512,32,16,4096,3191.89
512,32,16,8192,6507.03
512,32,16,16384,12711
512,32,32,16,321.029
512,32,32,32,324.037
512,32,32,64,328.485
512,32,32,128,411.132
512,32,32,256,496.701
512,32,32,512,929.337
512,32,32,1024,1855.81
512,32,32,2048,3614.38
512,32,32,4096,7148.52
512,32,32,8192,13938
512,32,32,16384,28033.1
512,32,64,16,530.014
512,32,64,32,535.816
512,32,64,64,548.029
512,32,64,128,702.912
512,32,64,256,976.943
512,32,64,512,1959.59
512,32,64,1024,3807.49
512,32,64,2048,7487.62
512,32,64,4096,14808.3
512,32,64,8192,29428.1
512,32,64,16384,58614.6
512,32,128,16,964.505
512,32,128,32,962.362
512,32,128,64,993.102
512,32,128,128,1370.95
512,32,128,256,1976.91
512,32,128,512,3822.8
512,32,128,1024,7475.6
512,32,128,2048,14821.1
512,32,128,4096,29459.4
512,32,128,8192,58804.9
512,32,128,16384,117333
512,64,0,0,110.669
512,64,1,16,117.292
512,64,1,32,117.602
512,64,1,64,116.055
512,64,1,128,119.756
512,64,1,256,122.85
512,64,1,512,127.597
512,64,1,1024,150.669
512,64,1,2048,193.72
512,64,1,4096,277.828
512,64,1,8192,406.459
512,64,1,16384,632.372
512,64,2,16,123.916
512,64,2,32,123.916
512,64,2,64,124.268
512,64,2,128,128.396
512,64,2,256,133.015
512,64,2,512,143.192
512,64,2,1024,177.848
512,64,2,2048,239.3
512,64,2,4096,356.432
512,64,2,8192,583.881
512,64,2,16384,1036
512,64,4,16,138.38
512,64,4,32,138.231
512,64,4,64,138.306
512,64,4,128,147.416
512,64,4,256,158.21
512,64,4,512,179.8
512,64,4,1024,232.782
512,64,4,2048,337.061
512,64,4,4096,578.633
512,64,4,8192,1115.63
512,64,4,16384,2122.19
512,64,8,16,164.642
512,64,8,32,165.166
512,64,8,64,164.536
512,64,8,128,186.275
512,64,8,256,206.563
512,64,8,512,249.55
512,64,8,1024,345.604
512,64,8,2048,647.316
512,64,8,4096,1331.18
512,64,8,8192,2588.76
512,64,8,16384,5133.76
512,64,16,16,217.336
512,64,16,32,219.064
512,64,16,64,220.078
512,64,16,128,259.918
512,64,16,256,302.895
512,64,16,512,390.843
512,64,16,1024,773.388
512,64,16,2048,1640.4
512,64,16,4096,3187.36
512,64,16,8192,6417.87
512,64,16,16384,12965.5
512,64,32,16,321.69
512,64,32,32,325.817
512,64,32,64,328.154
512,64,32,128,409.201
512,64,32,256,496.071
512,64,32,512,921.912
512,64,32,1024,1849.39
512,64,32,2048,3650.38
512,64,32,4096,7163.19
512,64,32,8192,14115.3
512,64,32,16384,27751.3
512,64,64,16,535.261
512,64,64,32,536.234
512,64,64,64,541.522
512,64,64,128,704.245
512,64,64,256,989.977
512,64,64,512,1964.56
512,64,64,1024,3806.52
512,64,64,2048,7500.49
512,64,64,4096,14815.2
512,64,64,8192,29429.3
512,64,64,16384,58637.4
512,64,128,16,950.809
512,64,128,32,961.828
512,64,128,64,975.822
512,64,128,128,1366.79
512,64,128,256,1978.13
512,64,128,512,3831.25
512,64,128,1024,7484.59
512,64,128,2048,14829.2
512,64,128,4096,29464.9
512,64,128,8192,58775.8
512,64,128,16384,117322
512,128,0,0,121.74
512,128,1,16,127.181
512,128,1,32,127.756
512,128,1,64,128.023
512,128,1,128,131.223
512,128,1,256,132.535
512,128,1,512,138.786
512,128,1,1024,159.714
512,128,1,2048,204.259
512,128,1,4096,287.62
512,128,1,8192,425.66
512,128,1,16384,653.62
512,128,2,16,134.561
512,128,2,32,134.444
512,128,2,64,134.306
512,128,2,128,139.778
512,128,2,256,144.951
512,128,2,512,154.637
512,128,2,1024,188.793
512,128,2,2048,252.249
512,128,2,4096,372.677
512,128,2,8192,590.249
512,128,2,16384,1050.15
512,128,4,16,148.334
512,128,4,32,148.728
512,128,4,64,148.109
512,128,4,128,158.658
512,128,4,256,168.909
512,128,4,512,190.627
512,128,4,1024,243.001
512,128,4,2048,349.777
512,128,4,4096,587.006
512,128,4,8192,1143.37
512,128,4,16384,2187.19
512,128,8,16,175.449
512,128,8,32,176.365
512,128,8,64,176.919
512,128,8,128,196.643
512,128,8,256,217.624
512,128,8,512,262.446
512,128,8,1024,357.787
512,128,8,2048,660.255
512,128,8,4096,1357.24
512,128,8,8192,2621.95
512,128,8,16384,5193.55
512,128,16,16,228.611
512,128,16,32,229.891
512,128,16,64,230.499
512,128,16,128,273.615
512,128,16,256,313.989
512,128,16,512,401.691
512,128,16,1024,725.792
512,128,16,2048,1674.8
512,128,16,4096,3264.69
512,128,16,8192,6589.25
512,128,16,16384,12961.7
512,128,32,16,332.186
512,128,32,32,335.77
512,128,32,64,339.514
512,128,32,128,422.598
512,128,32,256,507.592
512,128,32,512,927.917
512,128,32,1024,1874.65
512,128,32,2048,3651.41
512,128,32,4096,7269.99
512,128,32,8192,14227
512,128,32,16384,28291.1
512,128,64,16,541.619
512,128,64,32,546.995
512,128,64,64,552.339
512,128,64,128,723.371
512,128,64,256,993.763
512,128,64,512,1965.97
512,128,64,1024,3802.2
512,128,64,2048,7491.72
512,128,64,4096,14816.8
512,128,64,8192,29484.8
512,128,64,16384,58711
512,128,128,16,961.742
512,128,128,32,983.502
512,128,128,64,988.399
512,128,128,128,1379.53
512,128,128,256,1985.13
512,128,128,512,3826.39
512,128,128,1024,7476.55
512,128,128,2048,14827.5
512,128,128,4096,29468.7
512,128,128,8192,58805.7
512,128,128,16384,117338
512,256,0,0,144.397
512,256,1,16,149.294
512,256,1,32,150.157
512,256,1,64,151.117
512,256,1,128,154.04
512,256,1,256,156.269
512,256,1,512,160.621
512,256,1,1024,180.29
512,256,1,2048,226.137
512,256,1,4096,310.607
512,256,1,8192,466.023
512,256,1,16384,692.448
512,256,2,16,157.314
512,256,2,32,156.866
512,256,2,64,157.666
512,256,2,128,162.967
512,256,2,256,168.589
512,256,2,512,177.901
512,256,2,1024,209.753
512,256,2,2048,273.103
512,256,2,4096,393.745
512,256,2,8192,619.028
512,256,2,16384,1077.36
512,256,4,16,171.17
512,256,4,32,172.045
512,256,4,64,172.664
512,256,4,128,182.222
512,256,4,256,192.323
512,256,4,512,213.23
512,256,4,1024,264.473
512,256,4,2048,369.915
512,256,4,4096,613.748
512,256,4,8192,1186.72
512,256,4,16384,2272.18
512,256,8,16,199.128
512,256,8,32,200.024
512,256,8,64,199.715
512,256,8,128,219.769
512,256,8,256,240.879
512,256,8,512,282.532
512,256,8,1024,376.742
512,256,8,2048,644.938
512,256,8,4096,1427.24
512,256,8,8192,2905.39
512,256,8,16384,5477.77
512,256,16,16,252.548
512,256,16,32,251.567
512,256,16,64,254.692
512,256,16,128,294.64
512,256,16,256,339.034
512,256,16,512,420.304
512,256,16,1024,755.522
512,256,16,2048,1784.17
512,256,16,4096,3414.46
512,256,16,8192,6617.34
512,256,16,16384,13194.3
512,256,32,16,355.269
512,256,32,32,361.905
512,256,32,64,364.144
512,256,32,128,444.733
512,256,32,256,531.401
512,256,32,512,912.59
512,256,32,1024,1889.81
512,256,32,2048,3723.22
512,256,32,4096,7339.88
512,256,32,8192,14336.1
512,256,32,16384,28632
512,256,64,16,566.152
512,256,64,32,574.889
512,256,64,64,581.492
512,256,64,128,739.788
512,256,64,256,1003.74
512,256,64,512,1975.02
512,256,64,1024,3814.4
512,256,64,2048,7522.83
512,256,64,4096,14831.5
512,256,64,8192,29494.5
512,256,64,16384,58766.2
512,256,128,16,986.512
512,256,128,32,1011.72
512,256,128,64,1011.24
512,256,128,128,1388.89
512,256,128,256,1986.11
512,256,128,512,3842.01
512,256,128,1024,7495.11
512,256,128,2048,14853.6
512,256,128,4096,29485.8
512,256,128,8192,58809.3
512,256,128,16384,117483
512,512,0,0,190.041
512,512,1,16,197.24
512,512,1,32,195.193
512,512,1,64,196.355
512,512,1,128,199.726
512,512,1,256,199.982
512,512,1,512,205.614
512,512,1,1024,219.694
512,512,1,2048,266.34
512,512,1,4096,350.363
512,512,1,8192,512.691
512,512,1,16384,768.791
512,512,2,16,202.456
512,512,2,32,204.238
512,512,2,64,203.107
512,512,2,128,207.374
512,512,2,256,213.358
512,512,2,512,223.993
512,512,2,1024,248.463
512,512,2,2048,313.317
512,512,2,4096,439.346
512,512,2,8192,681.387
512,512,2,16384,1151.13
512,512,4,16,216.964
512,512,4,32,216.889
512,512,4,64,218.073
512,512,4,128,227.907
512,512,4,256,240.601
512,512,4,512,260.441
512,512,4,1024,306.064
512,512,4,2048,412.881
512,512,4,4096,646.815
512,512,4,8192,1272.17
512,512,4,16384,2371.87
512,512,8,16,245.241
512,512,8,32,244.153
512,512,8,64,246.414
512,512,8,128,266.511
512,512,8,256,287.792
512,512,8,512,329.2
512,512,8,1024,420.241
512,512,8,2048,695.989
512,512,8,4096,1416.83
512,512,8,8192,2962.75
512,512,8,16384,5896.02
512,512,16,16,298.629
512,512,16,32,300.379
512,512,16,64,300.826
512,512,16,128,342.608
512,512,16,256,385.308
512,512,16,512,469.832
512,512,16,1024,812.696
512,512,16,2048,1836.7
512,512,16,4096,3571.75
512,512,16,8192,6990.28
512,512,16,16384,13623.6
512,512,32,16,402.225
512,512,32,32,407.633
512,512,32,64,412.454
512,512,32,128,492.147
512,512,32,256,580.393
512,512,32,512,952.153
512,512,32,1024,1874.65
512,512,32,2048,3757.54
512,512,32,4096,7399.9
512,512,32,8192,14576.3
512,512,32,16384,28856.1
512,512,64,16,612.938
512,512,64,32,620.148
512,512,64,64,623.412
512,512,64,128,787.906
512,512,64,256,1037.33
512,512,64,512,1986.8
512,512,64,1024,3827.67
512,512,64,2048,7535.78
512,512,64,4096,14873.4
512,512,64,8192,29560.4
512,512,64,16384,58852
512,512,128,16,1053.28
512,512,128,32,1064.18
512,512,128,64,1059.5
512,512,128,128,1454.49
512,512,128,256,2001.74
512,512,128,512,3848.99
512,512,128,1024,7504.93
512,512,128,2048,14867.4
512,512,128,4096,29531.7
512,512,128,8192,58878.3
512,512,128,16384,117431
512,1024,0,0,283.983
512,1024,1,16,289.615
512,1024,1,32,290.479
512,1024,1,64,290.309
512,1024,1,128,292.218
512,1024,1,256,296.442
512,1024,1,512,297.69
512,1024,1,1024,307.504
512,1024,1,2048,345.253
512,1024,1,4096,440.081
512,1024,1,8192,604.361
512,1024,1,16384,928.547
512,1024,2,16,295.78
512,1024,2,32,295.248
512,1024,2,64,295.94
512,1024,2,128,301.252
512,1024,2,256,306.202
512,1024,2,512,317.242
512,1024,2,1024,335.323
512,1024,2,2048,395.579
512,1024,2,4096,529.641
512,1024,2,8192,773.1
512,1024,2,16384,1265.24
512,1024,4,16,307.749
512,1024,4,32,306.394
512,1024,4,64,305.562
512,1024,4,128,318.49
512,1024,4,256,329.264
512,1024,4,512,351.365
512,1024,4,1024,393.201
512,1024,4,2048,495.88
512,1024,4,4096,709.473
512,1024,4,8192,1280.07
512,1024,4,16384,2614.25
512,1024,8,16,335.718
512,1024,8,32,337.019
512,1024,8,64,337.681
512,1024,8,128,357.361
512,1024,8,256,380.262
512,1024,8,512,422.908
512,1024,8,1024,507.123
512,1024,8,2048,760.054
512,1024,8,4096,1438.77
512,1024,8,8192,3138.3
512,1024,8,16384,6301.25
512,1024,16,16,390.416
512,1024,16,32,391.505
512,1024,16,64,393.04
512,1024,16,128,434.812
512,1024,16,256,478.824
512,1024,16,512,559.699
512,1024,16,1024,776.535
512,1024,16,2048,1598.86
512,1024,16,4096,3661.98
512,1024,16,8192,7226.01
512,1024,16,16384,14080.4
512,1024,32,16,494.322
512,1024,32,32,500.999
512,1024,32,64,503.176
512,1024,32,128,587.498
512,1024,32,256,674.144
512,1024,32,512,987.354
512,1024,32,1024,1574.2
512,1024,32,2048,3797.55
512,1024,32,4096,7444.2
512,1024,32,8192,14704.1
512,1024,32,16384,29091.7
512,1024,64,16,707.125
512,1024,64,32,711.83
512,1024,64,64,717.526
512,1024,64,128,883.214
512,1024,64,256,1108.16
512,1024,64,512,2020.47
512,1024,64,1024,3870.92
512,1024,64,2048,7572.65
512,1024,64,4096,14953.5
512,1024,64,8192,29657.7
512,1024,64,16384,59069.9
512,1024,128,16,1142.31
512,1024,128,32,1146.79
512,1024,128,64,1163.05
512,1024,128,128,1524.75
512,1024,128,256,2059.02
512,1024,128,512,3885.61
512,1024,128,1024,7543.52
512,1024,128,2048,14924.6
512,1024,128,4096,29612.8
512,1024,128,8192,58951.4
512,1024,128,16384,117560
512,2048,0,0,473.522
512,2048,1,16,479.602
512,2048,1,32,481.917
512,2048,1,64,482.706
512,2048,1,128,481.373
512,2048,1,256,483.709
512,2048,1,512,485.235
512,2048,1,1024,491.165
512,2048,1,2048,502.824
512,2048,1,4096,594.633
512,2048,1,8192,776.556
512,2048,1,16384,1134.72
512,2048,2,16,485.181
512,2048,2,32,487.273
512,2048,2,64,487.079
512,2048,2,128,488.787
512,2048,2,256,489.906
512,2048,2,512,496.968
512,2048,2,1024,519.572
512,2048,2,2048,558.206
512,2048,2,4096,683.648
512,2048,2,8192,950.202
512,2048,2,16384,1445.41
512,2048,4,16,496.083
512,2048,4,32,496.061
512,2048,4,64,497.864
512,2048,4,128,503.038
512,2048,4,256,514.215
512,2048,4,512,533.214
512,2048,4,1024,576.915
512,2048,4,2048,676.394
512,2048,4,4096,877.016
512,2048,4,8192,1424.57
512,2048,4,16384,2858.53
512,2048,8,16,520.477
512,2048,8,32,520.402
512,2048,8,64,520.157
512,2048,8,128,540.723
512,2048,8,256,563.646
512,2048,8,512,604.308
512,2048,8,1024,691.499
512,2048,8,2048,876.259
512,2048,8,4096,1354.98
512,2048,8,8192,3332.54
512,2048,8,16384,6612.6
512,2048,16,16,576.522
512,2048,16,32,573.342
512,2048,16,64,575.273
512,2048,16,128,616.927
512,2048,16,256,663.253
512,2048,16,512,750.039
512,2048,16,1024,962.212
512,2048,16,2048,1356.41
512,2048,16,4096,3560.18
512,2048,16,8192,7266.92
512,2048,16,16384,14389.9
512,2048,32,16,678.688
512,2048,32,32,686.794
512,2048,32,64,688.15
512,2048,32,128,773.026
512,2048,32,256,862.67
512,2048,32,512,1074.25
512,2048,32,1024,1997.77
512,2048,32,2048,3466.82
512,2048,32,4096,7526.15
512,2048,32,8192,14856.6
512,2048,32,16384,29356.5
512,2048,64,16,893.39
512,2048,64,32,903.769
512,2048,64,64,905.881
512,2048,64,128,1072.7
512,2048,64,256,1279.27
512,2048,64,512,2102.22
512,2048,64,1024,3919.08
512,2048,64,2048,7645.33
512,2048,64,4096,15053.1
512,2048,64,8192,29826.1
512,2048,64,16384,59186.5
512,2048,128,16,1317.61
512,2048,128,32,1330.19
512,2048,128,64,1350.65
512,2048,128,128,1744.98
512,2048,128,256,2198.82
512,2048,128,512,3935.68
512,2048,128,1024,7599.2
512,2048,128,2048,15007.1
512,2048,128,4096,29726.4
512,2048,128,8192,59254.1
512,2048,128,16384,117770
512,4096,0,0,853.549
512,4096,1,16,868.836
512,4096,1,32,868.109
512,4096,1,64,863.544
512,4096,1,128,867.395
512,4096,1,256,866.808
512,4096,1,512,867.769
512,4096,1,1024,867.854
512,4096,1,2048,876.355
512,4096,1,4096,886.03
512,4096,1,8192,1097.61
512,4096,1,16384,1452.78
512,4096,2,16,869.89
512,4096,2,32,872.195
512,4096,2,64,871.715
512,4096,2,128,872.974
512,4096,2,256,874.265
512,4096,2,512,873.592
512,4096,2,1024,881.251
512,4096,2,2048,935.728
512,4096,2,4096,1002.29
512,4096,2,8192,1249
512,4096,2,16384,1831.57
512,4096,4,16,883.694
512,4096,4,32,882.659
512,4096,4,64,879.918
512,4096,4,128,889.187
512,4096,4,256,892.227
512,4096,4,512,891.641
512,4096,4,1024,945.177
512,4096,4,2048,1020.27
512,4096,4,4096,1252.55
512,4096,4,8192,1607.3
512,4096,4,16384,2818.29
512,4096,8,16,897.561
512,4096,8,32,897.858
512,4096,8,64,907.001
512,4096,8,128,912.879
512,4096,8,256,926.553
512,4096,8,512,971.716
512,4096,8,1024,1058.58
512,4096,8,2048,1229.44
512,4096,8,4096,1613.82
512,4096,8,8192,2668.25
512,4096,8,16384,7067.9
512,4096,16,16,951.471
512,4096,16,32,944.206
512,4096,16,64,940.292
512,4096,16,128,980.442
512,4096,16,256,1027.13
512,4096,16,512,1116.18
512,4096,16,1024,1313.11
512,4096,16,2048,1959.01
512,4096,16,4096,3286.38
512,4096,16,8192,7378.89
512,4096,16,16384,14506.6
512,4096,32,16,1040.12
512,4096,32,32,1052.23
512,4096,32,64,1052.37
512,4096,32,128,1139.04
512,4096,32,256,1237.67
512,4096,32,512,1431.26
512,4096,32,1024,2190.54
512,4096,32,2048,3953.25
512,4096,32,4096,7291.95
512,4096,32,8192,14937.2
512,4096,32,16384,29644.5
512,4096,64,16,1261.78
512,4096,64,32,1271.84
512,4096,64,64,1287.54
512,4096,64,128,1464.38
512,4096,64,256,1665.81
512,4096,64,512,2304.76
512,4096,64,1024,4128.02
512,4096,64,2048,7786.13
512,4096,64,4096,15170.7
512,4096,64,8192,30139.8
512,4096,64,16384,59607.4
512,4096,128,16,1706.74
512,4096,128,32,1709.77
512,4096,128,64,1763.85
512,4096,128,128,2123.68
512,4096,128,256,2537.06
512,4096,128,512,4116.19
512,4096,128,1024,7751.17
512,4096,128,2048,15148.2
512,4096,128,4096,29982.3
512,4096,128,8192,59470.9
512,4096,128,16384,118113
512,8192,0,0,1618.5
512,8192,1,16,1648.63
512,8192,1,32,1637.44
512,8192,1,64,1635.78
512,8192,1,128,1644.78
512,8192,1,256,1639.36
512,8192,1,512,1640.2
512,8192,1,1024,1639.57
512,8192,1,2048,1636.92
512,8192,1,4096,1649.99
512,8192,1,8192,1689.51
512,8192,1,16384,2109.26
512,8192,2,16,1640.71
512,8192,2,32,1655.26
512,8192,2,64,1655.22
512,8192,2,128,1642.91
512,8192,2,256,1631.99
512,8192,2,512,1647.67
512,8192,2,1024,1649.3
512,8192,2,2048,1660.68
512,8192,2,4096,1764.3
512,8192,2,8192,1895.65
512,8192,2,16384,2397.8
512,8192,4,16,1659.43
512,8192,4,32,1672.61
512,8192,4,64,1651.29
512,8192,4,128,1659.69
512,8192,4,256,1662.78
512,8192,4,512,1672.09
512,8192,4,1024,1685.25
512,8192,4,2048,1764.35
512,8192,4,4096,1918.26
512,8192,4,8192,2372.11
512,8192,4,16384,3133.59
512,8192,8,16,1674.86
512,8192,8,32,1670.15
512,8192,8,64,1670.5
512,8192,8,128,1680.49
512,8192,8,256,1692.4
512,8192,8,512,1712.27
512,8192,8,1024,1797.18
512,8192,8,2048,1984.39
512,8192,8,4096,2349.14
512,8192,8,8192,3097.43
512,8192,8,16384,7212.64
512,8192,16,16,1705.95
512,8192,16,32,1703.93
512,8192,16,64,1705.46
512,8192,16,128,1727.93
512,8192,16,256,1766.31
512,8192,16,512,1853.17
512,8192,16,1024,2043.67
512,8192,16,2048,2681.36
512,8192,16,4096,4259.37
512,8192,16,8192,7648.99
512,8192,16,16384,15125.6
512,8192,32,16,1774.66
512,8192,32,32,1810.7
512,8192,32,64,1798.07
512,8192,32,128,1890.37
512,8192,32,256,1985.77
512,8192,32,512,2187.97
512,8192,32,1024,2699.28
512,8192,32,2048,4410.71
512,8192,32,4096,7938.83
512,8192,32,8192,15009.1
512,8192,32,16384,29895.2
512,8192,64,16,1992.91
512,8192,64,32,2024.63
512,8192,64,64,2025.05
512,8192,64,128,2190.25
512,8192,64,256,2392.28
512,8192,64,512,2837.18
512,8192,64,1024,4436.59
512,8192,64,2048,8107.7
512,8192,64,4096,15608.5
512,8192,64,8192,30323.6
512,8192,64,16384,60240.3
512,8192,128,16,2448.61
512,8192,128,32,2467.55
512,8192,128,64,2516.26
512,8192,128,128,2844.64
512,8192,128,256,3321.14
512,8192,128,512,4471.29
512,8192,128,1024,8188.61
512,8192,128,2048,15452.2
512,8192,128,4096,30149.3
512,8192,128,8192,59976.6
512,8192,128,16384,118763
512,16384,0,0,3153.32
512,16384,1,16,3186.7
512,16384,1,32,3205.11
512,16384,1,64,3187.29
512,16384,1,128,3186.16
512,16384,1,256,3162.77
512,16384,1,512,3183.61
512,16384,1,1024,3191.14
512,16384,1,2048,3198.92
512,16384,1,4096,3207
512,16384,1,8192,3210.42
512,16384,1,16384,3251.7
512,16384,2,16,3191.79
512,16384,2,32,3192.56
512,16384,2,64,3209.25
512,16384,2,128,3197.75
512,16384,2,256,3221.81
512,16384,2,512,3225.51
512,16384,2,1024,3205.67
512,16384,2,2048,3207.12
512,16384,2,4096,3223.6
512,16384,2,8192,3478.96
512,16384,2,16384,3740.93
512,16384,4,16,3205.62
512,16384,4,32,3204.38
512,16384,4,64,3205.74
512,16384,4,128,3212.73
512,16384,4,256,3226.4
512,16384,4,512,3228.18
512,16384,4,1024,3237.82
512,16384,4,2048,3286.36
512,16384,4,4096,3462.49
512,16384,4,8192,3766.13
512,16384,4,16384,4630.52
512,16384,8,16,3224.91
512,16384,8,32,3226.88
512,16384,8,64,3234.11
512,16384,8,128,3239.09
512,16384,8,256,3251.72
512,16384,8,512,3267.66
512,16384,8,1024,3335.7
512,16384,8,2048,3495.43
512,16384,8,4096,3986.74
512,16384,8,8192,5450.94
512,16384,8,16384,7817.95
512,16384,16,16,3267.22
512,16384,16,32,3291.99
512,16384,16,64,3298.05
512,16384,16,128,3291.72
512,16384,16,256,3313.94
512,16384,16,512,3381.14
512,16384,16,1024,3553.8
512,16384,16,2048,3967.06
512,16384,16,4096,5825.8
512,16384,16,8192,8844.52
512,16384,16,16384,15558.7
512,16384,32,16,3322.29
512,16384,32,32,3321.04
512,16384,32,64,3342.05
512,16384,32,128,3420.33
512,16384,32,256,3523.32
512,16384,32,512,3668.75
512,16384,32,1024,4098.38
512,16384,32,2048,5852.7
512,16384,32,4096,9116.96
512,16384,32,8192,16097.4
512,16384,32,16384,30139.1
512,16384,64,16,3483.65
512,16384,64,32,3534.66
512,16384,64,64,3545.14
512,16384,64,128,3679.96
512,16384,64,256,3905.02
512,16384,64,512,4330.09
512,16384,64,1024,5337.82
512,16384,64,2048,8936.12
512,16384,64,4096,16211
512,16384,64,8192,31013.4
512,16384,64,16384,60635.7
512,16384,128,16,3974.85
512,16384,128,32,4043.72
512,16384,128,64,4028.76
512,16384,128,128,4452.24
512,16384,128,256,4754.75
512,16384,128,512,5735.07
512,16384,128,1024,8736.32
512,16384,128,2048,16155.8
512,16384,128,4096,30930.9
512,16384,128,8192,60613.6
512,16384,128,16384,119677
1024,0,0,0,275.695
1024,0,1,16,292.634
1024,0,1,32,287.108
1024,0,1,64,287.759
1024,0,1,128,290.661
1024,0,1,256,292.794
1024,0,1,512,295.567
1024,0,1,1024,314.277
1024,0,1,2048,359.91
1024,0,1,4096,450.418
1024,0,1,8192,611.893
1024,0,1,16384,938.351
1024,0,2,16,292.442
1024,0,2,32,294.18
1024,0,2,64,295.952
1024,0,2,128,298.842
1024,0,2,256,307.963
1024,0,2,512,320.09
1024,0,2,1024,340.187
1024,0,2,2048,410.375
1024,0,2,4096,538.462
1024,0,2,8192,810.211
1024,0,2,16384,1346.79
1024,0,4,16,318.255
1024,0,4,32,318.074
1024,0,4,64,316.997
1024,0,4,128,327.258
1024,0,4,256,334.854
1024,0,4,512,363.835
1024,0,4,1024,412.998
1024,0,4,2048,522.633
1024,0,4,4096,830.04
1024,0,4,8192,1494.85
1024,0,4,16384,2720.29
1024,0,8,16,361.361
1024,0,8,32,358.213
1024,0,8,64,357.072
1024,0,8,128,383.676
1024,0,8,256,403.804
1024,0,8,512,446.994
1024,0,8,1024,530.6
1024,0,8,2048,893.55
1024,0,8,4096,1725.1
1024,0,8,8192,3437.93
1024,0,8,16384,6432.36
1024,0,16,16,433.713
1024,0,16,32,435.281
1024,0,16,64,436.209
1024,0,16,128,475.549
1024,0,16,256,519.923
1024,0,16,512,613.333
1024,0,16,1024,984.933
1024,0,16,2048,1982.42
1024,0,16,4096,3802.4
1024,0,16,8192,7320.83
1024,0,16,16384,14138.9
1024,0,32,16,582.612
1024,0,32,32,610.517
1024,0,32,64,593.566
1024,0,32,128,685.205
1024,0,32,256,774.125
1024,0,32,512,1047.66
1024,0,32,1024,2004.45
1024,0,32,2048,3902.07
1024,0,32,4096,7555.99
1024,0,32,8192,14794
1024,0,32,16384,29214.8
1024,0,64,16,895.619
1024,0,64,32,906.98
1024,0,64,64,909.176
1024,0,64,128,1079.74
1024,0,64,256,1282.43
1024,0,64,512,2025.91
1024,0,64,1024,3894.96
1024,0,64,2048,7619.36
1024,0,64,4096,14964.2
1024,0,64,8192,29664.4
1024,0,64,16384,58978.8
1024,0,128,16,1531.63
1024,0,128,32,1536.62
1024,0,128,64,1551.5
1024,0,128,128,1993.48
1024,0,128,256,2432.37
1024,0,128,512,3907.88
1024,0,128,1024,7566.41
1024,0,128,2048,14941.5
1024,0,128,4096,29601.4
1024,0,128,8192,58957.6
1024,0,128,16384,117539
1024,16,0,0,301.477
1024,16,1,16,314.49
1024,16,1,32,313.05
1024,16,1,64,313.008
1024,16,1,128,309.284
1024,16,1,256,312.24
1024,16,1,512,317.883
1024,16,1,1024,328.463
1024,16,1,2048,381.382
1024,16,1,4096,474.184
1024,16,1,8192,628.117
1024,16,1,16384,996.56
1024,16,2,16,321.659
1024,16,2,32,322.629
1024,16,2,64,324.091
1024,16,2,128,326.213
1024,16,2,256,328.506
1024,16,2,512,345.403
1024,16,2,1024,369.423
1024,16,2,2048,433.66
1024,16,2,4096,567.839
1024,16,2,8192,851.928
1024,16,2,16384,1367.24
1024,16,4,16,336.283
1024,16,4,32,337.862
1024,16,4,64,342.373
1024,16,4,128,346.822
1024,16,4,256,364.987
1024,16,4,512,389.35
1024,16,4,1024,435.005
1024,16,4,2048,543.432
1024,16,4,4096,832.845
1024,16,4,8192,1547.68
1024,16,4,16384,2863.63
1024,16,8,16,383.59
1024,16,8,32,382.491
1024,16,8,64,383.633
1024,16,8,128,401.329
1024,16,8,256,428.155
1024,16,8,512,469.459
1024,16,8,1024,563.433
1024,16,8,2048,910.852
1024,16,8,4096,1785.78
1024,16,8,8192,3401.99
1024,16,8,16384,6499.83
1024,16,16,16,453.266
1024,16,16,32,459.068
1024,16,16,64,459.688
1024,16,16,128,506.866
1024,16,16,256,545.053
1024,16,16,512,637.834
1024,16,16,1024,980.335
1024,16,16,2048,1980.98
1024,16,16,4096,3821.05
1024,16,16,8192,7412.27
1024,16,16,16384,14220.8
1024,16,32,16,617.855
1024,16,32,32,623.679
1024,16,32,64,611.274
1024,16,32,128,705.281
1024,16,32,256,790.263
1024,16,32,512,1034.84
1024,16,32,1024,2011.7
1024,16,32,2048,3907.26
1024,16,32,4096,7576.96
1024,16,32,8192,14822.5
1024,16,32,16384,29271
1024,16,64,16,919.791
1024,16,64,32,930.863
1024,16,64,64,935.791
1024,16,64,128,1096.65
1024,16,64,256,1318.43
1024,16,64,512,2023.32
1024,16,64,1024,3902.24
1024,16,64,2048,7635.9
1024,16,64,4096,14986.9
1024,16,64,8192,29685.6
1024,16,64,16384,59000
1024,16,128,16,1548.94
1024,16,128,32,1560.35
1024,16,128,64,1621.2
1024,16,128,128,2013.09
1024,16,128,256,2389.42
1024,16,128,512,3911.08
1024,16,128,1024,7577.11
1024,16,128,2048,14956
1024,16,128,4096,29614.5
1024,16,128,8192,58974.9
1024,16,128,16384,117563
1024,32,0,0,301.349
1024,32,1,16,309.882
1024,32,1,32,313.136
1024,32,1,64,313.402
1024,32,1,128,315.866
1024,32,1,256,313.872
1024,32,1,512,318.756
1024,32,1,1024,334.053
1024,32,1,2048,375.313
1024,32,1,4096,474.418
1024,32,1,8192,631.637
1024,32,1,16384,961.178
1024,32,2,16,324.058
1024,32,2,32,316.474
1024,32,2,64,324.282
1024,32,2,128,327.163
1024,32,2,256,331.568
1024,32,2,512,349.063
1024,32,2,1024,375.217
1024,32,2,2048,435.463
1024,32,2,4096,554.664
1024,32,2,8192,833.016
1024,32,2,16384,1391.23
1024,32,4,16,341.957
1024,32,4,32,343.942
1024,32,4,64,340.646
1024,32,4,128,353.062
1024,32,4,256,367.696
1024,32,4,512,385.937
1024,32,4,1024,434.908
1024,32,4,2048,538.665
1024,32,4,4096,844.675
1024,32,4,8192,1561.03
1024,32,4,16384,2801.45
1024,32,8,16,384.699
1024,32,8,32,382.352
1024,32,8,64,382.235
1024,32,8,128,396.369
1024,32,8,256,427.238
1024,32,8,512,466.45
1024,32,8,1024,562.974
1024,32,8,2048,915.642
1024,32,8,4096,1793.88
1024,32,8,8192,3474.26
1024,32,8,16384,6481.99
1024,32,16,16,459.954
1024,32,16,32,460.711
1024,32,16,64,453.628
1024,32,16,128,511.507
1024,32,16,256,538.921
1024,32,16,512,630.602
1024,32,16,1024,982.971
1024,32,16,2048,1956.08
1024,32,16,4096,3817.37
1024,32,16,8192,7418.76
1024,32,16,16384,14277.4
1024,32,32,16,613.086
1024,32,32,32,615.957
1024,32,32,64,625.407
1024,32,32,128,705.249
1024,32,32,256,797.036
1024,32,32,512,1040.42
1024,32,32,1024,2010.74
1024,32,32,2048,3910.18
1024,32,32,4096,7588.01
1024,32,32,8192,14849.6
1024,32,32,16384,29274.4
1024,32,64,16,935.887
1024,32,64,32,925.167
1024,32,64,64,953.905
1024,32,64,128,1108.9
1024,32,64,256,1327.16
1024,32,64,512,2025.91
1024,32,64,1024,3913.41
1024,32,64,2048,7645.36
1024,32,64,4096,14990.8
1024,32,64,8192,29682.2
1024,32,64,16384,59009.3
1024,32,128,16,1512.09
1024,32,128,32,1559.54
1024,32,128,64,1614.01
1024,32,128,128,2014.12
1024,32,128,256,2390.87
1024,32,128,512,3917.05
1024,32,128,1024,7577.83
1024,32,128,2048,14973.2
1024,32,128,4096,29618.1
1024,32,128,8192,58965.7
1024,32,128,16384,117563
1024,64,0,0,300.367
1024,64,1,16,307.824
1024,64,1,32,307.439
1024,64,1,64,307.706
1024,64,1,128,313.562
1024,64,1,256,315.44
1024,64,1,512,321.829
1024,64,1,1024,333.659
1024,64,1,2048,383.068
1024,64,1,4096,464.904
1024,64,1,8192,643.263
1024,64,1,16384,972.975
1024,64,2,16,324.367
1024,64,2,32,317.509
1024,64,2,64,316.571
1024,64,2,128,320.518
1024,64,2,256,331.312
1024,64,2,512,345.115
1024,64,2,1024,361.564
1024,64,2,2048,437.276
1024,64,2,4096,559.38
1024,64,2,8192,843.075
1024,64,2,16384,1372.99
1024,64,4,16,341.563
1024,64,4,32,340.39
1024,64,4,64,336.763
1024,64,4,128,351.174
1024,64,4,256,365.105
1024,64,4,512,380.775
1024,64,4,1024,424.71
1024,64,4,2048,537.3
1024,64,4,4096,832.675
1024,64,4,8192,1501.06
1024,64,4,16384,2749.38
1024,64,8,16,375.515
1024,64,8,32,377.425
1024,64,8,64,386.043
1024,64,8,128,403.814
1024,64,8,256,426.866
1024,64,8,512,471.048
1024,64,8,1024,560.915
1024,64,8,2048,908.473
1024,64,8,4096,1812.04
1024,64,8,8192,3447.55
1024,64,8,16384,6481.27
1024,64,16,16,457.575
1024,64,16,32,455.432
1024,64,16,64,458.397
1024,64,16,128,502.205
1024,64,16,256,549.268
1024,64,16,512,630.816
1024,64,16,1024,992.965
1024,64,16,2048,1978.04
1024,64,16,4096,3834.07
1024,64,16,8192,7399.21
1024,64,16,16384,14324.4
1024,64,32,16,606.826
1024,64,32,32,624.214
1024,64,32,64,625.727
1024,64,32,128,717.099
1024,64,32,256,783.703
1024,64,32,512,1039.51
1024,64,32,1024,2011.4
1024,64,32,2048,3916.23
1024,64,32,4096,7588.79
1024,64,32,8192,14846.1
1024,64,32,16384,29295.3
1024,64,64,16,917.55
1024,64,64,32,909.263
1024,64,64,64,938.682
1024,64,64,128,1107.86
1024,64,64,256,1304.28
1024,64,64,512,2023.89
1024,64,64,1024,3914.68
1024,64,64,2048,7641.33
1024,64,64,4096,15002.8
1024,64,64,8192,29693.6
1024,64,64,16384,59003.1
1024,64,128,16,1548.09
1024,64,128,32,1598.16
1024,64,128,64,1619.39
1024,64,128,128,1961.86
1024,64,128,256,2410.14
1024,64,128,512,3911.18
1024,64,128,1024,7576.29
1024,64,128,2048,14958.5
1024,64,128,4096,29626.4
1024,64,128,8192,59009.6
1024,64,128,16384,117562
1024,128,0,0,320.357
1024,128,1,16,333.2
1024,128,1,32,328.603
1024,128,1,64,332.805
1024,128,1,128,340.144
1024,128,1,256,331.323
1024,128,1,512,342.053
1024,128,1,1024,360.507
1024,128,1,2048,403.794
1024,128,1,4096,487.826
1024,128,1,8192,660.864
1024,128,1,16384,1003.61
1024,128,2,16,337.595
1024,128,2,32,339.28
1024,128,2,64,345.114
1024,128,2,128,351.355
1024,128,2,256,352.88
1024,128,2,512,367.632
1024,128,2,1024,387.836
1024,128,2,2048,450.685
1024,128,2,4096,585.535
1024,128,2,8192,876.004
1024,128,2,16384,1425.63
1024,128,4,16,362.726
1024,128,4,32,363.248
1024,128,4,64,358.683
1024,128,4,128,376.305
1024,128,4,256,392.412
1024,128,4,512,401.052
1024,128,4,1024,445.66
1024,128,4,2048,568.937
1024,128,4,4096,872.664
1024,128,4,8192,1527.87
1024,128,4,16384,2832.66
1024,128,8,16,404.786
1024,128,8,32,398.278
1024,128,8,64,404.593
1024,128,8,128,427.473
1024,128,8,256,439.644
1024,128,8,512,491.741
1024,128,8,1024,581.46
1024,128,8,2048,944.122
1024,128,8,4096,1758.52
1024,128,8,8192,3533.02
1024,128,8,16384,6546.35
1024,128,16,16,483.101
1024,128,16,32,481.971
1024,128,16,64,476.53
1024,128,16,128,529.022
1024,128,16,256,568.116
1024,128,16,512,649.674
1024,128,16,1024,993.07
1024,128,16,2048,1986.2
1024,128,16,4096,3848.27
1024,128,16,8192,7441.03
1024,128,16,16384,14406.5
1024,128,32,16,639.466
1024,128,32,32,632.213
1024,128,32,64,640.917
1024,128,32,128,726.774
1024,128,32,256,812.888
1024,128,32,512,1056.7
1024,128,32,1024,2008.3
1024,128,32,2048,3916.52
1024,128,32,4096,7607.27
1024,128,32,8192,14890.6
1024,128,32,16384,29325.6
1024,128,64,16,935.365
1024,128,64,32,952.698
1024,128,64,64,957.69
1024,128,64,128,1116.04
1024,128,64,256,1335.59
1024,128,64,512,2030.61
1024,128,64,1024,3907.27
1024,128,64,2048,7650.43
1024,128,64,4096,14994.1
1024,128,64,8192,29695.6
1024,128,64,16384,59000.2
1024,128,128,16,1604.62
1024,128,128,32,1619.2
1024,128,128,64,1629.67
1024,128,128,128,1978.47
1024,128,128,256,2442.74
1024,128,128,512,3918.2
1024,128,128,1024,7575.9
1024,128,128,2048,14978.9
1024,128,128,4096,29625
1024,128,128,8192,59002.2
1024,128,128,16384,117573
1024,256,0,0,361.425
1024,256,1,16,375.494
1024,256,1,32,376.411
1024,256,1,64,378.811
1024,256,1,128,376.198
1024,256,1,256,384.721
1024,256,1,512,390.993
1024,256,1,1024,393.414
1024,256,1,2048,446.428
1024,256,1,4096,529.182
1024,256,1,8192,715.467
1024,256,1,16384,1045.19
1024,256,2,16,382.747
1024,256,2,32,382.353
1024,256,2,64,389.169
1024,256,2,128,388.006
1024,256,2,256,397.958
1024,256,2,512,411.217
1024,256,2,1024,432.946
1024,256,2,2048,494.642
1024,256,2,4096,630.239
1024,256,2,8192,911.097
1024,256,2,16384,1469.98
1024,256,4,16,401.958
1024,256,4,32,402.076
1024,256,4,64,401.831
1024,256,4,128,418.439
1024,256,4,256,429.959
1024,256,4,512,450.93
1024,256,4,1024,498.023
1024,256,4,2048,605.151
1024,256,4,4096,887.629
1024,256,4,8192,1540.48
1024,256,4,16384,2939.08
1024,256,8,16,449.586
1024,256,8,32,448.018
1024,256,8,64,459.41
1024,256,8,128,469.661
1024,256,8,256,485.938
1024,256,8,512,526.44
1024,256,8,1024,613.994
1024,256,8,2048,929.818
1024,256,8,4096,1758.9
1024,256,8,8192,3569.28
1024,256,8,16384,6812.51
1024,256,16,16,526.248
1024,256,16,32,543.059
1024,256,16,64,530.835
1024,256,16,128,561.471
1024,256,16,256,617.141
1024,256,16,512,706.113
1024,256,16,1024,1010.45
1024,256,16,2048,1909.51
1024,256,16,4096,3898.59
1024,256,16,8192,7556.29
1024,256,16,16384,14681.3
1024,256,32,16,679.702
1024,256,32,32,699.008
1024,256,32,64,684.726
1024,256,32,128,771.404
1024,256,32,256,864.696
1024,256,32,512,1091.54
1024,256,32,1024,2017.58
1024,256,32,2048,3934.04
1024,256,32,4096,7665.79
1024,256,32,8192,14941.5
1024,256,32,16384,29497.2
1024,256,64,16,1018.08
1024,256,64,32,991.856
1024,256,64,64,997.072
1024,256,64,128,1168.11
1024,256,64,256,1382.25
1024,256,64,512,2035.29
1024,256,64,1024,3923.76
1024,256,64,2048,7665.13
1024,256,64,4096,15031.4
1024,256,64,8192,29736.2
1024,256,64,16384,59096.9
1024,256,128,16,1584.08
1024,256,128,32,1675
1024,256,128,64,1639.9
1024,256,128,128,2083.06
1024,256,128,256,2453.25
1024,256,128,512,3933.08
1024,256,128,1024,7583.76
1024,256,128,2048,14981.7
1024,256,128,4096,29672
1024,256,128,8192,59022
1024,256,128,16384,117612
1024,512,0,0,457.192
1024,512,1,16,460.808
1024,512,1,32,465.127
1024,512,1,64,468.039
1024,512,1,128,466.589
1024,512,1,256,472.04
1024,512,1,512,487.869
1024,512,1,1024,490.546
1024,512,1,2048,523.368
1024,512,1,4096,610.655
1024,512,1,8192,795.714
1024,512,1,16384,1131.45
1024,512,2,16,468.317
1024,512,2,32,476.925
1024,512,2,64,474.184
1024,512,2,128,474.439
1024,512,2,256,483.997
1024,512,2,512,499.293
1024,512,2,1024,512.221
1024,512,2,2048,572.265
1024,512,2,4096,718.454
1024,512,2,8192,989.499
1024,512,2,16384,1580.68
1024,512,4,16,502.28
1024,512,4,32,497.032
1024,512,4,64,500.467
1024,512,4,128,510.28
1024,512,4,256,517.843
1024,512,4,512,530.878
1024,512,4,1024,582.089
1024,512,4,2048,693.387
1024,512,4,4096,934.319
1024,512,4,8192,1595.67
1024,512,4,16384,3180.61
1024,512,8,16,538.334
1024,512,8,32,527.891
1024,512,8,64,535.027
1024,512,8,128,554.067
1024,512,8,256,579.529
1024,512,8,512,615.444
1024,512,8,1024,713.1
1024,512,8,2048,971.193
1024,512,8,4096,1711.98
1024,512,8,8192,3703.36
1024,512,8,16384,7143.77
1024,512,16,16,612.5
1024,512,16,32,616.544
1024,512,16,64,618.249
1024,512,16,128,660.064
1024,512,16,256,706.667
1024,512,16,512,786.423
1024,512,16,1024,1025.27
1024,512,16,2048,1972.56
1024,512,16,4096,3937.07
1024,512,16,8192,7621.64
1024,512,16,16384,14816.5
1024,512,32,16,777.474
1024,512,32,32,761.314
1024,512,32,64,795.896
1024,512,32,128,862.169
1024,512,32,256,946.831
1024,512,32,512,1148.08
1024,512,32,1024,2025.1
1024,512,32,2048,3964.99
1024,512,32,4096,7720.39
1024,512,32,8192,15061.4
1024,512,32,16384,29645.8
1024,512,64,16,1076.27
1024,512,64,32,1081.37
1024,512,64,64,1093.59
1024,512,64,128,1263.24
1024,512,64,256,1455.24
1024,512,64,512,2047.08
1024,512,64,1024,3933.88
1024,512,64,2048,7701.9
1024,512,64,4096,15132.2
1024,512,64,8192,29817.1
1024,512,64,16384,59171.7
1024,512,128,16,1707.9
1024,512,128,32,1718.6
1024,512,128,64,1731.43
1024,512,128,128,2180.73
1024,512,128,256,2603.72
1024,512,128,512,3947.07
1024,512,128,1024,7602.67
1024,512,128,2048,15045.4
1024,512,128,4096,29742.6
1024,512,128,8192,59194.2
1024,512,128,16384,117735
1024,1024,0,0,630.816
1024,1024,1,16,628.341
1024,1024,1,32,647.637
1024,1024,1,64,635.391
1024,1024,1,128,636.564
1024,1024,1,256,649.323
1024,1024,1,512,657.013
1024,1024,1,1024,668.075
1024,1024,1,2048,688.086
1024,1024,1,4096,778.476
1024,1024,1,8192,975.781
1024,1024,1,16384,1335.54
1024,1024,2,16,643.051
1024,1024,2,32,651.734
1024,1024,2,64,651.904
1024,1024,2,128,663.189
1024,1024,2,256,662.678
1024,1024,2,512,681.035
1024,1024,2,1024,698.144
1024,1024,2,2048,751.671
1024,1024,2,4096,896.153
1024,1024,2,8192,1157.31
1024,1024,2,16384,1729.01
1024,1024,4,16,674.794
1024,1024,4,32,680.662
1024,1024,4,64,663.627
1024,1024,4,128,689.035
1024,1024,4,256,696.886
1024,1024,4,512,714.08
1024,1024,4,1024,766.21
1024,1024,4,2048,852.334
1024,1024,4,4096,1088.9
1024,1024,4,8192,1632.31
1024,1024,4,16384,3335.34
1024,1024,8,16,711.531
1024,1024,8,32,717.963
1024,1024,8,64,715.702
1024,1024,8,128,735.276
1024,1024,8,256,747.596
1024,1024,8,512,801.869
1024,1024,8,1024,897.881
1024,1024,8,2048,1092.98
1024,1024,8,4096,1756.89
1024,1024,8,8192,3746.18
1024,1024,8,16384,7458.94
1024,1024,16,16,788.215
1024,1024,16,32,785.325
1024,1024,16,64,810.551
1024,1024,16,128,839.181
1024,1024,16,256,869.262
1024,1024,16,512,973.882
1024,1024,16,1024,1167.22
1024,1024,16,2048,1934.92
1024,1024,16,4096,3974.65
1024,1024,16,8192,7705.54
1024,1024,16,16384,15053.3
1024,1024,32,16,958.063
1024,1024,32,32,979.301
1024,1024,32,64,955.279
1024,1024,32,128,1061.23
1024,1024,32,256,1125.64
1024,1024,32,512,1331.14
1024,1024,32,1024,2040.25
1024,1024,32,2048,4005.69
1024,1024,32,4096,7773.69
1024,1024,32,8192,15215.9
1024,1024,32,16384,29881.5
1024,1024,64,16,1274.09
1024,1024,64,32,1252.99
1024,1024,64,64,1265.69
1024,1024,64,128,1431.61
1024,1024,64,256,1637.85
1024,1024,64,512,2140.35
1024,1024,64,1024,3955.53
1024,1024,64,2048,7719.65
1024,1024,64,4096,15224.6
1024,1024,64,8192,30022.7
1024,1024,64,16384,59389.4
1024,1024,128,16,1878.07
1024,1024,128,32,1897.04
1024,1024,128,64,1974.51
1024,1024,128,128,2293.68
1024,1024,128,256,2697.16
1024,1024,128,512,3968.59
1024,1024,128,1024,7647.78
1024,1024,128,2048,15069
1024,1024,128,4096,29853.2
1024,1024,128,8192,59278.2
1024,1024,128,16384,117942
1024,2048,0,0,969.275
1024,2048,1,16,1005.06
1024,2048,1,32,994.789
1024,2048,1,64,994.053
1024,2048,1,128,1004.25
1024,2048,1,256,1001.71
1024,2048,1,512,1005.71
1024,2048,1,1024,1021.93
1024,2048,1,2048,1044.13
1024,2048,1,4096,1113.05
1024,2048,1,8192,1304.66
1024,2048,1,16384,1696.71
1024,2048,2,16,1005.08
1024,2048,2,32,1012.84
1024,2048,2,64,1009.14
1024,2048,2,128,1010.07
1024,2048,2,256,1024.76
1024,2048,2,512,1019.73
1024,2048,2,1024,1057.63
1024,2048,2,2048,1101.73
1024,2048,2,4096,1227.04
1024,2048,2,8192,1500.5
1024,2048,2,16384,2079.63
1024,2048,4,16,1034.45
1024,2048,4,32,1018.48
1024,2048,4,64,1024.18
1024,2048,4,128,1038.11
1024,2048,4,256,1040.54
1024,2048,4,512,1071.45
1024,2048,4,1024,1119.84
1024,2048,4,2048,1235.65
1024,2048,4,4096,1431.03
1024,2048,4,8192,1892.86
1024,2048,4,16384,3508.22
1024,2048,8,16,1070.71
1024,2048,8,32,1062.69
1024,2048,8,64,1075.26
1024,2048,8,128,1089.71
1024,2048,8,256,1121.2
1024,2048,8,512,1139.58
1024,2048,8,1024,1251.16
1024,2048,8,2048,1472.36
1024,2048,8,4096,1940.22
1024,2048,8,8192,3969.83
1024,2048,8,16384,7778.44
1024,2048,16,16,1149.62
1024,2048,16,32,1153.2
1024,2048,16,64,1149.96
1024,2048,16,128,1185.09
1024,2048,16,256,1241.03
1024,2048,16,512,1321.33
1024,2048,16,1024,1530.07
1024,2048,16,2048,2004.02
1024,2048,16,4096,4077.58
1024,2048,16,8192,7933.98
1024,2048,16,16384,15337.9
1024,2048,32,16,1320.86
1024,2048,32,32,1304.97
1024,2048,32,64,1314.64
1024,2048,32,128,1393.06
1024,2048,32,256,1498.95
1024,2048,32,512,1678.48
1024,2048,32,1024,2142.34
1024,2048,32,2048,4049.55
1024,2048,32,4096,7948.35
1024,2048,32,8192,15427.8
1024,2048,32,16384,30260.7
1024,2048,64,16,1619.34
1024,2048,64,32,1639.55
1024,2048,64,64,1613.98
1024,2048,64,128,1795.64
1024,2048,64,256,1993.23
1024,2048,64,512,2459.34
1024,2048,64,1024,4154.05
1024,2048,64,2048,7920.24
1024,2048,64,4096,15374.4
1024,2048,64,8192,30333.9
1024,2048,64,16384,59851.8
1024,2048,128,16,2244.73
1024,2048,128,32,2316.53
1024,2048,128,64,2296.62
1024,2048,128,128,2657.81
1024,2048,128,256,3134.32
1024,2048,128,512,4113.42
1024,2048,128,1024,7747.42
1024,2048,128,2048,15266.4
1024,2048,128,4096,30070.8
1024,2048,128,8192,59600.5
1024,2048,128,16384,118306
1024,4096,0,0,1669.84
1024,4096,1,16,1716.37
1024,4096,1,32,1705.61
1024,4096,1,64,1703.27
1024,4096,1,128,1722.16
1024,4096,1,256,1728.27
1024,4096,1,512,1717.35
1024,4096,1,1024,1694.01
1024,4096,1,2048,1755.85
1024,4096,1,4096,1767.85
1024,4096,1,8192,1967.25
1024,4096,1,16384,2346.67
1024,4096,2,16,1773.82
1024,4096,2,32,1767.05
1024,4096,2,64,1744.17
1024,4096,2,128,1726.97
1024,4096,2,256,1744.03
1024,4096,2,512,1759.5
1024,4096,2,1024,1782.9
1024,4096,2,2048,1800.85
1024,4096,2,4096,1882.42
1024,4096,2,8192,2174.12
1024,4096,2,16384,2727.31
1024,4096,4,16,1745.19
1024,4096,4,32,1751.25
1024,4096,4,64,1766.35
1024,4096,4,128,1758.04
1024,4096,4,256,1763.21
1024,4096,4,512,1786.05
1024,4096,4,1024,1834.75
1024,4096,4,2048,1900.07
1024,4096,4,4096,2123.71
1024,4096,4,8192,2558.06
1024,4096,4,16384,4129.38
1024,4096,8,16,1785.6
1024,4096,8,32,1795.94
1024,4096,8,64,1781.15
1024,4096,8,128,1790.92
1024,4096,8,256,1838.24
1024,4096,8,512,1853.99
1024,4096,8,1024,1960.07
1024,4096,8,2048,2121.12
1024,4096,8,4096,2524.21
1024,4096,8,8192,3999.74
1024,4096,8,16384,8019.68
1024,4096,16,16,1851.82
1024,4096,16,32,1851.22
1024,4096,16,64,1896.97
1024,4096,16,128,1904.66
1024,4096,16,256,1954.73
1024,4096,16,512,2085.8
1024,4096,16,1024,2261.36
1024,4096,16,2048,2610.53
1024,4096,16,4096,4068.32
1024,4096,16,8192,8261.72
1024,4096,16,16384,15674.7
1024,4096,32,16,2009.4
1024,4096,32,32,2046.78
1024,4096,32,64,2037
1024,4096,32,128,2158.08
1024,4096,32,256,2197.57
1024,4096,32,512,2410.61
1024,4096,32,1024,2824.28
1024,4096,32,2048,4392.74
1024,4096,32,4096,8146.51
1024,4096,32,8192,15647.4
1024,4096,32,16384,30868.6
1024,4096,64,16,2329.13
1024,4096,64,32,2392.57
1024,4096,64,64,2362.66
1024,4096,64,128,2510.28
1024,4096,64,256,2794.28
1024,4096,64,512,3123.27
1024,4096,64,1024,4262.7
1024,4096,64,2048,8447.68
1024,4096,64,4096,15679.3
1024,4096,64,8192,30750
1024,4096,64,16384,60671.7
1024,4096,128,16,3034.7
1024,4096,128,32,3092.12
1024,4096,128,64,3043.88
1024,4096,128,128,3407.91
1024,4096,128,256,3801.41
1024,4096,128,512,4688.78
1024,4096,128,1024,8052.38
1024,4096,128,2048,15467.6
1024,4096,128,4096,30517.3
1024,4096,128,8192,60239
1024,4096,128,16384,119045
1024,8192,0,0,3136.48
1024,8192,1,16,3203.88
1024,8192,1,32,3156.95
1024,8192,1,64,3167.57
1024,8192,1,128,3171.87
1024,8192,1,256,3173.12
1024,8192,1,512,3231.84
1024,8192,1,1024,3178.74
1024,8192,1,2048,3229.59
1024,8192,1,4096,3228.1
1024,8192,1,8192,3234.36
1024,8192,1,16384,3659.32
1024,8192,2,16,3175.85
1024,8192,2,32,3205.5
1024,8192,2,64,3166.09
1024,8192,2,128,3178.92
1024,8192,2,256,3176.14
1024,8192,2,512,3245.13
1024,8192,2,1024,3211.68
1024,8192,2,2048,3302.9
1024,8192,2,4096,3383.32
1024,8192,2,8192,3527.81
1024,8192,2,16384,4159.03
1024,8192,4,16,3190.7
1024,8192,4,32,3218.27
1024,8192,4,64,3316.61
1024,8192,4,128,3205.55
1024,8192,4,256,3285.21
1024,8192,4,512,3240.03
1024,8192,4,1024,3260.14
1024,8192,4,2048,3335.26
1024,8192,4,4096,3516.5
1024,8192,4,8192,3981.3
1024,8192,4,16384,4939.48
1024,8192,8,16,3268.94
1024,8192,8,32,3308.35
1024,8192,8,64,3233.1
1024,8192,8,128,3314.67
1024,8192,8,256,3262.58
1024,8192,8,512,3374.45
1024,8192,8,1024,3403.44
1024,8192,8,2048,3641.83
1024,8192,8,4096,3932.32
1024,8192,8,8192,4710.87
1024,8192,8,16384,8271.45
1024,8192,16,16,3290.26
1024,8192,16,32,3366.11
1024,8192,16,64,3377.43
1024,8192,16,128,3326.35
1024,8192,16,256,3401.37
1024,8192,16,512,3508.69
1024,8192,16,1024,3639.88
1024,8192,16,2048,4065.59
1024,8192,16,4096,5406.91
1024,8192,16,8192,8609.55
1024,8192,16,16384,16946.4
1024,8192,32,16,3432.49
1024,8192,32,32,3432.59
1024,8192,32,64,3530.66
1024,8192,32,128,3536.33
1024,8192,32,256,3689.53
1024,8192,32,512,3865.32
1024,8192,32,1024,4333.32
1024,8192,32,2048,5452.03
1024,8192,32,4096,9135.64
1024,8192,32,8192,16759.9
1024,8192,32,16384,31179.6
1024,8192,64,16,3733.55
1024,8192,64,32,3799.94
1024,8192,64,64,3870.37
1024,8192,64,128,3954.65
1024,8192,64,256,4129.75
1024,8192,64,512,4655.62
1024,8192,64,1024,5508.1
1024,8192,64,2048,8603.74
1024,8192,64,4096,16821.5
1024,8192,64,8192,30949.5
1024,8192,64,16384,61638.2
1024,8192,128,16,4562.81
1024,8192,128,32,4570.06
1024,8192,128,64,4608.15
1024,8192,128,128,4914.58
1024,8192,128,256,5362.45
1024,8192,128,512,6100.4
1024,8192,128,1024,8216.47
1024,8192,128,2048,16071.2
1024,8192,128,4096,30900.6
1024,8192,128,8192,61345.6
1024,8192,128,16384,120279
1024,16384,0,0,6010.06
1024,16384,1,16,6123.69
1024,16384,1,32,6121.96
1024,16384,1,64,6053.47
1024,16384,1,128,6147.97
1024,16384,1,256,6111.44
1024,16384,1,512,6093.88
1024,16384,1,1024,6121.5
1024,16384,1,2048,6128.66
1024,16384,1,4096,6130.45
1024,16384,1,8192,6272.09
1024,16384,1,16384,6192.4
1024,16384,2,16,6174.36
1024,16384,2,32,6037.06
1024,16384,2,64,6123.17
1024,16384,2,128,6217.62
1024,16384,2,256,6129.82
1024,16384,2,512,6148.63
1024,16384,2,1024,6108.7
1024,16384,2,2048,6256.98
1024,16384,2,4096,6289.26
1024,16384,2,8192,6442.12
1024,16384,2,16384,6684.32
1024,16384,4,16,6097.3
1024,16384,4,32,6220.6
1024,16384,4,64,6106.95
1024,16384,4,128,6227.87
1024,16384,4,256,6147.83
1024,16384,4,512,6216.97
1024,16384,4,1024,6296.11
1024,16384,4,2048,6374.72
1024,16384,4,4096,6495.7
1024,16384,4,8192,6908.01
1024,16384,4,16384,7700.77
1024,16384,8,16,6241.33
1024,16384,8,32,6166.28
1024,16384,8,64,6177.25
1024,16384,8,128,6200.27
1024,16384,8,256,6177.84
1024,16384,8,512,6266.39
1024,16384,8,1024,6385.27
1024,16384,8,2048,6597.41
1024,16384,8,4096,7134.88
1024,16384,8,8192,7760.28
1024,16384,8,16384,10259.4
1024,16384,16,16,6246.75
1024,16384,16,32,6256.55
1024,16384,16,64,6312.41
1024,16384,16,128,6286.4
1024,16384,16,256,6416.52
1024,16384,16,512,6412.69
1024,16384,16,1024,6632.52
1024,16384,16,2048,7159.2
1024,16384,16,4096,7970.11
1024,16384,16,8192,11519.3
1024,16384,16,16384,18594.4
1024,16384,32,16,6413.09
1024,16384,32,32,6417.23
1024,16384,32,64,6498.95
1024,16384,32,128,6577.85
1024,16384,32,256,6689.08
1024,16384,32,512,6885.2
1024,16384,32,1024,7180.21
1024,16384,32,2048,8061.84
1024,16384,32,4096,11298.8
1024,16384,32,8192,18596
1024,16384,32,16384,33931.8
1024,16384,64,16,6804.44
1024,16384,64,32,6698.49
1024,16384,64,64,6784.22
1024,16384,64,128,6995.3
1024,16384,64,256,7126.37
1024,16384,64,512,7620.87
1024,16384,64,1024,8315.58
1024,16384,64,2048,10592.4
1024,16384,64,4096,17354.9
1024,16384,64,8192,33636.1
1024,16384,64,16384,62337
1024,16384,128,16,7483.78
1024,16384,128,32,7626.83
1024,16384,128,64,7445.43
1024,16384,128,128,7847.05
1024,16384,128,256,8391.7
1024,16384,128,512,8970.49
1024,16384,128,1024,10947.9
1024,16384,128,2048,16929
1024,16384,128,4096,32193
1024,16384,128,8192,61846.7
1024,16384,128,16384,122571
2048,0,0,0,951.076
2048,0,1,16,968.175
2048,0,1,32,927.769
2048,0,1,64,948.89
2048,0,1,128,962.885
2048,0,1,256,966.618
2048,0,1,512,972.965
2048,0,1,1024,986.256
2048,0,1,2048,1006.93
2048,0,1,4096,1097.35
2048,0,1,8192,1285.22
2048,0,1,16384,1719.33
2048,0,2,16,988.976
2048,0,2,32,994.864
2048,0,2,64,986.554
2048,0,2,128,983.216
2048,0,2,256,973.978
2048,0,2,512,1003.75
2048,0,2,1024,1050.81
2048,0,2,2048,1085.37
2048,0,2,4096,1248.22
2048,0,2,8192,1519.63
2048,0,2,16384,2149.38
2048,0,4,16,1026.94
2048,0,4,32,1002.24
2048,0,4,64,1007.88
2048,0,4,128,1012.13
2048,0,4,256,1043.88
2048,0,4,512,1084.2
2048,0,4,1024,1087.18
2048,0,4,2048,1193.94
2048,0,4,4096,1443.78
2048,0,4,8192,2073.62
2048,0,4,16384,3971.55
2048,0,8,16,1079.57
2048,0,8,32,1084.13
2048,0,8,64,1091.56
2048,0,8,128,1111.29
2048,0,8,256,1113.38
2048,0,8,512,1154.89
2048,0,8,1024,1291.18
2048,0,8,2048,1460.04
2048,0,8,4096,2124.12
2048,0,8,8192,4127.15
2048,0,8,16384,7945.72
2048,0,16,16,1191.23
2048,0,16,32,1227.83
2048,0,16,64,1229.08
2048,0,16,128,1290.63
2048,0,16,256,1295.95
2048,0,16,512,1434.83
2048,0,16,1024,1612.19
2048,0,16,2048,2154.45
2048,0,16,4096,4137.37
2048,0,16,8192,8025.76
2048,0,16,16384,15563.2
2048,0,32,16,1473.03
2048,0,32,32,1483.63
2048,0,32,64,1505.47
2048,0,32,128,1563.52
2048,0,32,256,1642.13
2048,0,32,512,1892.63
2048,0,32,1024,2323.63
2048,0,32,2048,4091.11
2048,0,32,4096,8046.04
2048,0,32,8192,15535.9
2048,0,32,16384,30346.6
2048,0,64,16,1972.56
2048,0,64,32,2024.51
2048,0,64,64,1967.08
2048,0,64,128,2215.17
2048,0,64,256,2425.03
2048,0,64,512,2827.32
2048,0,64,1024,4158.78
2048,0,64,2048,8016.01
2048,0,64,4096,15471.7
2048,0,64,8192,30185.6
2048,0,64,16384,59586.5
2048,0,128,16,3052.9
2048,0,128,32,3059.16
2048,0,128,64,3128.29
2048,0,128,128,3477.21
2048,0,128,256,3908.48
2048,0,128,512,4835.58
2048,0,128,1024,7873.4
2048,0,128,2048,15222.1
2048,0,128,4096,30019.1
2048,0,128,8192,59391
2048,0,128,16384,118092
2048,16,0,0,993.925
2048,16,1,16,994.043
2048,16,1,32,991.569
2048,16,1,64,1016.17
2048,16,1,128,1009.65
2048,16,1,256,1004.81
2048,16,1,512,1019.41
2048,16,1,1024,1013.9
2048,16,1,2048,1064.38
2048,16,1,4096,1144.2
2048,16,1,8192,1342.09
2048,16,1,16384,1724.54
2048,16,2,16,1022.93
2048,16,2,32,1006.45
2048,16,2,64,1013.94
2048,16,2,128,1027.66
2048,16,2,256,1025.35
2048,16,2,512,1051.65
2048,16,2,1024,1050.33
2048,16,2,2048,1117.23
2048,16,2,4096,1293.14
2048,16,2,8192,1580.16
2048,16,2,16384,2177.49
2048,16,4,16,1060.04
2048,16,4,32,1091.42
2048,16,4,64,1060.77
2048,16,4,128,1088.07
2048,16,4,256,1099.08
2048,16,4,512,1108.35
2048,16,4,1024,1179.67
2048,16,4,2048,1277.56
2048,16,4,4096,1482.75
2048,16,4,8192,2117.18
2048,16,4,16384,4020.34
2048,16,8,16,1140.95
2048,16,8,32,1152.27
2048,16,8,64,1155.93
2048,16,8,128,1155.54
2048,16,8,256,1194.66
2048,16,8,512,1240.01
2048,16,8,1024,1320.87
2048,16,8,2048,1527.92
2048,16,8,4096,2127.21
2048,16,8,8192,4144.01
2048,16,8,16384,8000.63
2048,16,16,16,1269.18
2048,16,16,32,1290.79
2048,16,16,64,1277.09
2048,16,16,128,1325.46
2048,16,16,256,1382.12
2048,16,16,512,1431.04
2048,16,16,1024,1628.85
2048,16,16,2048,2153.66
2048,16,16,4096,4147.64
2048,16,16,8192,8064.54
2048,16,16,16384,15616.3
2048,16,32,16,1528.74
2048,16,32,32,1510.05
2048,16,32,64,1522.63
2048,16,32,128,1623.48
2048,16,32,256,1695.48
2048,16,32,512,1898.51
2048,16,32,1024,2333.89
2048,16,32,2048,4115.19
2048,16,32,4096,8058.76
2048,16,32,8192,15598.5
2048,16,32,16384,30416.7
2048,16,64,16,2050.88
2048,16,64,32,2060.56
2048,16,64,64,2068.26
2048,16,64,128,2267.41
2048,16,64,256,2449.7
2048,16,64,512,2890.29
2048,16,64,1024,4168.76
2048,16,64,2048,8088.63
2048,16,64,4096,15617.5
2048,16,64,8192,30267.7
2048,16,64,16384,59666
2048,16,128,16,3090.17
2048,16,128,32,3113.34
2048,16,128,64,3099.15
2048,16,128,128,3545.34
2048,16,128,256,3930.44
2048,16,128,512,4941.09
2048,16,128,1024,7915.73
2048,16,128,2048,15382.1
2048,16,128,4096,30043.6
2048,16,128,8192,59457.9
2048,16,128,16384,118150
2048,32,0,0,980.304
2048,32,1,16,1015.92
2048,32,1,32,1004.78
2048,32,1,64,993.712
2048,32,1,128,1014.64
2048,32,1,256,1006.49
2048,32,1,512,1003.52
2048,32,1,1024,1014.18
2048,32,1,2048,1006.55
2048,32,1,4096,1159.61
2048,32,1,8192,1361.49
2048,32,1,16384,1781.33
2048,32,2,16,1012.11
2048,32,2,32,1031.1
2048,32,2,64,1028.24
2048,32,2,128,1022.47
2048,32,2,256,1045.55
2048,32,2,512,1071.92
2048,32,2,1024,1058.15
2048,32,2,2048,1112.99
2048,32,2,4096,1299.39
2048,32,2,8192,1563.63
2048,32,2,16384,2216.86
2048,32,4,16,1056.43
2048,32,4,32,1053.2
2048,32,4,64,1068.32
2048,32,4,128,1044.83
2048,32,4,256,1068.87
2048,32,4,512,1123.78
2048,32,4,1024,1153.05
2048,32,4,2048,1284.22
2048,32,4,4096,1487.62
2048,32,4,8192,2155.5
2048,32,4,16384,4042.8
2048,32,8,16,1116.57
2048,32,8,32,1106.93
2048,32,8,64,1125.49
2048,32,8,128,1161.51
2048,32,8,256,1187.93
2048,32,8,512,1206.63
2048,32,8,1024,1304.45
2048,32,8,2048,1500.95
2048,32,8,4096,2143.15
2048,32,8,8192,4156.93
2048,32,8,16384,8014.11
2048,32,16,16,1261.49
2048,32,16,32,1276.34
2048,32,16,64,1250.94
2048,32,16,128,1308.26
2048,32,16,256,1355.43
2048,32,16,512,1477.75
2048,32,16,1024,1649.18
2048,32,16,2048,2188.16
2048,32,16,4096,4148.01
2048,32,16,8192,8065.58
2048,32,16,16384,15615
2048,32,32,16,1516.25
2048,32,32,32,1496.18
2048,32,32,64,1535.42
2048,32,32,128,1616.2
2048,32,32,256,1654.89
2048,32,32,512,1949.57
2048,32,32,1024,2412.89
2048,32,32,2048,4102.63
2048,32,32,4096,8071.98
2048,32,32,8192,15596.5
2048,32,32,16384,30400.6
2048,32,64,16,2055.05
2048,32,64,32,2042.05
2048,32,64,64,2036.78
2048,32,64,128,2254.24
2048,32,64,256,2458.17
2048,32,64,512,2938.25
2048,32,64,1024,4195.61
2048,32,64,2048,8063.77
2048,32,64,4096,15536.2
2048,32,64,8192,30239.3
2048,32,64,16384,59664.4
2048,32,128,16,3078.67
2048,32,128,32,3138.4
2048,32,128,64,3086.14
2048,32,128,128,3555.28
2048,32,128,256,3931.34
2048,32,128,512,4915.84
2048,32,128,1024,7920.08
2048,32,128,2048,15248.8
2048,32,128,4096,30041.4
2048,32,128,8192,59455.2
2048,32,128,16384,118143
2048,64,0,0,998.64
2048,64,1,16,1000.93
2048,64,1,32,992.986
2048,64,1,64,994.758
2048,64,1,128,1027.53
2048,64,1,256,996.774
2048,64,1,512,1026.91
2048,64,1,1024,1050.23
2048,64,1,2048,1036.52
2048,64,1,4096,1174.24
2048,64,1,8192,1385.45
2048,64,1,16384,1724.58
2048,64,2,16,1010.48
2048,64,2,32,1030.49
2048,64,2,64,1051.69
2048,64,2,128,1032.79
2048,64,2,256,1019.23
2048,64,2,512,1035.02
2048,64,2,1024,1093.57
2048,64,2,2048,1137.16
2048,64,2,4096,1273.6
2048,64,2,8192,1571.68
2048,64,2,16384,2182.08
2048,64,4,16,1042.48
2048,64,4,32,1036.77
2048,64,4,64,1040.92
2048,64,4,128,1065.24
2048,64,4,256,1072.68
2048,64,4,512,1099.51
2048,64,4,1024,1132.67
2048,64,4,2048,1238.9
2048,64,4,4096,1474.81
2048,64,4,8192,2123.38
2048,64,4,16384,4041.77
2048,64,8,16,1157.74
2048,64,8,32,1164.7
2048,64,8,64,1125.34
2048,64,8,128,1157.96
2048,64,8,256,1180.17
2048,64,8,512,1205.78
2048,64,8,1024,1322.14
2048,64,8,2048,1531.2
2048,64,8,4096,2139.68
2048,64,8,8192,4147.52
2048,64,8,16384,7999.44
2048,64,16,16,1234.19
2048,64,16,32,1239.44
2048,64,16,64,1274.25
2048,64,16,128,1302.25
2048,64,16,256,1366.51
2048,64,16,512,1429.53
2048,64,16,1024,1677.29
2048,64,16,2048,2161.84
2048,64,16,4096,4147.99
2048,64,16,8192,8070.12
2048,64,16,16384,15633.7
2048,64,32,16,1523.45
2048,64,32,32,1495.46
2048,64,32,64,1504.48
2048,64,32,128,1636.09
2048,64,32,256,1683.37
2048,64,32,512,1976.52
2048,64,32,1024,2364.27
2048,64,32,2048,4111.47
2048,64,32,4096,8073
2048,64,32,8192,15580
2048,64,32,16384,30413
2048,64,64,16,2088.51
2048,64,64,32,2076.76
2048,64,64,64,2075.34
2048,64,64,128,2215.34
2048,64,64,256,2420.55
2048,64,64,512,2881.71
2048,64,64,1024,4166.07
2048,64,64,2048,8079.66
2048,64,64,4096,15539.5
2048,64,64,8192,30265.1
2048,64,64,16384,59666.3
2048,64,128,16,3077.1
2048,64,128,32,3112.84
2048,64,128,64,3214.19
2048,64,128,128,3591.46
2048,64,128,256,3933.37
2048,64,128,512,4873.79
2048,64,128,1024,7924.6
2048,64,128,2048,15271.6
2048,64,128,4096,30066.4
2048,64,128,8192,59455.7
2048,64,128,16384,118183
2048,128,0,0,1033.19
2048,128,1,16,1048.56
2048,128,1,32,1067.22
2048,128,1,64,1052.44
2048,128,1,128,1049.43
2048,128,1,256,1049.78
2048,128,1,512,1065.97
2048,128,1,1024,1073.46
2048,128,1,2048,1080.97
2048,128,1,4096,1211.01
2048,128,1,8192,1420.49
2048,128,1,16384,1759.79
2048,128,2,16,1063.1
2048,128,2,32,1056.69
2048,128,2,64,1040.24
2048,128,2,128,1074.13
2048,128,2,256,1091.9
2048,128,2,512,1116.98
2048,128,2,1024,1107.13
2048,128,2,2048,1167.03
2048,128,2,4096,1337.75
2048,128,2,8192,1608.4
2048,128,2,16384,2226.06
2048,128,4,16,1087.28
2048,128,4,32,1121.6
2048,128,4,64,1088.55
2048,128,4,128,1102.48
2048,128,4,256,1108.49
2048,128,4,512,1136.4
2048,128,4,1024,1193.67
2048,128,4,2048,1297.1
2048,128,4,4096,1522.3
2048,128,4,8192,2152.75
2048,128,4,16384,4057.2
2048,128,8,16,1166.76
2048,128,8,32,1164.99
2048,128,8,64,1174.06
2048,128,8,128,1220.36
2048,128,8,256,1246.14
2048,128,8,512,1255.79
2048,128,8,1024,1379.22
2048,128,8,2048,1570.36
2048,128,8,4096,2168.17
2048,128,8,8192,4154.18
2048,128,8,16384,8002.44
2048,128,16,16,1307.66
2048,128,16,32,1309.74
2048,128,16,64,1311.46
2048,128,16,128,1326.6
2048,128,16,256,1414.36
2048,128,16,512,1475.22
2048,128,16,1024,1695.66
2048,128,16,2048,2216.41
2048,128,16,4096,4152.21
2048,128,16,8192,8067.82
2048,128,16,16384,15612.5
2048,128,32,16,1578.99
2048,128,32,32,1603.25
2048,128,32,64,1589.41
2048,128,32,128,1656.71
2048,128,32,256,1749.17
2048,128,32,512,1998.87
2048,128,32,1024,2363.85
2048,128,32,2048,4097.7
2048,128,32,4096,8080.02
2048,128,32,8192,15594.7
2048,128,32,16384,30424.2
2048,128,64,16,2117.57
2048,128,64,32,2116.38
2048,128,64,64,2104.84
2048,128,64,128,2341.04
2048,128,64,256,2480.62
2048,128,64,512,2959.49
2048,128,64,1024,4233.94
2048,128,64,2048,8053.13
2048,128,64,4096,15527.3
2048,128,64,8192,30277.4
2048,128,64,16384,59684
2048,128,128,16,3043.56
2048,128,128,32,3141.5
2048,128,128,64,3160.36
2048,128,128,128,3593.36
2048,128,128,256,3992.39
2048,128,128,512,4986.32
2048,128,128,1024,7966.4
2048,128,128,2048,15285.5
2048,128,128,4096,30063.7
2048,128,128,8192,59499.2
2048,128,128,16384,118175
2048,256,0,0,1112.72
2048,256,1,16,1132.77
2048,256,1,32,1125.53
2048,256,1,64,1149.71
2048,256,1,128,1100.03
2048,256,1,256,1151.21
2048,256,1,512,1150.72
2048,256,1,1024,1183.56
2048,256,1,2048,1168.18
2048,256,1,4096,1272.06
2048,256,1,8192,1473.26
2048,256,1,16384,1895.51
2048,256,2,16,1154.64
2048,256,2,32,1161.95
2048,256,2,64,1162.84
2048,256,2,128,1159.96
2048,256,2,256,1208.98
2048,256,2,512,1207.42
2048,256,2,1024,1201.3
2048,256,2,2048,1246.81
2048,256,2,4096,1392.67
2048,256,2,8192,1722.44
2048,256,2,16384,2282.38
2048,256,4,16,1177.42
2048,256,4,32,1197.9
2048,256,4,64,1217.1
2048,256,4,128,1185.86
2048,256,4,256,1205.2
2048,256,4,512,1226.63
2048,256,4,1024,1328.2
2048,256,4,2048,1402.85
2048,256,4,4096,1678.53
2048,256,4,8192,2212.4
2048,256,4,16384,4082.29
2048,256,8,16,1251.82
2048,256,8,32,1281.37
2048,256,8,64,1274.98
2048,256,8,128,1279.75
2048,256,8,256,1325.94
2048,256,8,512,1403.33
2048,256,8,1024,1441.85
2048,256,8,2048,1668.67
2048,256,8,4096,2208.54
2048,256,8,8192,4177.7
2048,256,8,16384,8036.83
2048,256,16,16,1397.63
2048,256,16,32,1399.9
2048,256,16,64,1429.74
2048,256,16,128,1451.91
2048,256,16,256,1497.11
2048,256,16,512,1592.19
2048,256,16,1024,1825.66
2048,256,16,2048,2263.48
2048,256,16,4096,4178.83
2048,256,16,8192,8108.91
2048,256,16,16384,15698.2
2048,256,32,16,1678.77
2048,256,32,32,1653.19
2048,256,32,64,1673.06
2048,256,32,128,1755.95
2048,256,32,256,1893.26
2048,256,32,512,2031.21
2048,256,32,1024,2525.5
2048,256,32,2048,4114.97
2048,256,32,4096,8084.08
2048,256,32,8192,15674.5
2048,256,32,16384,30501.6
2048,256,64,16,2195.84
2048,256,64,32,2216.68
2048,256,64,64,2162.04
2048,256,64,128,2330.45
2048,256,64,256,2619.02
2048,256,64,512,3041.48
2048,256,64,1024,4307.25
2048,256,64,2048,8057.46
2048,256,64,4096,15549.8
2048,256,64,8192,30333.7
2048,256,64,16384,59785.8
2048,256,128,16,3274.5
2048,256,128,32,3239.79
2048,256,128,64,3328.83
2048,256,128,128,3705.66
2048,256,128,256,4066.74
2048,256,128,512,5083.39
2048,256,128,1024,8020.56
2048,256,128,2048,15342.5
2048,256,128,4096,30078.3
2048,256,128,8192,59536.2
2048,256,128,16384,118240
2048,512,0,0,1293.4
2048,512,1,16,1342.62
2048,512,1,32,1351.67
2048,512,1,64,1326.72
2048,512,1,128,1321.23
2048,512,1,256,1342.03
2048,512,1,512,1313.62
2048,512,1,1024,1342.95
2048,512,1,2048,1399.38
2048,512,1,4096,1449.06
2048,512,1,8192,1669.11
2048,512,1,16384,2068.01
2048,512,2,16,1358.47
2048,512,2,32,1368.39
2048,512,2,64,1358.7
2048,512,2,128,1341.77
2048,512,2,256,1376.34
2048,512,2,512,1398.57
2048,512,2,1024,1416.95
2048,512,2,2048,1453.84
2048,512,2,4096,1553.24
2048,512,2,8192,1865.08
2048,512,2,16384,2545.12
2048,512,4,16,1398.07
2048,512,4,32,1377.63
2048,512,4,64,1384.59
2048,512,4,128,1411.47
2048,512,4,256,1431.21
2048,512,4,512,1402.63
2048,512,4,1024,1452.77
2048,512,4,2048,1603.42
2048,512,4,4096,1797.01
2048,512,4,8192,2354.97
2048,512,4,16384,4197.65
2048,512,8,16,1440.27
2048,512,8,32,1426.21
2048,512,8,64,1447.05
2048,512,8,128,1486.44
2048,512,8,256,1513.17
2048,512,8,512,1578.64
2048,512,8,1024,1608.9
2048,512,8,2048,1848.45
2048,512,8,4096,2388.16
2048,512,8,8192,4218.3
2048,512,8,16384,8077.91
2048,512,16,16,1583.84
2048,512,16,32,1578.86
2048,512,16,64,1607.04
2048,512,16,128,1597.33
2048,512,16,256,1652.15
2048,512,16,512,1766.93
2048,512,16,1024,2025.5
2048,512,16,2048,2443.67
2048,512,16,4096,4218.55
2048,512,16,8192,8141.68
2048,512,16,16384,15835.7
2048,512,32,16,1871.13
2048,512,32,32,1828.86
2048,512,32,64,1808.39
2048,512,32,128,1966.98
2048,512,32,256,2010.66
2048,512,32,512,2255.53
2048,512,32,1024,2656.2
2048,512,32,2048,4128.91
2048,512,32,4096,8098.4
2048,512,32,8192,15782.4
2048,512,32,16384,30651.2
2048,512,64,16,2382.72
2048,512,64,32,2346.95
2048,512,64,64,2354.58
2048,512,64,128,2511.23
2048,512,64,256,2785.24
2048,512,64,512,3277.01
2048,512,64,1024,4391.58
2048,512,64,2048,8068.39
2048,512,64,4096,15591
2048,512,64,8192,30535
2048,512,64,16384,59943.5
2048,512,128,16,3452.66
2048,512,128,32,3470.53
2048,512,128,64,3420.5
2048,512,128,128,3847.18
2048,512,128,256,4320.18
2048,512,128,512,5195.38
2048,512,128,1024,8145.62
2048,512,128,2048,15420.8
2048,512,128,4096,30148.7
2048,512,128,8192,59737.3
2048,512,128,16384,118407
2048,1024,0,0,1658.89
2048,1024,1,16,1665.97
2048,1024,1,32,1721.84
2048,1024,1,64,1688.1
2048,1024,1,128,1677.54
2048,1024,1,256,1686.53
2048,1024,1,512,1685.64
2048,1024,1,1024,1744.7
2048,1024,1,2048,1775.59
2048,1024,1,4096,1851.97
2048,1024,1,8192,1930.58
2048,1024,1,16384,2394.37
2048,1024,2,16,1713.22
2048,1024,2,32,1693.9
2048,1024,2,64,1687.54
2048,1024,2,128,1731.68
2048,1024,2,256,1752.43
2048,1024,2,512,1710.59
2048,1024,2,1024,1737.66
2048,1024,2,2048,1779.47
2048,1024,2,4096,1953.23
2048,1024,2,8192,2286.46
2048,1024,2,16384,2923.92
2048,1024,4,16,1725.41
2048,1024,4,32,1726.12
2048,1024,4,64,1752.06
2048,1024,4,128,1730.87
2048,1024,4,256,1751.9
2048,1024,4,512,1835.37
2048,1024,4,1024,1834.54
2048,1024,4,2048,1950.91
2048,1024,4,4096,2215.91
2048,1024,4,8192,2649.46
2048,1024,4,16384,4358.5
2048,1024,8,16,1828.56
2048,1024,8,32,1835.62
2048,1024,8,64,1812.75
2048,1024,8,128,1800.13
2048,1024,8,256,1827.05
2048,1024,8,512,1917.75
2048,1024,8,1024,1978.73
2048,1024,8,2048,2182.36
2048,1024,8,4096,2653.34
2048,1024,8,8192,4333.69
2048,1024,8,16384,8251.99
2048,1024,16,16,1947.38
2048,1024,16,32,1932.68
2048,1024,16,64,2005.82
2048,1024,16,128,1960.54
2048,1024,16,256,2013.06
2048,1024,16,512,2108.26
2048,1024,16,1024,2400.27
2048,1024,16,2048,2780.79
2048,1024,16,4096,4287.92
2048,1024,16,8192,8297.95
2048,1024,16,16384,16029.7
2048,1024,32,16,2177.81
2048,1024,32,32,2179.76
2048,1024,32,64,2167.97
2048,1024,32,128,2265.44
2048,1024,32,256,2376.34
2048,1024,32,512,2581.33
2048,1024,32,1024,3069.27
2048,1024,32,2048,4178.85
2048,1024,32,4096,8251.73
2048,1024,32,8192,15852.9
2048,1024,32,16384,30981
2048,1024,64,16,2762.96
2048,1024,64,32,2734.17
2048,1024,64,64,2777.02
2048,1024,64,128,2967.99
2048,1024,64,256,3177.78
2048,1024,64,512,3600.67
2048,1024,64,1024,4564.78
2048,1024,64,2048,8231.61
2048,1024,64,4096,15689.3
2048,1024,64,8192,30765.5
2048,1024,64,16384,60347.7
2048,1024,128,16,3751.24
2048,1024,128,32,3799.03
2048,1024,128,64,3816.71
2048,1024,128,128,4219.26
2048,1024,128,256,4706.28
2048,1024,128,512,5585.55
2048,1024,128,1024,8273.86
2048,1024,128,2048,15530.1
2048,1024,128,4096,30397.6
2048,1024,128,8192,59984.3
2048,1024,128,16384,118745
2048,2048,0,0,2340.1
2048,2048,1,16,2463.58
2048,2048,1,32,2380.29
2048,2048,1,64,2499.38
2048,2048,1,128,2457.05
2048,2048,1,256,2462.68
2048,2048,1,512,2431.37
2048,2048,1,1024,2445.23
2048,2048,1,2048,2495.33
2048,2048,1,4096,2513.31
2048,2048,1,8192,2730.5
2048,2048,1,16384,3165.18
2048,2048,2,16,2415
2048,2048,2,32,2480.26
2048,2048,2,64,2474.31
2048,2048,2,128,2469.54
2048,2048,2,256,2487.13
2048,2048,2,512,2526.67
2048,2048,2,1024,2511.77
2048,2048,2,2048,2585.94
2048,2048,2,4096,2664.85
2048,2048,2,8192,2958.68
2048,2048,2,16384,3562.97
2048,2048,4,16,2468.39
2048,2048,4,32,2539.11
2048,2048,4,64,2527.02
2048,2048,4,128,2498.26
2048,2048,4,256,2565.11
2048,2048,4,512,2482.32
2048,2048,4,1024,2560.83
2048,2048,4,2048,2646.49
2048,2048,4,4096,2899.46
2048,2048,4,8192,3397.16
2048,2048,4,16384,4626.73
2048,2048,8,16,2564.91
2048,2048,8,32,2616.49
2048,2048,8,64,2577.75
2048,2048,8,128,2544.71
2048,2048,8,256,2608.5
2048,2048,8,512,2588.65
2048,2048,8,1024,2753.17
2048,2048,8,2048,2966.23
2048,2048,8,4096,3320.49
2048,2048,8,8192,4487.76
2048,2048,8,16384,8634.67
2048,2048,16,16,2627.97
2048,2048,16,32,2644.47
2048,2048,16,64,2657.57
2048,2048,16,128,2697.29
2048,2048,16,256,2728.33
2048,2048,16,512,2833.56
2048,2048,16,1024,3070.33
2048,2048,16,2048,3477.24
2048,2048,16,4096,4454.38
2048,2048,16,8192,8680.63
2048,2048,16,16384,16402
2048,2048,32,16,2980.46
2048,2048,32,32,3001.23
2048,2048,32,64,2943.08
2048,2048,32,128,3075.24
2048,2048,32,256,3166.01
2048,2048,32,512,3343.21
2048,2048,32,1024,3757.64
2048,2048,32,2048,4627.45
2048,2048,32,4096,8531.53
2048,2048,32,8192,16316.7
2048,2048,32,16384,31624.9
2048,2048,64,16,3478.54
2048,2048,64,32,3543.01
2048,2048,64,64,3552.85
2048,2048,64,128,3691.22
2048,2048,64,256,3964.98
2048,2048,64,512,4369.06
2048,2048,64,1024,5193.57
2048,2048,64,2048,8460.42
2048,2048,64,4096,16109.7
2048,2048,64,8192,31062
2048,2048,64,16384,61261.2
2048,2048,128,16,4516.42
2048,2048,128,32,4613.16
2048,2048,128,64,4659.39
2048,2048,128,128,5036.2
2048,2048,128,256,5501.82
2048,2048,128,512,6206.69
2048,2048,128,1024,8569.74
2048,2048,128,2048,15925.8
2048,2048,128,4096,30573.8
2048,2048,128,8192,60601.7
2048,2048,128,16384,119415
2048,4096,0,0,3905.25
2048,4096,1,16,3871.08
2048,4096,1,32,3910.8
2048,4096,1,64,3822.77
2048,4096,1,128,3967.47
2048,4096,1,256,3833.04
2048,4096,1,512,3842.63
2048,4096,1,1024,3981
2048,4096,1,2048,3879.86
2048,4096,1,4096,4020.68
2048,4096,1,8192,4091.34
2048,4096,1,16384,4638.51
2048,4096,2,16,3946.46
2048,4096,2,32,3941.49
2048,4096,2,64,3941.86
2048,4096,2,128,3835.18
2048,4096,2,256,3891.99
2048,4096,2,512,3935.81
2048,4096,2,1024,4026.87
2048,4096,2,2048,4093.52
2048,4096,2,4096,4106.13
2048,4096,2,8192,4380.83
2048,4096,2,16384,5074.48
2048,4096,4,16,3897.56
2048,4096,4,32,3966.18
2048,4096,4,64,3985.1
2048,4096,4,128,4074.34
2048,4096,4,256,3994.64
2048,4096,4,512,3985.11
2048,4096,4,1024,4045.18
2048,4096,4,2048,4203.01
2048,4096,4,4096,4338.34
2048,4096,4,8192,4846.31
2048,4096,4,16384,5981.49
2048,4096,8,16,4071.37
2048,4096,8,32,3929.96
2048,4096,8,64,4096.87
2048,4096,8,128,3989.44
2048,4096,8,256,4030.22
2048,4096,8,512,4045.15
2048,4096,8,1024,4263.95
2048,4096,8,2048,4446.54
2048,4096,8,4096,4826.87
2048,4096,8,8192,5742.08
2048,4096,8,16384,9268.74
2048,4096,16,16,4170.34
2048,4096,16,32,4174.23
2048,4096,16,64,4088.38
2048,4096,16,128,4194.53
2048,4096,16,256,4295.22
2048,4096,16,512,4289.96
2048,4096,16,1024,4493.2
2048,4096,16,2048,4944.32
2048,4096,16,4096,5816.41
2048,4096,16,8192,9365.07
2048,4096,16,16384,17209.7
2048,4096,32,16,4455.64
2048,4096,32,32,4396.62
2048,4096,32,64,4497.37
2048,4096,32,128,4568.69
2048,4096,32,256,4592.58
2048,4096,32,512,4852.22
2048,4096,32,1024,5191.82
2048,4096,32,2048,6090.87
2048,4096,32,4096,8949.15
2048,4096,32,8192,16972.3
2048,4096,32,16384,32115.8
2048,4096,64,16,4989.22
2048,4096,64,32,4890.7
2048,4096,64,64,4980.29
2048,4096,64,128,5174.85
2048,4096,64,256,5391.15
2048,4096,64,512,5772.43
2048,4096,64,1024,6595.88
2048,4096,64,2048,8790.62
2048,4096,64,4096,16799.6
2048,4096,64,8192,31743.7
2048,4096,64,16384,62255.8
2048,4096,128,16,6008.28
2048,4096,128,32,5967.73
2048,4096,128,64,6080.1
2048,4096,128,128,6420.49
2048,4096,128,256,6886.43
2048,4096,128,512,7758.27
2048,4096,128,1024,9600.13
2048,4096,128,2048,16389.3
2048,4096,128,4096,31683.5
2048,4096,128,8192,61260.9
2048,4096,128,16384,121148
2048,8192,0,0,6766.37
2048,8192,1,16,7002.72
2048,8192,1,32,6967.62
2048,8192,1,64,6989.35
2048,8192,1,128,6903.94
2048,8192,1,256,6952.58
2048,8192,1,512,6812.76
2048,8192,1,1024,6873.9
2048,8192,1,2048,6968.92
2048,8192,1,4096,7121.6
2048,8192,1,8192,7211.4
2048,8192,1,16384,7690.69
2048,8192,2,16,6958.16
2048,8192,2,32,7004.46
2048,8192,2,64,6971.08
2048,8192,2,128,6973.9
2048,8192,2,256,6871.02
2048,8192,2,512,7021.11
2048,8192,2,1024,6944.65
2048,8192,2,2048,7005.09
2048,8192,2,4096,7128.76
2048,8192,2,8192,7478.79
2048,8192,2,16384,8056.78
2048,8192,4,16,7042.67
2048,8192,4,32,6951.88
2048,8192,4,64,7068.12
2048,8192,4,128,6962.53
2048,8192,4,256,6992.85
2048,8192,4,512,7065.4
2048,8192,4,1024,7039.14
2048,8192,4,2048,7191.38
2048,8192,4,4096,7578.72
2048,8192,4,8192,7765.99
2048,8192,4,16384,8801.87
2048,8192,8,16,6954.97
2048,8192,8,32,7158.06
2048,8192,8,64,7032.22
2048,8192,8,128,7172.89
2048,8192,8,256,7061.4
2048,8192,8,512,7236.26
2048,8192,8,1024,7362.58
2048,8192,8,2048,7390.85
2048,8192,8,4096,7821.42
2048,8192,8,8192,8738.5
2048,8192,8,16384,11278.1
2048,8192,16,16,7267.77
2048,8192,16,32,7130.51
2048,8192,16,64,7111.08
2048,8192,16,128,7199.18
2048,8192,16,256,7172.68
2048,8192,16,512,7313.25
2048,8192,16,1024,7509.23
2048,8192,16,2048,8017.17
2048,8192,16,4096,8800.9
2048,8192,16,8192,11130.1
2048,8192,16,16384,19532.2
2048,8192,32,16,7428.91
2048,8192,32,32,7405.57
2048,8192,32,64,7449.89
2048,8192,32,128,7528.16
2048,8192,32,256,7592.1
2048,8192,32,512,7838.74
2048,8192,32,1024,8227.66
2048,8192,32,2048,9074.1
2048,8192,32,4096,11615.5
2048,8192,32,8192,18545.9
2048,8192,32,16384,34114.8
2048,8192,64,16,7898.12
2048,8192,64,32,7970.63
2048,8192,64,64,7962.74
2048,8192,64,128,8190.99
2048,8192,64,256,8420.35
2048,8192,64,512,8941.45
2048,8192,64,1024,9742.72
2048,8192,64,2048,11702
2048,8192,64,4096,17406.2
2048,8192,64,8192,33924.4
2048,8192,64,16384,62738
2048,8192,128,16,9147.8
2048,8192,128,32,9107.55
2048,8192,128,64,9027.39
2048,8192,128,128,9531.52
2048,8192,128,256,10061.4
2048,8192,128,512,10671.5
2048,8192,128,1024,12453.7
2048,8192,128,2048,16769.4
2048,8192,128,4096,33203.8
2048,8192,128,8192,63046.8
2048,8192,128,16384,123119
2048,16384,0,0,12952
2048,16384,1,16,12894.1
2048,16384,1,32,12938.3
2048,16384,1,64,12951.9
2048,16384,1,128,12960.7
2048,16384,1,256,12965.4
2048,16384,1,512,13097.8
2048,16384,1,1024,13045.9
2048,16384,1,2048,13202
2048,16384,1,4096,12874.8
2048,16384,1,8192,13265.1
2048,16384,1,16384,13632.2
2048,16384,2,16,12973.3
2048,16384,2,32,12914.8
2048,16384,2,64,12897.1
2048,16384,2,128,13011.4
2048,16384,2,256,13042.1
2048,16384,2,512,12897.9
2048,16384,2,1024,13009.1
2048,16384,2,2048,13114.4
2048,16384,2,4096,13418.2
2048,16384,2,8192,13709.5
2048,16384,2,16384,13865.6
2048,16384,4,16,13020.6
2048,16384,4,32,12995.9
2048,16384,4,64,13108.2
2048,16384,4,128,12973.1
2048,16384,4,256,12996.6
2048,16384,4,512,13082.4
2048,16384,4,1024,13177.5
2048,16384,4,2048,13602.3
2048,16384,4,4096,13574.5
2048,16384,4,8192,14308
2048,16384,4,16384,14939.8
2048,16384,8,16,13192.9
2048,16384,8,32,13232.8
2048,16384,8,64,13092.9
2048,16384,8,128,13187.7
2048,16384,8,256,13208.3
2048,16384,8,512,13324
2048,16384,8,1024,13492.9
2048,16384,8,2048,14004.7
2048,16384,8,4096,14486.8
2048,16384,8,8192,14841.1
2048,16384,8,16384,16857.8
2048,16384,16,16,13280.7
2048,16384,16,32,13347.7
2048,16384,16,64,13213.8
2048,16384,16,128,13490.6
2048,16384,16,256,13204.4
2048,16384,16,512,13547.3
2048,16384,16,1024,13941.4
2048,16384,16,2048,14519.3
2048,16384,16,4096,15451.2
2048,16384,16,8192,17220.5
2048,16384,16,16384,22468.5
2048,16384,32,16,13557
2048,16384,32,32,13507.3
2048,16384,32,64,13606.8
2048,16384,32,128,13785.3
2048,16384,32,256,13804.1
2048,16384,32,512,14156.2
2048,16384,32,1024,14353.6
2048,16384,32,2048,15685.1
2048,16384,32,4096,17524
2048,16384,32,8192,23325
2048,16384,32,16384,37713.6
2048,16384,64,16,14172.1
2048,16384,64,32,13831
2048,16384,64,64,14158.7
2048,16384,64,128,14459.4
2048,16384,64,256,14405.6
2048,16384,64,512,15157.9
2048,16384,64,1024,15599.1
2048,16384,64,2048,17533
2048,16384,64,4096,23745.2
2048,16384,64,8192,35339.6
2048,16384,64,16384,67288.1
2048,16384,128,16,15306.3
2048,16384,128,32,15046.8
2048,16384,128,64,15520.5
2048,16384,128,128,15792.1
2048,16384,128,256,16361.9
2048,16384,128,512,16524.3
2048,16384,128,1024,18615.6
2048,16384,128,2048,22832.6
2048,16384,128,4096,34496.4
2048,16384,128,8192,66400.2
2048,16384,128,16384,125317
