pc,n_label,skew_rate_label,kv_big_label,kp_label,alpha,n_samples
0,n<=128,sr<=15%,kvB<=16k,kp=0,0.005,4
0,n<=128,sr<=15%,kvB<=1k,kp=0,0.0106,4
0,n<=128,sr<=15%,kvB<=4k,kp=0,0.01,4
0,n<=128,sr<=40%,kvB<=16k,kp=0,-0.0048,2
0,n<=128,sr<=40%,kvB<=1k,kp=0,0.0049,2
0,n<=128,sr<=40%,kvB<=4k,kp=0,0.0006,2
0,n<=128,sr<=5%,kvB<=16k,kp=0,0.0119,8
0,n<=128,sr<=5%,kvB<=1k,kp=0,0.005,8
0,n<=128,sr<=5%,kvB<=4k,kp=0,0.013,8
0,n<=128,sr<=70%,kvB<=16k,kp=0,-0.0178,2
0,n<=128,sr<=70%,kvB<=1k,kp=0,-0.0067,2
0,n<=128,sr<=70%,kvB<=4k,kp=0,-0.0102,2
0,n<=128,sr>70%,kvB<=16k,kp=0,-0.0294,4
0,n<=128,sr>70%,kvB<=1k,kp=0,0.0485,4
0,n<=128,sr>70%,kvB<=4k,kp=0,-0.0037,4
0,n<=16,sr<=15%,kvB<=16k,kp=0,0.0042,4
0,n<=16,sr<=15%,kvB<=1k,kp=0,0.1154,4
0,n<=16,sr<=15%,kvB<=4k,kp=0,-0.0081,4
0,n<=16,sr<=40%,kvB<=16k,kp=0,-0.0116,4
0,n<=16,sr<=40%,kvB<=1k,kp=0,0.1211,4
0,n<=16,sr<=40%,kvB<=4k,kp=0,0.0014,4
0,n<=16,sr<=70%,kvB<=16k,kp=0,-0.0281,2
0,n<=16,sr<=70%,kvB<=1k,kp=0,0.0535,2
0,n<=16,sr<=70%,kvB<=4k,kp=0,-0.0217,2
0,n<=16,sr>70%,kvB<=16k,kp=0,0.0061,4
0,n<=16,sr>70%,kvB<=1k,kp=0,0.3897,4
0,n<=16,sr>70%,kvB<=4k,kp=0,0.0137,4
0,n<=2,sr<=70%,kvB<=16k,kp=0,0.0429,2
0,n<=2,sr<=70%,kvB<=1k,kp=0,0.1695,2
0,n<=2,sr<=70%,kvB<=4k,kp=0,-0.1945,2
0,n<=256,sr<=15%,kvB<=16k,kp=0,-0.0002,4
0,n<=256,sr<=15%,kvB<=1k,kp=0,0.0061,4
0,n<=256,sr<=15%,kvB<=4k,kp=0,-0.0002,4
0,n<=256,sr<=40%,kvB<=16k,kp=0,-0.001,2
0,n<=256,sr<=40%,kvB<=1k,kp=0,0.0077,2
0,n<=256,sr<=40%,kvB<=4k,kp=0,-0.0017,2
0,n<=256,sr<=5%,kvB<=16k,kp=0,0.0001,8
0,n<=256,sr<=5%,kvB<=1k,kp=0,0.0007,8
0,n<=256,sr<=5%,kvB<=4k,kp=0,0.001,8
0,n<=256,sr<=70%,kvB<=16k,kp=0,-0.0013,2
0,n<=256,sr<=70%,kvB<=1k,kp=0,-0.009,2
0,n<=256,sr<=70%,kvB<=4k,kp=0,-0.0036,2
0,n<=256,sr>70%,kvB<=16k,kp=0,0.0022,4
0,n<=256,sr>70%,kvB<=1k,kp=0,0.0109,4
0,n<=256,sr>70%,kvB<=4k,kp=0,-0.0014,4
0,n<=32,sr<=15%,kvB<=16k,kp=0,0.0291,6
0,n<=32,sr<=15%,kvB<=1k,kp=0,0.0506,6
0,n<=32,sr<=15%,kvB<=4k,kp=0,0.0266,6
0,n<=32,sr<=40%,kvB<=16k,kp=0,0.0121,2
0,n<=32,sr<=40%,kvB<=1k,kp=0,0.0122,2
0,n<=32,sr<=40%,kvB<=4k,kp=0,-0.0141,2
0,n<=32,sr<=5%,kvB<=16k,kp=0,0.0556,2
0,n<=32,sr<=5%,kvB<=1k,kp=0,0.0476,2
0,n<=32,sr<=5%,kvB<=4k,kp=0,0.0566,2
0,n<=32,sr<=70%,kvB<=16k,kp=0,-0.103,2
0,n<=32,sr<=70%,kvB<=1k,kp=0,-0.1446,2
0,n<=32,sr<=70%,kvB<=4k,kp=0,-0.1041,2
0,n<=32,sr>70%,kvB<=16k,kp=0,-0.3724,4
0,n<=32,sr>70%,kvB<=1k,kp=0,-0.2747,4
0,n<=32,sr>70%,kvB<=4k,kp=0,-0.3167,4
0,n<=4,sr<=40%,kvB<=16k,kp=0,0.0137,2
0,n<=4,sr<=40%,kvB<=1k,kp=0,0.0181,4
0,n<=4,sr<=40%,kvB<=4k,kp=0,0.0268,3
0,n<=4,sr<=70%,kvB<=16k,kp=0,-0.0066,2
0,n<=4,sr<=70%,kvB<=1k,kp=0,-0.0064,2
0,n<=4,sr<=70%,kvB<=4k,kp=0,-0.0276,2
0,n<=4,sr>70%,kvB<=16k,kp=0,0.0744,2
0,n<=4,sr>70%,kvB<=1k,kp=0,-0.1457,2
0,n<=4,sr>70%,kvB<=4k,kp=0,0.1979,2
0,n<=64,sr<=15%,kvB<=16k,kp=0,0.0265,4
0,n<=64,sr<=15%,kvB<=1k,kp=0,0.036,4
0,n<=64,sr<=15%,kvB<=4k,kp=0,0.0221,4
0,n<=64,sr<=40%,kvB<=16k,kp=0,-0.0058,2
0,n<=64,sr<=40%,kvB<=1k,kp=0,0.0195,2
0,n<=64,sr<=40%,kvB<=4k,kp=0,-0.0052,2
0,n<=64,sr<=5%,kvB<=16k,kp=0,0.0283,6
0,n<=64,sr<=5%,kvB<=1k,kp=0,0.0263,6
0,n<=64,sr<=5%,kvB<=4k,kp=0,0.0286,6
0,n<=64,sr<=70%,kvB<=16k,kp=0,-0.0369,2
0,n<=64,sr<=70%,kvB<=1k,kp=0,-0.0622,2
0,n<=64,sr<=70%,kvB<=4k,kp=0,-0.0412,2
0,n<=64,sr>70%,kvB<=16k,kp=0,-0.169,4
0,n<=64,sr>70%,kvB<=1k,kp=0,-0.0795,4
0,n<=64,sr>70%,kvB<=4k,kp=0,-0.1104,4
0,n<=8,sr<=15%,kvB<=16k,kp=0,0.0135,2
0,n<=8,sr<=15%,kvB<=1k,kp=0,0.0458,2
0,n<=8,sr<=15%,kvB<=4k,kp=0,-0.0381,2
0,n<=8,sr<=40%,kvB<=16k,kp=0,-0.0008,4
0,n<=8,sr<=40%,kvB<=1k,kp=0,0.0507,4
0,n<=8,sr<=40%,kvB<=4k,kp=0,-0.0125,4
0,n<=8,sr<=70%,kvB<=16k,kp=0,-0.0267,2
0,n<=8,sr<=70%,kvB<=1k,kp=0,0.1142,2
0,n<=8,sr<=70%,kvB<=4k,kp=0,-0.0449,2
0,n<=8,sr>70%,kvB<=16k,kp=0,0.0169,4
0,n<=8,sr>70%,kvB<=1k,kp=0,0.2626,4
0,n<=8,sr>70%,kvB<=4k,kp=0,0.0175,4
16,n<=128,sr<=15%,kvB<=16k,kp<=1k,0.001,4
16,n<=128,sr<=15%,kvB<=16k,kp<=2k,0.001,4
16,n<=128,sr<=15%,kvB<=16k,kp<=4k,0.001,4
16,n<=128,sr<=15%,kvB<=16k,kp<=512,0.001,4
16,n<=128,sr<=15%,kvB<=16k,kp<=8k,0.0008,4
16,n<=128,sr<=15%,kvB<=16k,kp=0,0.0011,4
16,n<=128,sr<=15%,kvB<=1k,kp<=1k,0.0035,4
16,n<=128,sr<=15%,kvB<=1k,kp<=2k,0.0017,4
16,n<=128,sr<=15%,kvB<=1k,kp<=4k,0.0035,4
16,n<=128,sr<=15%,kvB<=1k,kp<=512,0.0037,4
16,n<=128,sr<=15%,kvB<=1k,kp<=8k,0.0003,4
16,n<=128,sr<=15%,kvB<=1k,kp=0,0.0039,4
16,n<=128,sr<=15%,kvB<=4k,kp<=1k,0.0012,4
16,n<=128,sr<=15%,kvB<=4k,kp<=2k,0.0009,4
16,n<=128,sr<=15%,kvB<=4k,kp<=4k,0.0001,4
16,n<=128,sr<=15%,kvB<=4k,kp<=512,0.0012,4
16,n<=128,sr<=15%,kvB<=4k,kp<=8k,-0.0001,4
16,n<=128,sr<=15%,kvB<=4k,kp=0,0.0015,4
16,n<=128,sr<=40%,kvB<=16k,kp<=1k,0.0002,2
16,n<=128,sr<=40%,kvB<=16k,kp<=2k,0.0001,2
16,n<=128,sr<=40%,kvB<=16k,kp<=4k,0.0004,2
16,n<=128,sr<=40%,kvB<=16k,kp<=512,-0.0001,2
16,n<=128,sr<=40%,kvB<=16k,kp<=8k,0.0002,2
16,n<=128,sr<=40%,kvB<=16k,kp=0,0.0,2
16,n<=128,sr<=40%,kvB<=1k,kp<=1k,0.0008,2
16,n<=128,sr<=40%,kvB<=1k,kp<=2k,-0.0016,2
16,n<=128,sr<=40%,kvB<=1k,kp<=4k,0.0027,2
16,n<=128,sr<=40%,kvB<=1k,kp<=512,0.001,2
16,n<=128,sr<=40%,kvB<=1k,kp<=8k,0.0023,2
16,n<=128,sr<=40%,kvB<=1k,kp=0,0.0002,2
16,n<=128,sr<=40%,kvB<=4k,kp<=1k,0.0003,2
16,n<=128,sr<=40%,kvB<=4k,kp<=2k,0.0003,2
16,n<=128,sr<=40%,kvB<=4k,kp<=4k,-0.0003,2
16,n<=128,sr<=40%,kvB<=4k,kp<=512,-0.0001,2
16,n<=128,sr<=40%,kvB<=4k,kp<=8k,-0.0008,2
16,n<=128,sr<=40%,kvB<=4k,kp=0,0.0,2
16,n<=128,sr<=5%,kvB<=16k,kp<=1k,0.0017,8
16,n<=128,sr<=5%,kvB<=16k,kp<=2k,0.0017,8
16,n<=128,sr<=5%,kvB<=16k,kp<=4k,0.0017,8
16,n<=128,sr<=5%,kvB<=16k,kp<=512,0.0019,8
16,n<=128,sr<=5%,kvB<=16k,kp<=8k,0.0013,8
16,n<=128,sr<=5%,kvB<=16k,kp=0,0.0018,8
16,n<=128,sr<=5%,kvB<=1k,kp<=1k,-0.0006,8
16,n<=128,sr<=5%,kvB<=1k,kp<=2k,-0.0015,8
16,n<=128,sr<=5%,kvB<=1k,kp<=4k,0.0013,8
16,n<=128,sr<=5%,kvB<=1k,kp<=512,-0.0003,8
16,n<=128,sr<=5%,kvB<=1k,kp<=8k,0.0027,8
16,n<=128,sr<=5%,kvB<=1k,kp=0,-0.0007,8
16,n<=128,sr<=5%,kvB<=4k,kp<=1k,0.0022,8
16,n<=128,sr<=5%,kvB<=4k,kp<=2k,0.0015,8
16,n<=128,sr<=5%,kvB<=4k,kp<=4k,0.0005,8
16,n<=128,sr<=5%,kvB<=4k,kp<=512,0.0016,8
16,n<=128,sr<=5%,kvB<=4k,kp<=8k,-0.0002,8
16,n<=128,sr<=5%,kvB<=4k,kp=0,0.0015,8
16,n<=128,sr<=70%,kvB<=16k,kp<=1k,-0.0005,2
16,n<=128,sr<=70%,kvB<=16k,kp<=2k,-0.0006,2
16,n<=128,sr<=70%,kvB<=16k,kp<=4k,-0.0008,2
16,n<=128,sr<=70%,kvB<=16k,kp<=512,0.0011,2
16,n<=128,sr<=70%,kvB<=16k,kp<=8k,-0.0007,2
16,n<=128,sr<=70%,kvB<=16k,kp=0,-0.0005,2
16,n<=128,sr<=70%,kvB<=1k,kp<=1k,-0.0036,2
16,n<=128,sr<=70%,kvB<=1k,kp<=2k,-0.0001,2
16,n<=128,sr<=70%,kvB<=1k,kp<=4k,0.0044,2
16,n<=128,sr<=70%,kvB<=1k,kp<=512,-0.0013,2
16,n<=128,sr<=70%,kvB<=1k,kp<=8k,0.0013,2
16,n<=128,sr<=70%,kvB<=1k,kp=0,0.0004,2
16,n<=128,sr<=70%,kvB<=4k,kp<=1k,-0.0004,2
16,n<=128,sr<=70%,kvB<=4k,kp<=2k,-0.001,2
16,n<=128,sr<=70%,kvB<=4k,kp<=4k,0.0001,2
16,n<=128,sr<=70%,kvB<=4k,kp<=512,-0.002,2
16,n<=128,sr<=70%,kvB<=4k,kp<=8k,0.003,2
16,n<=128,sr<=70%,kvB<=4k,kp=0,-0.0016,2
16,n<=128,sr>70%,kvB<=16k,kp<=1k,0.0022,4
16,n<=128,sr>70%,kvB<=16k,kp<=2k,0.0018,4
16,n<=128,sr>70%,kvB<=16k,kp<=4k,0.0015,4
16,n<=128,sr>70%,kvB<=16k,kp<=512,-0.0006,4
16,n<=128,sr>70%,kvB<=16k,kp<=8k,0.0007,4
16,n<=128,sr>70%,kvB<=16k,kp=0,0.003,4
16,n<=128,sr>70%,kvB<=1k,kp<=1k,0.0058,4
16,n<=128,sr>70%,kvB<=1k,kp<=2k,0.0068,4
16,n<=128,sr>70%,kvB<=1k,kp<=4k,0.003,4
16,n<=128,sr>70%,kvB<=1k,kp<=512,-0.0029,4
16,n<=128,sr>70%,kvB<=1k,kp<=8k,0.0077,4
16,n<=128,sr>70%,kvB<=1k,kp=0,0.0058,4
16,n<=128,sr>70%,kvB<=4k,kp<=1k,0.0007,4
16,n<=128,sr>70%,kvB<=4k,kp<=2k,0.0033,4
16,n<=128,sr>70%,kvB<=4k,kp<=4k,0.0032,4
16,n<=128,sr>70%,kvB<=4k,kp<=512,0.0006,4
16,n<=128,sr>70%,kvB<=4k,kp<=8k,0.001,4
16,n<=128,sr>70%,kvB<=4k,kp=0,0.0027,4
16,n<=16,sr<=15%,kvB<=16k,kp<=1k,0.0416,4
16,n<=16,sr<=15%,kvB<=16k,kp<=2k,0.0352,4
16,n<=16,sr<=15%,kvB<=16k,kp<=4k,0.0037,4
16,n<=16,sr<=15%,kvB<=16k,kp<=512,0.056,4
16,n<=16,sr<=15%,kvB<=16k,kp<=8k,-0.0081,4
16,n<=16,sr<=15%,kvB<=16k,kp=0,0.0549,4
16,n<=16,sr<=15%,kvB<=1k,kp<=1k,0.0726,4
16,n<=16,sr<=15%,kvB<=1k,kp<=2k,0.0647,4
16,n<=16,sr<=15%,kvB<=1k,kp<=4k,0.0541,4
16,n<=16,sr<=15%,kvB<=1k,kp<=512,0.1004,4
16,n<=16,sr<=15%,kvB<=1k,kp<=8k,0.0675,4
16,n<=16,sr<=15%,kvB<=1k,kp=0,0.122,4
16,n<=16,sr<=15%,kvB<=4k,kp<=1k,0.0497,4
16,n<=16,sr<=15%,kvB<=4k,kp<=2k,0.0145,4
16,n<=16,sr<=15%,kvB<=4k,kp<=4k,0.0581,4
16,n<=16,sr<=15%,kvB<=4k,kp<=512,0.0552,4
16,n<=16,sr<=15%,kvB<=4k,kp<=8k,0.0829,4
16,n<=16,sr<=15%,kvB<=4k,kp=0,0.0661,4
16,n<=16,sr<=40%,kvB<=16k,kp<=1k,0.0582,4
16,n<=16,sr<=40%,kvB<=16k,kp<=2k,0.033,4
16,n<=16,sr<=40%,kvB<=16k,kp<=4k,0.0192,4
16,n<=16,sr<=40%,kvB<=16k,kp<=512,0.0706,4
16,n<=16,sr<=40%,kvB<=16k,kp<=8k,0.0019,4
16,n<=16,sr<=40%,kvB<=16k,kp=0,0.1024,4
16,n<=16,sr<=40%,kvB<=1k,kp<=1k,0.0732,4
16,n<=16,sr<=40%,kvB<=1k,kp<=2k,0.0719,4
16,n<=16,sr<=40%,kvB<=1k,kp<=4k,0.068,4
16,n<=16,sr<=40%,kvB<=1k,kp<=512,0.115,4
16,n<=16,sr<=40%,kvB<=1k,kp<=8k,0.1035,4
16,n<=16,sr<=40%,kvB<=1k,kp=0,0.1233,4
16,n<=16,sr<=40%,kvB<=4k,kp<=1k,0.1322,4
16,n<=16,sr<=40%,kvB<=4k,kp<=2k,0.1229,4
16,n<=16,sr<=40%,kvB<=4k,kp<=4k,0.2129,4
16,n<=16,sr<=40%,kvB<=4k,kp<=512,0.1189,4
16,n<=16,sr<=40%,kvB<=4k,kp<=8k,0.1737,4
16,n<=16,sr<=40%,kvB<=4k,kp=0,0.218,4
16,n<=16,sr<=70%,kvB<=16k,kp<=1k,0.1769,2
16,n<=16,sr<=70%,kvB<=16k,kp<=2k,0.1681,2
16,n<=16,sr<=70%,kvB<=16k,kp<=4k,0.1274,2
16,n<=16,sr<=70%,kvB<=16k,kp<=512,0.2451,2
16,n<=16,sr<=70%,kvB<=16k,kp<=8k,0.1358,2
16,n<=16,sr<=70%,kvB<=16k,kp=0,0.2943,2
16,n<=16,sr<=70%,kvB<=1k,kp<=1k,0.0138,2
16,n<=16,sr<=70%,kvB<=1k,kp<=2k,0.0204,2
16,n<=16,sr<=70%,kvB<=1k,kp<=4k,0.049,2
16,n<=16,sr<=70%,kvB<=1k,kp<=512,0.0993,2
16,n<=16,sr<=70%,kvB<=1k,kp<=8k,0.2186,2
16,n<=16,sr<=70%,kvB<=1k,kp=0,0.0759,2
16,n<=16,sr<=70%,kvB<=4k,kp<=1k,0.2864,2
16,n<=16,sr<=70%,kvB<=4k,kp<=2k,0.4977,2
16,n<=16,sr<=70%,kvB<=4k,kp<=4k,0.5971,2
16,n<=16,sr<=70%,kvB<=4k,kp<=512,0.2542,2
16,n<=16,sr<=70%,kvB<=4k,kp<=8k,0.7076,2
16,n<=16,sr<=70%,kvB<=4k,kp=0,0.6853,2
16,n<=16,sr>70%,kvB<=16k,kp<=1k,0.4774,4
16,n<=16,sr>70%,kvB<=16k,kp<=2k,0.4542,4
16,n<=16,sr>70%,kvB<=16k,kp<=4k,0.4161,4
16,n<=16,sr>70%,kvB<=16k,kp<=512,0.8158,4
16,n<=16,sr>70%,kvB<=16k,kp<=8k,0.5646,4
16,n<=16,sr>70%,kvB<=16k,kp=0,0.9236,4
16,n<=16,sr>70%,kvB<=1k,kp<=1k,0.5448,4
16,n<=16,sr>70%,kvB<=1k,kp<=2k,0.7061,4
16,n<=16,sr>70%,kvB<=1k,kp<=4k,0.9831,4
16,n<=16,sr>70%,kvB<=1k,kp<=512,0.4907,4
16,n<=16,sr>70%,kvB<=1k,kp<=8k,1.0135,4
16,n<=16,sr>70%,kvB<=1k,kp=0,0.3418,4
16,n<=16,sr>70%,kvB<=4k,kp<=1k,0.8299,4
16,n<=16,sr>70%,kvB<=4k,kp<=2k,1.2461,4
16,n<=16,sr>70%,kvB<=4k,kp<=4k,5.3418,3
16,n<=16,sr>70%,kvB<=4k,kp<=512,1.1711,4
16,n<=16,sr>70%,kvB<=4k,kp<=8k,2.7343,2
16,n<=16,sr>70%,kvB<=4k,kp=0,2.8289,4
16,n<=2,sr<=70%,kvB<=16k,kp<=1k,0.2002,2
16,n<=2,sr<=70%,kvB<=16k,kp<=2k,0.1487,2
16,n<=2,sr<=70%,kvB<=16k,kp<=4k,0.2694,2
16,n<=2,sr<=70%,kvB<=16k,kp<=512,0.2812,2
16,n<=2,sr<=70%,kvB<=16k,kp<=8k,0.231,2
16,n<=2,sr<=70%,kvB<=16k,kp=0,0.306,2
16,n<=2,sr<=70%,kvB<=1k,kp<=1k,-0.0211,2
16,n<=2,sr<=70%,kvB<=1k,kp<=2k,-0.0531,2
16,n<=2,sr<=70%,kvB<=1k,kp<=4k,-0.077,2
16,n<=2,sr<=70%,kvB<=1k,kp<=512,0.0731,2
16,n<=2,sr<=70%,kvB<=1k,kp<=8k,-0.0574,2
16,n<=2,sr<=70%,kvB<=1k,kp=0,0.3661,2
16,n<=2,sr<=70%,kvB<=4k,kp<=1k,0.303,2
16,n<=2,sr<=70%,kvB<=4k,kp<=2k,0.1873,2
16,n<=2,sr<=70%,kvB<=4k,kp<=4k,-0.038,2
16,n<=2,sr<=70%,kvB<=4k,kp<=512,0.3138,2
16,n<=2,sr<=70%,kvB<=4k,kp<=8k,-0.008,2
16,n<=2,sr<=70%,kvB<=4k,kp=0,0.2753,2
16,n<=32,sr<=15%,kvB<=16k,kp<=1k,0.023,6
16,n<=32,sr<=15%,kvB<=16k,kp<=2k,0.023,6
16,n<=32,sr<=15%,kvB<=16k,kp<=4k,0.0114,6
16,n<=32,sr<=15%,kvB<=16k,kp<=512,0.0287,6
16,n<=32,sr<=15%,kvB<=16k,kp<=8k,0.0176,6
16,n<=32,sr<=15%,kvB<=16k,kp=0,0.0307,6
16,n<=32,sr<=15%,kvB<=1k,kp<=1k,0.0336,6
16,n<=32,sr<=15%,kvB<=1k,kp<=2k,0.0312,6
16,n<=32,sr<=15%,kvB<=1k,kp<=4k,0.0495,6
16,n<=32,sr<=15%,kvB<=1k,kp<=512,0.0392,6
16,n<=32,sr<=15%,kvB<=1k,kp<=8k,0.082,6
16,n<=32,sr<=15%,kvB<=1k,kp=0,0.0599,6
16,n<=32,sr<=15%,kvB<=4k,kp<=1k,0.0564,6
16,n<=32,sr<=15%,kvB<=4k,kp<=2k,0.0438,6
16,n<=32,sr<=15%,kvB<=4k,kp<=4k,0.0623,6
16,n<=32,sr<=15%,kvB<=4k,kp<=512,0.0495,6
16,n<=32,sr<=15%,kvB<=4k,kp<=8k,0.0614,6
16,n<=32,sr<=15%,kvB<=4k,kp=0,0.0889,6
16,n<=32,sr<=40%,kvB<=16k,kp<=1k,0.0439,2
16,n<=32,sr<=40%,kvB<=16k,kp<=2k,0.0461,2
16,n<=32,sr<=40%,kvB<=16k,kp<=4k,0.0466,2
16,n<=32,sr<=40%,kvB<=16k,kp<=512,0.0623,2
16,n<=32,sr<=40%,kvB<=16k,kp<=8k,0.0485,2
16,n<=32,sr<=40%,kvB<=16k,kp=0,0.0657,2
16,n<=32,sr<=40%,kvB<=1k,kp<=1k,0.1253,2
16,n<=32,sr<=40%,kvB<=1k,kp<=2k,0.1488,2
16,n<=32,sr<=40%,kvB<=1k,kp<=4k,0.2346,2
16,n<=32,sr<=40%,kvB<=1k,kp<=512,0.0789,2
16,n<=32,sr<=40%,kvB<=1k,kp<=8k,0.2239,2
16,n<=32,sr<=40%,kvB<=1k,kp=0,0.0893,2
16,n<=32,sr<=40%,kvB<=4k,kp<=1k,0.1475,2
16,n<=32,sr<=40%,kvB<=4k,kp<=2k,0.1766,2
16,n<=32,sr<=40%,kvB<=4k,kp<=4k,0.1464,2
16,n<=32,sr<=40%,kvB<=4k,kp<=512,0.1158,2
16,n<=32,sr<=40%,kvB<=4k,kp<=8k,0.1171,2
16,n<=32,sr<=40%,kvB<=4k,kp=0,0.2173,2
16,n<=32,sr<=5%,kvB<=16k,kp<=1k,0.0154,2
16,n<=32,sr<=5%,kvB<=16k,kp<=2k,0.0164,2
16,n<=32,sr<=5%,kvB<=16k,kp<=4k,0.01,2
16,n<=32,sr<=5%,kvB<=16k,kp<=512,0.0179,2
16,n<=32,sr<=5%,kvB<=16k,kp<=8k,0.0116,2
16,n<=32,sr<=5%,kvB<=16k,kp=0,0.0238,2
16,n<=32,sr<=5%,kvB<=1k,kp<=1k,0.0089,2
16,n<=32,sr<=5%,kvB<=1k,kp<=2k,0.0054,2
16,n<=32,sr<=5%,kvB<=1k,kp<=4k,0.0197,2
16,n<=32,sr<=5%,kvB<=1k,kp<=512,0.0173,2
16,n<=32,sr<=5%,kvB<=1k,kp<=8k,0.0214,2
16,n<=32,sr<=5%,kvB<=1k,kp=0,0.0316,2
16,n<=32,sr<=5%,kvB<=4k,kp<=1k,0.0218,2
16,n<=32,sr<=5%,kvB<=4k,kp<=2k,0.0191,2
16,n<=32,sr<=5%,kvB<=4k,kp<=4k,0.0094,2
16,n<=32,sr<=5%,kvB<=4k,kp<=512,0.0222,2
16,n<=32,sr<=5%,kvB<=4k,kp<=8k,0.0307,2
16,n<=32,sr<=5%,kvB<=4k,kp=0,0.0545,2
16,n<=32,sr<=70%,kvB<=16k,kp<=1k,0.0984,2
16,n<=32,sr<=70%,kvB<=16k,kp<=2k,0.1051,2
16,n<=32,sr<=70%,kvB<=16k,kp<=4k,0.0995,2
16,n<=32,sr<=70%,kvB<=16k,kp<=512,0.115,2
16,n<=32,sr<=70%,kvB<=16k,kp<=8k,0.1126,2
16,n<=32,sr<=70%,kvB<=16k,kp=0,0.1504,2
16,n<=32,sr<=70%,kvB<=1k,kp<=1k,0.4349,2
16,n<=32,sr<=70%,kvB<=1k,kp<=2k,0.5469,2
16,n<=32,sr<=70%,kvB<=1k,kp<=4k,0.4907,2
16,n<=32,sr<=70%,kvB<=1k,kp<=512,0.454,2
16,n<=32,sr<=70%,kvB<=1k,kp<=8k,0.3578,2
16,n<=32,sr<=70%,kvB<=1k,kp=0,0.6625,2
16,n<=32,sr<=70%,kvB<=4k,kp<=1k,0.1801,2
16,n<=32,sr<=70%,kvB<=4k,kp<=2k,0.1905,2
16,n<=32,sr<=70%,kvB<=4k,kp<=4k,0.1524,2
16,n<=32,sr<=70%,kvB<=4k,kp<=512,0.1768,2
16,n<=32,sr<=70%,kvB<=4k,kp<=8k,0.1764,2
16,n<=32,sr<=70%,kvB<=4k,kp=0,0.336,2
16,n<=32,sr>70%,kvB<=16k,kp<=1k,0.1985,4
16,n<=32,sr>70%,kvB<=16k,kp<=2k,0.2288,4
16,n<=32,sr>70%,kvB<=16k,kp<=4k,0.276,4
16,n<=32,sr>70%,kvB<=16k,kp<=512,0.2707,4
16,n<=32,sr>70%,kvB<=16k,kp<=8k,0.2371,4
16,n<=32,sr>70%,kvB<=16k,kp=0,0.3144,4
16,n<=32,sr>70%,kvB<=1k,kp<=1k,1.5071,4
16,n<=32,sr>70%,kvB<=1k,kp<=2k,1.3181,4
16,n<=32,sr>70%,kvB<=1k,kp<=4k,1.2621,4
16,n<=32,sr>70%,kvB<=1k,kp<=512,1.0293,4
16,n<=32,sr>70%,kvB<=1k,kp<=8k,1.1431,4
16,n<=32,sr>70%,kvB<=1k,kp=0,1.9467,4
16,n<=32,sr>70%,kvB<=4k,kp<=1k,0.3288,4
16,n<=32,sr>70%,kvB<=4k,kp<=2k,0.3904,4
16,n<=32,sr>70%,kvB<=4k,kp<=4k,0.4373,4
16,n<=32,sr>70%,kvB<=4k,kp<=512,0.3842,4
16,n<=32,sr>70%,kvB<=4k,kp<=8k,0.4198,4
16,n<=32,sr>70%,kvB<=4k,kp=0,0.7032,4
16,n<=4,sr<=40%,kvB<=16k,kp<=1k,0.1301,2
16,n<=4,sr<=40%,kvB<=16k,kp<=2k,0.1599,2
16,n<=4,sr<=40%,kvB<=16k,kp<=4k,0.1973,2
16,n<=4,sr<=40%,kvB<=16k,kp<=512,0.1069,2
16,n<=4,sr<=40%,kvB<=16k,kp<=8k,0.2379,2
16,n<=4,sr<=40%,kvB<=16k,kp=0,0.1223,2
16,n<=4,sr<=40%,kvB<=1k,kp<=1k,0.0842,2
16,n<=4,sr<=40%,kvB<=1k,kp<=2k,0.0597,2
16,n<=4,sr<=40%,kvB<=1k,kp<=4k,0.1282,2
16,n<=4,sr<=40%,kvB<=1k,kp<=512,0.2736,2
16,n<=4,sr<=40%,kvB<=1k,kp<=8k,0.0893,2
16,n<=4,sr<=40%,kvB<=1k,kp=0,0.2604,5
16,n<=4,sr<=40%,kvB<=4k,kp<=1k,0.2089,2
16,n<=4,sr<=40%,kvB<=4k,kp<=2k,0.2327,2
16,n<=4,sr<=40%,kvB<=4k,kp<=4k,-0.0351,2
16,n<=4,sr<=40%,kvB<=4k,kp<=512,0.1837,2
16,n<=4,sr<=40%,kvB<=4k,kp<=8k,-0.022,2
16,n<=4,sr<=40%,kvB<=4k,kp=0,0.1329,3
16,n<=4,sr<=70%,kvB<=16k,kp<=1k,0.0963,2
16,n<=4,sr<=70%,kvB<=16k,kp<=2k,0.054,2
16,n<=4,sr<=70%,kvB<=16k,kp<=4k,0.1518,2
16,n<=4,sr<=70%,kvB<=16k,kp<=512,0.0497,2
16,n<=4,sr<=70%,kvB<=16k,kp<=8k,0.2723,2
16,n<=4,sr<=70%,kvB<=16k,kp=0,0.0558,2
16,n<=4,sr<=70%,kvB<=1k,kp<=1k,0.0824,2
16,n<=4,sr<=70%,kvB<=1k,kp<=2k,0.0623,2
16,n<=4,sr<=70%,kvB<=1k,kp<=4k,0.1005,2
16,n<=4,sr<=70%,kvB<=1k,kp<=512,0.2837,2
16,n<=4,sr<=70%,kvB<=1k,kp<=8k,-0.0234,2
16,n<=4,sr<=70%,kvB<=1k,kp=0,0.124,4
16,n<=4,sr<=70%,kvB<=4k,kp<=1k,0.2292,2
16,n<=4,sr<=70%,kvB<=4k,kp<=2k,0.2537,2
16,n<=4,sr<=70%,kvB<=4k,kp<=4k,0.035,2
16,n<=4,sr<=70%,kvB<=4k,kp<=512,0.0675,2
16,n<=4,sr<=70%,kvB<=4k,kp<=8k,0.1019,2
16,n<=4,sr<=70%,kvB<=4k,kp=0,-0.0128,2
16,n<=4,sr>70%,kvB<=16k,kp<=1k,0.2141,2
16,n<=4,sr>70%,kvB<=16k,kp<=2k,0.1401,2
16,n<=4,sr>70%,kvB<=16k,kp<=4k,0.0874,2
16,n<=4,sr>70%,kvB<=16k,kp<=512,0.0355,2
16,n<=4,sr>70%,kvB<=16k,kp<=8k,0.5839,2
16,n<=4,sr>70%,kvB<=16k,kp=0,-0.1196,2
16,n<=4,sr>70%,kvB<=1k,kp<=1k,0.5938,2
16,n<=4,sr>70%,kvB<=1k,kp<=2k,-0.0482,2
16,n<=4,sr>70%,kvB<=1k,kp<=4k,-0.0356,2
16,n<=4,sr>70%,kvB<=1k,kp<=512,0.4518,2
16,n<=4,sr>70%,kvB<=1k,kp<=8k,0.0825,2
16,n<=4,sr>70%,kvB<=1k,kp=0,0.0736,2
16,n<=4,sr>70%,kvB<=4k,kp<=1k,0.0739,2
16,n<=4,sr>70%,kvB<=4k,kp<=2k,0.2921,2
16,n<=4,sr>70%,kvB<=4k,kp<=4k,0.3896,2
16,n<=4,sr>70%,kvB<=4k,kp<=512,-0.1076,2
16,n<=4,sr>70%,kvB<=4k,kp<=8k,0.0305,2
16,n<=4,sr>70%,kvB<=4k,kp=0,-0.3191,2
16,n<=64,sr<=15%,kvB<=16k,kp<=1k,0.0034,4
16,n<=64,sr<=15%,kvB<=16k,kp<=2k,0.0043,4
16,n<=64,sr<=15%,kvB<=16k,kp<=4k,0.0052,4
16,n<=64,sr<=15%,kvB<=16k,kp<=512,0.0053,4
16,n<=64,sr<=15%,kvB<=16k,kp<=8k,0.0033,4
16,n<=64,sr<=15%,kvB<=16k,kp=0,0.0056,4
16,n<=64,sr<=15%,kvB<=1k,kp<=1k,0.0071,4
16,n<=64,sr<=15%,kvB<=1k,kp<=2k,0.0036,4
16,n<=64,sr<=15%,kvB<=1k,kp<=4k,0.0059,4
16,n<=64,sr<=15%,kvB<=1k,kp<=512,0.0094,4
16,n<=64,sr<=15%,kvB<=1k,kp<=8k,-0.0001,4
16,n<=64,sr<=15%,kvB<=1k,kp=0,0.0103,4
16,n<=64,sr<=15%,kvB<=4k,kp<=1k,0.0089,4
16,n<=64,sr<=15%,kvB<=4k,kp<=2k,0.0072,4
16,n<=64,sr<=15%,kvB<=4k,kp<=4k,0.0043,4
16,n<=64,sr<=15%,kvB<=4k,kp<=512,0.0073,4
16,n<=64,sr<=15%,kvB<=4k,kp<=8k,0.0034,4
16,n<=64,sr<=15%,kvB<=4k,kp=0,0.0103,4
16,n<=64,sr<=40%,kvB<=16k,kp<=1k,0.0019,2
16,n<=64,sr<=40%,kvB<=16k,kp<=2k,0.0008,2
16,n<=64,sr<=40%,kvB<=16k,kp<=4k,0.0023,2
16,n<=64,sr<=40%,kvB<=16k,kp<=512,0.0025,2
16,n<=64,sr<=40%,kvB<=16k,kp<=8k,-0.0,2
16,n<=64,sr<=40%,kvB<=16k,kp=0,0.0034,2
16,n<=64,sr<=40%,kvB<=1k,kp<=1k,-0.0044,2
16,n<=64,sr<=40%,kvB<=1k,kp<=2k,-0.0072,2
16,n<=64,sr<=40%,kvB<=1k,kp<=4k,-0.0002,2
16,n<=64,sr<=40%,kvB<=1k,kp<=512,0.006,2
16,n<=64,sr<=40%,kvB<=1k,kp<=8k,0.0105,2
16,n<=64,sr<=40%,kvB<=1k,kp=0,0.0089,2
16,n<=64,sr<=40%,kvB<=4k,kp<=1k,0.006,2
16,n<=64,sr<=40%,kvB<=4k,kp<=2k,0.0087,2
16,n<=64,sr<=40%,kvB<=4k,kp<=4k,0.0028,2
16,n<=64,sr<=40%,kvB<=4k,kp<=512,0.0055,2
16,n<=64,sr<=40%,kvB<=4k,kp<=8k,0.0035,2
16,n<=64,sr<=40%,kvB<=4k,kp=0,0.0114,2
16,n<=64,sr<=5%,kvB<=16k,kp<=1k,0.0053,6
16,n<=64,sr<=5%,kvB<=16k,kp<=2k,0.0056,6
16,n<=64,sr<=5%,kvB<=16k,kp<=4k,0.0043,6
16,n<=64,sr<=5%,kvB<=16k,kp<=512,0.0049,6
16,n<=64,sr<=5%,kvB<=16k,kp<=8k,0.0038,6
16,n<=64,sr<=5%,kvB<=16k,kp=0,0.0049,6
16,n<=64,sr<=5%,kvB<=1k,kp<=1k,0.0063,6
16,n<=64,sr<=5%,kvB<=1k,kp<=2k,0.0024,6
16,n<=64,sr<=5%,kvB<=1k,kp<=4k,0.0005,6
16,n<=64,sr<=5%,kvB<=1k,kp<=512,0.0037,6
16,n<=64,sr<=5%,kvB<=1k,kp<=8k,0.0026,6
16,n<=64,sr<=5%,kvB<=1k,kp=0,0.0063,6
16,n<=64,sr<=5%,kvB<=4k,kp<=1k,0.0069,6
16,n<=64,sr<=5%,kvB<=4k,kp<=2k,0.006,6
16,n<=64,sr<=5%,kvB<=4k,kp<=4k,0.003,6
16,n<=64,sr<=5%,kvB<=4k,kp<=512,0.0041,6
16,n<=64,sr<=5%,kvB<=4k,kp<=8k,0.0031,6
16,n<=64,sr<=5%,kvB<=4k,kp=0,0.0083,6
16,n<=64,sr<=70%,kvB<=16k,kp<=1k,0.0019,2
16,n<=64,sr<=70%,kvB<=16k,kp<=2k,0.0051,2
16,n<=64,sr<=70%,kvB<=16k,kp<=4k,0.0024,2
16,n<=64,sr<=70%,kvB<=16k,kp<=512,0.0033,2
16,n<=64,sr<=70%,kvB<=16k,kp<=8k,0.0074,2
16,n<=64,sr<=70%,kvB<=16k,kp=0,0.0035,2
16,n<=64,sr<=70%,kvB<=1k,kp<=1k,0.0167,2
16,n<=64,sr<=70%,kvB<=1k,kp<=2k,0.0156,2
16,n<=64,sr<=70%,kvB<=1k,kp<=4k,0.021,2
16,n<=64,sr<=70%,kvB<=1k,kp<=512,0.0315,2
16,n<=64,sr<=70%,kvB<=1k,kp<=8k,0.0134,2
16,n<=64,sr<=70%,kvB<=1k,kp=0,0.0334,2
16,n<=64,sr<=70%,kvB<=4k,kp<=1k,0.0137,2
16,n<=64,sr<=70%,kvB<=4k,kp<=2k,0.0114,2
16,n<=64,sr<=70%,kvB<=4k,kp<=4k,0.0084,2
16,n<=64,sr<=70%,kvB<=4k,kp<=512,0.008,2
16,n<=64,sr<=70%,kvB<=4k,kp<=8k,0.0129,2
16,n<=64,sr<=70%,kvB<=4k,kp=0,0.0257,2
16,n<=64,sr>70%,kvB<=16k,kp<=1k,0.0208,4
16,n<=64,sr>70%,kvB<=16k,kp<=2k,0.0158,4
16,n<=64,sr>70%,kvB<=16k,kp<=4k,0.0195,4
16,n<=64,sr>70%,kvB<=16k,kp<=512,0.0234,4
16,n<=64,sr>70%,kvB<=16k,kp<=8k,0.0149,4
16,n<=64,sr>70%,kvB<=16k,kp=0,0.026,4
16,n<=64,sr>70%,kvB<=1k,kp<=1k,0.1199,4
16,n<=64,sr>70%,kvB<=1k,kp<=2k,0.1027,4
16,n<=64,sr>70%,kvB<=1k,kp<=4k,0.0774,4
16,n<=64,sr>70%,kvB<=1k,kp<=512,0.0853,4
16,n<=64,sr>70%,kvB<=1k,kp<=8k,0.0153,4
16,n<=64,sr>70%,kvB<=1k,kp=0,0.1313,4
16,n<=64,sr>70%,kvB<=4k,kp<=1k,0.0318,4
16,n<=64,sr>70%,kvB<=4k,kp<=2k,0.044,4
16,n<=64,sr>70%,kvB<=4k,kp<=4k,0.0358,4
16,n<=64,sr>70%,kvB<=4k,kp<=512,0.0315,4
16,n<=64,sr>70%,kvB<=4k,kp<=8k,0.0345,4
16,n<=64,sr>70%,kvB<=4k,kp=0,0.0396,4
16,n<=8,sr<=15%,kvB<=16k,kp<=1k,0.1016,2
16,n<=8,sr<=15%,kvB<=16k,kp<=2k,0.0802,2
16,n<=8,sr<=15%,kvB<=16k,kp<=4k,0.0107,2
16,n<=8,sr<=15%,kvB<=16k,kp<=512,0.0974,2
16,n<=8,sr<=15%,kvB<=16k,kp<=8k,-0.0333,2
16,n<=8,sr<=15%,kvB<=16k,kp=0,0.0668,2
16,n<=8,sr<=15%,kvB<=1k,kp<=1k,0.1069,2
16,n<=8,sr<=15%,kvB<=1k,kp<=2k,0.0866,2
16,n<=8,sr<=15%,kvB<=1k,kp<=4k,0.129,2
16,n<=8,sr<=15%,kvB<=1k,kp<=512,0.1688,2
16,n<=8,sr<=15%,kvB<=1k,kp<=8k,0.1532,2
16,n<=8,sr<=15%,kvB<=1k,kp=0,0.193,5
16,n<=8,sr<=15%,kvB<=4k,kp<=1k,0.1139,2
16,n<=8,sr<=15%,kvB<=4k,kp<=2k,0.0946,2
16,n<=8,sr<=15%,kvB<=4k,kp<=4k,0.0069,2
16,n<=8,sr<=15%,kvB<=4k,kp<=512,0.1183,2
16,n<=8,sr<=15%,kvB<=4k,kp<=8k,-0.0205,2
16,n<=8,sr<=15%,kvB<=4k,kp=0,0.1058,3
16,n<=8,sr<=40%,kvB<=16k,kp<=1k,0.1382,4
16,n<=8,sr<=40%,kvB<=16k,kp<=2k,0.0861,4
16,n<=8,sr<=40%,kvB<=16k,kp<=4k,0.0121,4
16,n<=8,sr<=40%,kvB<=16k,kp<=512,0.1659,4
16,n<=8,sr<=40%,kvB<=16k,kp<=8k,0.191,4
16,n<=8,sr<=40%,kvB<=16k,kp=0,0.1265,4
16,n<=8,sr<=40%,kvB<=1k,kp<=1k,0.0697,4
16,n<=8,sr<=40%,kvB<=1k,kp<=2k,0.0839,4
16,n<=8,sr<=40%,kvB<=1k,kp<=4k,0.102,4
16,n<=8,sr<=40%,kvB<=1k,kp<=512,0.1882,4
16,n<=8,sr<=40%,kvB<=1k,kp<=8k,0.1783,4
16,n<=8,sr<=40%,kvB<=1k,kp=0,0.1612,4
16,n<=8,sr<=40%,kvB<=4k,kp<=1k,0.1189,4
16,n<=8,sr<=40%,kvB<=4k,kp<=2k,0.1426,4
16,n<=8,sr<=40%,kvB<=4k,kp<=4k,0.0823,4
16,n<=8,sr<=40%,kvB<=4k,kp<=512,0.1295,4
16,n<=8,sr<=40%,kvB<=4k,kp<=8k,0.2122,4
16,n<=8,sr<=40%,kvB<=4k,kp=0,0.0774,4
16,n<=8,sr<=70%,kvB<=16k,kp<=1k,0.3079,2
16,n<=8,sr<=70%,kvB<=16k,kp<=2k,0.1656,2
16,n<=8,sr<=70%,kvB<=16k,kp<=4k,0.0792,2
16,n<=8,sr<=70%,kvB<=16k,kp<=512,0.3397,2
16,n<=8,sr<=70%,kvB<=16k,kp<=8k,0.2435,2
16,n<=8,sr<=70%,kvB<=16k,kp=0,0.3635,2
16,n<=8,sr<=70%,kvB<=1k,kp<=1k,0.0817,2
16,n<=8,sr<=70%,kvB<=1k,kp<=2k,0.0406,2
16,n<=8,sr<=70%,kvB<=1k,kp<=4k,0.0098,2
16,n<=8,sr<=70%,kvB<=1k,kp<=512,0.1844,2
16,n<=8,sr<=70%,kvB<=1k,kp<=8k,0.1463,2
16,n<=8,sr<=70%,kvB<=1k,kp=0,0.1085,2
16,n<=8,sr<=70%,kvB<=4k,kp<=1k,0.2012,2
16,n<=8,sr<=70%,kvB<=4k,kp<=2k,0.316,2
16,n<=8,sr<=70%,kvB<=4k,kp<=4k,0.3656,2
16,n<=8,sr<=70%,kvB<=4k,kp<=512,0.2388,2
16,n<=8,sr<=70%,kvB<=4k,kp<=8k,0.5248,2
16,n<=8,sr<=70%,kvB<=4k,kp=0,0.0967,2
16,n<=8,sr>70%,kvB<=16k,kp<=1k,0.9084,4
16,n<=8,sr>70%,kvB<=16k,kp<=2k,0.7322,4
16,n<=8,sr>70%,kvB<=16k,kp<=4k,0.4253,4
16,n<=8,sr>70%,kvB<=16k,kp<=512,0.9931,4
16,n<=8,sr>70%,kvB<=16k,kp<=8k,0.6774,2
16,n<=8,sr>70%,kvB<=16k,kp=0,1.1091,4
16,n<=8,sr>70%,kvB<=1k,kp<=1k,0.3569,4
16,n<=8,sr>70%,kvB<=1k,kp<=2k,0.1572,4
16,n<=8,sr>70%,kvB<=1k,kp<=4k,0.1969,4
16,n<=8,sr>70%,kvB<=1k,kp<=512,0.3661,4
16,n<=8,sr>70%,kvB<=1k,kp<=8k,0.5281,4
16,n<=8,sr>70%,kvB<=1k,kp=0,0.1478,4
16,n<=8,sr>70%,kvB<=4k,kp<=1k,0.3816,4
16,n<=8,sr>70%,kvB<=4k,kp<=2k,1.0022,4
16,n<=8,sr>70%,kvB<=4k,kp<=4k,1.4265,4
16,n<=8,sr>70%,kvB<=4k,kp<=512,0.7453,4
16,n<=8,sr>70%,kvB<=4k,kp<=8k,1.9179,4
16,n<=8,sr>70%,kvB<=4k,kp=0,0.3636,4
32,n<=128,sr<=15%,kvB<=16k,kp<=1k,0.001,4
32,n<=128,sr<=15%,kvB<=16k,kp<=2k,0.0011,4
32,n<=128,sr<=15%,kvB<=16k,kp<=4k,0.0011,4
32,n<=128,sr<=15%,kvB<=16k,kp<=512,0.0009,4
32,n<=128,sr<=15%,kvB<=16k,kp<=8k,0.001,4
32,n<=128,sr<=15%,kvB<=16k,kp=0,0.0012,4
32,n<=128,sr<=15%,kvB<=1k,kp<=1k,0.0021,4
32,n<=128,sr<=15%,kvB<=1k,kp<=2k,0.002,4
32,n<=128,sr<=15%,kvB<=1k,kp<=4k,0.0027,4
32,n<=128,sr<=15%,kvB<=1k,kp<=512,0.0028,4
32,n<=128,sr<=15%,kvB<=1k,kp<=8k,0.0022,4
32,n<=128,sr<=15%,kvB<=1k,kp=0,0.0025,4
32,n<=128,sr<=15%,kvB<=4k,kp<=1k,0.0014,4
32,n<=128,sr<=15%,kvB<=4k,kp<=2k,0.001,4
32,n<=128,sr<=15%,kvB<=4k,kp<=4k,0.0001,4
32,n<=128,sr<=15%,kvB<=4k,kp<=512,0.0011,4
32,n<=128,sr<=15%,kvB<=4k,kp<=8k,0.0,4
32,n<=128,sr<=15%,kvB<=4k,kp=0,0.0013,4
32,n<=128,sr<=40%,kvB<=16k,kp<=1k,0.0003,2
32,n<=128,sr<=40%,kvB<=16k,kp<=2k,0.0003,2
32,n<=128,sr<=40%,kvB<=16k,kp<=4k,0.0005,2
32,n<=128,sr<=40%,kvB<=16k,kp<=512,0.0002,2
32,n<=128,sr<=40%,kvB<=16k,kp<=8k,0.0004,2
32,n<=128,sr<=40%,kvB<=16k,kp=0,0.0004,2
32,n<=128,sr<=40%,kvB<=1k,kp<=1k,0.0013,2
32,n<=128,sr<=40%,kvB<=1k,kp<=2k,-0.0023,2
32,n<=128,sr<=40%,kvB<=1k,kp<=4k,0.0028,2
32,n<=128,sr<=40%,kvB<=1k,kp<=512,0.0008,2
32,n<=128,sr<=40%,kvB<=1k,kp<=8k,0.0009,2
32,n<=128,sr<=40%,kvB<=1k,kp=0,0.0005,2
32,n<=128,sr<=40%,kvB<=4k,kp<=1k,-0.0003,2
32,n<=128,sr<=40%,kvB<=4k,kp<=2k,-0.0011,2
32,n<=128,sr<=40%,kvB<=4k,kp<=4k,0.0002,2
32,n<=128,sr<=40%,kvB<=4k,kp<=512,-0.0001,2
32,n<=128,sr<=40%,kvB<=4k,kp<=8k,0.0001,2
32,n<=128,sr<=40%,kvB<=4k,kp=0,0.0,2
32,n<=128,sr<=5%,kvB<=16k,kp<=1k,0.0017,8
32,n<=128,sr<=5%,kvB<=16k,kp<=2k,0.0017,8
32,n<=128,sr<=5%,kvB<=16k,kp<=4k,0.0017,8
32,n<=128,sr<=5%,kvB<=16k,kp<=512,0.0016,8
32,n<=128,sr<=5%,kvB<=16k,kp<=8k,0.0014,8
32,n<=128,sr<=5%,kvB<=16k,kp=0,0.0017,8
32,n<=128,sr<=5%,kvB<=1k,kp<=1k,-0.0007,8
32,n<=128,sr<=5%,kvB<=1k,kp<=2k,-0.0006,8
32,n<=128,sr<=5%,kvB<=1k,kp<=4k,0.0016,8
32,n<=128,sr<=5%,kvB<=1k,kp<=512,-0.0004,8
32,n<=128,sr<=5%,kvB<=1k,kp<=8k,0.0007,8
32,n<=128,sr<=5%,kvB<=1k,kp=0,-0.0005,8
32,n<=128,sr<=5%,kvB<=4k,kp<=1k,0.0018,8
32,n<=128,sr<=5%,kvB<=4k,kp<=2k,0.0014,8
32,n<=128,sr<=5%,kvB<=4k,kp<=4k,0.0001,8
32,n<=128,sr<=5%,kvB<=4k,kp<=512,0.0017,8
32,n<=128,sr<=5%,kvB<=4k,kp<=8k,0.0003,8
32,n<=128,sr<=5%,kvB<=4k,kp=0,0.0019,8
32,n<=128,sr<=70%,kvB<=16k,kp<=1k,-0.0004,2
32,n<=128,sr<=70%,kvB<=16k,kp<=2k,-0.0007,2
32,n<=128,sr<=70%,kvB<=16k,kp<=4k,-0.0007,2
32,n<=128,sr<=70%,kvB<=16k,kp<=512,-0.0005,2
32,n<=128,sr<=70%,kvB<=16k,kp<=8k,-0.0004,2
32,n<=128,sr<=70%,kvB<=16k,kp=0,-0.0004,2
32,n<=128,sr<=70%,kvB<=1k,kp<=1k,0.0019,2
32,n<=128,sr<=70%,kvB<=1k,kp<=2k,0.0059,2
32,n<=128,sr<=70%,kvB<=1k,kp<=4k,-0.0008,2
32,n<=128,sr<=70%,kvB<=1k,kp<=512,0.0025,2
32,n<=128,sr<=70%,kvB<=1k,kp<=8k,-0.0021,2
32,n<=128,sr<=70%,kvB<=1k,kp=0,0.0011,2
32,n<=128,sr<=70%,kvB<=4k,kp<=1k,-0.001,2
32,n<=128,sr<=70%,kvB<=4k,kp<=2k,-0.001,2
32,n<=128,sr<=70%,kvB<=4k,kp<=4k,-0.0,2
32,n<=128,sr<=70%,kvB<=4k,kp<=512,-0.0004,2
32,n<=128,sr<=70%,kvB<=4k,kp<=8k,0.0032,2
32,n<=128,sr<=70%,kvB<=4k,kp=0,-0.0013,2
32,n<=128,sr>70%,kvB<=16k,kp<=1k,0.002,4
32,n<=128,sr>70%,kvB<=16k,kp<=2k,0.002,4
32,n<=128,sr>70%,kvB<=16k,kp<=4k,-0.0007,4
32,n<=128,sr>70%,kvB<=16k,kp<=512,0.0022,4
32,n<=128,sr>70%,kvB<=16k,kp<=8k,0.0005,4
32,n<=128,sr>70%,kvB<=16k,kp=0,0.0029,4
32,n<=128,sr>70%,kvB<=1k,kp<=1k,0.0112,4
32,n<=128,sr>70%,kvB<=1k,kp<=2k,0.0073,4
32,n<=128,sr>70%,kvB<=1k,kp<=4k,-0.0,4
32,n<=128,sr>70%,kvB<=1k,kp<=512,0.0055,4
32,n<=128,sr>70%,kvB<=1k,kp<=8k,0.0537,4
32,n<=128,sr>70%,kvB<=1k,kp=0,0.0087,4
32,n<=128,sr>70%,kvB<=4k,kp<=1k,0.0007,4
32,n<=128,sr>70%,kvB<=4k,kp<=2k,-0.0006,4
32,n<=128,sr>70%,kvB<=4k,kp<=4k,0.0041,4
32,n<=128,sr>70%,kvB<=4k,kp<=512,0.0018,4
32,n<=128,sr>70%,kvB<=4k,kp<=8k,0.0013,4
32,n<=128,sr>70%,kvB<=4k,kp=0,0.002,4
32,n<=16,sr<=15%,kvB<=16k,kp<=1k,0.034,4
32,n<=16,sr<=15%,kvB<=16k,kp<=2k,0.0269,4
32,n<=16,sr<=15%,kvB<=16k,kp<=4k,0.0118,4
32,n<=16,sr<=15%,kvB<=16k,kp<=512,0.0499,4
32,n<=16,sr<=15%,kvB<=16k,kp<=8k,-0.0079,4
32,n<=16,sr<=15%,kvB<=16k,kp=0,0.0697,4
32,n<=16,sr<=15%,kvB<=1k,kp<=1k,0.0712,4
32,n<=16,sr<=15%,kvB<=1k,kp<=2k,0.0672,4
32,n<=16,sr<=15%,kvB<=1k,kp<=4k,0.0597,4
32,n<=16,sr<=15%,kvB<=1k,kp<=512,0.1033,4
32,n<=16,sr<=15%,kvB<=1k,kp<=8k,0.0666,4
32,n<=16,sr<=15%,kvB<=1k,kp=0,0.1234,4
32,n<=16,sr<=15%,kvB<=4k,kp<=1k,0.0513,4
32,n<=16,sr<=15%,kvB<=4k,kp<=2k,0.0113,4
32,n<=16,sr<=15%,kvB<=4k,kp<=4k,0.056,4
32,n<=16,sr<=15%,kvB<=4k,kp<=512,0.0589,4
32,n<=16,sr<=15%,kvB<=4k,kp<=8k,0.0827,4
32,n<=16,sr<=15%,kvB<=4k,kp=0,0.0717,4
32,n<=16,sr<=40%,kvB<=16k,kp<=1k,0.0592,4
32,n<=16,sr<=40%,kvB<=16k,kp<=2k,0.0393,4
32,n<=16,sr<=40%,kvB<=16k,kp<=4k,0.0106,4
32,n<=16,sr<=40%,kvB<=16k,kp<=512,0.0841,4
32,n<=16,sr<=40%,kvB<=16k,kp<=8k,-0.0061,4
32,n<=16,sr<=40%,kvB<=16k,kp=0,0.1132,4
32,n<=16,sr<=40%,kvB<=1k,kp<=1k,0.0729,4
32,n<=16,sr<=40%,kvB<=1k,kp<=2k,0.0746,4
32,n<=16,sr<=40%,kvB<=1k,kp<=4k,0.0516,4
32,n<=16,sr<=40%,kvB<=1k,kp<=512,0.1132,4
32,n<=16,sr<=40%,kvB<=1k,kp<=8k,0.0974,4
32,n<=16,sr<=40%,kvB<=1k,kp=0,0.1233,4
32,n<=16,sr<=40%,kvB<=4k,kp<=1k,0.1376,4
32,n<=16,sr<=40%,kvB<=4k,kp<=2k,0.1107,4
32,n<=16,sr<=40%,kvB<=4k,kp<=4k,0.2274,4
32,n<=16,sr<=40%,kvB<=4k,kp<=512,0.1421,4
32,n<=16,sr<=40%,kvB<=4k,kp<=8k,0.1696,4
32,n<=16,sr<=40%,kvB<=4k,kp=0,0.1922,4
32,n<=16,sr<=70%,kvB<=16k,kp<=1k,0.1609,2
32,n<=16,sr<=70%,kvB<=16k,kp<=2k,0.1316,2
32,n<=16,sr<=70%,kvB<=16k,kp<=4k,0.1317,2
32,n<=16,sr<=70%,kvB<=16k,kp<=512,0.2195,2
32,n<=16,sr<=70%,kvB<=16k,kp<=8k,0.1498,2
32,n<=16,sr<=70%,kvB<=16k,kp=0,0.2842,2
32,n<=16,sr<=70%,kvB<=1k,kp<=1k,0.0066,2
32,n<=16,sr<=70%,kvB<=1k,kp<=2k,0.0159,2
32,n<=16,sr<=70%,kvB<=1k,kp<=4k,0.0496,2
32,n<=16,sr<=70%,kvB<=1k,kp<=512,0.0998,2
32,n<=16,sr<=70%,kvB<=1k,kp<=8k,0.1755,2
32,n<=16,sr<=70%,kvB<=1k,kp=0,0.0754,2
32,n<=16,sr<=70%,kvB<=4k,kp<=1k,0.3558,2
32,n<=16,sr<=70%,kvB<=4k,kp<=2k,0.5461,2
32,n<=16,sr<=70%,kvB<=4k,kp<=4k,0.6683,2
32,n<=16,sr<=70%,kvB<=4k,kp<=512,0.3123,2
32,n<=16,sr<=70%,kvB<=4k,kp<=8k,0.7287,2
32,n<=16,sr<=70%,kvB<=4k,kp=0,0.7389,2
32,n<=16,sr>70%,kvB<=16k,kp<=1k,0.5049,4
32,n<=16,sr>70%,kvB<=16k,kp<=2k,0.4526,4
32,n<=16,sr>70%,kvB<=16k,kp<=4k,0.4145,4
32,n<=16,sr>70%,kvB<=16k,kp<=512,0.6997,4
32,n<=16,sr>70%,kvB<=16k,kp<=8k,0.5533,4
32,n<=16,sr>70%,kvB<=16k,kp=0,0.8805,4
32,n<=16,sr>70%,kvB<=1k,kp<=1k,0.6036,4
32,n<=16,sr>70%,kvB<=1k,kp<=2k,0.6352,4
32,n<=16,sr>70%,kvB<=1k,kp<=4k,1.0268,4
32,n<=16,sr>70%,kvB<=1k,kp<=512,0.5312,4
32,n<=16,sr>70%,kvB<=1k,kp<=8k,1.0428,4
32,n<=16,sr>70%,kvB<=1k,kp=0,0.3729,4
32,n<=16,sr>70%,kvB<=4k,kp<=1k,1.095,4
32,n<=16,sr>70%,kvB<=4k,kp<=2k,1.5172,4
32,n<=16,sr>70%,kvB<=4k,kp<=4k,4.8461,2
32,n<=16,sr>70%,kvB<=4k,kp<=512,1.3812,4
32,n<=16,sr>70%,kvB<=4k,kp<=8k,6.3635,2
32,n<=16,sr>70%,kvB<=4k,kp=0,2.4507,4
32,n<=2,sr<=70%,kvB<=16k,kp<=1k,0.222,2
32,n<=2,sr<=70%,kvB<=16k,kp<=2k,0.1497,2
32,n<=2,sr<=70%,kvB<=16k,kp<=4k,0.2688,2
32,n<=2,sr<=70%,kvB<=16k,kp<=512,0.2801,2
32,n<=2,sr<=70%,kvB<=16k,kp<=8k,0.2341,2
32,n<=2,sr<=70%,kvB<=16k,kp=0,0.3052,2
32,n<=2,sr<=70%,kvB<=1k,kp<=1k,-0.0105,2
32,n<=2,sr<=70%,kvB<=1k,kp<=2k,-0.0774,2
32,n<=2,sr<=70%,kvB<=1k,kp<=4k,-0.0558,2
32,n<=2,sr<=70%,kvB<=1k,kp<=512,0.043,2
32,n<=2,sr<=70%,kvB<=1k,kp<=8k,-0.0407,2
32,n<=2,sr<=70%,kvB<=1k,kp=0,0.336,2
32,n<=2,sr<=70%,kvB<=4k,kp<=1k,0.3008,2
32,n<=2,sr<=70%,kvB<=4k,kp<=2k,0.1831,2
32,n<=2,sr<=70%,kvB<=4k,kp<=4k,-0.0258,2
32,n<=2,sr<=70%,kvB<=4k,kp<=512,0.3121,2
32,n<=2,sr<=70%,kvB<=4k,kp<=8k,-0.0356,2
32,n<=2,sr<=70%,kvB<=4k,kp=0,0.282,2
32,n<=32,sr<=15%,kvB<=16k,kp<=1k,0.0243,6
32,n<=32,sr<=15%,kvB<=16k,kp<=2k,0.0221,6
32,n<=32,sr<=15%,kvB<=16k,kp<=4k,0.0127,6
32,n<=32,sr<=15%,kvB<=16k,kp<=512,0.0285,6
32,n<=32,sr<=15%,kvB<=16k,kp<=8k,0.0166,6
32,n<=32,sr<=15%,kvB<=16k,kp=0,0.0307,6
32,n<=32,sr<=15%,kvB<=1k,kp<=1k,0.0327,6
32,n<=32,sr<=15%,kvB<=1k,kp<=2k,0.0332,6
32,n<=32,sr<=15%,kvB<=1k,kp<=4k,0.0531,6
32,n<=32,sr<=15%,kvB<=1k,kp<=512,0.0394,6
32,n<=32,sr<=15%,kvB<=1k,kp<=8k,0.0763,6
32,n<=32,sr<=15%,kvB<=1k,kp=0,0.057,6
32,n<=32,sr<=15%,kvB<=4k,kp<=1k,0.0646,6
32,n<=32,sr<=15%,kvB<=4k,kp<=2k,0.0421,6
32,n<=32,sr<=15%,kvB<=4k,kp<=4k,0.0796,6
32,n<=32,sr<=15%,kvB<=4k,kp<=512,0.0503,6
32,n<=32,sr<=15%,kvB<=4k,kp<=8k,0.0702,6
32,n<=32,sr<=15%,kvB<=4k,kp=0,0.0856,6
32,n<=32,sr<=40%,kvB<=16k,kp<=1k,0.0495,2
32,n<=32,sr<=40%,kvB<=16k,kp<=2k,0.0423,2
32,n<=32,sr<=40%,kvB<=16k,kp<=4k,0.0482,2
32,n<=32,sr<=40%,kvB<=16k,kp<=512,0.0444,2
32,n<=32,sr<=40%,kvB<=16k,kp<=8k,0.0495,2
32,n<=32,sr<=40%,kvB<=16k,kp=0,0.0672,2
32,n<=32,sr<=40%,kvB<=1k,kp<=1k,0.1001,2
32,n<=32,sr<=40%,kvB<=1k,kp<=2k,0.1744,2
32,n<=32,sr<=40%,kvB<=1k,kp<=4k,0.2266,2
32,n<=32,sr<=40%,kvB<=1k,kp<=512,0.0948,2
32,n<=32,sr<=40%,kvB<=1k,kp<=8k,0.2095,2
32,n<=32,sr<=40%,kvB<=1k,kp=0,0.0824,2
32,n<=32,sr<=40%,kvB<=4k,kp<=1k,0.1392,2
32,n<=32,sr<=40%,kvB<=4k,kp<=2k,0.1659,2
32,n<=32,sr<=40%,kvB<=4k,kp<=4k,0.1404,2
32,n<=32,sr<=40%,kvB<=4k,kp<=512,0.1146,2
32,n<=32,sr<=40%,kvB<=4k,kp<=8k,0.1242,2
32,n<=32,sr<=40%,kvB<=4k,kp=0,0.2209,2
32,n<=32,sr<=5%,kvB<=16k,kp<=1k,0.0155,2
32,n<=32,sr<=5%,kvB<=16k,kp<=2k,0.0127,2
32,n<=32,sr<=5%,kvB<=16k,kp<=4k,0.0102,2
32,n<=32,sr<=5%,kvB<=16k,kp<=512,0.0166,2
32,n<=32,sr<=5%,kvB<=16k,kp<=8k,0.009,2
32,n<=32,sr<=5%,kvB<=16k,kp=0,0.0116,2
32,n<=32,sr<=5%,kvB<=1k,kp<=1k,0.0098,2
32,n<=32,sr<=5%,kvB<=1k,kp<=2k,0.0044,2
32,n<=32,sr<=5%,kvB<=1k,kp<=4k,0.0174,2
32,n<=32,sr<=5%,kvB<=1k,kp<=512,0.0182,2
32,n<=32,sr<=5%,kvB<=1k,kp<=8k,0.0208,2
32,n<=32,sr<=5%,kvB<=1k,kp=0,0.0316,2
32,n<=32,sr<=5%,kvB<=4k,kp<=1k,0.024,2
32,n<=32,sr<=5%,kvB<=4k,kp<=2k,0.0141,2
32,n<=32,sr<=5%,kvB<=4k,kp<=4k,0.0003,2
32,n<=32,sr<=5%,kvB<=4k,kp<=512,0.0292,2
32,n<=32,sr<=5%,kvB<=4k,kp<=8k,0.0151,2
32,n<=32,sr<=5%,kvB<=4k,kp=0,0.0439,2
32,n<=32,sr<=70%,kvB<=16k,kp<=1k,0.1094,2
32,n<=32,sr<=70%,kvB<=16k,kp<=2k,0.1045,2
32,n<=32,sr<=70%,kvB<=16k,kp<=4k,0.0978,2
32,n<=32,sr<=70%,kvB<=16k,kp<=512,0.1229,2
32,n<=32,sr<=70%,kvB<=16k,kp<=8k,0.0916,2
32,n<=32,sr<=70%,kvB<=16k,kp=0,0.1456,2
32,n<=32,sr<=70%,kvB<=1k,kp<=1k,0.5531,2
32,n<=32,sr<=70%,kvB<=1k,kp<=2k,0.557,2
32,n<=32,sr<=70%,kvB<=1k,kp<=4k,0.5358,2
32,n<=32,sr<=70%,kvB<=1k,kp<=512,0.472,2
32,n<=32,sr<=70%,kvB<=1k,kp<=8k,0.4262,2
32,n<=32,sr<=70%,kvB<=1k,kp=0,0.6891,2
32,n<=32,sr<=70%,kvB<=4k,kp<=1k,0.1717,2
32,n<=32,sr<=70%,kvB<=4k,kp<=2k,0.1617,2
32,n<=32,sr<=70%,kvB<=4k,kp<=4k,0.1844,2
32,n<=32,sr<=70%,kvB<=4k,kp<=512,0.1657,2
32,n<=32,sr<=70%,kvB<=4k,kp<=8k,0.1789,2
32,n<=32,sr<=70%,kvB<=4k,kp=0,0.3398,2
32,n<=32,sr>70%,kvB<=16k,kp<=1k,0.2389,4
32,n<=32,sr>70%,kvB<=16k,kp<=2k,0.2226,4
32,n<=32,sr>70%,kvB<=16k,kp<=4k,0.2465,4
32,n<=32,sr>70%,kvB<=16k,kp<=512,0.2423,4
32,n<=32,sr>70%,kvB<=16k,kp<=8k,0.2389,4
32,n<=32,sr>70%,kvB<=16k,kp=0,0.354,4
32,n<=32,sr>70%,kvB<=1k,kp<=1k,1.4601,4
32,n<=32,sr>70%,kvB<=1k,kp<=2k,1.5693,4
32,n<=32,sr>70%,kvB<=1k,kp<=4k,1.3831,4
32,n<=32,sr>70%,kvB<=1k,kp<=512,1.1046,4
32,n<=32,sr>70%,kvB<=1k,kp<=8k,1.0471,4
32,n<=32,sr>70%,kvB<=1k,kp=0,1.8569,4
32,n<=32,sr>70%,kvB<=4k,kp<=1k,0.3671,4
32,n<=32,sr>70%,kvB<=4k,kp<=2k,0.3817,4
32,n<=32,sr>70%,kvB<=4k,kp<=4k,0.4684,4
32,n<=32,sr>70%,kvB<=4k,kp<=512,0.3657,4
32,n<=32,sr>70%,kvB<=4k,kp<=8k,0.3945,4
32,n<=32,sr>70%,kvB<=4k,kp=0,0.6997,4
32,n<=4,sr<=40%,kvB<=16k,kp<=1k,0.1285,2
32,n<=4,sr<=40%,kvB<=16k,kp<=2k,0.1613,2
32,n<=4,sr<=40%,kvB<=16k,kp<=4k,0.2018,2
32,n<=4,sr<=40%,kvB<=16k,kp<=512,0.1062,2
32,n<=4,sr<=40%,kvB<=16k,kp<=8k,0.2392,2
32,n<=4,sr<=40%,kvB<=16k,kp=0,0.1205,2
32,n<=4,sr<=40%,kvB<=1k,kp<=1k,0.0862,2
32,n<=4,sr<=40%,kvB<=1k,kp<=2k,0.057,2
32,n<=4,sr<=40%,kvB<=1k,kp<=4k,0.1315,2
32,n<=4,sr<=40%,kvB<=1k,kp<=512,0.2779,2
32,n<=4,sr<=40%,kvB<=1k,kp<=8k,0.0883,2
32,n<=4,sr<=40%,kvB<=1k,kp=0,0.2531,2
32,n<=4,sr<=40%,kvB<=4k,kp<=1k,0.201,2
32,n<=4,sr<=40%,kvB<=4k,kp<=2k,0.2217,2
32,n<=4,sr<=40%,kvB<=4k,kp<=4k,-0.0388,2
32,n<=4,sr<=40%,kvB<=4k,kp<=512,0.1802,2
32,n<=4,sr<=40%,kvB<=4k,kp<=8k,-0.0224,2
32,n<=4,sr<=40%,kvB<=4k,kp=0,0.125,2
32,n<=4,sr<=70%,kvB<=16k,kp<=1k,0.0912,2
32,n<=4,sr<=70%,kvB<=16k,kp<=2k,0.0642,2
32,n<=4,sr<=70%,kvB<=16k,kp<=4k,0.141,2
32,n<=4,sr<=70%,kvB<=16k,kp<=512,0.0549,2
32,n<=4,sr<=70%,kvB<=16k,kp<=8k,0.252,2
32,n<=4,sr<=70%,kvB<=16k,kp=0,0.0356,2
32,n<=4,sr<=70%,kvB<=1k,kp<=1k,0.0742,2
32,n<=4,sr<=70%,kvB<=1k,kp<=2k,0.0571,2
32,n<=4,sr<=70%,kvB<=1k,kp<=4k,0.1078,2
32,n<=4,sr<=70%,kvB<=1k,kp<=512,0.2833,2
32,n<=4,sr<=70%,kvB<=1k,kp<=8k,-0.0228,2
32,n<=4,sr<=70%,kvB<=1k,kp=0,0.1075,2
32,n<=4,sr<=70%,kvB<=4k,kp<=1k,0.2195,2
32,n<=4,sr<=70%,kvB<=4k,kp<=2k,0.2381,2
32,n<=4,sr<=70%,kvB<=4k,kp<=4k,0.0417,2
32,n<=4,sr<=70%,kvB<=4k,kp<=512,0.0674,2
32,n<=4,sr<=70%,kvB<=4k,kp<=8k,0.1367,2
32,n<=4,sr<=70%,kvB<=4k,kp=0,-0.0016,2
32,n<=4,sr>70%,kvB<=16k,kp<=1k,0.1615,2
32,n<=4,sr>70%,kvB<=16k,kp<=2k,0.116,2
32,n<=4,sr>70%,kvB<=16k,kp<=4k,0.0961,2
32,n<=4,sr>70%,kvB<=16k,kp<=512,0.0614,2
32,n<=4,sr>70%,kvB<=16k,kp<=8k,0.5498,2
32,n<=4,sr>70%,kvB<=16k,kp=0,-0.1059,2
32,n<=4,sr>70%,kvB<=1k,kp<=1k,0.5556,2
32,n<=4,sr>70%,kvB<=1k,kp<=2k,-0.0088,2
32,n<=4,sr>70%,kvB<=1k,kp<=4k,-0.0286,2
32,n<=4,sr>70%,kvB<=1k,kp<=512,0.4846,2
32,n<=4,sr>70%,kvB<=1k,kp<=8k,0.0863,2
32,n<=4,sr>70%,kvB<=1k,kp=0,0.0821,2
32,n<=4,sr>70%,kvB<=4k,kp<=1k,0.0764,2
32,n<=4,sr>70%,kvB<=4k,kp<=2k,0.3178,2
32,n<=4,sr>70%,kvB<=4k,kp<=4k,0.4207,2
32,n<=4,sr>70%,kvB<=4k,kp<=512,-0.065,2
32,n<=4,sr>70%,kvB<=4k,kp<=8k,0.0153,2
32,n<=4,sr>70%,kvB<=4k,kp=0,-0.2952,2
32,n<=64,sr<=15%,kvB<=16k,kp<=1k,0.0041,4
32,n<=64,sr<=15%,kvB<=16k,kp<=2k,0.0046,4
32,n<=64,sr<=15%,kvB<=16k,kp<=4k,0.0048,4
32,n<=64,sr<=15%,kvB<=16k,kp<=512,0.0042,4
32,n<=64,sr<=15%,kvB<=16k,kp<=8k,0.0038,4
32,n<=64,sr<=15%,kvB<=16k,kp=0,0.0048,4
32,n<=64,sr<=15%,kvB<=1k,kp<=1k,0.0078,4
32,n<=64,sr<=15%,kvB<=1k,kp<=2k,0.0061,4
32,n<=64,sr<=15%,kvB<=1k,kp<=4k,0.0062,4
32,n<=64,sr<=15%,kvB<=1k,kp<=512,0.0118,4
32,n<=64,sr<=15%,kvB<=1k,kp<=8k,0.0036,4
32,n<=64,sr<=15%,kvB<=1k,kp=0,0.0113,4
32,n<=64,sr<=15%,kvB<=4k,kp<=1k,0.0091,4
32,n<=64,sr<=15%,kvB<=4k,kp<=2k,0.0071,4
32,n<=64,sr<=15%,kvB<=4k,kp<=4k,0.0039,4
32,n<=64,sr<=15%,kvB<=4k,kp<=512,0.0071,4
32,n<=64,sr<=15%,kvB<=4k,kp<=8k,0.0039,4
32,n<=64,sr<=15%,kvB<=4k,kp=0,0.0104,4
32,n<=64,sr<=40%,kvB<=16k,kp<=1k,0.0015,2
32,n<=64,sr<=40%,kvB<=16k,kp<=2k,0.0018,2
32,n<=64,sr<=40%,kvB<=16k,kp<=4k,0.002,2
32,n<=64,sr<=40%,kvB<=16k,kp<=512,0.0022,2
32,n<=64,sr<=40%,kvB<=16k,kp<=8k,0.0026,2
32,n<=64,sr<=40%,kvB<=16k,kp=0,0.0039,2
32,n<=64,sr<=40%,kvB<=1k,kp<=1k,0.002,2
32,n<=64,sr<=40%,kvB<=1k,kp<=2k,-0.0022,2
32,n<=64,sr<=40%,kvB<=1k,kp<=4k,-0.0015,2
32,n<=64,sr<=40%,kvB<=1k,kp<=512,0.0023,2
32,n<=64,sr<=40%,kvB<=1k,kp<=8k,0.008,2
32,n<=64,sr<=40%,kvB<=1k,kp=0,0.0052,2
32,n<=64,sr<=40%,kvB<=4k,kp<=1k,0.007,2
32,n<=64,sr<=40%,kvB<=4k,kp<=2k,0.0053,2
32,n<=64,sr<=40%,kvB<=4k,kp<=4k,0.0034,2
32,n<=64,sr<=40%,kvB<=4k,kp<=512,0.0037,2
32,n<=64,sr<=40%,kvB<=4k,kp<=8k,0.0036,2
32,n<=64,sr<=40%,kvB<=4k,kp=0,0.0103,2
32,n<=64,sr<=5%,kvB<=16k,kp<=1k,0.0056,6
32,n<=64,sr<=5%,kvB<=16k,kp<=2k,0.0057,6
32,n<=64,sr<=5%,kvB<=16k,kp<=4k,0.0044,6
32,n<=64,sr<=5%,kvB<=16k,kp<=512,0.0051,6
32,n<=64,sr<=5%,kvB<=16k,kp<=8k,0.0041,6
32,n<=64,sr<=5%,kvB<=16k,kp=0,0.0049,6
32,n<=64,sr<=5%,kvB<=1k,kp<=1k,0.0036,6
32,n<=64,sr<=5%,kvB<=1k,kp<=2k,0.0006,6
32,n<=64,sr<=5%,kvB<=1k,kp<=4k,-0.0014,6
32,n<=64,sr<=5%,kvB<=1k,kp<=512,0.0074,6
32,n<=64,sr<=5%,kvB<=1k,kp<=8k,-0.0007,6
32,n<=64,sr<=5%,kvB<=1k,kp=0,0.0036,6
32,n<=64,sr<=5%,kvB<=4k,kp<=1k,0.0078,6
32,n<=64,sr<=5%,kvB<=4k,kp<=2k,0.0054,6
32,n<=64,sr<=5%,kvB<=4k,kp<=4k,0.0024,6
32,n<=64,sr<=5%,kvB<=4k,kp<=512,0.0062,6
32,n<=64,sr<=5%,kvB<=4k,kp<=8k,0.0048,6
32,n<=64,sr<=5%,kvB<=4k,kp=0,0.008,6
32,n<=64,sr<=70%,kvB<=16k,kp<=1k,0.0046,2
32,n<=64,sr<=70%,kvB<=16k,kp<=2k,0.0079,2
32,n<=64,sr<=70%,kvB<=16k,kp<=4k,0.0048,2
32,n<=64,sr<=70%,kvB<=16k,kp<=512,0.0024,2
32,n<=64,sr<=70%,kvB<=16k,kp<=8k,0.0064,2
32,n<=64,sr<=70%,kvB<=16k,kp=0,0.0023,2
32,n<=64,sr<=70%,kvB<=1k,kp<=1k,0.0172,2
32,n<=64,sr<=70%,kvB<=1k,kp<=2k,0.0098,2
32,n<=64,sr<=70%,kvB<=1k,kp<=4k,0.0166,2
32,n<=64,sr<=70%,kvB<=1k,kp<=512,0.021,2
32,n<=64,sr<=70%,kvB<=1k,kp<=8k,0.0113,2
32,n<=64,sr<=70%,kvB<=1k,kp=0,0.0278,2
32,n<=64,sr<=70%,kvB<=4k,kp<=1k,0.0064,2
32,n<=64,sr<=70%,kvB<=4k,kp<=2k,0.012,2
32,n<=64,sr<=70%,kvB<=4k,kp<=4k,0.0107,2
32,n<=64,sr<=70%,kvB<=4k,kp<=512,0.0121,2
32,n<=64,sr<=70%,kvB<=4k,kp<=8k,0.0209,2
32,n<=64,sr<=70%,kvB<=4k,kp=0,0.0198,2
32,n<=64,sr>70%,kvB<=16k,kp<=1k,0.0132,4
32,n<=64,sr>70%,kvB<=16k,kp<=2k,0.0172,4
32,n<=64,sr>70%,kvB<=16k,kp<=4k,0.0113,4
32,n<=64,sr>70%,kvB<=16k,kp<=512,0.0157,4
32,n<=64,sr>70%,kvB<=16k,kp<=8k,0.0154,4
32,n<=64,sr>70%,kvB<=16k,kp=0,0.0271,4
32,n<=64,sr>70%,kvB<=1k,kp<=1k,0.1114,4
32,n<=64,sr>70%,kvB<=1k,kp<=2k,0.0913,4
32,n<=64,sr>70%,kvB<=1k,kp<=4k,0.0787,4
32,n<=64,sr>70%,kvB<=1k,kp<=512,0.1085,4
32,n<=64,sr>70%,kvB<=1k,kp<=8k,0.098,4
32,n<=64,sr>70%,kvB<=1k,kp=0,0.1273,4
32,n<=64,sr>70%,kvB<=4k,kp<=1k,0.0231,4
32,n<=64,sr>70%,kvB<=4k,kp<=2k,0.0306,4
32,n<=64,sr>70%,kvB<=4k,kp<=4k,0.0374,4
32,n<=64,sr>70%,kvB<=4k,kp<=512,0.0332,4
32,n<=64,sr>70%,kvB<=4k,kp<=8k,0.0421,4
32,n<=64,sr>70%,kvB<=4k,kp=0,0.0469,4
32,n<=8,sr<=15%,kvB<=16k,kp<=1k,0.101,2
32,n<=8,sr<=15%,kvB<=16k,kp<=2k,0.0812,2
32,n<=8,sr<=15%,kvB<=16k,kp<=4k,0.0423,2
32,n<=8,sr<=15%,kvB<=16k,kp<=512,0.0975,2
32,n<=8,sr<=15%,kvB<=16k,kp<=8k,-0.0306,2
32,n<=8,sr<=15%,kvB<=16k,kp=0,0.0679,2
32,n<=8,sr<=15%,kvB<=1k,kp<=1k,0.1077,2
32,n<=8,sr<=15%,kvB<=1k,kp<=2k,0.0776,2
32,n<=8,sr<=15%,kvB<=1k,kp<=4k,0.1273,2
32,n<=8,sr<=15%,kvB<=1k,kp<=512,0.1674,2
32,n<=8,sr<=15%,kvB<=1k,kp<=8k,0.1434,2
32,n<=8,sr<=15%,kvB<=1k,kp=0,0.1944,2
32,n<=8,sr<=15%,kvB<=4k,kp<=1k,0.1142,2
32,n<=8,sr<=15%,kvB<=4k,kp<=2k,0.0971,2
32,n<=8,sr<=15%,kvB<=4k,kp<=4k,-0.0025,2
32,n<=8,sr<=15%,kvB<=4k,kp<=512,0.1202,2
32,n<=8,sr<=15%,kvB<=4k,kp<=8k,-0.0259,2
32,n<=8,sr<=15%,kvB<=4k,kp=0,0.0971,2
32,n<=8,sr<=40%,kvB<=16k,kp<=1k,0.1357,4
32,n<=8,sr<=40%,kvB<=16k,kp<=2k,0.0778,4
32,n<=8,sr<=40%,kvB<=16k,kp<=4k,-0.0086,4
32,n<=8,sr<=40%,kvB<=16k,kp<=512,0.1677,4
32,n<=8,sr<=40%,kvB<=16k,kp<=8k,0.1809,4
32,n<=8,sr<=40%,kvB<=16k,kp=0,0.1163,4
32,n<=8,sr<=40%,kvB<=1k,kp<=1k,0.0686,4
32,n<=8,sr<=40%,kvB<=1k,kp<=2k,0.0925,4
32,n<=8,sr<=40%,kvB<=1k,kp<=4k,0.1056,4
32,n<=8,sr<=40%,kvB<=1k,kp<=512,0.1841,4
32,n<=8,sr<=40%,kvB<=1k,kp<=8k,0.1779,4
32,n<=8,sr<=40%,kvB<=1k,kp=0,0.1628,4
32,n<=8,sr<=40%,kvB<=4k,kp<=1k,0.1134,4
32,n<=8,sr<=40%,kvB<=4k,kp<=2k,0.1476,4
32,n<=8,sr<=40%,kvB<=4k,kp<=4k,0.0983,4
32,n<=8,sr<=40%,kvB<=4k,kp<=512,0.1198,4
32,n<=8,sr<=40%,kvB<=4k,kp<=8k,0.1956,4
32,n<=8,sr<=40%,kvB<=4k,kp=0,0.0732,4
32,n<=8,sr<=70%,kvB<=16k,kp<=1k,0.323,2
32,n<=8,sr<=70%,kvB<=16k,kp<=2k,0.1532,2
32,n<=8,sr<=70%,kvB<=16k,kp<=4k,0.0965,2
32,n<=8,sr<=70%,kvB<=16k,kp<=512,0.428,2
32,n<=8,sr<=70%,kvB<=16k,kp<=8k,0.2264,2
32,n<=8,sr<=70%,kvB<=16k,kp=0,0.3913,2
32,n<=8,sr<=70%,kvB<=1k,kp<=1k,0.0818,2
32,n<=8,sr<=70%,kvB<=1k,kp<=2k,0.0434,2
32,n<=8,sr<=70%,kvB<=1k,kp<=4k,0.0263,2
32,n<=8,sr<=70%,kvB<=1k,kp<=512,0.1737,2
32,n<=8,sr<=70%,kvB<=1k,kp<=8k,0.1265,2
32,n<=8,sr<=70%,kvB<=1k,kp=0,0.113,2
32,n<=8,sr<=70%,kvB<=4k,kp<=1k,0.2271,2
32,n<=8,sr<=70%,kvB<=4k,kp<=2k,0.3711,2
32,n<=8,sr<=70%,kvB<=4k,kp<=4k,0.334,2
32,n<=8,sr<=70%,kvB<=4k,kp<=512,0.1919,2
32,n<=8,sr<=70%,kvB<=4k,kp<=8k,0.5222,2
32,n<=8,sr<=70%,kvB<=4k,kp=0,0.0628,2
32,n<=8,sr>70%,kvB<=16k,kp<=1k,0.8441,4
32,n<=8,sr>70%,kvB<=16k,kp<=2k,0.7713,4
32,n<=8,sr>70%,kvB<=16k,kp<=4k,0.4375,4
32,n<=8,sr>70%,kvB<=16k,kp<=512,1.3471,4
32,n<=8,sr>70%,kvB<=16k,kp<=8k,0.8665,2
32,n<=8,sr>70%,kvB<=16k,kp=0,0.957,4
32,n<=8,sr>70%,kvB<=1k,kp<=1k,0.3558,4
32,n<=8,sr>70%,kvB<=1k,kp<=2k,0.1537,4
32,n<=8,sr>70%,kvB<=1k,kp<=4k,0.2093,4
32,n<=8,sr>70%,kvB<=1k,kp<=512,0.3835,4
32,n<=8,sr>70%,kvB<=1k,kp<=8k,0.5507,4
32,n<=8,sr>70%,kvB<=1k,kp=0,0.1715,4
32,n<=8,sr>70%,kvB<=4k,kp<=1k,0.3617,4
32,n<=8,sr>70%,kvB<=4k,kp<=2k,1.1411,4
32,n<=8,sr>70%,kvB<=4k,kp<=4k,1.5111,4
32,n<=8,sr>70%,kvB<=4k,kp<=512,0.6538,4
32,n<=8,sr>70%,kvB<=4k,kp<=8k,2.0152,4
32,n<=8,sr>70%,kvB<=4k,kp=0,0.4251,4
64,n<=128,sr<=15%,kvB<=16k,kp<=1k,0.0005,4
64,n<=128,sr<=15%,kvB<=16k,kp<=2k,0.0009,4
64,n<=128,sr<=15%,kvB<=16k,kp<=4k,0.001,4
64,n<=128,sr<=15%,kvB<=16k,kp<=512,0.001,4
64,n<=128,sr<=15%,kvB<=16k,kp<=8k,0.0007,4
64,n<=128,sr<=15%,kvB<=16k,kp=0,0.0009,4
64,n<=128,sr<=15%,kvB<=1k,kp<=1k,0.0024,4
64,n<=128,sr<=15%,kvB<=1k,kp<=2k,0.0015,4
64,n<=128,sr<=15%,kvB<=1k,kp<=4k,0.0016,4
64,n<=128,sr<=15%,kvB<=1k,kp<=512,0.0029,4
64,n<=128,sr<=15%,kvB<=1k,kp<=8k,0.0018,4
64,n<=128,sr<=15%,kvB<=1k,kp=0,0.0031,4
64,n<=128,sr<=15%,kvB<=4k,kp<=1k,0.0011,4
64,n<=128,sr<=15%,kvB<=4k,kp<=2k,0.0007,4
64,n<=128,sr<=15%,kvB<=4k,kp<=4k,0.0003,4
64,n<=128,sr<=15%,kvB<=4k,kp<=512,0.0006,4
64,n<=128,sr<=15%,kvB<=4k,kp<=8k,0.0003,4
64,n<=128,sr<=15%,kvB<=4k,kp=0,0.0011,4
64,n<=128,sr<=40%,kvB<=16k,kp<=1k,0.0,2
64,n<=128,sr<=40%,kvB<=16k,kp<=2k,0.0002,2
64,n<=128,sr<=40%,kvB<=16k,kp<=4k,0.0002,2
64,n<=128,sr<=40%,kvB<=16k,kp<=512,0.0004,2
64,n<=128,sr<=40%,kvB<=16k,kp<=8k,-0.0001,2
64,n<=128,sr<=40%,kvB<=16k,kp=0,0.0002,2
64,n<=128,sr<=40%,kvB<=1k,kp<=1k,-0.0011,2
64,n<=128,sr<=40%,kvB<=1k,kp<=2k,-0.002,2
64,n<=128,sr<=40%,kvB<=1k,kp<=4k,-0.0034,2
64,n<=128,sr<=40%,kvB<=1k,kp<=512,0.0011,2
64,n<=128,sr<=40%,kvB<=1k,kp<=8k,-0.0001,2
64,n<=128,sr<=40%,kvB<=1k,kp=0,0.0013,2
64,n<=128,sr<=40%,kvB<=4k,kp<=1k,-0.0002,2
64,n<=128,sr<=40%,kvB<=4k,kp<=2k,-0.0003,2
64,n<=128,sr<=40%,kvB<=4k,kp<=4k,-0.0,2
64,n<=128,sr<=40%,kvB<=4k,kp<=512,-0.0002,2
64,n<=128,sr<=40%,kvB<=4k,kp<=8k,0.0002,2
64,n<=128,sr<=40%,kvB<=4k,kp=0,-0.0004,2
64,n<=128,sr<=5%,kvB<=16k,kp<=1k,0.0017,8
64,n<=128,sr<=5%,kvB<=16k,kp<=2k,0.0018,8
64,n<=128,sr<=5%,kvB<=16k,kp<=4k,0.0017,8
64,n<=128,sr<=5%,kvB<=16k,kp<=512,0.0017,8
64,n<=128,sr<=5%,kvB<=16k,kp<=8k,0.0013,8
64,n<=128,sr<=5%,kvB<=16k,kp=0,0.0018,8
64,n<=128,sr<=5%,kvB<=1k,kp<=1k,-0.0008,8
64,n<=128,sr<=5%,kvB<=1k,kp<=2k,-0.001,8
64,n<=128,sr<=5%,kvB<=1k,kp<=4k,0.0004,8
64,n<=128,sr<=5%,kvB<=1k,kp<=512,-0.0002,8
64,n<=128,sr<=5%,kvB<=1k,kp<=8k,0.0033,8
64,n<=128,sr<=5%,kvB<=1k,kp=0,-0.0005,8
64,n<=128,sr<=5%,kvB<=4k,kp<=1k,0.002,8
64,n<=128,sr<=5%,kvB<=4k,kp<=2k,0.0016,8
64,n<=128,sr<=5%,kvB<=4k,kp<=4k,0.0006,8
64,n<=128,sr<=5%,kvB<=4k,kp<=512,0.0018,8
64,n<=128,sr<=5%,kvB<=4k,kp<=8k,0.0004,8
64,n<=128,sr<=5%,kvB<=4k,kp=0,0.0018,8
64,n<=128,sr<=70%,kvB<=16k,kp<=1k,-0.0007,2
64,n<=128,sr<=70%,kvB<=16k,kp<=2k,-0.0005,2
64,n<=128,sr<=70%,kvB<=16k,kp<=4k,-0.0007,2
64,n<=128,sr<=70%,kvB<=16k,kp<=512,-0.0005,2
64,n<=128,sr<=70%,kvB<=16k,kp<=8k,-0.0008,2
64,n<=128,sr<=70%,kvB<=16k,kp=0,-0.0009,2
64,n<=128,sr<=70%,kvB<=1k,kp<=1k,-0.0006,2
64,n<=128,sr<=70%,kvB<=1k,kp<=2k,0.0032,2
64,n<=128,sr<=70%,kvB<=1k,kp<=4k,-0.0026,2
64,n<=128,sr<=70%,kvB<=1k,kp<=512,-0.0007,2
64,n<=128,sr<=70%,kvB<=1k,kp<=8k,0.0006,2
64,n<=128,sr<=70%,kvB<=1k,kp=0,0.0017,2
64,n<=128,sr<=70%,kvB<=4k,kp<=1k,-0.0013,2
64,n<=128,sr<=70%,kvB<=4k,kp<=2k,-0.0009,2
64,n<=128,sr<=70%,kvB<=4k,kp<=4k,-0.0012,2
64,n<=128,sr<=70%,kvB<=4k,kp<=512,-0.0015,2
64,n<=128,sr<=70%,kvB<=4k,kp<=8k,0.0019,2
64,n<=128,sr<=70%,kvB<=4k,kp=0,-0.0017,2
64,n<=128,sr>70%,kvB<=16k,kp<=1k,-0.0005,4
64,n<=128,sr>70%,kvB<=16k,kp<=2k,0.0025,4
64,n<=128,sr>70%,kvB<=16k,kp<=4k,0.0008,4
64,n<=128,sr>70%,kvB<=16k,kp<=512,0.0017,4
64,n<=128,sr>70%,kvB<=16k,kp<=8k,0.0008,4
64,n<=128,sr>70%,kvB<=16k,kp=0,0.0026,4
64,n<=128,sr>70%,kvB<=1k,kp<=1k,-0.0013,4
64,n<=128,sr>70%,kvB<=1k,kp<=2k,0.0025,4
64,n<=128,sr>70%,kvB<=1k,kp<=4k,0.0082,4
64,n<=128,sr>70%,kvB<=1k,kp<=512,0.006,4
64,n<=128,sr>70%,kvB<=1k,kp<=8k,0.0097,4
64,n<=128,sr>70%,kvB<=1k,kp=0,0.0044,4
64,n<=128,sr>70%,kvB<=4k,kp<=1k,0.0014,4
64,n<=128,sr>70%,kvB<=4k,kp<=2k,0.0024,4
64,n<=128,sr>70%,kvB<=4k,kp<=4k,0.0016,4
64,n<=128,sr>70%,kvB<=4k,kp<=512,0.0015,4
64,n<=128,sr>70%,kvB<=4k,kp<=8k,0.0027,4
64,n<=128,sr>70%,kvB<=4k,kp=0,-0.0003,4
64,n<=16,sr<=15%,kvB<=16k,kp<=1k,0.0496,4
64,n<=16,sr<=15%,kvB<=16k,kp<=2k,0.0363,4
64,n<=16,sr<=15%,kvB<=16k,kp<=4k,-0.0085,4
64,n<=16,sr<=15%,kvB<=16k,kp<=512,0.0438,4
64,n<=16,sr<=15%,kvB<=16k,kp<=8k,-0.0107,4
64,n<=16,sr<=15%,kvB<=16k,kp=0,0.0702,4
64,n<=16,sr<=15%,kvB<=1k,kp<=1k,0.0662,4
64,n<=16,sr<=15%,kvB<=1k,kp<=2k,0.0663,4
64,n<=16,sr<=15%,kvB<=1k,kp<=4k,0.0593,4
64,n<=16,sr<=15%,kvB<=1k,kp<=512,0.1036,4
64,n<=16,sr<=15%,kvB<=1k,kp<=8k,0.0755,4
64,n<=16,sr<=15%,kvB<=1k,kp=0,0.1243,4
64,n<=16,sr<=15%,kvB<=4k,kp<=1k,0.0536,4
64,n<=16,sr<=15%,kvB<=4k,kp<=2k,0.0183,4
64,n<=16,sr<=15%,kvB<=4k,kp<=4k,0.0527,4
64,n<=16,sr<=15%,kvB<=4k,kp<=512,0.0581,4
64,n<=16,sr<=15%,kvB<=4k,kp<=8k,0.083,4
64,n<=16,sr<=15%,kvB<=4k,kp=0,0.0635,4
64,n<=16,sr<=40%,kvB<=16k,kp<=1k,0.0578,4
64,n<=16,sr<=40%,kvB<=16k,kp<=2k,0.0402,4
64,n<=16,sr<=40%,kvB<=16k,kp<=4k,0.0185,4
64,n<=16,sr<=40%,kvB<=16k,kp<=512,0.0702,4
64,n<=16,sr<=40%,kvB<=16k,kp<=8k,-0.0025,4
64,n<=16,sr<=40%,kvB<=16k,kp=0,0.1339,4
64,n<=16,sr<=40%,kvB<=1k,kp<=1k,0.0703,4
64,n<=16,sr<=40%,kvB<=1k,kp<=2k,0.0702,4
64,n<=16,sr<=40%,kvB<=1k,kp<=4k,0.058,4
64,n<=16,sr<=40%,kvB<=1k,kp<=512,0.1094,4
64,n<=16,sr<=40%,kvB<=1k,kp<=8k,0.1054,4
64,n<=16,sr<=40%,kvB<=1k,kp=0,0.124,4
64,n<=16,sr<=40%,kvB<=4k,kp<=1k,0.1113,4
64,n<=16,sr<=40%,kvB<=4k,kp<=2k,0.1069,4
64,n<=16,sr<=40%,kvB<=4k,kp<=4k,0.2208,4
64,n<=16,sr<=40%,kvB<=4k,kp<=512,0.1221,4
64,n<=16,sr<=40%,kvB<=4k,kp<=8k,0.1601,4
64,n<=16,sr<=40%,kvB<=4k,kp=0,0.2215,4
64,n<=16,sr<=70%,kvB<=16k,kp<=1k,0.1649,2
64,n<=16,sr<=70%,kvB<=16k,kp<=2k,0.1469,2
64,n<=16,sr<=70%,kvB<=16k,kp<=4k,0.1328,2
64,n<=16,sr<=70%,kvB<=16k,kp<=512,0.2069,2
64,n<=16,sr<=70%,kvB<=16k,kp<=8k,0.1723,2
64,n<=16,sr<=70%,kvB<=16k,kp=0,0.2852,2
64,n<=16,sr<=70%,kvB<=1k,kp<=1k,0.0047,2
64,n<=16,sr<=70%,kvB<=1k,kp<=2k,0.0253,2
64,n<=16,sr<=70%,kvB<=1k,kp<=4k,0.0636,2
64,n<=16,sr<=70%,kvB<=1k,kp<=512,0.1009,2
64,n<=16,sr<=70%,kvB<=1k,kp<=8k,0.2256,2
64,n<=16,sr<=70%,kvB<=1k,kp=0,0.0739,2
64,n<=16,sr<=70%,kvB<=4k,kp<=1k,0.3783,2
64,n<=16,sr<=70%,kvB<=4k,kp<=2k,0.5388,2
64,n<=16,sr<=70%,kvB<=4k,kp<=4k,0.708,2
64,n<=16,sr<=70%,kvB<=4k,kp<=512,0.3432,2
64,n<=16,sr<=70%,kvB<=4k,kp<=8k,0.7044,2
64,n<=16,sr<=70%,kvB<=4k,kp=0,0.8073,2
64,n<=16,sr>70%,kvB<=16k,kp<=1k,0.4928,4
64,n<=16,sr>70%,kvB<=16k,kp<=2k,0.4585,4
64,n<=16,sr>70%,kvB<=16k,kp<=4k,0.3978,4
64,n<=16,sr>70%,kvB<=16k,kp<=512,0.6379,4
64,n<=16,sr>70%,kvB<=16k,kp<=8k,0.5507,4
64,n<=16,sr>70%,kvB<=16k,kp=0,0.8813,4
64,n<=16,sr>70%,kvB<=1k,kp<=1k,0.5219,4
64,n<=16,sr>70%,kvB<=1k,kp<=2k,0.6631,4
64,n<=16,sr>70%,kvB<=1k,kp<=4k,1.1398,4
64,n<=16,sr>70%,kvB<=1k,kp<=512,0.6103,4
64,n<=16,sr>70%,kvB<=1k,kp<=8k,1.0097,4
64,n<=16,sr>70%,kvB<=1k,kp=0,0.3425,4
64,n<=16,sr>70%,kvB<=4k,kp<=1k,1.0682,4
64,n<=16,sr>70%,kvB<=4k,kp<=2k,1.4063,4
64,n<=16,sr>70%,kvB<=4k,kp<=4k,7.9807,2
64,n<=16,sr>70%,kvB<=4k,kp<=512,1.0524,4
64,n<=16,sr>70%,kvB<=4k,kp<=8k,4.3898,2
64,n<=16,sr>70%,kvB<=4k,kp=0,2.3184,4
64,n<=2,sr<=70%,kvB<=16k,kp<=1k,0.2096,2
64,n<=2,sr<=70%,kvB<=16k,kp<=2k,0.1487,2
64,n<=2,sr<=70%,kvB<=16k,kp<=4k,0.2729,2
64,n<=2,sr<=70%,kvB<=16k,kp<=512,0.2778,2
64,n<=2,sr<=70%,kvB<=16k,kp<=8k,0.2347,2
64,n<=2,sr<=70%,kvB<=16k,kp=0,0.3099,2
64,n<=2,sr<=70%,kvB<=1k,kp<=1k,-0.0149,2
64,n<=2,sr<=70%,kvB<=1k,kp<=2k,-0.0215,2
64,n<=2,sr<=70%,kvB<=1k,kp<=4k,-0.0899,2
64,n<=2,sr<=70%,kvB<=1k,kp<=512,0.0502,2
64,n<=2,sr<=70%,kvB<=1k,kp<=8k,-0.05,2
64,n<=2,sr<=70%,kvB<=1k,kp=0,0.3404,2
64,n<=2,sr<=70%,kvB<=4k,kp<=1k,0.2886,2
64,n<=2,sr<=70%,kvB<=4k,kp<=2k,0.1943,2
64,n<=2,sr<=70%,kvB<=4k,kp<=4k,-0.0385,2
64,n<=2,sr<=70%,kvB<=4k,kp<=512,0.3118,2
64,n<=2,sr<=70%,kvB<=4k,kp<=8k,-0.0242,2
64,n<=2,sr<=70%,kvB<=4k,kp=0,0.277,2
64,n<=32,sr<=15%,kvB<=16k,kp<=1k,0.0226,6
64,n<=32,sr<=15%,kvB<=16k,kp<=2k,0.0221,6
64,n<=32,sr<=15%,kvB<=16k,kp<=4k,0.0142,6
64,n<=32,sr<=15%,kvB<=16k,kp<=512,0.0271,6
64,n<=32,sr<=15%,kvB<=16k,kp<=8k,0.0173,6
64,n<=32,sr<=15%,kvB<=16k,kp=0,0.0364,6
64,n<=32,sr<=15%,kvB<=1k,kp<=1k,0.0318,6
64,n<=32,sr<=15%,kvB<=1k,kp<=2k,0.0333,6
64,n<=32,sr<=15%,kvB<=1k,kp<=4k,0.0509,6
64,n<=32,sr<=15%,kvB<=1k,kp<=512,0.0397,6
64,n<=32,sr<=15%,kvB<=1k,kp<=8k,0.0826,6
64,n<=32,sr<=15%,kvB<=1k,kp=0,0.0576,6
64,n<=32,sr<=15%,kvB<=4k,kp<=1k,0.0633,6
64,n<=32,sr<=15%,kvB<=4k,kp<=2k,0.0517,6
64,n<=32,sr<=15%,kvB<=4k,kp<=4k,0.0636,6
64,n<=32,sr<=15%,kvB<=4k,kp<=512,0.0484,6
64,n<=32,sr<=15%,kvB<=4k,kp<=8k,0.0663,6
64,n<=32,sr<=15%,kvB<=4k,kp=0,0.0864,6
64,n<=32,sr<=40%,kvB<=16k,kp<=1k,0.0424,2
64,n<=32,sr<=40%,kvB<=16k,kp<=2k,0.0497,2
64,n<=32,sr<=40%,kvB<=16k,kp<=4k,0.0532,2
64,n<=32,sr<=40%,kvB<=16k,kp<=512,0.046,2
64,n<=32,sr<=40%,kvB<=16k,kp<=8k,0.0429,2
64,n<=32,sr<=40%,kvB<=16k,kp=0,0.074,2
64,n<=32,sr<=40%,kvB<=1k,kp<=1k,0.1193,2
64,n<=32,sr<=40%,kvB<=1k,kp<=2k,0.1466,2
64,n<=32,sr<=40%,kvB<=1k,kp<=4k,0.2126,2
64,n<=32,sr<=40%,kvB<=1k,kp<=512,0.0899,2
64,n<=32,sr<=40%,kvB<=1k,kp<=8k,0.231,2
64,n<=32,sr<=40%,kvB<=1k,kp=0,0.0903,2
64,n<=32,sr<=40%,kvB<=4k,kp<=1k,0.1446,2
64,n<=32,sr<=40%,kvB<=4k,kp<=2k,0.1692,2
64,n<=32,sr<=40%,kvB<=4k,kp<=4k,0.1598,2
64,n<=32,sr<=40%,kvB<=4k,kp<=512,0.1279,2
64,n<=32,sr<=40%,kvB<=4k,kp<=8k,0.1165,2
64,n<=32,sr<=40%,kvB<=4k,kp=0,0.221,2
64,n<=32,sr<=5%,kvB<=16k,kp<=1k,0.0147,2
64,n<=32,sr<=5%,kvB<=16k,kp<=2k,0.0145,2
64,n<=32,sr<=5%,kvB<=16k,kp<=4k,0.0072,2
64,n<=32,sr<=5%,kvB<=16k,kp<=512,0.0151,2
64,n<=32,sr<=5%,kvB<=16k,kp<=8k,0.0067,2
64,n<=32,sr<=5%,kvB<=16k,kp=0,0.0227,2
64,n<=32,sr<=5%,kvB<=1k,kp<=1k,0.0081,2
64,n<=32,sr<=5%,kvB<=1k,kp<=2k,0.0036,2
64,n<=32,sr<=5%,kvB<=1k,kp<=4k,0.0232,2
64,n<=32,sr<=5%,kvB<=1k,kp<=512,0.0186,2
64,n<=32,sr<=5%,kvB<=1k,kp<=8k,0.0266,2
64,n<=32,sr<=5%,kvB<=1k,kp=0,0.0311,2
64,n<=32,sr<=5%,kvB<=4k,kp<=1k,0.0249,2
64,n<=32,sr<=5%,kvB<=4k,kp<=2k,0.0086,2
64,n<=32,sr<=5%,kvB<=4k,kp<=4k,0.0049,2
64,n<=32,sr<=5%,kvB<=4k,kp<=512,0.0179,2
64,n<=32,sr<=5%,kvB<=4k,kp<=8k,0.0237,2
64,n<=32,sr<=5%,kvB<=4k,kp=0,0.0402,2
64,n<=32,sr<=70%,kvB<=16k,kp<=1k,0.0961,2
64,n<=32,sr<=70%,kvB<=16k,kp<=2k,0.1057,2
64,n<=32,sr<=70%,kvB<=16k,kp<=4k,0.0974,2
64,n<=32,sr<=70%,kvB<=16k,kp<=512,0.1041,2
64,n<=32,sr<=70%,kvB<=16k,kp<=8k,0.0875,2
64,n<=32,sr<=70%,kvB<=16k,kp=0,0.1529,2
64,n<=32,sr<=70%,kvB<=1k,kp<=1k,0.4791,2
64,n<=32,sr<=70%,kvB<=1k,kp<=2k,0.5657,2
64,n<=32,sr<=70%,kvB<=1k,kp<=4k,0.5189,2
64,n<=32,sr<=70%,kvB<=1k,kp<=512,0.4708,2
64,n<=32,sr<=70%,kvB<=1k,kp<=8k,0.4398,2
64,n<=32,sr<=70%,kvB<=1k,kp=0,0.6351,2
64,n<=32,sr<=70%,kvB<=4k,kp<=1k,0.2118,2
64,n<=32,sr<=70%,kvB<=4k,kp<=2k,0.2211,2
64,n<=32,sr<=70%,kvB<=4k,kp<=4k,0.1681,2
64,n<=32,sr<=70%,kvB<=4k,kp<=512,0.1701,2
64,n<=32,sr<=70%,kvB<=4k,kp<=8k,0.2006,2
64,n<=32,sr<=70%,kvB<=4k,kp=0,0.3392,2
64,n<=32,sr>70%,kvB<=16k,kp<=1k,0.1991,4
64,n<=32,sr>70%,kvB<=16k,kp<=2k,0.2242,4
64,n<=32,sr>70%,kvB<=16k,kp<=4k,0.2384,4
64,n<=32,sr>70%,kvB<=16k,kp<=512,0.2401,4
64,n<=32,sr>70%,kvB<=16k,kp<=8k,0.229,4
64,n<=32,sr>70%,kvB<=16k,kp=0,0.3432,4
64,n<=32,sr>70%,kvB<=1k,kp<=1k,1.6583,4
64,n<=32,sr>70%,kvB<=1k,kp<=2k,1.3759,4
64,n<=32,sr>70%,kvB<=1k,kp<=4k,1.4555,4
64,n<=32,sr>70%,kvB<=1k,kp<=512,1.1629,4
64,n<=32,sr>70%,kvB<=1k,kp<=8k,1.0803,4
64,n<=32,sr>70%,kvB<=1k,kp=0,1.7384,4
64,n<=32,sr>70%,kvB<=4k,kp<=1k,0.3442,4
64,n<=32,sr>70%,kvB<=4k,kp<=2k,0.4071,4
64,n<=32,sr>70%,kvB<=4k,kp<=4k,0.4657,4
64,n<=32,sr>70%,kvB<=4k,kp<=512,0.3875,4
64,n<=32,sr>70%,kvB<=4k,kp<=8k,0.4758,4
64,n<=32,sr>70%,kvB<=4k,kp=0,0.6526,4
64,n<=4,sr<=40%,kvB<=16k,kp<=1k,0.1305,2
64,n<=4,sr<=40%,kvB<=16k,kp<=2k,0.172,2
64,n<=4,sr<=40%,kvB<=16k,kp<=4k,0.2029,2
64,n<=4,sr<=40%,kvB<=16k,kp<=512,0.1116,2
64,n<=4,sr<=40%,kvB<=16k,kp<=8k,0.2516,2
64,n<=4,sr<=40%,kvB<=16k,kp=0,0.123,2
64,n<=4,sr<=40%,kvB<=1k,kp<=1k,0.0977,2
64,n<=4,sr<=40%,kvB<=1k,kp<=2k,0.044,2
64,n<=4,sr<=40%,kvB<=1k,kp<=4k,0.1284,2
64,n<=4,sr<=40%,kvB<=1k,kp<=512,0.2682,2
64,n<=4,sr<=40%,kvB<=1k,kp<=8k,0.0899,2
64,n<=4,sr<=40%,kvB<=1k,kp=0,0.2564,2
64,n<=4,sr<=40%,kvB<=4k,kp<=1k,0.205,2
64,n<=4,sr<=40%,kvB<=4k,kp<=2k,0.2269,2
64,n<=4,sr<=40%,kvB<=4k,kp<=4k,-0.0377,2
64,n<=4,sr<=40%,kvB<=4k,kp<=512,0.1779,2
64,n<=4,sr<=40%,kvB<=4k,kp<=8k,-0.0157,2
64,n<=4,sr<=40%,kvB<=4k,kp=0,0.1201,2
64,n<=4,sr<=70%,kvB<=16k,kp<=1k,0.072,2
64,n<=4,sr<=70%,kvB<=16k,kp<=2k,0.0373,2
64,n<=4,sr<=70%,kvB<=16k,kp<=4k,0.1434,2
64,n<=4,sr<=70%,kvB<=16k,kp<=512,0.037,2
64,n<=4,sr<=70%,kvB<=16k,kp<=8k,0.2355,2
64,n<=4,sr<=70%,kvB<=16k,kp=0,0.0466,2
64,n<=4,sr<=70%,kvB<=1k,kp<=1k,0.0831,2
64,n<=4,sr<=70%,kvB<=1k,kp<=2k,0.122,2
64,n<=4,sr<=70%,kvB<=1k,kp<=4k,0.1019,2
64,n<=4,sr<=70%,kvB<=1k,kp<=512,0.2735,2
64,n<=4,sr<=70%,kvB<=1k,kp<=8k,0.0136,2
64,n<=4,sr<=70%,kvB<=1k,kp=0,0.1313,2
64,n<=4,sr<=70%,kvB<=4k,kp<=1k,0.2245,2
64,n<=4,sr<=70%,kvB<=4k,kp<=2k,0.2301,2
64,n<=4,sr<=70%,kvB<=4k,kp<=4k,0.0299,2
64,n<=4,sr<=70%,kvB<=4k,kp<=512,0.0765,2
64,n<=4,sr<=70%,kvB<=4k,kp<=8k,0.1452,2
64,n<=4,sr<=70%,kvB<=4k,kp=0,-0.0041,2
64,n<=4,sr>70%,kvB<=16k,kp<=1k,0.1274,2
64,n<=4,sr>70%,kvB<=16k,kp<=2k,0.1127,2
64,n<=4,sr>70%,kvB<=16k,kp<=4k,0.0923,2
64,n<=4,sr>70%,kvB<=16k,kp<=512,0.1087,2
64,n<=4,sr>70%,kvB<=16k,kp<=8k,0.5362,2
64,n<=4,sr>70%,kvB<=16k,kp=0,-0.1782,2
64,n<=4,sr>70%,kvB<=1k,kp<=1k,0.5278,2
64,n<=4,sr>70%,kvB<=1k,kp<=2k,-0.045,2
64,n<=4,sr>70%,kvB<=1k,kp<=4k,-0.0472,2
64,n<=4,sr>70%,kvB<=1k,kp<=512,0.5098,2
64,n<=4,sr>70%,kvB<=1k,kp<=8k,0.0888,2
64,n<=4,sr>70%,kvB<=1k,kp=0,0.1107,2
64,n<=4,sr>70%,kvB<=4k,kp<=1k,0.0902,2
64,n<=4,sr>70%,kvB<=4k,kp<=2k,0.307,2
64,n<=4,sr>70%,kvB<=4k,kp<=4k,0.4206,2
64,n<=4,sr>70%,kvB<=4k,kp<=512,-0.0832,2
64,n<=4,sr>70%,kvB<=4k,kp<=8k,0.0093,2
64,n<=4,sr>70%,kvB<=4k,kp=0,-0.289,2
64,n<=64,sr<=15%,kvB<=16k,kp<=1k,0.0042,4
64,n<=64,sr<=15%,kvB<=16k,kp<=2k,0.0048,4
64,n<=64,sr<=15%,kvB<=16k,kp<=4k,0.0051,4
64,n<=64,sr<=15%,kvB<=16k,kp<=512,0.0041,4
64,n<=64,sr<=15%,kvB<=16k,kp<=8k,0.0045,4
64,n<=64,sr<=15%,kvB<=16k,kp=0,0.0049,4
64,n<=64,sr<=15%,kvB<=1k,kp<=1k,0.0076,4
64,n<=64,sr<=15%,kvB<=1k,kp<=2k,0.0051,4
64,n<=64,sr<=15%,kvB<=1k,kp<=4k,0.0055,4
64,n<=64,sr<=15%,kvB<=1k,kp<=512,0.0116,4
64,n<=64,sr<=15%,kvB<=1k,kp<=8k,0.0038,4
64,n<=64,sr<=15%,kvB<=1k,kp=0,0.0119,4
64,n<=64,sr<=15%,kvB<=4k,kp<=1k,0.0085,4
64,n<=64,sr<=15%,kvB<=4k,kp<=2k,0.0065,4
64,n<=64,sr<=15%,kvB<=4k,kp<=4k,0.0045,4
64,n<=64,sr<=15%,kvB<=4k,kp<=512,0.0078,4
64,n<=64,sr<=15%,kvB<=4k,kp<=8k,0.0043,4
64,n<=64,sr<=15%,kvB<=4k,kp=0,0.0105,4
64,n<=64,sr<=40%,kvB<=16k,kp<=1k,0.0017,2
64,n<=64,sr<=40%,kvB<=16k,kp<=2k,0.0011,2
64,n<=64,sr<=40%,kvB<=16k,kp<=4k,0.0019,2
64,n<=64,sr<=40%,kvB<=16k,kp<=512,0.0031,2
64,n<=64,sr<=40%,kvB<=16k,kp<=8k,0.0031,2
64,n<=64,sr<=40%,kvB<=16k,kp=0,0.0043,2
64,n<=64,sr<=40%,kvB<=1k,kp<=1k,-0.0036,2
64,n<=64,sr<=40%,kvB<=1k,kp<=2k,-0.0073,2
64,n<=64,sr<=40%,kvB<=1k,kp<=4k,-0.0065,2
64,n<=64,sr<=40%,kvB<=1k,kp<=512,0.0088,2
64,n<=64,sr<=40%,kvB<=1k,kp<=8k,0.0172,2
64,n<=64,sr<=40%,kvB<=1k,kp=0,0.0093,2
64,n<=64,sr<=40%,kvB<=4k,kp<=1k,0.0051,2
64,n<=64,sr<=40%,kvB<=4k,kp<=2k,0.0065,2
64,n<=64,sr<=40%,kvB<=4k,kp<=4k,0.0037,2
64,n<=64,sr<=40%,kvB<=4k,kp<=512,0.0039,2
64,n<=64,sr<=40%,kvB<=4k,kp<=8k,0.0032,2
64,n<=64,sr<=40%,kvB<=4k,kp=0,0.0091,2
64,n<=64,sr<=5%,kvB<=16k,kp<=1k,0.0053,6
64,n<=64,sr<=5%,kvB<=16k,kp<=2k,0.0053,6
64,n<=64,sr<=5%,kvB<=16k,kp<=4k,0.0043,6
64,n<=64,sr<=5%,kvB<=16k,kp<=512,0.0052,6
64,n<=64,sr<=5%,kvB<=16k,kp<=8k,0.0041,6
64,n<=64,sr<=5%,kvB<=16k,kp=0,0.0054,6
64,n<=64,sr<=5%,kvB<=1k,kp<=1k,0.0045,6
64,n<=64,sr<=5%,kvB<=1k,kp<=2k,0.001,6
64,n<=64,sr<=5%,kvB<=1k,kp<=4k,-0.0037,6
64,n<=64,sr<=5%,kvB<=1k,kp<=512,0.0049,6
64,n<=64,sr<=5%,kvB<=1k,kp<=8k,0.003,6
64,n<=64,sr<=5%,kvB<=1k,kp=0,0.0076,6
64,n<=64,sr<=5%,kvB<=4k,kp<=1k,0.008,6
64,n<=64,sr<=5%,kvB<=4k,kp<=2k,0.0056,6
64,n<=64,sr<=5%,kvB<=4k,kp<=4k,0.0027,6
64,n<=64,sr<=5%,kvB<=4k,kp<=512,0.0067,6
64,n<=64,sr<=5%,kvB<=4k,kp<=8k,0.0026,6
64,n<=64,sr<=5%,kvB<=4k,kp=0,0.0073,6
64,n<=64,sr<=70%,kvB<=16k,kp<=1k,0.0055,2
64,n<=64,sr<=70%,kvB<=16k,kp<=2k,0.0026,2
64,n<=64,sr<=70%,kvB<=16k,kp<=4k,0.0037,2
64,n<=64,sr<=70%,kvB<=16k,kp<=512,0.0034,2
64,n<=64,sr<=70%,kvB<=16k,kp<=8k,0.0055,2
64,n<=64,sr<=70%,kvB<=16k,kp=0,0.0031,2
64,n<=64,sr<=70%,kvB<=1k,kp<=1k,0.0126,2
64,n<=64,sr<=70%,kvB<=1k,kp<=2k,0.0183,2
64,n<=64,sr<=70%,kvB<=1k,kp<=4k,0.0095,2
64,n<=64,sr<=70%,kvB<=1k,kp<=512,0.0213,2
64,n<=64,sr<=70%,kvB<=1k,kp<=8k,0.0093,2
64,n<=64,sr<=70%,kvB<=1k,kp=0,0.0207,2
64,n<=64,sr<=70%,kvB<=4k,kp<=1k,0.0098,2
64,n<=64,sr<=70%,kvB<=4k,kp<=2k,0.0085,2
64,n<=64,sr<=70%,kvB<=4k,kp<=4k,0.0095,2
64,n<=64,sr<=70%,kvB<=4k,kp<=512,0.0082,2
64,n<=64,sr<=70%,kvB<=4k,kp<=8k,0.0124,2
64,n<=64,sr<=70%,kvB<=4k,kp=0,0.0157,2
64,n<=64,sr>70%,kvB<=16k,kp<=1k,0.0208,4
64,n<=64,sr>70%,kvB<=16k,kp<=2k,0.0198,4
64,n<=64,sr>70%,kvB<=16k,kp<=4k,0.0203,4
64,n<=64,sr>70%,kvB<=16k,kp<=512,0.0259,4
64,n<=64,sr>70%,kvB<=16k,kp<=8k,0.0177,4
64,n<=64,sr>70%,kvB<=16k,kp=0,0.0242,4
64,n<=64,sr>70%,kvB<=1k,kp<=1k,0.0987,4
64,n<=64,sr>70%,kvB<=1k,kp<=2k,0.0815,4
64,n<=64,sr>70%,kvB<=1k,kp<=4k,0.0768,4
64,n<=64,sr>70%,kvB<=1k,kp<=512,0.0938,4
64,n<=64,sr>70%,kvB<=1k,kp<=8k,0.0395,4
64,n<=64,sr>70%,kvB<=1k,kp=0,0.1212,4
64,n<=64,sr>70%,kvB<=4k,kp<=1k,0.0286,4
64,n<=64,sr>70%,kvB<=4k,kp<=2k,0.0368,4
64,n<=64,sr>70%,kvB<=4k,kp<=4k,0.0438,4
64,n<=64,sr>70%,kvB<=4k,kp<=512,0.0297,4
64,n<=64,sr>70%,kvB<=4k,kp<=8k,0.0381,4
64,n<=64,sr>70%,kvB<=4k,kp=0,0.0398,4
64,n<=8,sr<=15%,kvB<=16k,kp<=1k,0.1006,2
64,n<=8,sr<=15%,kvB<=16k,kp<=2k,0.083,2
64,n<=8,sr<=15%,kvB<=16k,kp<=4k,0.0329,2
64,n<=8,sr<=15%,kvB<=16k,kp<=512,0.1048,2
64,n<=8,sr<=15%,kvB<=16k,kp<=8k,-0.0386,2
64,n<=8,sr<=15%,kvB<=16k,kp=0,0.0671,2
64,n<=8,sr<=15%,kvB<=1k,kp<=1k,0.1065,2
64,n<=8,sr<=15%,kvB<=1k,kp<=2k,0.0803,2
64,n<=8,sr<=15%,kvB<=1k,kp<=4k,0.137,2
64,n<=8,sr<=15%,kvB<=1k,kp<=512,0.1654,2
64,n<=8,sr<=15%,kvB<=1k,kp<=8k,0.1529,2
64,n<=8,sr<=15%,kvB<=1k,kp=0,0.1988,2
64,n<=8,sr<=15%,kvB<=4k,kp<=1k,0.1118,2
64,n<=8,sr<=15%,kvB<=4k,kp<=2k,0.0929,2
64,n<=8,sr<=15%,kvB<=4k,kp<=4k,0.0021,2
64,n<=8,sr<=15%,kvB<=4k,kp<=512,0.1159,2
64,n<=8,sr<=15%,kvB<=4k,kp<=8k,-0.0116,2
64,n<=8,sr<=15%,kvB<=4k,kp=0,0.0957,2
64,n<=8,sr<=40%,kvB<=16k,kp<=1k,0.153,4
64,n<=8,sr<=40%,kvB<=16k,kp<=2k,0.072,4
64,n<=8,sr<=40%,kvB<=16k,kp<=4k,0.0247,4
64,n<=8,sr<=40%,kvB<=16k,kp<=512,0.1403,4
64,n<=8,sr<=40%,kvB<=16k,kp<=8k,0.146,4
64,n<=8,sr<=40%,kvB<=16k,kp=0,0.1199,4
64,n<=8,sr<=40%,kvB<=1k,kp<=1k,0.0604,4
64,n<=8,sr<=40%,kvB<=1k,kp<=2k,0.0851,4
64,n<=8,sr<=40%,kvB<=1k,kp<=4k,0.0983,4
64,n<=8,sr<=40%,kvB<=1k,kp<=512,0.1801,4
64,n<=8,sr<=40%,kvB<=1k,kp<=8k,0.1705,4
64,n<=8,sr<=40%,kvB<=1k,kp=0,0.1608,4
64,n<=8,sr<=40%,kvB<=4k,kp<=1k,0.1176,4
64,n<=8,sr<=40%,kvB<=4k,kp<=2k,0.1532,4
64,n<=8,sr<=40%,kvB<=4k,kp<=4k,0.0795,4
64,n<=8,sr<=40%,kvB<=4k,kp<=512,0.1264,4
64,n<=8,sr<=40%,kvB<=4k,kp<=8k,0.1906,4
64,n<=8,sr<=40%,kvB<=4k,kp=0,0.075,4
64,n<=8,sr<=70%,kvB<=16k,kp<=1k,0.2726,2
64,n<=8,sr<=70%,kvB<=16k,kp<=2k,0.1649,2
64,n<=8,sr<=70%,kvB<=16k,kp<=4k,0.0298,2
64,n<=8,sr<=70%,kvB<=16k,kp<=512,0.4022,2
64,n<=8,sr<=70%,kvB<=16k,kp<=8k,0.2047,2
64,n<=8,sr<=70%,kvB<=16k,kp=0,0.4017,2
64,n<=8,sr<=70%,kvB<=1k,kp<=1k,0.0734,2
64,n<=8,sr<=70%,kvB<=1k,kp<=2k,0.0429,2
64,n<=8,sr<=70%,kvB<=1k,kp<=4k,0.0038,2
64,n<=8,sr<=70%,kvB<=1k,kp<=512,0.1768,2
64,n<=8,sr<=70%,kvB<=1k,kp<=8k,0.1364,2
64,n<=8,sr<=70%,kvB<=1k,kp=0,0.1104,2
64,n<=8,sr<=70%,kvB<=4k,kp<=1k,0.1858,2
64,n<=8,sr<=70%,kvB<=4k,kp<=2k,0.3911,2
64,n<=8,sr<=70%,kvB<=4k,kp<=4k,0.3292,2
64,n<=8,sr<=70%,kvB<=4k,kp<=512,0.2259,2
64,n<=8,sr<=70%,kvB<=4k,kp<=8k,0.5689,2
64,n<=8,sr<=70%,kvB<=4k,kp=0,0.066,2
64,n<=8,sr>70%,kvB<=16k,kp<=1k,0.815,4
64,n<=8,sr>70%,kvB<=16k,kp<=2k,0.7026,4
64,n<=8,sr>70%,kvB<=16k,kp<=4k,0.3418,4
64,n<=8,sr>70%,kvB<=16k,kp<=512,1.2515,4
64,n<=8,sr>70%,kvB<=16k,kp<=8k,0.8528,2
64,n<=8,sr>70%,kvB<=16k,kp=0,1.0642,4
64,n<=8,sr>70%,kvB<=1k,kp<=1k,0.3545,4
64,n<=8,sr>70%,kvB<=1k,kp<=2k,0.1282,4
64,n<=8,sr>70%,kvB<=1k,kp<=4k,0.171,4
64,n<=8,sr>70%,kvB<=1k,kp<=512,0.3797,4
64,n<=8,sr>70%,kvB<=1k,kp<=8k,0.5564,4
64,n<=8,sr>70%,kvB<=1k,kp=0,0.1751,4
64,n<=8,sr>70%,kvB<=4k,kp<=1k,0.3415,4
64,n<=8,sr>70%,kvB<=4k,kp<=2k,1.3651,4
64,n<=8,sr>70%,kvB<=4k,kp<=4k,1.3334,4
64,n<=8,sr>70%,kvB<=4k,kp<=512,0.7224,4
64,n<=8,sr>70%,kvB<=4k,kp<=8k,1.9447,4
64,n<=8,sr>70%,kvB<=4k,kp=0,0.495,4
128,n<=128,sr<=15%,kvB<=16k,kp<=1k,0.001,4
128,n<=128,sr<=15%,kvB<=16k,kp<=2k,0.0011,4
128,n<=128,sr<=15%,kvB<=16k,kp<=4k,0.0011,4
128,n<=128,sr<=15%,kvB<=16k,kp<=512,0.0011,4
128,n<=128,sr<=15%,kvB<=16k,kp<=8k,0.001,4
128,n<=128,sr<=15%,kvB<=16k,kp=0,0.0011,4
128,n<=128,sr<=15%,kvB<=1k,kp<=1k,0.0024,4
128,n<=128,sr<=15%,kvB<=1k,kp<=2k,0.0027,4
128,n<=128,sr<=15%,kvB<=1k,kp<=4k,0.0022,4
128,n<=128,sr<=15%,kvB<=1k,kp<=512,0.0028,4
128,n<=128,sr<=15%,kvB<=1k,kp<=8k,-0.0002,4
128,n<=128,sr<=15%,kvB<=1k,kp=0,0.0035,4
128,n<=128,sr<=15%,kvB<=4k,kp<=1k,0.0013,4
128,n<=128,sr<=15%,kvB<=4k,kp<=2k,0.0012,4
128,n<=128,sr<=15%,kvB<=4k,kp<=4k,0.0001,4
128,n<=128,sr<=15%,kvB<=4k,kp<=512,0.0013,4
128,n<=128,sr<=15%,kvB<=4k,kp<=8k,-0.0005,4
128,n<=128,sr<=15%,kvB<=4k,kp=0,0.0012,4
128,n<=128,sr<=40%,kvB<=16k,kp<=1k,0.0002,2
128,n<=128,sr<=40%,kvB<=16k,kp<=2k,0.0005,2
128,n<=128,sr<=40%,kvB<=16k,kp<=4k,-0.0001,2
128,n<=128,sr<=40%,kvB<=16k,kp<=512,0.0003,2
128,n<=128,sr<=40%,kvB<=16k,kp<=8k,-0.0,2
128,n<=128,sr<=40%,kvB<=16k,kp=0,0.0005,2
128,n<=128,sr<=40%,kvB<=1k,kp<=1k,-0.0013,2
128,n<=128,sr<=40%,kvB<=1k,kp<=2k,0.0001,2
128,n<=128,sr<=40%,kvB<=1k,kp<=4k,0.0012,2
128,n<=128,sr<=40%,kvB<=1k,kp<=512,0.0017,2
128,n<=128,sr<=40%,kvB<=1k,kp<=8k,-0.002,2
128,n<=128,sr<=40%,kvB<=1k,kp=0,0.002,2
128,n<=128,sr<=40%,kvB<=4k,kp<=1k,0.0005,2
128,n<=128,sr<=40%,kvB<=4k,kp<=2k,0.0,2
128,n<=128,sr<=40%,kvB<=4k,kp<=4k,-0.0001,2
128,n<=128,sr<=40%,kvB<=4k,kp<=512,0.0001,2
128,n<=128,sr<=40%,kvB<=4k,kp<=8k,-0.001,2
128,n<=128,sr<=40%,kvB<=4k,kp=0,-0.0004,2
128,n<=128,sr<=5%,kvB<=16k,kp<=1k,0.0017,8
128,n<=128,sr<=5%,kvB<=16k,kp<=2k,0.0018,8
128,n<=128,sr<=5%,kvB<=16k,kp<=4k,0.0017,8
128,n<=128,sr<=5%,kvB<=16k,kp<=512,0.0017,8
128,n<=128,sr<=5%,kvB<=16k,kp<=8k,0.0014,8
128,n<=128,sr<=5%,kvB<=16k,kp=0,0.0017,8
128,n<=128,sr<=5%,kvB<=1k,kp<=1k,-0.0011,8
128,n<=128,sr<=5%,kvB<=1k,kp<=2k,-0.0002,8
128,n<=128,sr<=5%,kvB<=1k,kp<=4k,-0.0007,8
128,n<=128,sr<=5%,kvB<=1k,kp<=512,-0.001,8
128,n<=128,sr<=5%,kvB<=1k,kp<=8k,-0.0008,8
128,n<=128,sr<=5%,kvB<=1k,kp=0,-0.001,8
128,n<=128,sr<=5%,kvB<=4k,kp<=1k,0.0017,8
128,n<=128,sr<=5%,kvB<=4k,kp<=2k,0.0015,8
128,n<=128,sr<=5%,kvB<=4k,kp<=4k,0.0002,8
128,n<=128,sr<=5%,kvB<=4k,kp<=512,0.0016,8
128,n<=128,sr<=5%,kvB<=4k,kp<=8k,0.0003,8
128,n<=128,sr<=5%,kvB<=4k,kp=0,0.002,8
128,n<=128,sr<=70%,kvB<=16k,kp<=1k,-0.0007,2
128,n<=128,sr<=70%,kvB<=16k,kp<=2k,-0.0012,2
128,n<=128,sr<=70%,kvB<=16k,kp<=4k,-0.0027,2
128,n<=128,sr<=70%,kvB<=16k,kp<=512,-0.0006,2
128,n<=128,sr<=70%,kvB<=16k,kp<=8k,-0.0011,2
128,n<=128,sr<=70%,kvB<=16k,kp=0,-0.0007,2
128,n<=128,sr<=70%,kvB<=1k,kp<=1k,-0.0001,2
128,n<=128,sr<=70%,kvB<=1k,kp<=2k,0.0013,2
128,n<=128,sr<=70%,kvB<=1k,kp<=4k,0.002,2
128,n<=128,sr<=70%,kvB<=1k,kp<=512,0.0018,2
128,n<=128,sr<=70%,kvB<=1k,kp<=8k,-0.0022,2
128,n<=128,sr<=70%,kvB<=1k,kp=0,-0.0002,2
128,n<=128,sr<=70%,kvB<=4k,kp<=1k,-0.0007,2
128,n<=128,sr<=70%,kvB<=4k,kp<=2k,-0.0,2
128,n<=128,sr<=70%,kvB<=4k,kp<=4k,-0.0014,2
128,n<=128,sr<=70%,kvB<=4k,kp<=512,-0.0013,2
128,n<=128,sr<=70%,kvB<=4k,kp<=8k,0.0021,2
128,n<=128,sr<=70%,kvB<=4k,kp=0,-0.0017,2
128,n<=128,sr>70%,kvB<=16k,kp<=1k,0.0017,4
128,n<=128,sr>70%,kvB<=16k,kp<=2k,0.0009,4
128,n<=128,sr>70%,kvB<=16k,kp<=4k,-0.0006,4
128,n<=128,sr>70%,kvB<=16k,kp<=512,0.0023,4
128,n<=128,sr>70%,kvB<=16k,kp<=8k,-0.0021,4
128,n<=128,sr>70%,kvB<=16k,kp=0,0.0024,4
128,n<=128,sr>70%,kvB<=1k,kp<=1k,0.0012,4
128,n<=128,sr>70%,kvB<=1k,kp<=2k,0.0309,4
128,n<=128,sr>70%,kvB<=1k,kp<=4k,-0.0042,4
128,n<=128,sr>70%,kvB<=1k,kp<=512,0.0074,4
128,n<=128,sr>70%,kvB<=1k,kp<=8k,0.0036,4
128,n<=128,sr>70%,kvB<=1k,kp=0,-0.0025,4
128,n<=128,sr>70%,kvB<=4k,kp<=1k,0.0035,4
128,n<=128,sr>70%,kvB<=4k,kp<=2k,0.004,4
128,n<=128,sr>70%,kvB<=4k,kp<=4k,-0.0013,4
128,n<=128,sr>70%,kvB<=4k,kp<=512,0.0,4
128,n<=128,sr>70%,kvB<=4k,kp<=8k,0.0006,4
128,n<=128,sr>70%,kvB<=4k,kp=0,0.0019,4
128,n<=16,sr<=15%,kvB<=16k,kp<=1k,0.0286,4
128,n<=16,sr<=15%,kvB<=16k,kp<=2k,0.0158,4
128,n<=16,sr<=15%,kvB<=16k,kp<=4k,-0.0371,4
128,n<=16,sr<=15%,kvB<=16k,kp<=512,0.0343,4
128,n<=16,sr<=15%,kvB<=16k,kp<=8k,-0.021,4
128,n<=16,sr<=15%,kvB<=16k,kp=0,0.0713,4
128,n<=16,sr<=15%,kvB<=1k,kp<=1k,0.0679,4
128,n<=16,sr<=15%,kvB<=1k,kp<=2k,0.0725,4
128,n<=16,sr<=15%,kvB<=1k,kp<=4k,0.0652,4
128,n<=16,sr<=15%,kvB<=1k,kp<=512,0.0904,4
128,n<=16,sr<=15%,kvB<=1k,kp<=8k,0.0611,4
128,n<=16,sr<=15%,kvB<=1k,kp=0,0.1168,4
128,n<=16,sr<=15%,kvB<=4k,kp<=1k,0.0436,4
128,n<=16,sr<=15%,kvB<=4k,kp<=2k,-0.0117,4
128,n<=16,sr<=15%,kvB<=4k,kp<=4k,0.0947,4
128,n<=16,sr<=15%,kvB<=4k,kp<=512,0.0434,4
128,n<=16,sr<=15%,kvB<=4k,kp<=8k,0.043,4
128,n<=16,sr<=15%,kvB<=4k,kp=0,0.0934,4
128,n<=16,sr<=40%,kvB<=16k,kp<=1k,0.0413,4
128,n<=16,sr<=40%,kvB<=16k,kp<=2k,-0.0047,4
128,n<=16,sr<=40%,kvB<=16k,kp<=4k,-0.0245,4
128,n<=16,sr<=40%,kvB<=16k,kp<=512,0.0453,4
128,n<=16,sr<=40%,kvB<=16k,kp<=8k,-0.0151,4
128,n<=16,sr<=40%,kvB<=16k,kp=0,0.1259,4
128,n<=16,sr<=40%,kvB<=1k,kp<=1k,0.08,4
128,n<=16,sr<=40%,kvB<=1k,kp<=2k,0.0745,4
128,n<=16,sr<=40%,kvB<=1k,kp<=4k,0.0627,4
128,n<=16,sr<=40%,kvB<=1k,kp<=512,0.0922,4
128,n<=16,sr<=40%,kvB<=1k,kp<=8k,0.0822,4
128,n<=16,sr<=40%,kvB<=1k,kp=0,0.1187,4
128,n<=16,sr<=40%,kvB<=4k,kp<=1k,0.0474,4
128,n<=16,sr<=40%,kvB<=4k,kp<=2k,0.1182,4
128,n<=16,sr<=40%,kvB<=4k,kp<=4k,0.1765,4
128,n<=16,sr<=40%,kvB<=4k,kp<=512,0.0234,4
128,n<=16,sr<=40%,kvB<=4k,kp<=8k,0.1222,4
128,n<=16,sr<=40%,kvB<=4k,kp=0,0.241,4
128,n<=16,sr<=70%,kvB<=16k,kp<=1k,0.0848,2
128,n<=16,sr<=70%,kvB<=16k,kp<=2k,0.0373,2
128,n<=16,sr<=70%,kvB<=16k,kp<=4k,0.0398,2
128,n<=16,sr<=70%,kvB<=16k,kp<=512,0.1137,2
128,n<=16,sr<=70%,kvB<=16k,kp<=8k,0.0676,2
128,n<=16,sr<=70%,kvB<=16k,kp=0,0.26,2
128,n<=16,sr<=70%,kvB<=1k,kp<=1k,-0.0012,2
128,n<=16,sr<=70%,kvB<=1k,kp<=2k,0.0527,2
128,n<=16,sr<=70%,kvB<=1k,kp<=4k,0.1166,2
128,n<=16,sr<=70%,kvB<=1k,kp<=512,0.0527,2
128,n<=16,sr<=70%,kvB<=1k,kp<=8k,0.3105,2
128,n<=16,sr<=70%,kvB<=1k,kp=0,0.0729,2
128,n<=16,sr<=70%,kvB<=4k,kp<=1k,0.1488,2
128,n<=16,sr<=70%,kvB<=4k,kp<=2k,0.3484,2
128,n<=16,sr<=70%,kvB<=4k,kp<=4k,0.6337,2
128,n<=16,sr<=70%,kvB<=4k,kp<=512,0.1352,2
128,n<=16,sr<=70%,kvB<=4k,kp<=8k,0.5659,2
128,n<=16,sr<=70%,kvB<=4k,kp=0,0.7621,2
128,n<=16,sr>70%,kvB<=16k,kp<=1k,0.2743,4
128,n<=16,sr>70%,kvB<=16k,kp<=2k,0.2322,4
128,n<=16,sr>70%,kvB<=16k,kp<=4k,0.2006,4
128,n<=16,sr>70%,kvB<=16k,kp<=512,0.5344,4
128,n<=16,sr>70%,kvB<=16k,kp<=8k,0.3089,4
128,n<=16,sr>70%,kvB<=16k,kp=0,0.9046,4
128,n<=16,sr>70%,kvB<=1k,kp<=1k,0.6002,4
128,n<=16,sr>70%,kvB<=1k,kp<=2k,0.7448,4
128,n<=16,sr>70%,kvB<=1k,kp<=4k,0.6771,4
128,n<=16,sr>70%,kvB<=1k,kp<=512,0.372,4
128,n<=16,sr>70%,kvB<=1k,kp<=8k,0.8721,4
128,n<=16,sr>70%,kvB<=1k,kp=0,0.3872,4
128,n<=16,sr>70%,kvB<=4k,kp<=1k,0.505,4
128,n<=16,sr>70%,kvB<=4k,kp<=2k,0.6903,4
128,n<=16,sr>70%,kvB<=4k,kp<=4k,3.8059,1
128,n<=16,sr>70%,kvB<=4k,kp<=512,0.5485,4
128,n<=16,sr>70%,kvB<=4k,kp<=8k,1.6445,4
128,n<=16,sr>70%,kvB<=4k,kp=0,2.4109,4
128,n<=2,sr<=70%,kvB<=16k,kp<=1k,0.2,2
128,n<=2,sr<=70%,kvB<=16k,kp<=2k,0.308,2
128,n<=2,sr<=70%,kvB<=16k,kp<=4k,0.3059,2
128,n<=2,sr<=70%,kvB<=16k,kp<=512,0.2613,2
128,n<=2,sr<=70%,kvB<=16k,kp<=8k,0.3204,2
128,n<=2,sr<=70%,kvB<=16k,kp=0,0.303,2
128,n<=2,sr<=70%,kvB<=1k,kp<=1k,-0.0344,2
128,n<=2,sr<=70%,kvB<=1k,kp<=2k,-0.4513,2
128,n<=2,sr<=70%,kvB<=1k,kp<=4k,-0.4037,2
128,n<=2,sr<=70%,kvB<=1k,kp<=512,0.0764,2
128,n<=2,sr<=70%,kvB<=1k,kp<=8k,-0.3607,2
128,n<=2,sr<=70%,kvB<=1k,kp=0,0.3906,2
128,n<=2,sr<=70%,kvB<=4k,kp<=1k,0.344,2
128,n<=2,sr<=70%,kvB<=4k,kp<=2k,0.2229,2
128,n<=2,sr<=70%,kvB<=4k,kp<=4k,-0.0116,2
128,n<=2,sr<=70%,kvB<=4k,kp<=512,0.3942,2
128,n<=2,sr<=70%,kvB<=4k,kp<=8k,-0.2637,2
128,n<=2,sr<=70%,kvB<=4k,kp=0,0.3136,2
128,n<=32,sr<=15%,kvB<=16k,kp<=1k,0.0197,6
128,n<=32,sr<=15%,kvB<=16k,kp<=2k,0.0162,6
128,n<=32,sr<=15%,kvB<=16k,kp<=4k,0.0066,6
128,n<=32,sr<=15%,kvB<=16k,kp<=512,0.0199,6
128,n<=32,sr<=15%,kvB<=16k,kp<=8k,0.0098,6
128,n<=32,sr<=15%,kvB<=16k,kp=0,0.0328,6
128,n<=32,sr<=15%,kvB<=1k,kp<=1k,0.033,6
128,n<=32,sr<=15%,kvB<=1k,kp<=2k,0.0222,6
128,n<=32,sr<=15%,kvB<=1k,kp<=4k,0.0331,6
128,n<=32,sr<=15%,kvB<=1k,kp<=512,0.0389,6
128,n<=32,sr<=15%,kvB<=1k,kp<=8k,0.014,6
128,n<=32,sr<=15%,kvB<=1k,kp=0,0.0532,6
128,n<=32,sr<=15%,kvB<=4k,kp<=1k,0.0522,6
128,n<=32,sr<=15%,kvB<=4k,kp<=2k,0.0423,6
128,n<=32,sr<=15%,kvB<=4k,kp<=4k,0.0626,6
128,n<=32,sr<=15%,kvB<=4k,kp<=512,0.0486,6
128,n<=32,sr<=15%,kvB<=4k,kp<=8k,0.0401,6
128,n<=32,sr<=15%,kvB<=4k,kp=0,0.0865,6
128,n<=32,sr<=40%,kvB<=16k,kp<=1k,0.0356,2
128,n<=32,sr<=40%,kvB<=16k,kp<=2k,0.0336,2
128,n<=32,sr<=40%,kvB<=16k,kp<=4k,0.0337,2
128,n<=32,sr<=40%,kvB<=16k,kp<=512,0.0332,2
128,n<=32,sr<=40%,kvB<=16k,kp<=8k,0.0269,2
128,n<=32,sr<=40%,kvB<=16k,kp=0,0.0689,2
128,n<=32,sr<=40%,kvB<=1k,kp<=1k,0.1579,2
128,n<=32,sr<=40%,kvB<=1k,kp<=2k,0.2017,2
128,n<=32,sr<=40%,kvB<=1k,kp<=4k,0.1697,2
128,n<=32,sr<=40%,kvB<=1k,kp<=512,0.0987,2
128,n<=32,sr<=40%,kvB<=1k,kp<=8k,0.0628,2
128,n<=32,sr<=40%,kvB<=1k,kp=0,0.0993,2
128,n<=32,sr<=40%,kvB<=4k,kp<=1k,0.1235,2
128,n<=32,sr<=40%,kvB<=4k,kp<=2k,0.1654,2
128,n<=32,sr<=40%,kvB<=4k,kp<=4k,0.1367,2
128,n<=32,sr<=40%,kvB<=4k,kp<=512,0.0781,2
128,n<=32,sr<=40%,kvB<=4k,kp<=8k,0.09,2
128,n<=32,sr<=40%,kvB<=4k,kp=0,0.1855,2
128,n<=32,sr<=5%,kvB<=16k,kp<=1k,0.0172,2
128,n<=32,sr<=5%,kvB<=16k,kp<=2k,0.011,2
128,n<=32,sr<=5%,kvB<=16k,kp<=4k,0.0086,2
128,n<=32,sr<=5%,kvB<=16k,kp<=512,0.0125,2
128,n<=32,sr<=5%,kvB<=16k,kp<=8k,0.0034,2
128,n<=32,sr<=5%,kvB<=16k,kp=0,0.0217,2
128,n<=32,sr<=5%,kvB<=1k,kp<=1k,0.0088,2
128,n<=32,sr<=5%,kvB<=1k,kp<=2k,0.0043,2
128,n<=32,sr<=5%,kvB<=1k,kp<=4k,0.0062,2
128,n<=32,sr<=5%,kvB<=1k,kp<=512,0.0216,2
128,n<=32,sr<=5%,kvB<=1k,kp<=8k,-0.005,2
128,n<=32,sr<=5%,kvB<=1k,kp=0,0.0289,2
128,n<=32,sr<=5%,kvB<=4k,kp<=1k,0.0157,2
128,n<=32,sr<=5%,kvB<=4k,kp<=2k,0.0307,2
128,n<=32,sr<=5%,kvB<=4k,kp<=4k,0.0141,2
128,n<=32,sr<=5%,kvB<=4k,kp<=512,0.0281,2
128,n<=32,sr<=5%,kvB<=4k,kp<=8k,0.0196,2
128,n<=32,sr<=5%,kvB<=4k,kp=0,0.0361,2
128,n<=32,sr<=70%,kvB<=16k,kp<=1k,0.0767,2
128,n<=32,sr<=70%,kvB<=16k,kp<=2k,0.0709,2
128,n<=32,sr<=70%,kvB<=16k,kp<=4k,0.0676,2
128,n<=32,sr<=70%,kvB<=16k,kp<=512,0.0803,2
128,n<=32,sr<=70%,kvB<=16k,kp<=8k,0.0807,2
128,n<=32,sr<=70%,kvB<=16k,kp=0,0.1367,2
128,n<=32,sr<=70%,kvB<=1k,kp<=1k,0.5073,2
128,n<=32,sr<=70%,kvB<=1k,kp<=2k,0.4172,2
128,n<=32,sr<=70%,kvB<=1k,kp<=4k,0.1869,2
128,n<=32,sr<=70%,kvB<=1k,kp<=512,0.4736,2
128,n<=32,sr<=70%,kvB<=1k,kp<=8k,0.1388,2
128,n<=32,sr<=70%,kvB<=1k,kp=0,0.4404,2
128,n<=32,sr<=70%,kvB<=4k,kp<=1k,0.1502,2
128,n<=32,sr<=70%,kvB<=4k,kp<=2k,0.1312,2
128,n<=32,sr<=70%,kvB<=4k,kp<=4k,0.1496,2
128,n<=32,sr<=70%,kvB<=4k,kp<=512,0.1128,2
128,n<=32,sr<=70%,kvB<=4k,kp<=8k,0.176,2
128,n<=32,sr<=70%,kvB<=4k,kp=0,0.3129,2
128,n<=32,sr>70%,kvB<=16k,kp<=1k,0.1701,4
128,n<=32,sr>70%,kvB<=16k,kp<=2k,0.1876,4
128,n<=32,sr>70%,kvB<=16k,kp<=4k,0.157,4
128,n<=32,sr>70%,kvB<=16k,kp<=512,0.1465,4
128,n<=32,sr>70%,kvB<=16k,kp<=8k,0.1544,4
128,n<=32,sr>70%,kvB<=16k,kp=0,0.3202,4
128,n<=32,sr>70%,kvB<=1k,kp<=1k,1.7143,4
128,n<=32,sr>70%,kvB<=1k,kp<=2k,1.4865,4
128,n<=32,sr>70%,kvB<=1k,kp<=4k,0.9489,4
128,n<=32,sr>70%,kvB<=1k,kp<=512,1.105,4
128,n<=32,sr>70%,kvB<=1k,kp<=8k,0.4709,4
128,n<=32,sr>70%,kvB<=1k,kp=0,1.2449,4
128,n<=32,sr>70%,kvB<=4k,kp<=1k,0.2772,4
128,n<=32,sr>70%,kvB<=4k,kp<=2k,0.335,4
128,n<=32,sr>70%,kvB<=4k,kp<=4k,0.3336,4
128,n<=32,sr>70%,kvB<=4k,kp<=512,0.241,4
128,n<=32,sr>70%,kvB<=4k,kp<=8k,0.2072,4
128,n<=32,sr>70%,kvB<=4k,kp=0,0.6093,4
128,n<=4,sr<=40%,kvB<=16k,kp<=1k,0.1218,2
128,n<=4,sr<=40%,kvB<=16k,kp<=2k,0.1789,2
128,n<=4,sr<=40%,kvB<=16k,kp<=4k,0.1614,2
128,n<=4,sr<=40%,kvB<=16k,kp<=512,0.1422,2
128,n<=4,sr<=40%,kvB<=16k,kp<=8k,0.1651,2
128,n<=4,sr<=40%,kvB<=16k,kp=0,0.1191,2
128,n<=4,sr<=40%,kvB<=1k,kp<=1k,0.1729,2
128,n<=4,sr<=40%,kvB<=1k,kp<=2k,0.0983,2
128,n<=4,sr<=40%,kvB<=1k,kp<=4k,0.1504,2
128,n<=4,sr<=40%,kvB<=1k,kp<=512,0.2283,2
128,n<=4,sr<=40%,kvB<=1k,kp<=8k,0.1494,2
128,n<=4,sr<=40%,kvB<=1k,kp=0,0.2855,2
128,n<=4,sr<=40%,kvB<=4k,kp<=1k,0.2079,2
128,n<=4,sr<=40%,kvB<=4k,kp<=2k,0.1598,2
128,n<=4,sr<=40%,kvB<=4k,kp<=4k,0.0434,2
128,n<=4,sr<=40%,kvB<=4k,kp<=512,0.1981,2
128,n<=4,sr<=40%,kvB<=4k,kp<=8k,-0.0321,2
128,n<=4,sr<=40%,kvB<=4k,kp=0,0.1482,2
128,n<=4,sr<=70%,kvB<=16k,kp<=1k,0.1089,2
128,n<=4,sr<=70%,kvB<=16k,kp<=2k,0.0182,2
128,n<=4,sr<=70%,kvB<=16k,kp<=4k,0.0357,2
128,n<=4,sr<=70%,kvB<=16k,kp<=512,0.129,2
128,n<=4,sr<=70%,kvB<=16k,kp<=8k,0.0611,2
128,n<=4,sr<=70%,kvB<=16k,kp=0,0.0348,2
128,n<=4,sr<=70%,kvB<=1k,kp<=1k,0.0374,2
128,n<=4,sr<=70%,kvB<=1k,kp<=2k,0.0802,2
128,n<=4,sr<=70%,kvB<=1k,kp<=4k,0.2032,2
128,n<=4,sr<=70%,kvB<=1k,kp<=512,0.2083,2
128,n<=4,sr<=70%,kvB<=1k,kp<=8k,0.1572,2
128,n<=4,sr<=70%,kvB<=1k,kp=0,0.2237,2
128,n<=4,sr<=70%,kvB<=4k,kp<=1k,0.1471,2
128,n<=4,sr<=70%,kvB<=4k,kp<=2k,0.1695,2
128,n<=4,sr<=70%,kvB<=4k,kp<=4k,0.0239,2
128,n<=4,sr<=70%,kvB<=4k,kp<=512,0.1473,2
128,n<=4,sr<=70%,kvB<=4k,kp<=8k,0.1894,2
128,n<=4,sr<=70%,kvB<=4k,kp=0,0.0186,2
128,n<=4,sr>70%,kvB<=16k,kp<=1k,0.0872,2
128,n<=4,sr>70%,kvB<=16k,kp<=2k,0.0743,2
128,n<=4,sr>70%,kvB<=16k,kp<=4k,-0.0114,2
128,n<=4,sr>70%,kvB<=16k,kp<=512,0.2269,2
128,n<=4,sr>70%,kvB<=16k,kp<=8k,-0.0716,2
128,n<=4,sr>70%,kvB<=16k,kp=0,-0.1423,2
128,n<=4,sr>70%,kvB<=1k,kp<=1k,0.0945,2
128,n<=4,sr>70%,kvB<=1k,kp<=2k,0.3365,2
128,n<=4,sr>70%,kvB<=1k,kp<=4k,0.2886,2
128,n<=4,sr>70%,kvB<=1k,kp<=512,0.2426,2
128,n<=4,sr>70%,kvB<=1k,kp<=8k,0.5975,2
128,n<=4,sr>70%,kvB<=1k,kp=0,0.2511,2
128,n<=4,sr>70%,kvB<=4k,kp<=1k,0.2204,2
128,n<=4,sr>70%,kvB<=4k,kp<=2k,0.0418,2
128,n<=4,sr>70%,kvB<=4k,kp<=4k,-0.1131,2
128,n<=4,sr>70%,kvB<=4k,kp<=512,0.058,2
128,n<=4,sr>70%,kvB<=4k,kp<=8k,0.3573,2
128,n<=4,sr>70%,kvB<=4k,kp=0,-0.2325,2
128,n<=64,sr<=15%,kvB<=16k,kp<=1k,0.0036,4
128,n<=64,sr<=15%,kvB<=16k,kp<=2k,0.0043,4
128,n<=64,sr<=15%,kvB<=16k,kp<=4k,0.0048,4
128,n<=64,sr<=15%,kvB<=16k,kp<=512,0.0044,4
128,n<=64,sr<=15%,kvB<=16k,kp<=8k,0.0044,4
128,n<=64,sr<=15%,kvB<=16k,kp=0,0.0047,4
128,n<=64,sr<=15%,kvB<=1k,kp<=1k,0.0063,4
128,n<=64,sr<=15%,kvB<=1k,kp<=2k,0.0039,4
128,n<=64,sr<=15%,kvB<=1k,kp<=4k,0.0031,4
128,n<=64,sr<=15%,kvB<=1k,kp<=512,0.0098,4
128,n<=64,sr<=15%,kvB<=1k,kp<=8k,-0.0025,4
128,n<=64,sr<=15%,kvB<=1k,kp=0,0.0088,4
128,n<=64,sr<=15%,kvB<=4k,kp<=1k,0.0075,4
128,n<=64,sr<=15%,kvB<=4k,kp<=2k,0.0055,4
128,n<=64,sr<=15%,kvB<=4k,kp<=4k,0.0023,4
128,n<=64,sr<=15%,kvB<=4k,kp<=512,0.0061,4
128,n<=64,sr<=15%,kvB<=4k,kp<=8k,0.0029,4
128,n<=64,sr<=15%,kvB<=4k,kp=0,0.008,4
128,n<=64,sr<=40%,kvB<=16k,kp<=1k,-0.0001,2
128,n<=64,sr<=40%,kvB<=16k,kp<=2k,0.0007,2
128,n<=64,sr<=40%,kvB<=16k,kp<=4k,0.0006,2
128,n<=64,sr<=40%,kvB<=16k,kp<=512,0.0002,2
128,n<=64,sr<=40%,kvB<=16k,kp<=8k,-0.0001,2
128,n<=64,sr<=40%,kvB<=16k,kp=0,0.0018,2
128,n<=64,sr<=40%,kvB<=1k,kp<=1k,-0.0089,2
128,n<=64,sr<=40%,kvB<=1k,kp<=2k,-0.0094,2
128,n<=64,sr<=40%,kvB<=1k,kp<=4k,-0.0043,2
128,n<=64,sr<=40%,kvB<=1k,kp<=512,-0.0085,2
128,n<=64,sr<=40%,kvB<=1k,kp<=8k,0.0128,2
128,n<=64,sr<=40%,kvB<=1k,kp=0,-0.002,2
128,n<=64,sr<=40%,kvB<=4k,kp<=1k,0.0029,2
128,n<=64,sr<=40%,kvB<=4k,kp<=2k,0.0066,2
128,n<=64,sr<=40%,kvB<=4k,kp<=4k,0.0003,2
128,n<=64,sr<=40%,kvB<=4k,kp<=512,0.0017,2
128,n<=64,sr<=40%,kvB<=4k,kp<=8k,-0.0023,2
128,n<=64,sr<=40%,kvB<=4k,kp=0,0.005,2
128,n<=64,sr<=5%,kvB<=16k,kp<=1k,0.0049,6
128,n<=64,sr<=5%,kvB<=16k,kp<=2k,0.0054,6
128,n<=64,sr<=5%,kvB<=16k,kp<=4k,0.0045,6
128,n<=64,sr<=5%,kvB<=16k,kp<=512,0.0052,6
128,n<=64,sr<=5%,kvB<=16k,kp<=8k,0.0044,6
128,n<=64,sr<=5%,kvB<=16k,kp=0,0.0052,6
128,n<=64,sr<=5%,kvB<=1k,kp<=1k,-0.0002,6
128,n<=64,sr<=5%,kvB<=1k,kp<=2k,-0.0005,6
128,n<=64,sr<=5%,kvB<=1k,kp<=4k,0.0021,6
128,n<=64,sr<=5%,kvB<=1k,kp<=512,0.0046,6
128,n<=64,sr<=5%,kvB<=1k,kp<=8k,0.0028,6
128,n<=64,sr<=5%,kvB<=1k,kp=0,0.0046,6
128,n<=64,sr<=5%,kvB<=4k,kp<=1k,0.0063,6
128,n<=64,sr<=5%,kvB<=4k,kp<=2k,0.0044,6
128,n<=64,sr<=5%,kvB<=4k,kp<=4k,0.0018,6
128,n<=64,sr<=5%,kvB<=4k,kp<=512,0.0059,6
128,n<=64,sr<=5%,kvB<=4k,kp<=8k,0.0025,6
128,n<=64,sr<=5%,kvB<=4k,kp=0,0.0072,6
128,n<=64,sr<=70%,kvB<=16k,kp<=1k,0.0002,2
128,n<=64,sr<=70%,kvB<=16k,kp<=2k,-0.0002,2
128,n<=64,sr<=70%,kvB<=16k,kp<=4k,-0.0008,2
128,n<=64,sr<=70%,kvB<=16k,kp<=512,0.0,2
128,n<=64,sr<=70%,kvB<=16k,kp<=8k,-0.0009,2
128,n<=64,sr<=70%,kvB<=16k,kp=0,-0.0005,2
128,n<=64,sr<=70%,kvB<=1k,kp<=1k,0.0069,2
128,n<=64,sr<=70%,kvB<=1k,kp<=2k,0.0053,2
128,n<=64,sr<=70%,kvB<=1k,kp<=4k,0.0043,2
128,n<=64,sr<=70%,kvB<=1k,kp<=512,0.011,2
128,n<=64,sr<=70%,kvB<=1k,kp<=8k,-0.0127,2
128,n<=64,sr<=70%,kvB<=1k,kp=0,0.0155,2
128,n<=64,sr<=70%,kvB<=4k,kp<=1k,0.0066,2
128,n<=64,sr<=70%,kvB<=4k,kp<=2k,0.0045,2
128,n<=64,sr<=70%,kvB<=4k,kp<=4k,0.0041,2
128,n<=64,sr<=70%,kvB<=4k,kp<=512,0.0026,2
128,n<=64,sr<=70%,kvB<=4k,kp<=8k,0.0008,2
128,n<=64,sr<=70%,kvB<=4k,kp=0,0.0095,2
128,n<=64,sr>70%,kvB<=16k,kp<=1k,0.0153,4
128,n<=64,sr>70%,kvB<=16k,kp<=2k,0.0101,4
128,n<=64,sr>70%,kvB<=16k,kp<=4k,0.0038,4
128,n<=64,sr>70%,kvB<=16k,kp<=512,0.0105,4
128,n<=64,sr>70%,kvB<=16k,kp<=8k,0.0088,4
128,n<=64,sr>70%,kvB<=16k,kp=0,0.0164,4
128,n<=64,sr>70%,kvB<=1k,kp<=1k,0.0745,4
128,n<=64,sr>70%,kvB<=1k,kp<=2k,0.0766,4
128,n<=64,sr>70%,kvB<=1k,kp<=4k,0.0408,4
128,n<=64,sr>70%,kvB<=1k,kp<=512,0.0573,4
128,n<=64,sr>70%,kvB<=1k,kp<=8k,-0.0018,4
128,n<=64,sr>70%,kvB<=1k,kp=0,0.0838,4
128,n<=64,sr>70%,kvB<=4k,kp<=1k,0.0109,4
128,n<=64,sr>70%,kvB<=4k,kp<=2k,0.0237,4
128,n<=64,sr>70%,kvB<=4k,kp<=4k,0.0244,4
128,n<=64,sr>70%,kvB<=4k,kp<=512,0.0163,4
128,n<=64,sr>70%,kvB<=4k,kp<=8k,0.0149,4
128,n<=64,sr>70%,kvB<=4k,kp=0,0.0222,4
128,n<=8,sr<=15%,kvB<=16k,kp<=1k,0.0914,2
128,n<=8,sr<=15%,kvB<=16k,kp<=2k,0.0244,2
128,n<=8,sr<=15%,kvB<=16k,kp<=4k,-0.0566,2
128,n<=8,sr<=15%,kvB<=16k,kp<=512,0.0964,2
128,n<=8,sr<=15%,kvB<=16k,kp<=8k,-0.0543,2
128,n<=8,sr<=15%,kvB<=16k,kp=0,0.0632,2
128,n<=8,sr<=15%,kvB<=1k,kp<=1k,0.0897,2
128,n<=8,sr<=15%,kvB<=1k,kp<=2k,0.0963,2
128,n<=8,sr<=15%,kvB<=1k,kp<=4k,0.113,2
128,n<=8,sr<=15%,kvB<=1k,kp<=512,0.1638,2
128,n<=8,sr<=15%,kvB<=1k,kp<=8k,0.1008,2
128,n<=8,sr<=15%,kvB<=1k,kp=0,0.2027,2
128,n<=8,sr<=15%,kvB<=4k,kp<=1k,0.0848,2
128,n<=8,sr<=15%,kvB<=4k,kp<=2k,0.0807,2
128,n<=8,sr<=15%,kvB<=4k,kp<=4k,0.0131,2
128,n<=8,sr<=15%,kvB<=4k,kp<=512,0.0905,2
128,n<=8,sr<=15%,kvB<=4k,kp<=8k,0.0286,2
128,n<=8,sr<=15%,kvB<=4k,kp=0,0.1087,2
128,n<=8,sr<=40%,kvB<=16k,kp<=1k,0.127,4
128,n<=8,sr<=40%,kvB<=16k,kp<=2k,0.0094,4
128,n<=8,sr<=40%,kvB<=16k,kp<=4k,-0.0643,4
128,n<=8,sr<=40%,kvB<=16k,kp<=512,0.1605,4
128,n<=8,sr<=40%,kvB<=16k,kp<=8k,0.1324,4
128,n<=8,sr<=40%,kvB<=16k,kp=0,0.1314,4
128,n<=8,sr<=40%,kvB<=1k,kp<=1k,0.0898,4
128,n<=8,sr<=40%,kvB<=1k,kp<=2k,0.0642,4
128,n<=8,sr<=40%,kvB<=1k,kp<=4k,0.1214,4
128,n<=8,sr<=40%,kvB<=1k,kp<=512,0.1669,4
128,n<=8,sr<=40%,kvB<=1k,kp<=8k,0.071,4
128,n<=8,sr<=40%,kvB<=1k,kp=0,0.1852,4
128,n<=8,sr<=40%,kvB<=4k,kp<=1k,0.087,4
128,n<=8,sr<=40%,kvB<=4k,kp<=2k,0.1212,4
128,n<=8,sr<=40%,kvB<=4k,kp<=4k,0.1227,4
128,n<=8,sr<=40%,kvB<=4k,kp<=512,0.1139,4
128,n<=8,sr<=40%,kvB<=4k,kp<=8k,0.1839,4
128,n<=8,sr<=40%,kvB<=4k,kp=0,0.1006,4
128,n<=8,sr<=70%,kvB<=16k,kp<=1k,0.2195,2
128,n<=8,sr<=70%,kvB<=16k,kp<=2k,0.1774,2
128,n<=8,sr<=70%,kvB<=16k,kp<=4k,0.0091,2
128,n<=8,sr<=70%,kvB<=16k,kp<=512,0.3205,2
128,n<=8,sr<=70%,kvB<=16k,kp<=8k,0.1918,2
128,n<=8,sr<=70%,kvB<=16k,kp=0,0.4034,2
128,n<=8,sr<=70%,kvB<=1k,kp<=1k,0.0517,2
128,n<=8,sr<=70%,kvB<=1k,kp<=2k,0.0342,2
128,n<=8,sr<=70%,kvB<=1k,kp<=4k,0.0685,2
128,n<=8,sr<=70%,kvB<=1k,kp<=512,0.142,2
128,n<=8,sr<=70%,kvB<=1k,kp<=8k,0.0632,2
128,n<=8,sr<=70%,kvB<=1k,kp=0,0.1479,2
128,n<=8,sr<=70%,kvB<=4k,kp<=1k,0.156,2
128,n<=8,sr<=70%,kvB<=4k,kp<=2k,0.3528,2
128,n<=8,sr<=70%,kvB<=4k,kp<=4k,0.4624,2
128,n<=8,sr<=70%,kvB<=4k,kp<=512,0.1788,2
128,n<=8,sr<=70%,kvB<=4k,kp<=8k,0.7325,2
128,n<=8,sr<=70%,kvB<=4k,kp=0,0.1183,2
128,n<=8,sr>70%,kvB<=16k,kp<=1k,0.8328,4
128,n<=8,sr>70%,kvB<=16k,kp<=2k,0.4513,4
128,n<=8,sr>70%,kvB<=16k,kp<=4k,0.1732,4
128,n<=8,sr>70%,kvB<=16k,kp<=512,1.2461,4
128,n<=8,sr>70%,kvB<=16k,kp<=8k,0.4249,2
128,n<=8,sr>70%,kvB<=16k,kp=0,1.41,4
128,n<=8,sr>70%,kvB<=1k,kp<=1k,0.3269,4
128,n<=8,sr>70%,kvB<=1k,kp<=2k,0.2683,4
128,n<=8,sr>70%,kvB<=1k,kp<=4k,0.2252,4
128,n<=8,sr>70%,kvB<=1k,kp<=512,0.2797,4
128,n<=8,sr>70%,kvB<=1k,kp<=8k,0.1976,4
128,n<=8,sr>70%,kvB<=1k,kp=0,0.2672,4
128,n<=8,sr>70%,kvB<=4k,kp<=1k,0.2844,4
128,n<=8,sr>70%,kvB<=4k,kp<=2k,0.8312,3
128,n<=8,sr>70%,kvB<=4k,kp<=4k,1.9785,4
128,n<=8,sr>70%,kvB<=4k,kp<=512,0.7941,4
128,n<=8,sr>70%,kvB<=4k,kp<=8k,2.3869,4
128,n<=8,sr>70%,kvB<=4k,kp=0,0.8385,4
256,n<=128,sr<=15%,kvB<=16k,kp<=1k,0.001,4
256,n<=128,sr<=15%,kvB<=16k,kp<=2k,0.0007,4
256,n<=128,sr<=15%,kvB<=16k,kp<=4k,0.0014,4
256,n<=128,sr<=15%,kvB<=16k,kp<=512,0.0012,4
256,n<=128,sr<=15%,kvB<=16k,kp<=8k,0.0021,4
256,n<=128,sr<=15%,kvB<=16k,kp=0,0.0011,4
256,n<=128,sr<=15%,kvB<=1k,kp<=1k,0.0047,4
256,n<=128,sr<=15%,kvB<=1k,kp<=2k,0.0046,4
256,n<=128,sr<=15%,kvB<=1k,kp<=4k,0.0089,4
256,n<=128,sr<=15%,kvB<=1k,kp<=512,0.0049,4
256,n<=128,sr<=15%,kvB<=1k,kp<=8k,0.0168,4
256,n<=128,sr<=15%,kvB<=1k,kp=0,0.0053,4
256,n<=128,sr<=15%,kvB<=4k,kp<=1k,0.0013,4
256,n<=128,sr<=15%,kvB<=4k,kp<=2k,0.0025,4
256,n<=128,sr<=15%,kvB<=4k,kp<=4k,0.0004,4
256,n<=128,sr<=15%,kvB<=4k,kp<=512,0.0012,4
256,n<=128,sr<=15%,kvB<=4k,kp<=8k,0.0002,4
256,n<=128,sr<=15%,kvB<=4k,kp=0,0.0011,4
256,n<=128,sr<=40%,kvB<=16k,kp<=1k,-0.0001,2
256,n<=128,sr<=40%,kvB<=16k,kp<=2k,-0.0003,2
256,n<=128,sr<=40%,kvB<=16k,kp<=4k,0.0012,2
256,n<=128,sr<=40%,kvB<=16k,kp<=512,-0.0,2
256,n<=128,sr<=40%,kvB<=16k,kp<=8k,-0.0004,2
256,n<=128,sr<=40%,kvB<=16k,kp=0,0.0001,2
256,n<=128,sr<=40%,kvB<=1k,kp<=1k,0.005,2
256,n<=128,sr<=40%,kvB<=1k,kp<=2k,0.0034,2
256,n<=128,sr<=40%,kvB<=1k,kp<=4k,0.0117,2
256,n<=128,sr<=40%,kvB<=1k,kp<=512,0.0045,2
256,n<=128,sr<=40%,kvB<=1k,kp<=8k,0.025,2
256,n<=128,sr<=40%,kvB<=1k,kp=0,0.0036,2
256,n<=128,sr<=40%,kvB<=4k,kp<=1k,0.0002,2
256,n<=128,sr<=40%,kvB<=4k,kp<=2k,-0.0003,2
256,n<=128,sr<=40%,kvB<=4k,kp<=4k,0.0005,2
256,n<=128,sr<=40%,kvB<=4k,kp<=512,0.0005,2
256,n<=128,sr<=40%,kvB<=4k,kp<=8k,-0.0001,2
256,n<=128,sr<=40%,kvB<=4k,kp=0,0.0001,2
256,n<=128,sr<=5%,kvB<=16k,kp<=1k,0.0018,8
256,n<=128,sr<=5%,kvB<=16k,kp<=2k,0.0016,8
256,n<=128,sr<=5%,kvB<=16k,kp<=4k,0.0016,8
256,n<=128,sr<=5%,kvB<=16k,kp<=512,0.0017,8
256,n<=128,sr<=5%,kvB<=16k,kp<=8k,0.0015,8
256,n<=128,sr<=5%,kvB<=16k,kp=0,0.0017,8
256,n<=128,sr<=5%,kvB<=1k,kp<=1k,-0.0008,8
256,n<=128,sr<=5%,kvB<=1k,kp<=2k,-0.0009,8
256,n<=128,sr<=5%,kvB<=1k,kp<=4k,0.0005,8
256,n<=128,sr<=5%,kvB<=1k,kp<=512,-0.0005,8
256,n<=128,sr<=5%,kvB<=1k,kp<=8k,0.0014,8
256,n<=128,sr<=5%,kvB<=1k,kp=0,-0.0002,8
256,n<=128,sr<=5%,kvB<=4k,kp<=1k,0.002,8
256,n<=128,sr<=5%,kvB<=4k,kp<=2k,0.0016,8
256,n<=128,sr<=5%,kvB<=4k,kp<=4k,0.0008,8
256,n<=128,sr<=5%,kvB<=4k,kp<=512,0.0016,8
256,n<=128,sr<=5%,kvB<=4k,kp<=8k,0.0002,8
256,n<=128,sr<=5%,kvB<=4k,kp=0,0.0025,8
256,n<=128,sr<=70%,kvB<=16k,kp<=1k,-0.0013,2
256,n<=128,sr<=70%,kvB<=16k,kp<=2k,-0.0019,2
256,n<=128,sr<=70%,kvB<=16k,kp<=4k,-0.0041,2
256,n<=128,sr<=70%,kvB<=16k,kp<=512,-0.0015,2
256,n<=128,sr<=70%,kvB<=16k,kp<=8k,-0.0063,2
256,n<=128,sr<=70%,kvB<=16k,kp=0,-0.0006,2
256,n<=128,sr<=70%,kvB<=1k,kp<=1k,0.0067,2
256,n<=128,sr<=70%,kvB<=1k,kp<=2k,0.0135,2
256,n<=128,sr<=70%,kvB<=1k,kp<=4k,0.0133,2
256,n<=128,sr<=70%,kvB<=1k,kp<=512,0.0047,2
256,n<=128,sr<=70%,kvB<=1k,kp<=8k,0.0256,2
256,n<=128,sr<=70%,kvB<=1k,kp=0,0.0035,2
256,n<=128,sr<=70%,kvB<=4k,kp<=1k,-0.0024,2
256,n<=128,sr<=70%,kvB<=4k,kp<=2k,-0.0023,2
256,n<=128,sr<=70%,kvB<=4k,kp<=4k,-0.0012,2
256,n<=128,sr<=70%,kvB<=4k,kp<=512,-0.001,2
256,n<=128,sr<=70%,kvB<=4k,kp<=8k,-0.0,2
256,n<=128,sr<=70%,kvB<=4k,kp=0,-0.0016,2
256,n<=128,sr>70%,kvB<=16k,kp<=1k,0.0015,4
256,n<=128,sr>70%,kvB<=16k,kp<=2k,-0.0013,4
256,n<=128,sr>70%,kvB<=16k,kp<=4k,-0.0043,4
256,n<=128,sr>70%,kvB<=16k,kp<=512,0.001,4
256,n<=128,sr>70%,kvB<=16k,kp<=8k,0.0047,4
256,n<=128,sr>70%,kvB<=16k,kp=0,0.002,4
256,n<=128,sr>70%,kvB<=1k,kp<=1k,-0.001,4
256,n<=128,sr>70%,kvB<=1k,kp<=2k,-0.0043,4
256,n<=128,sr>70%,kvB<=1k,kp<=4k,0.0073,4
256,n<=128,sr>70%,kvB<=1k,kp<=512,0.0095,4
256,n<=128,sr>70%,kvB<=1k,kp<=8k,0.0268,4
256,n<=128,sr>70%,kvB<=1k,kp=0,0.0052,4
256,n<=128,sr>70%,kvB<=4k,kp<=1k,0.0015,4
256,n<=128,sr>70%,kvB<=4k,kp<=2k,0.0056,4
256,n<=128,sr>70%,kvB<=4k,kp<=4k,0.0089,4
256,n<=128,sr>70%,kvB<=4k,kp<=512,0.0039,4
256,n<=128,sr>70%,kvB<=4k,kp<=8k,-0.0003,4
256,n<=128,sr>70%,kvB<=4k,kp=0,0.0023,4
256,n<=16,sr<=15%,kvB<=16k,kp<=1k,0.024,4
256,n<=16,sr<=15%,kvB<=16k,kp<=2k,-0.0,4
256,n<=16,sr<=15%,kvB<=16k,kp<=4k,-0.0592,4
256,n<=16,sr<=15%,kvB<=16k,kp<=512,0.0254,4
256,n<=16,sr<=15%,kvB<=16k,kp<=8k,-0.0054,4
256,n<=16,sr<=15%,kvB<=16k,kp=0,0.0498,4
256,n<=16,sr<=15%,kvB<=1k,kp<=1k,0.0705,4
256,n<=16,sr<=15%,kvB<=1k,kp<=2k,0.066,4
256,n<=16,sr<=15%,kvB<=1k,kp<=4k,0.0805,4
256,n<=16,sr<=15%,kvB<=1k,kp<=512,0.0686,4
256,n<=16,sr<=15%,kvB<=1k,kp<=8k,0.0346,4
256,n<=16,sr<=15%,kvB<=1k,kp=0,0.0993,4
256,n<=16,sr<=15%,kvB<=4k,kp<=1k,0.0205,4
256,n<=16,sr<=15%,kvB<=4k,kp<=2k,-0.0237,4
256,n<=16,sr<=15%,kvB<=4k,kp<=4k,0.0559,4
256,n<=16,sr<=15%,kvB<=4k,kp<=512,0.0312,4
256,n<=16,sr<=15%,kvB<=4k,kp<=8k,0.0209,4
256,n<=16,sr<=15%,kvB<=4k,kp=0,0.0718,4
256,n<=16,sr<=40%,kvB<=16k,kp<=1k,0.0358,4
256,n<=16,sr<=40%,kvB<=16k,kp<=2k,-0.0105,4
256,n<=16,sr<=40%,kvB<=16k,kp<=4k,-0.0364,4
256,n<=16,sr<=40%,kvB<=16k,kp<=512,0.0513,4
256,n<=16,sr<=40%,kvB<=16k,kp<=8k,0.0425,4
256,n<=16,sr<=40%,kvB<=16k,kp=0,0.0849,4
256,n<=16,sr<=40%,kvB<=1k,kp<=1k,0.0709,4
256,n<=16,sr<=40%,kvB<=1k,kp<=2k,0.069,4
256,n<=16,sr<=40%,kvB<=1k,kp<=4k,0.0835,4
256,n<=16,sr<=40%,kvB<=1k,kp<=512,0.0695,4
256,n<=16,sr<=40%,kvB<=1k,kp<=8k,0.0812,4
256,n<=16,sr<=40%,kvB<=1k,kp=0,0.0879,4
256,n<=16,sr<=40%,kvB<=4k,kp<=1k,-0.0154,4
256,n<=16,sr<=40%,kvB<=4k,kp<=2k,0.1058,4
256,n<=16,sr<=40%,kvB<=4k,kp<=4k,0.1484,4
256,n<=16,sr<=40%,kvB<=4k,kp<=512,-0.0079,4
256,n<=16,sr<=40%,kvB<=4k,kp<=8k,0.095,4
256,n<=16,sr<=40%,kvB<=4k,kp=0,0.1425,4
256,n<=16,sr<=70%,kvB<=16k,kp<=1k,0.1054,2
256,n<=16,sr<=70%,kvB<=16k,kp<=2k,0.0224,2
256,n<=16,sr<=70%,kvB<=16k,kp<=4k,0.0116,2
256,n<=16,sr<=70%,kvB<=16k,kp<=512,0.1312,2
256,n<=16,sr<=70%,kvB<=16k,kp<=8k,0.0652,2
256,n<=16,sr<=70%,kvB<=16k,kp=0,0.2875,2
256,n<=16,sr<=70%,kvB<=1k,kp<=1k,0.0308,2
256,n<=16,sr<=70%,kvB<=1k,kp<=2k,0.0665,2
256,n<=16,sr<=70%,kvB<=1k,kp<=4k,0.056,2
256,n<=16,sr<=70%,kvB<=1k,kp<=512,0.0143,2
256,n<=16,sr<=70%,kvB<=1k,kp<=8k,0.1329,2
256,n<=16,sr<=70%,kvB<=1k,kp=0,0.0492,2
256,n<=16,sr<=70%,kvB<=4k,kp<=1k,0.0979,2
256,n<=16,sr<=70%,kvB<=4k,kp<=2k,0.2321,2
256,n<=16,sr<=70%,kvB<=4k,kp<=4k,0.4146,2
256,n<=16,sr<=70%,kvB<=4k,kp<=512,0.0462,2
256,n<=16,sr<=70%,kvB<=4k,kp<=8k,0.3319,2
256,n<=16,sr<=70%,kvB<=4k,kp=0,0.4135,2
256,n<=16,sr>70%,kvB<=16k,kp<=1k,0.3423,4
256,n<=16,sr>70%,kvB<=16k,kp<=2k,0.2491,4
256,n<=16,sr>70%,kvB<=16k,kp<=4k,0.1269,4
256,n<=16,sr>70%,kvB<=16k,kp<=512,0.4008,4
256,n<=16,sr>70%,kvB<=16k,kp<=8k,0.2886,4
256,n<=16,sr>70%,kvB<=16k,kp=0,0.878,4
256,n<=16,sr>70%,kvB<=1k,kp<=1k,0.376,4
256,n<=16,sr>70%,kvB<=1k,kp<=2k,0.7932,4
256,n<=16,sr>70%,kvB<=1k,kp<=4k,0.5333,4
256,n<=16,sr>70%,kvB<=1k,kp<=512,0.1883,4
256,n<=16,sr>70%,kvB<=1k,kp<=8k,0.5809,4
256,n<=16,sr>70%,kvB<=1k,kp=0,0.2269,4
256,n<=16,sr>70%,kvB<=4k,kp<=1k,0.1373,4
256,n<=16,sr>70%,kvB<=4k,kp<=2k,0.4041,3
256,n<=16,sr>70%,kvB<=4k,kp<=4k,1.9297,3
256,n<=16,sr>70%,kvB<=4k,kp<=512,0.3481,4
256,n<=16,sr>70%,kvB<=4k,kp<=8k,0.7196,4
256,n<=16,sr>70%,kvB<=4k,kp=0,1.7739,4
256,n<=2,sr<=70%,kvB<=16k,kp<=1k,0.3854,2
256,n<=2,sr<=70%,kvB<=16k,kp<=2k,0.4454,2
256,n<=2,sr<=70%,kvB<=16k,kp<=4k,0.42,2
256,n<=2,sr<=70%,kvB<=16k,kp<=512,0.3266,2
256,n<=2,sr<=70%,kvB<=16k,kp<=8k,0.241,2
256,n<=2,sr<=70%,kvB<=16k,kp=0,0.2551,2
256,n<=2,sr<=70%,kvB<=1k,kp<=1k,-0.0385,2
256,n<=2,sr<=70%,kvB<=1k,kp<=2k,0.0333,2
256,n<=2,sr<=70%,kvB<=1k,kp<=4k,0.4379,2
256,n<=2,sr<=70%,kvB<=1k,kp<=512,0.3816,2
256,n<=2,sr<=70%,kvB<=1k,kp<=8k,0.712,1
256,n<=2,sr<=70%,kvB<=1k,kp=0,0.3946,2
256,n<=2,sr<=70%,kvB<=4k,kp<=1k,0.3955,2
256,n<=2,sr<=70%,kvB<=4k,kp<=2k,0.2531,2
256,n<=2,sr<=70%,kvB<=4k,kp<=4k,-0.23,2
256,n<=2,sr<=70%,kvB<=4k,kp<=512,0.4203,2
256,n<=2,sr<=70%,kvB<=4k,kp<=8k,-0.0436,2
256,n<=2,sr<=70%,kvB<=4k,kp=0,0.443,2
256,n<=32,sr<=15%,kvB<=16k,kp<=1k,0.0126,6
256,n<=32,sr<=15%,kvB<=16k,kp<=2k,0.0081,6
256,n<=32,sr<=15%,kvB<=16k,kp<=4k,0.0019,6
256,n<=32,sr<=15%,kvB<=16k,kp<=512,0.0125,6
256,n<=32,sr<=15%,kvB<=16k,kp<=8k,0.0071,6
256,n<=32,sr<=15%,kvB<=16k,kp=0,0.0317,6
256,n<=32,sr<=15%,kvB<=1k,kp<=1k,0.0421,6
256,n<=32,sr<=15%,kvB<=1k,kp<=2k,0.0361,6
256,n<=32,sr<=15%,kvB<=1k,kp<=4k,0.0217,6
256,n<=32,sr<=15%,kvB<=1k,kp<=512,0.0342,6
256,n<=32,sr<=15%,kvB<=1k,kp<=8k,0.0322,6
256,n<=32,sr<=15%,kvB<=1k,kp=0,0.0398,6
256,n<=32,sr<=15%,kvB<=4k,kp<=1k,0.0342,6
256,n<=32,sr<=15%,kvB<=4k,kp<=2k,0.0187,6
256,n<=32,sr<=15%,kvB<=4k,kp<=4k,0.0479,6
256,n<=32,sr<=15%,kvB<=4k,kp<=512,0.0219,6
256,n<=32,sr<=15%,kvB<=4k,kp<=8k,0.015,6
256,n<=32,sr<=15%,kvB<=4k,kp=0,0.0508,6
256,n<=32,sr<=40%,kvB<=16k,kp<=1k,0.0159,2
256,n<=32,sr<=40%,kvB<=16k,kp<=2k,0.0154,2
256,n<=32,sr<=40%,kvB<=16k,kp<=4k,0.0178,2
256,n<=32,sr<=40%,kvB<=16k,kp<=512,0.0176,2
256,n<=32,sr<=40%,kvB<=16k,kp<=8k,0.0183,2
256,n<=32,sr<=40%,kvB<=16k,kp=0,0.057,2
256,n<=32,sr<=40%,kvB<=1k,kp<=1k,0.0968,2
256,n<=32,sr<=40%,kvB<=1k,kp<=2k,0.08,2
256,n<=32,sr<=40%,kvB<=1k,kp<=4k,0.0128,2
256,n<=32,sr<=40%,kvB<=1k,kp<=512,0.0214,2
256,n<=32,sr<=40%,kvB<=1k,kp<=8k,0.0369,2
256,n<=32,sr<=40%,kvB<=1k,kp=0,0.0394,2
256,n<=32,sr<=40%,kvB<=4k,kp<=1k,0.0802,2
256,n<=32,sr<=40%,kvB<=4k,kp<=2k,0.1817,2
256,n<=32,sr<=40%,kvB<=4k,kp<=4k,0.1221,2
256,n<=32,sr<=40%,kvB<=4k,kp<=512,0.0449,2
256,n<=32,sr<=40%,kvB<=4k,kp<=8k,0.0398,2
256,n<=32,sr<=40%,kvB<=4k,kp=0,0.1284,2
256,n<=32,sr<=5%,kvB<=16k,kp<=1k,0.0116,2
256,n<=32,sr<=5%,kvB<=16k,kp<=2k,0.0089,2
256,n<=32,sr<=5%,kvB<=16k,kp<=4k,0.0102,2
256,n<=32,sr<=5%,kvB<=16k,kp<=512,0.0112,2
256,n<=32,sr<=5%,kvB<=16k,kp<=8k,0.0091,2
256,n<=32,sr<=5%,kvB<=16k,kp=0,0.0221,2
256,n<=32,sr<=5%,kvB<=1k,kp<=1k,0.0122,2
256,n<=32,sr<=5%,kvB<=1k,kp<=2k,0.0111,2
256,n<=32,sr<=5%,kvB<=1k,kp<=4k,0.0051,2
256,n<=32,sr<=5%,kvB<=1k,kp<=512,0.0143,2
256,n<=32,sr<=5%,kvB<=1k,kp<=8k,0.0149,2
256,n<=32,sr<=5%,kvB<=1k,kp=0,0.0207,2
256,n<=32,sr<=5%,kvB<=4k,kp<=1k,0.0223,2
256,n<=32,sr<=5%,kvB<=4k,kp<=2k,-0.0164,2
256,n<=32,sr<=5%,kvB<=4k,kp<=4k,0.0445,2
256,n<=32,sr<=5%,kvB<=4k,kp<=512,0.0064,2
256,n<=32,sr<=5%,kvB<=4k,kp<=8k,0.0096,2
256,n<=32,sr<=5%,kvB<=4k,kp=0,0.0301,2
256,n<=32,sr<=70%,kvB<=16k,kp<=1k,0.0473,2
256,n<=32,sr<=70%,kvB<=16k,kp<=2k,0.0386,2
256,n<=32,sr<=70%,kvB<=16k,kp<=4k,0.0325,2
256,n<=32,sr<=70%,kvB<=16k,kp<=512,0.0449,2
256,n<=32,sr<=70%,kvB<=16k,kp<=8k,0.0624,2
256,n<=32,sr<=70%,kvB<=16k,kp=0,0.1405,2
256,n<=32,sr<=70%,kvB<=1k,kp<=1k,0.1186,2
256,n<=32,sr<=70%,kvB<=1k,kp<=2k,0.2793,2
256,n<=32,sr<=70%,kvB<=1k,kp<=4k,0.081,2
256,n<=32,sr<=70%,kvB<=1k,kp<=512,0.3128,2
256,n<=32,sr<=70%,kvB<=1k,kp<=8k,-0.0552,2
256,n<=32,sr<=70%,kvB<=1k,kp=0,0.1081,2
256,n<=32,sr<=70%,kvB<=4k,kp<=1k,0.0784,2
256,n<=32,sr<=70%,kvB<=4k,kp<=2k,0.0791,2
256,n<=32,sr<=70%,kvB<=4k,kp<=4k,0.0706,2
256,n<=32,sr<=70%,kvB<=4k,kp<=512,0.0469,2
256,n<=32,sr<=70%,kvB<=4k,kp<=8k,0.1525,2
256,n<=32,sr<=70%,kvB<=4k,kp=0,0.2413,2
256,n<=32,sr>70%,kvB<=16k,kp<=1k,0.0764,4
256,n<=32,sr>70%,kvB<=16k,kp<=2k,0.087,4
256,n<=32,sr>70%,kvB<=16k,kp<=4k,0.0959,4
256,n<=32,sr>70%,kvB<=16k,kp<=512,0.0904,4
256,n<=32,sr>70%,kvB<=16k,kp<=8k,0.0937,4
256,n<=32,sr>70%,kvB<=16k,kp=0,0.2863,4
256,n<=32,sr>70%,kvB<=1k,kp<=1k,1.1397,4
256,n<=32,sr>70%,kvB<=1k,kp<=2k,1.0022,4
256,n<=32,sr>70%,kvB<=1k,kp<=4k,0.3526,4
256,n<=32,sr>70%,kvB<=1k,kp<=512,0.6115,4
256,n<=32,sr>70%,kvB<=1k,kp<=8k,0.1217,4
256,n<=32,sr>70%,kvB<=1k,kp=0,0.3804,4
256,n<=32,sr>70%,kvB<=4k,kp<=1k,0.106,4
256,n<=32,sr>70%,kvB<=4k,kp<=2k,0.265,4
256,n<=32,sr>70%,kvB<=4k,kp<=4k,0.275,4
256,n<=32,sr>70%,kvB<=4k,kp<=512,0.0857,4
256,n<=32,sr>70%,kvB<=4k,kp<=8k,0.0226,4
256,n<=32,sr>70%,kvB<=4k,kp=0,0.5479,4
256,n<=4,sr<=40%,kvB<=16k,kp<=1k,0.1384,2
256,n<=4,sr<=40%,kvB<=16k,kp<=2k,0.1496,2
256,n<=4,sr<=40%,kvB<=16k,kp<=4k,0.1359,2
256,n<=4,sr<=40%,kvB<=16k,kp<=512,0.1193,2
256,n<=4,sr<=40%,kvB<=16k,kp<=8k,0.1396,2
256,n<=4,sr<=40%,kvB<=16k,kp=0,0.1309,2
256,n<=4,sr<=40%,kvB<=1k,kp<=1k,0.0914,2
256,n<=4,sr<=40%,kvB<=1k,kp<=2k,0.1101,2
256,n<=4,sr<=40%,kvB<=1k,kp<=4k,0.0068,2
256,n<=4,sr<=40%,kvB<=1k,kp<=512,0.204,2
256,n<=4,sr<=40%,kvB<=1k,kp<=8k,0.1604,2
256,n<=4,sr<=40%,kvB<=1k,kp=0,0.3028,2
256,n<=4,sr<=40%,kvB<=4k,kp<=1k,0.2184,2
256,n<=4,sr<=40%,kvB<=4k,kp<=2k,0.1469,2
256,n<=4,sr<=40%,kvB<=4k,kp<=4k,0.0244,2
256,n<=4,sr<=40%,kvB<=4k,kp<=512,0.2115,2
256,n<=4,sr<=40%,kvB<=4k,kp<=8k,0.0674,2
256,n<=4,sr<=40%,kvB<=4k,kp=0,0.1976,2
256,n<=4,sr<=70%,kvB<=16k,kp<=1k,0.135,2
256,n<=4,sr<=70%,kvB<=16k,kp<=2k,0.0945,2
256,n<=4,sr<=70%,kvB<=16k,kp<=4k,-0.1553,2
256,n<=4,sr<=70%,kvB<=16k,kp<=512,0.1313,2
256,n<=4,sr<=70%,kvB<=16k,kp<=8k,0.0702,2
256,n<=4,sr<=70%,kvB<=16k,kp=0,0.0914,2
256,n<=4,sr<=70%,kvB<=1k,kp<=1k,0.0254,2
256,n<=4,sr<=70%,kvB<=1k,kp<=2k,0.0086,2
256,n<=4,sr<=70%,kvB<=1k,kp<=4k,0.1192,2
256,n<=4,sr<=70%,kvB<=1k,kp<=512,0.1126,2
256,n<=4,sr<=70%,kvB<=1k,kp<=8k,-0.4059,2
256,n<=4,sr<=70%,kvB<=1k,kp=0,0.2542,2
256,n<=4,sr<=70%,kvB<=4k,kp<=1k,0.2102,2
256,n<=4,sr<=70%,kvB<=4k,kp<=2k,0.1055,2
256,n<=4,sr<=70%,kvB<=4k,kp<=4k,0.0151,2
256,n<=4,sr<=70%,kvB<=4k,kp<=512,0.186,2
256,n<=4,sr<=70%,kvB<=4k,kp<=8k,0.0456,2
256,n<=4,sr<=70%,kvB<=4k,kp=0,0.1225,2
256,n<=4,sr>70%,kvB<=16k,kp<=1k,0.1496,2
256,n<=4,sr>70%,kvB<=16k,kp<=2k,-0.0354,2
256,n<=4,sr>70%,kvB<=16k,kp<=4k,-0.3352,2
256,n<=4,sr>70%,kvB<=16k,kp<=512,0.1127,2
256,n<=4,sr>70%,kvB<=16k,kp<=8k,-0.2403,1
256,n<=4,sr>70%,kvB<=16k,kp=0,0.0774,2
256,n<=4,sr>70%,kvB<=1k,kp<=1k,0.1847,2
256,n<=4,sr>70%,kvB<=1k,kp<=2k,0.3511,2
256,n<=4,sr>70%,kvB<=1k,kp<=4k,0.2247,2
256,n<=4,sr>70%,kvB<=1k,kp<=512,0.2519,2
256,n<=4,sr>70%,kvB<=1k,kp<=8k,0.3163,1
256,n<=4,sr>70%,kvB<=1k,kp=0,0.3167,2
256,n<=4,sr>70%,kvB<=4k,kp<=1k,0.0504,2
256,n<=4,sr>70%,kvB<=4k,kp<=2k,0.0434,2
256,n<=4,sr>70%,kvB<=4k,kp<=4k,-0.0362,2
256,n<=4,sr>70%,kvB<=4k,kp<=512,0.2101,2
256,n<=4,sr>70%,kvB<=4k,kp<=8k,0.2211,2
256,n<=4,sr>70%,kvB<=4k,kp=0,-0.0705,2
256,n<=64,sr<=15%,kvB<=16k,kp<=1k,0.0038,4
256,n<=64,sr<=15%,kvB<=16k,kp<=2k,0.005,4
256,n<=64,sr<=15%,kvB<=16k,kp<=4k,0.0046,4
256,n<=64,sr<=15%,kvB<=16k,kp<=512,0.0037,4
256,n<=64,sr<=15%,kvB<=16k,kp<=8k,0.0031,4
256,n<=64,sr<=15%,kvB<=16k,kp=0,0.0046,4
256,n<=64,sr<=15%,kvB<=1k,kp<=1k,0.0034,4
256,n<=64,sr<=15%,kvB<=1k,kp<=2k,0.0041,4
256,n<=64,sr<=15%,kvB<=1k,kp<=4k,0.0052,4
256,n<=64,sr<=15%,kvB<=1k,kp<=512,0.0052,4
256,n<=64,sr<=15%,kvB<=1k,kp<=8k,0.0127,4
256,n<=64,sr<=15%,kvB<=1k,kp=0,0.0041,4
256,n<=64,sr<=15%,kvB<=4k,kp<=1k,0.0049,4
256,n<=64,sr<=15%,kvB<=4k,kp<=2k,0.003,4
256,n<=64,sr<=15%,kvB<=4k,kp<=4k,0.0002,4
256,n<=64,sr<=15%,kvB<=4k,kp<=512,0.0043,4
256,n<=64,sr<=15%,kvB<=4k,kp<=8k,-0.0017,4
256,n<=64,sr<=15%,kvB<=4k,kp=0,0.0039,4
256,n<=64,sr<=40%,kvB<=16k,kp<=1k,-0.0015,2
256,n<=64,sr<=40%,kvB<=16k,kp<=2k,-0.0008,2
256,n<=64,sr<=40%,kvB<=16k,kp<=4k,-0.0008,2
256,n<=64,sr<=40%,kvB<=16k,kp<=512,-0.0014,2
256,n<=64,sr<=40%,kvB<=16k,kp<=8k,-0.0017,2
256,n<=64,sr<=40%,kvB<=16k,kp=0,0.0016,2
256,n<=64,sr<=40%,kvB<=1k,kp<=1k,-0.0061,2
256,n<=64,sr<=40%,kvB<=1k,kp<=2k,-0.0022,2
256,n<=64,sr<=40%,kvB<=1k,kp<=4k,0.0065,2
256,n<=64,sr<=40%,kvB<=1k,kp<=512,-0.0016,2
256,n<=64,sr<=40%,kvB<=1k,kp<=8k,0.0213,2
256,n<=64,sr<=40%,kvB<=1k,kp=0,-0.0033,2
256,n<=64,sr<=40%,kvB<=4k,kp<=1k,0.0006,2
256,n<=64,sr<=40%,kvB<=4k,kp<=2k,-0.0005,2
256,n<=64,sr<=40%,kvB<=4k,kp<=4k,-0.0003,2
256,n<=64,sr<=40%,kvB<=4k,kp<=512,0.0004,2
256,n<=64,sr<=40%,kvB<=4k,kp<=8k,-0.0054,2
256,n<=64,sr<=40%,kvB<=4k,kp=0,-0.0002,2
256,n<=64,sr<=5%,kvB<=16k,kp<=1k,0.0045,6
256,n<=64,sr<=5%,kvB<=16k,kp<=2k,0.0048,6
256,n<=64,sr<=5%,kvB<=16k,kp<=4k,0.0046,6
256,n<=64,sr<=5%,kvB<=16k,kp<=512,0.0046,6
256,n<=64,sr<=5%,kvB<=16k,kp<=8k,0.0057,6
256,n<=64,sr<=5%,kvB<=16k,kp=0,0.0048,6
256,n<=64,sr<=5%,kvB<=1k,kp<=1k,0.0011,6
256,n<=64,sr<=5%,kvB<=1k,kp<=2k,0.0001,6
256,n<=64,sr<=5%,kvB<=1k,kp<=4k,0.0018,6
256,n<=64,sr<=5%,kvB<=1k,kp<=512,0.0055,6
256,n<=64,sr<=5%,kvB<=1k,kp<=8k,0.0011,6
256,n<=64,sr<=5%,kvB<=1k,kp=0,0.0015,6
256,n<=64,sr<=5%,kvB<=4k,kp<=1k,0.0055,6
256,n<=64,sr<=5%,kvB<=4k,kp<=2k,0.0043,6
256,n<=64,sr<=5%,kvB<=4k,kp<=4k,0.0027,6
256,n<=64,sr<=5%,kvB<=4k,kp<=512,0.004,6
256,n<=64,sr<=5%,kvB<=4k,kp<=8k,-0.0003,6
256,n<=64,sr<=5%,kvB<=4k,kp=0,0.0048,6
256,n<=64,sr<=70%,kvB<=16k,kp<=1k,-0.0024,2
256,n<=64,sr<=70%,kvB<=16k,kp<=2k,-0.0036,2
256,n<=64,sr<=70%,kvB<=16k,kp<=4k,-0.0054,2
256,n<=64,sr<=70%,kvB<=16k,kp<=512,-0.0019,2
256,n<=64,sr<=70%,kvB<=16k,kp<=8k,-0.0097,2
256,n<=64,sr<=70%,kvB<=16k,kp=0,0.0003,2
256,n<=64,sr<=70%,kvB<=1k,kp<=1k,-0.0039,2
256,n<=64,sr<=70%,kvB<=1k,kp<=2k,-0.0016,2
256,n<=64,sr<=70%,kvB<=1k,kp<=4k,0.0092,2
256,n<=64,sr<=70%,kvB<=1k,kp<=512,0.002,2
256,n<=64,sr<=70%,kvB<=1k,kp<=8k,0.0258,2
256,n<=64,sr<=70%,kvB<=1k,kp=0,-0.0008,2
256,n<=64,sr<=70%,kvB<=4k,kp<=1k,-0.0006,2
256,n<=64,sr<=70%,kvB<=4k,kp<=2k,0.0009,2
256,n<=64,sr<=70%,kvB<=4k,kp<=4k,-0.0021,2
256,n<=64,sr<=70%,kvB<=4k,kp<=512,-0.0028,2
256,n<=64,sr<=70%,kvB<=4k,kp<=8k,-0.0066,2
256,n<=64,sr<=70%,kvB<=4k,kp=0,0.0037,2
256,n<=64,sr>70%,kvB<=16k,kp<=1k,0.0029,4
256,n<=64,sr>70%,kvB<=16k,kp<=2k,0.0032,4
256,n<=64,sr>70%,kvB<=16k,kp<=4k,0.0078,4
256,n<=64,sr>70%,kvB<=16k,kp<=512,0.0018,4
256,n<=64,sr>70%,kvB<=16k,kp<=8k,0.0162,4
256,n<=64,sr>70%,kvB<=16k,kp=0,0.0141,4
256,n<=64,sr>70%,kvB<=1k,kp<=1k,0.0412,4
256,n<=64,sr>70%,kvB<=1k,kp<=2k,0.0214,4
256,n<=64,sr>70%,kvB<=1k,kp<=4k,0.0177,4
256,n<=64,sr>70%,kvB<=1k,kp<=512,0.0257,4
256,n<=64,sr>70%,kvB<=1k,kp<=8k,0.0544,4
256,n<=64,sr>70%,kvB<=1k,kp=0,0.0111,4
256,n<=64,sr>70%,kvB<=4k,kp<=1k,0.002,4
256,n<=64,sr>70%,kvB<=4k,kp<=2k,0.0201,4
256,n<=64,sr>70%,kvB<=4k,kp<=4k,0.0005,4
256,n<=64,sr>70%,kvB<=4k,kp<=512,0.0065,4
256,n<=64,sr>70%,kvB<=4k,kp<=8k,0.0067,4
256,n<=64,sr>70%,kvB<=4k,kp=0,0.0093,4
256,n<=8,sr<=15%,kvB<=16k,kp<=1k,0.0817,2
256,n<=8,sr<=15%,kvB<=16k,kp<=2k,-0.0035,2
256,n<=8,sr<=15%,kvB<=16k,kp<=4k,-0.117,2
256,n<=8,sr<=15%,kvB<=16k,kp<=512,0.0815,2
256,n<=8,sr<=15%,kvB<=16k,kp<=8k,-0.0637,2
256,n<=8,sr<=15%,kvB<=16k,kp=0,0.0857,2
256,n<=8,sr<=15%,kvB<=1k,kp<=1k,0.0938,2
256,n<=8,sr<=15%,kvB<=1k,kp<=2k,0.1154,2
256,n<=8,sr<=15%,kvB<=1k,kp<=4k,0.0805,2
256,n<=8,sr<=15%,kvB<=1k,kp<=512,0.1567,2
256,n<=8,sr<=15%,kvB<=1k,kp<=8k,0.0261,2
256,n<=8,sr<=15%,kvB<=1k,kp=0,0.2074,2
256,n<=8,sr<=15%,kvB<=4k,kp<=1k,0.078,2
256,n<=8,sr<=15%,kvB<=4k,kp<=2k,0.0668,2
256,n<=8,sr<=15%,kvB<=4k,kp<=4k,-0.0016,2
256,n<=8,sr<=15%,kvB<=4k,kp<=512,0.0791,2
256,n<=8,sr<=15%,kvB<=4k,kp<=8k,0.0061,2
256,n<=8,sr<=15%,kvB<=4k,kp=0,0.1133,2
256,n<=8,sr<=40%,kvB<=16k,kp<=1k,0.1061,4
256,n<=8,sr<=40%,kvB<=16k,kp<=2k,-0.0186,4
256,n<=8,sr<=40%,kvB<=16k,kp<=4k,-0.1041,4
256,n<=8,sr<=40%,kvB<=16k,kp<=512,0.1098,4
256,n<=8,sr<=40%,kvB<=16k,kp<=8k,0.2208,4
256,n<=8,sr<=40%,kvB<=16k,kp=0,0.1577,4
256,n<=8,sr<=40%,kvB<=1k,kp<=1k,0.0722,4
256,n<=8,sr<=40%,kvB<=1k,kp<=2k,0.0989,4
256,n<=8,sr<=40%,kvB<=1k,kp<=4k,0.0711,4
256,n<=8,sr<=40%,kvB<=1k,kp<=512,0.1432,4
256,n<=8,sr<=40%,kvB<=1k,kp<=8k,-0.0002,4
256,n<=8,sr<=40%,kvB<=1k,kp=0,0.1878,4
256,n<=8,sr<=40%,kvB<=4k,kp<=1k,0.0714,4
256,n<=8,sr<=40%,kvB<=4k,kp<=2k,0.1117,4
256,n<=8,sr<=40%,kvB<=4k,kp<=4k,0.033,4
256,n<=8,sr<=40%,kvB<=4k,kp<=512,0.0934,4
256,n<=8,sr<=40%,kvB<=4k,kp<=8k,0.0866,4
256,n<=8,sr<=40%,kvB<=4k,kp=0,0.1562,4
256,n<=8,sr<=70%,kvB<=16k,kp<=1k,0.1091,2
256,n<=8,sr<=70%,kvB<=16k,kp<=2k,0.0253,2
256,n<=8,sr<=70%,kvB<=16k,kp<=4k,-0.0863,2
256,n<=8,sr<=70%,kvB<=16k,kp<=512,0.2699,2
256,n<=8,sr<=70%,kvB<=16k,kp<=8k,0.0892,2
256,n<=8,sr<=70%,kvB<=16k,kp=0,0.4138,2
256,n<=8,sr<=70%,kvB<=1k,kp<=1k,0.066,2
256,n<=8,sr<=70%,kvB<=1k,kp<=2k,0.0662,2
256,n<=8,sr<=70%,kvB<=1k,kp<=4k,0.0164,2
256,n<=8,sr<=70%,kvB<=1k,kp<=512,0.0981,2
256,n<=8,sr<=70%,kvB<=1k,kp<=8k,-0.02,2
256,n<=8,sr<=70%,kvB<=1k,kp=0,0.1593,2
256,n<=8,sr<=70%,kvB<=4k,kp<=1k,0.1233,2
256,n<=8,sr<=70%,kvB<=4k,kp<=2k,0.327,2
256,n<=8,sr<=70%,kvB<=4k,kp<=4k,0.1352,2
256,n<=8,sr<=70%,kvB<=4k,kp<=512,0.1077,2
256,n<=8,sr<=70%,kvB<=4k,kp<=8k,0.4149,2
256,n<=8,sr<=70%,kvB<=4k,kp=0,0.2703,2
256,n<=8,sr>70%,kvB<=16k,kp<=1k,0.5506,4
256,n<=8,sr>70%,kvB<=16k,kp<=2k,0.3048,4
256,n<=8,sr>70%,kvB<=16k,kp<=4k,0.0512,2
256,n<=8,sr>70%,kvB<=16k,kp<=512,0.8499,4
256,n<=8,sr>70%,kvB<=16k,kp<=8k,0.6333,3
256,n<=8,sr>70%,kvB<=16k,kp=0,1.4259,4
256,n<=8,sr>70%,kvB<=1k,kp<=1k,0.2108,4
256,n<=8,sr>70%,kvB<=1k,kp<=2k,0.3033,4
256,n<=8,sr>70%,kvB<=1k,kp<=4k,0.2988,4
256,n<=8,sr>70%,kvB<=1k,kp<=512,0.2828,4
256,n<=8,sr>70%,kvB<=1k,kp<=8k,0.2521,4
256,n<=8,sr>70%,kvB<=1k,kp=0,0.3608,4
256,n<=8,sr>70%,kvB<=4k,kp<=1k,0.1197,4
256,n<=8,sr>70%,kvB<=4k,kp<=2k,-0.0163,2
256,n<=8,sr>70%,kvB<=4k,kp<=4k,0.5865,4
256,n<=8,sr>70%,kvB<=4k,kp<=512,0.2243,4
256,n<=8,sr>70%,kvB<=4k,kp<=8k,2.3325,3
256,n<=8,sr>70%,kvB<=4k,kp=0,0.9166,4
512,n<=128,sr<=15%,kvB<=16k,kp<=1k,0.0011,4
512,n<=128,sr<=15%,kvB<=16k,kp<=2k,0.0013,4
512,n<=128,sr<=15%,kvB<=16k,kp<=4k,0.0012,4
512,n<=128,sr<=15%,kvB<=16k,kp<=512,0.0013,4
512,n<=128,sr<=15%,kvB<=16k,kp<=8k,0.0005,4
512,n<=128,sr<=15%,kvB<=16k,kp=0,0.001,4
512,n<=128,sr<=15%,kvB<=1k,kp<=1k,0.0119,4
512,n<=128,sr<=15%,kvB<=1k,kp<=2k,0.0117,4
512,n<=128,sr<=15%,kvB<=1k,kp<=4k,0.0216,4
512,n<=128,sr<=15%,kvB<=1k,kp<=512,0.0093,4
512,n<=128,sr<=15%,kvB<=1k,kp<=8k,0.0371,4
512,n<=128,sr<=15%,kvB<=1k,kp=0,0.0058,4
512,n<=128,sr<=15%,kvB<=4k,kp<=1k,0.0019,4
512,n<=128,sr<=15%,kvB<=4k,kp<=2k,0.0011,4
512,n<=128,sr<=15%,kvB<=4k,kp<=4k,0.0024,4
512,n<=128,sr<=15%,kvB<=4k,kp<=512,0.002,4
512,n<=128,sr<=15%,kvB<=4k,kp<=8k,-0.002,4
512,n<=128,sr<=15%,kvB<=4k,kp=0,0.0014,4
512,n<=128,sr<=40%,kvB<=16k,kp<=1k,-0.0004,2
512,n<=128,sr<=40%,kvB<=16k,kp<=2k,-0.0009,2
512,n<=128,sr<=40%,kvB<=16k,kp<=4k,-0.0008,2
512,n<=128,sr<=40%,kvB<=16k,kp<=512,0.0002,2
512,n<=128,sr<=40%,kvB<=16k,kp<=8k,-0.0007,2
512,n<=128,sr<=40%,kvB<=16k,kp=0,0.0003,2
512,n<=128,sr<=40%,kvB<=1k,kp<=1k,0.0241,2
512,n<=128,sr<=40%,kvB<=1k,kp<=2k,0.0345,2
512,n<=128,sr<=40%,kvB<=1k,kp<=4k,0.0485,2
512,n<=128,sr<=40%,kvB<=1k,kp<=512,0.0229,2
512,n<=128,sr<=40%,kvB<=1k,kp<=8k,0.0731,2
512,n<=128,sr<=40%,kvB<=1k,kp=0,0.0168,2
512,n<=128,sr<=40%,kvB<=4k,kp<=1k,0.0012,2
512,n<=128,sr<=40%,kvB<=4k,kp<=2k,-0.0012,2
512,n<=128,sr<=40%,kvB<=4k,kp<=4k,-0.0028,2
512,n<=128,sr<=40%,kvB<=4k,kp<=512,0.0003,2
512,n<=128,sr<=40%,kvB<=4k,kp<=8k,-0.0047,2
512,n<=128,sr<=40%,kvB<=4k,kp=0,0.0005,2
512,n<=128,sr<=5%,kvB<=16k,kp<=1k,0.0016,8
512,n<=128,sr<=5%,kvB<=16k,kp<=2k,0.0017,8
512,n<=128,sr<=5%,kvB<=16k,kp<=4k,0.0013,8
512,n<=128,sr<=5%,kvB<=16k,kp<=512,0.0017,8
512,n<=128,sr<=5%,kvB<=16k,kp<=8k,0.0014,8
512,n<=128,sr<=5%,kvB<=16k,kp=0,0.0016,8
512,n<=128,sr<=5%,kvB<=1k,kp<=1k,0.0018,8
512,n<=128,sr<=5%,kvB<=1k,kp<=2k,0.0006,8
512,n<=128,sr<=5%,kvB<=1k,kp<=4k,-0.0,8
512,n<=128,sr<=5%,kvB<=1k,kp<=512,-0.0003,8
512,n<=128,sr<=5%,kvB<=1k,kp<=8k,0.0014,8
512,n<=128,sr<=5%,kvB<=1k,kp=0,-0.0002,8
512,n<=128,sr<=5%,kvB<=4k,kp<=1k,0.0014,8
512,n<=128,sr<=5%,kvB<=4k,kp<=2k,0.0007,8
512,n<=128,sr<=5%,kvB<=4k,kp<=4k,0.0009,8
512,n<=128,sr<=5%,kvB<=4k,kp<=512,0.0015,8
512,n<=128,sr<=5%,kvB<=4k,kp<=8k,-0.0049,8
512,n<=128,sr<=5%,kvB<=4k,kp=0,0.0013,8
512,n<=128,sr<=70%,kvB<=16k,kp<=1k,-0.0002,2
512,n<=128,sr<=70%,kvB<=16k,kp<=2k,-0.0034,2
512,n<=128,sr<=70%,kvB<=16k,kp<=4k,-0.0092,2
512,n<=128,sr<=70%,kvB<=16k,kp<=512,-0.0016,2
512,n<=128,sr<=70%,kvB<=16k,kp<=8k,-0.0121,2
512,n<=128,sr<=70%,kvB<=16k,kp=0,-0.0011,2
512,n<=128,sr<=70%,kvB<=1k,kp<=1k,0.0288,2
512,n<=128,sr<=70%,kvB<=1k,kp<=2k,0.0362,2
512,n<=128,sr<=70%,kvB<=1k,kp<=4k,0.0639,2
512,n<=128,sr<=70%,kvB<=1k,kp<=512,0.0213,2
512,n<=128,sr<=70%,kvB<=1k,kp<=8k,0.0622,2
512,n<=128,sr<=70%,kvB<=1k,kp=0,0.0204,2
512,n<=128,sr<=70%,kvB<=4k,kp<=1k,-0.0059,2
512,n<=128,sr<=70%,kvB<=4k,kp<=2k,-0.0105,2
512,n<=128,sr<=70%,kvB<=4k,kp<=4k,-0.0158,2
512,n<=128,sr<=70%,kvB<=4k,kp<=512,-0.0046,2
512,n<=128,sr<=70%,kvB<=4k,kp<=8k,-0.0233,2
512,n<=128,sr<=70%,kvB<=4k,kp=0,-0.0014,2
512,n<=128,sr>70%,kvB<=16k,kp<=1k,0.003,4
512,n<=128,sr>70%,kvB<=16k,kp<=2k,0.0049,4
512,n<=128,sr>70%,kvB<=16k,kp<=4k,0.0053,4
512,n<=128,sr>70%,kvB<=16k,kp<=512,0.0037,4
512,n<=128,sr>70%,kvB<=16k,kp<=8k,0.0126,4
512,n<=128,sr>70%,kvB<=16k,kp=0,0.0021,4
512,n<=128,sr>70%,kvB<=1k,kp<=1k,-0.0009,4
512,n<=128,sr>70%,kvB<=1k,kp<=2k,0.0027,4
512,n<=128,sr>70%,kvB<=1k,kp<=4k,0.0396,4
512,n<=128,sr>70%,kvB<=1k,kp<=512,0.0015,4
512,n<=128,sr>70%,kvB<=1k,kp<=8k,0.0937,4
512,n<=128,sr>70%,kvB<=1k,kp=0,0.0048,4
512,n<=128,sr>70%,kvB<=4k,kp<=1k,-0.0003,4
512,n<=128,sr>70%,kvB<=4k,kp<=2k,0.0132,4
512,n<=128,sr>70%,kvB<=4k,kp<=4k,-0.0002,4
512,n<=128,sr>70%,kvB<=4k,kp<=512,0.0024,4
512,n<=128,sr>70%,kvB<=4k,kp<=8k,-0.0337,4
512,n<=128,sr>70%,kvB<=4k,kp=0,0.0024,4
512,n<=16,sr<=15%,kvB<=16k,kp<=1k,0.0273,4
512,n<=16,sr<=15%,kvB<=16k,kp<=2k,-0.0078,4
512,n<=16,sr<=15%,kvB<=16k,kp<=4k,-0.0399,4
512,n<=16,sr<=15%,kvB<=16k,kp<=512,0.0244,4
512,n<=16,sr<=15%,kvB<=16k,kp<=8k,0.0014,4
512,n<=16,sr<=15%,kvB<=16k,kp=0,0.0313,4
512,n<=16,sr<=15%,kvB<=1k,kp<=1k,0.0612,4
512,n<=16,sr<=15%,kvB<=1k,kp<=2k,0.0674,4
512,n<=16,sr<=15%,kvB<=1k,kp<=4k,0.0718,4
512,n<=16,sr<=15%,kvB<=1k,kp<=512,0.0544,4
512,n<=16,sr<=15%,kvB<=1k,kp<=8k,0.0723,4
512,n<=16,sr<=15%,kvB<=1k,kp=0,0.0742,4
512,n<=16,sr<=15%,kvB<=4k,kp<=1k,0.0366,4
512,n<=16,sr<=15%,kvB<=4k,kp<=2k,0.0134,4
512,n<=16,sr<=15%,kvB<=4k,kp<=4k,0.0058,4
512,n<=16,sr<=15%,kvB<=4k,kp<=512,0.0312,4
512,n<=16,sr<=15%,kvB<=4k,kp<=8k,0.005,4
512,n<=16,sr<=15%,kvB<=4k,kp=0,0.021,4
512,n<=16,sr<=40%,kvB<=16k,kp<=1k,0.0091,4
512,n<=16,sr<=40%,kvB<=16k,kp<=2k,-0.0167,4
512,n<=16,sr<=40%,kvB<=16k,kp<=4k,0.0265,4
512,n<=16,sr<=40%,kvB<=16k,kp<=512,0.0243,4
512,n<=16,sr<=40%,kvB<=16k,kp<=8k,0.1114,4
512,n<=16,sr<=40%,kvB<=16k,kp=0,0.0515,4
512,n<=16,sr<=40%,kvB<=1k,kp<=1k,0.0694,4
512,n<=16,sr<=40%,kvB<=1k,kp<=2k,0.0887,4
512,n<=16,sr<=40%,kvB<=1k,kp<=4k,0.0826,4
512,n<=16,sr<=40%,kvB<=1k,kp<=512,0.0499,4
512,n<=16,sr<=40%,kvB<=1k,kp<=8k,0.0386,4
512,n<=16,sr<=40%,kvB<=1k,kp=0,0.0644,4
512,n<=16,sr<=40%,kvB<=4k,kp<=1k,-0.0206,4
512,n<=16,sr<=40%,kvB<=4k,kp<=2k,0.0922,4
512,n<=16,sr<=40%,kvB<=4k,kp<=4k,0.0703,4
512,n<=16,sr<=40%,kvB<=4k,kp<=512,0.0112,4
512,n<=16,sr<=40%,kvB<=4k,kp<=8k,0.012,4
512,n<=16,sr<=40%,kvB<=4k,kp=0,0.0468,4
512,n<=16,sr<=70%,kvB<=16k,kp<=1k,0.0552,2
512,n<=16,sr<=70%,kvB<=16k,kp<=2k,0.0167,2
512,n<=16,sr<=70%,kvB<=16k,kp<=4k,-0.0035,2
512,n<=16,sr<=70%,kvB<=16k,kp<=512,0.066,2
512,n<=16,sr<=70%,kvB<=16k,kp<=8k,0.0388,2
512,n<=16,sr<=70%,kvB<=16k,kp=0,0.1368,2
512,n<=16,sr<=70%,kvB<=1k,kp<=1k,0.0412,2
512,n<=16,sr<=70%,kvB<=1k,kp<=2k,0.0534,2
512,n<=16,sr<=70%,kvB<=1k,kp<=4k,0.083,2
512,n<=16,sr<=70%,kvB<=1k,kp<=512,0.015,2
512,n<=16,sr<=70%,kvB<=1k,kp<=8k,0.0008,2
512,n<=16,sr<=70%,kvB<=1k,kp=0,0.0323,2
512,n<=16,sr<=70%,kvB<=4k,kp<=1k,0.0544,2
512,n<=16,sr<=70%,kvB<=4k,kp<=2k,0.1204,2
512,n<=16,sr<=70%,kvB<=4k,kp<=4k,0.1137,2
512,n<=16,sr<=70%,kvB<=4k,kp<=512,-0.0811,2
512,n<=16,sr<=70%,kvB<=4k,kp<=8k,0.0817,2
512,n<=16,sr<=70%,kvB<=4k,kp=0,0.0486,2
512,n<=16,sr>70%,kvB<=16k,kp<=1k,0.1008,4
512,n<=16,sr>70%,kvB<=16k,kp<=2k,0.0638,4
512,n<=16,sr>70%,kvB<=16k,kp<=4k,0.0518,4
512,n<=16,sr>70%,kvB<=16k,kp<=512,0.2521,4
512,n<=16,sr>70%,kvB<=16k,kp<=8k,0.2926,4
512,n<=16,sr>70%,kvB<=16k,kp=0,0.3657,4
512,n<=16,sr>70%,kvB<=1k,kp<=1k,0.1301,4
512,n<=16,sr>70%,kvB<=1k,kp<=2k,0.2409,4
512,n<=16,sr>70%,kvB<=1k,kp<=4k,0.2782,4
512,n<=16,sr>70%,kvB<=1k,kp<=512,0.1825,4
512,n<=16,sr>70%,kvB<=1k,kp<=8k,0.254,4
512,n<=16,sr>70%,kvB<=1k,kp=0,0.1912,4
512,n<=16,sr>70%,kvB<=4k,kp<=1k,-0.0875,4
512,n<=16,sr>70%,kvB<=4k,kp<=2k,0.1153,4
512,n<=16,sr>70%,kvB<=4k,kp<=4k,0.9589,4
512,n<=16,sr>70%,kvB<=4k,kp<=512,0.1289,4
512,n<=16,sr>70%,kvB<=4k,kp<=8k,0.6699,4
512,n<=16,sr>70%,kvB<=4k,kp=0,0.5812,4
512,n<=2,sr<=70%,kvB<=16k,kp<=1k,0.3651,2
512,n<=2,sr<=70%,kvB<=16k,kp<=2k,0.3448,2
512,n<=2,sr<=70%,kvB<=16k,kp<=4k,0.4215,2
512,n<=2,sr<=70%,kvB<=16k,kp<=512,0.467,2
512,n<=2,sr<=70%,kvB<=16k,kp<=8k,0.4423,2
512,n<=2,sr<=70%,kvB<=16k,kp=0,0.3646,2
512,n<=2,sr<=70%,kvB<=1k,kp<=1k,-0.0578,2
512,n<=2,sr<=70%,kvB<=1k,kp<=2k,-0.1677,2
512,n<=2,sr<=70%,kvB<=1k,kp<=4k,0.3542,1
512,n<=2,sr<=70%,kvB<=1k,kp<=512,0.1799,2
512,n<=2,sr<=70%,kvB<=1k,kp<=8k,2.8488,1
512,n<=2,sr<=70%,kvB<=1k,kp=0,0.3599,2
512,n<=2,sr<=70%,kvB<=4k,kp<=1k,0.3479,2
512,n<=2,sr<=70%,kvB<=4k,kp<=2k,0.3527,2
512,n<=2,sr<=70%,kvB<=4k,kp<=4k,-0.1217,2
512,n<=2,sr<=70%,kvB<=4k,kp<=512,0.3874,2
512,n<=2,sr<=70%,kvB<=4k,kp<=8k,-0.1112,1
512,n<=2,sr<=70%,kvB<=4k,kp=0,0.3939,2
512,n<=32,sr<=15%,kvB<=16k,kp<=1k,0.014,6
512,n<=32,sr<=15%,kvB<=16k,kp<=2k,0.0099,6
512,n<=32,sr<=15%,kvB<=16k,kp<=4k,0.0002,6
512,n<=32,sr<=15%,kvB<=16k,kp<=512,0.0131,6
512,n<=32,sr<=15%,kvB<=16k,kp<=8k,-0.0074,6
512,n<=32,sr<=15%,kvB<=16k,kp=0,0.0195,6
512,n<=32,sr<=15%,kvB<=1k,kp<=1k,0.0416,6
512,n<=32,sr<=15%,kvB<=1k,kp<=2k,0.0412,6
512,n<=32,sr<=15%,kvB<=1k,kp<=4k,0.0466,6
512,n<=32,sr<=15%,kvB<=1k,kp<=512,0.0303,6
512,n<=32,sr<=15%,kvB<=1k,kp<=8k,0.0471,6
512,n<=32,sr<=15%,kvB<=1k,kp=0,0.0368,6
512,n<=32,sr<=15%,kvB<=4k,kp<=1k,0.0163,6
512,n<=32,sr<=15%,kvB<=4k,kp<=2k,-0.0026,6
512,n<=32,sr<=15%,kvB<=4k,kp<=4k,0.003,6
512,n<=32,sr<=15%,kvB<=4k,kp<=512,-0.003,6
512,n<=32,sr<=15%,kvB<=4k,kp<=8k,0.0467,6
512,n<=32,sr<=15%,kvB<=4k,kp=0,0.0121,6
512,n<=32,sr<=40%,kvB<=16k,kp<=1k,0.0091,2
512,n<=32,sr<=40%,kvB<=16k,kp<=2k,0.0066,2
512,n<=32,sr<=40%,kvB<=16k,kp<=4k,0.011,2
512,n<=32,sr<=40%,kvB<=16k,kp<=512,0.0121,2
512,n<=32,sr<=40%,kvB<=16k,kp<=8k,0.0373,2
512,n<=32,sr<=40%,kvB<=16k,kp=0,0.0261,2
512,n<=32,sr<=40%,kvB<=1k,kp<=1k,0.0261,2
512,n<=32,sr<=40%,kvB<=1k,kp<=2k,0.0608,2
512,n<=32,sr<=40%,kvB<=1k,kp<=4k,0.0525,2
512,n<=32,sr<=40%,kvB<=1k,kp<=512,0.013,2
512,n<=32,sr<=40%,kvB<=1k,kp<=8k,0.1111,2
512,n<=32,sr<=40%,kvB<=1k,kp=0,0.0102,2
512,n<=32,sr<=40%,kvB<=4k,kp<=1k,0.0294,2
512,n<=32,sr<=40%,kvB<=4k,kp<=2k,0.1351,2
512,n<=32,sr<=40%,kvB<=4k,kp<=4k,0.0393,2
512,n<=32,sr<=40%,kvB<=4k,kp<=512,0.012,2
512,n<=32,sr<=40%,kvB<=4k,kp<=8k,0.0112,2
512,n<=32,sr<=40%,kvB<=4k,kp=0,0.034,2
512,n<=32,sr<=5%,kvB<=16k,kp<=1k,0.0113,2
512,n<=32,sr<=5%,kvB<=16k,kp<=2k,0.0124,2
512,n<=32,sr<=5%,kvB<=16k,kp<=4k,0.0106,2
512,n<=32,sr<=5%,kvB<=16k,kp<=512,0.0112,2
512,n<=32,sr<=5%,kvB<=16k,kp<=8k,0.0057,2
512,n<=32,sr<=5%,kvB<=16k,kp=0,0.0164,2
512,n<=32,sr<=5%,kvB<=1k,kp<=1k,0.0155,2
512,n<=32,sr<=5%,kvB<=1k,kp<=2k,0.0037,2
512,n<=32,sr<=5%,kvB<=1k,kp<=4k,0.0077,2
512,n<=32,sr<=5%,kvB<=1k,kp<=512,0.0105,2
512,n<=32,sr<=5%,kvB<=1k,kp<=8k,0.0339,2
512,n<=32,sr<=5%,kvB<=1k,kp=0,0.0189,2
512,n<=32,sr<=5%,kvB<=4k,kp<=1k,0.0038,2
512,n<=32,sr<=5%,kvB<=4k,kp<=2k,0.0043,2
512,n<=32,sr<=5%,kvB<=4k,kp<=4k,0.0048,2
512,n<=32,sr<=5%,kvB<=4k,kp<=512,-0.0057,2
512,n<=32,sr<=5%,kvB<=4k,kp<=8k,0.0126,2
512,n<=32,sr<=5%,kvB<=4k,kp=0,0.0035,2
512,n<=32,sr<=70%,kvB<=16k,kp<=1k,0.0192,2
512,n<=32,sr<=70%,kvB<=16k,kp<=2k,0.0192,2
512,n<=32,sr<=70%,kvB<=16k,kp<=4k,0.0171,2
512,n<=32,sr<=70%,kvB<=16k,kp<=512,0.0266,2
512,n<=32,sr<=70%,kvB<=16k,kp<=8k,0.0267,2
512,n<=32,sr<=70%,kvB<=16k,kp=0,0.0663,2
512,n<=32,sr<=70%,kvB<=1k,kp<=1k,0.0756,2
512,n<=32,sr<=70%,kvB<=1k,kp<=2k,-0.0072,2
512,n<=32,sr<=70%,kvB<=1k,kp<=4k,0.021,2
512,n<=32,sr<=70%,kvB<=1k,kp<=512,0.0884,2
512,n<=32,sr<=70%,kvB<=1k,kp<=8k,0.0638,2
512,n<=32,sr<=70%,kvB<=1k,kp=0,0.0164,2
512,n<=32,sr<=70%,kvB<=4k,kp<=1k,0.0369,2
512,n<=32,sr<=70%,kvB<=4k,kp<=2k,0.0502,2
512,n<=32,sr<=70%,kvB<=4k,kp<=4k,0.0307,2
512,n<=32,sr<=70%,kvB<=4k,kp<=512,0.0048,2
512,n<=32,sr<=70%,kvB<=4k,kp<=8k,0.1088,2
512,n<=32,sr<=70%,kvB<=4k,kp=0,0.0524,2
512,n<=32,sr>70%,kvB<=16k,kp<=1k,0.0339,4
512,n<=32,sr>70%,kvB<=16k,kp<=2k,0.0387,4
512,n<=32,sr>70%,kvB<=16k,kp<=4k,0.0447,4
512,n<=32,sr>70%,kvB<=16k,kp<=512,0.0317,4
512,n<=32,sr>70%,kvB<=16k,kp<=8k,0.0051,4
512,n<=32,sr>70%,kvB<=16k,kp=0,0.1314,4
512,n<=32,sr>70%,kvB<=1k,kp<=1k,0.7671,4
512,n<=32,sr>70%,kvB<=1k,kp<=2k,0.3282,4
512,n<=32,sr>70%,kvB<=1k,kp<=4k,0.122,4
512,n<=32,sr>70%,kvB<=1k,kp<=512,0.3023,4
512,n<=32,sr>70%,kvB<=1k,kp<=8k,0.3014,4
512,n<=32,sr>70%,kvB<=1k,kp=0,-0.0163,4
512,n<=32,sr>70%,kvB<=4k,kp<=1k,0.044,4
512,n<=32,sr>70%,kvB<=4k,kp<=2k,0.1504,4
512,n<=32,sr>70%,kvB<=4k,kp<=4k,0.308,4
512,n<=32,sr>70%,kvB<=4k,kp<=512,0.0546,4
512,n<=32,sr>70%,kvB<=4k,kp<=8k,0.2279,4
512,n<=32,sr>70%,kvB<=4k,kp=0,0.1628,4
512,n<=4,sr<=40%,kvB<=16k,kp<=1k,0.0998,2
512,n<=4,sr<=40%,kvB<=16k,kp<=2k,0.1522,2
512,n<=4,sr<=40%,kvB<=16k,kp<=4k,0.1117,2
512,n<=4,sr<=40%,kvB<=16k,kp<=512,0.128,2
512,n<=4,sr<=40%,kvB<=16k,kp<=8k,0.0952,2
512,n<=4,sr<=40%,kvB<=16k,kp=0,0.172,2
512,n<=4,sr<=40%,kvB<=1k,kp<=1k,0.1102,2
512,n<=4,sr<=40%,kvB<=1k,kp<=2k,0.1047,2
512,n<=4,sr<=40%,kvB<=1k,kp<=4k,0.1898,2
512,n<=4,sr<=40%,kvB<=1k,kp<=512,0.1496,2
512,n<=4,sr<=40%,kvB<=1k,kp<=8k,-0.7677,1
512,n<=4,sr<=40%,kvB<=1k,kp=0,0.2748,2
512,n<=4,sr<=40%,kvB<=4k,kp<=1k,0.2143,2
512,n<=4,sr<=40%,kvB<=4k,kp<=2k,0.1257,2
512,n<=4,sr<=40%,kvB<=4k,kp<=4k,-0.0208,2
512,n<=4,sr<=40%,kvB<=4k,kp<=512,0.1987,2
512,n<=4,sr<=40%,kvB<=4k,kp<=8k,-0.0309,2
512,n<=4,sr<=40%,kvB<=4k,kp=0,0.206,2
512,n<=4,sr<=70%,kvB<=16k,kp<=1k,0.0357,2
512,n<=4,sr<=70%,kvB<=16k,kp<=2k,0.0638,2
512,n<=4,sr<=70%,kvB<=16k,kp<=4k,-0.1699,2
512,n<=4,sr<=70%,kvB<=16k,kp<=512,0.0721,2
512,n<=4,sr<=70%,kvB<=16k,kp<=8k,0.1071,2
512,n<=4,sr<=70%,kvB<=16k,kp=0,0.1644,2
512,n<=4,sr<=70%,kvB<=1k,kp<=1k,0.0384,2
512,n<=4,sr<=70%,kvB<=1k,kp<=2k,0.0781,2
512,n<=4,sr<=70%,kvB<=1k,kp<=4k,0.0969,2
512,n<=4,sr<=70%,kvB<=1k,kp<=512,0.058,2
512,n<=4,sr<=70%,kvB<=1k,kp<=8k,-0.5026,2
512,n<=4,sr<=70%,kvB<=1k,kp=0,0.2404,2
512,n<=4,sr<=70%,kvB<=4k,kp<=1k,0.1867,2
512,n<=4,sr<=70%,kvB<=4k,kp<=2k,0.1328,2
512,n<=4,sr<=70%,kvB<=4k,kp<=4k,-0.0374,2
512,n<=4,sr<=70%,kvB<=4k,kp<=512,0.1672,2
512,n<=4,sr<=70%,kvB<=4k,kp<=8k,-0.0664,2
512,n<=4,sr<=70%,kvB<=4k,kp=0,0.1758,2
512,n<=4,sr>70%,kvB<=16k,kp<=1k,-0.0003,2
512,n<=4,sr>70%,kvB<=16k,kp<=2k,0.0906,2
512,n<=4,sr>70%,kvB<=16k,kp<=4k,-0.097,2
512,n<=4,sr>70%,kvB<=16k,kp<=512,0.113,2
512,n<=4,sr>70%,kvB<=16k,kp<=8k,-0.2889,1
512,n<=4,sr>70%,kvB<=16k,kp=0,0.2352,2
512,n<=4,sr>70%,kvB<=1k,kp<=1k,-0.0121,2
512,n<=4,sr>70%,kvB<=1k,kp<=2k,0.1978,2
512,n<=4,sr>70%,kvB<=1k,kp<=4k,0.0214,2
512,n<=4,sr>70%,kvB<=1k,kp<=512,0.3217,2
512,n<=4,sr>70%,kvB<=1k,kp<=8k,0.7189,2
512,n<=4,sr>70%,kvB<=1k,kp=0,0.3712,2
512,n<=4,sr>70%,kvB<=4k,kp<=1k,0.2415,2
512,n<=4,sr>70%,kvB<=4k,kp<=2k,0.1737,2
512,n<=4,sr>70%,kvB<=4k,kp<=4k,-0.0793,2
512,n<=4,sr>70%,kvB<=4k,kp<=512,0.1109,2
512,n<=4,sr>70%,kvB<=4k,kp<=8k,-0.0773,2
512,n<=4,sr>70%,kvB<=4k,kp=0,0.1924,2
512,n<=64,sr<=15%,kvB<=16k,kp<=1k,0.0049,4
512,n<=64,sr<=15%,kvB<=16k,kp<=2k,0.006,4
512,n<=64,sr<=15%,kvB<=16k,kp<=4k,0.0047,4
512,n<=64,sr<=15%,kvB<=16k,kp<=512,0.0045,4
512,n<=64,sr<=15%,kvB<=16k,kp<=8k,0.0012,4
512,n<=64,sr<=15%,kvB<=16k,kp=0,0.0033,4
512,n<=64,sr<=15%,kvB<=1k,kp<=1k,0.0046,4
512,n<=64,sr<=15%,kvB<=1k,kp<=2k,0.014,4
512,n<=64,sr<=15%,kvB<=1k,kp<=4k,0.0374,4
512,n<=64,sr<=15%,kvB<=1k,kp<=512,0.0095,4
512,n<=64,sr<=15%,kvB<=1k,kp<=8k,0.0369,4
512,n<=64,sr<=15%,kvB<=1k,kp=0,0.008,4
512,n<=64,sr<=15%,kvB<=4k,kp<=1k,0.0052,4
512,n<=64,sr<=15%,kvB<=4k,kp<=2k,0.0046,4
512,n<=64,sr<=15%,kvB<=4k,kp<=4k,-0.0178,4
512,n<=64,sr<=15%,kvB<=4k,kp<=512,0.0049,4
512,n<=64,sr<=15%,kvB<=4k,kp<=8k,-0.0034,4
512,n<=64,sr<=15%,kvB<=4k,kp=0,0.0047,4
512,n<=64,sr<=40%,kvB<=16k,kp<=1k,-0.0003,2
512,n<=64,sr<=40%,kvB<=16k,kp<=2k,-0.0009,2
512,n<=64,sr<=40%,kvB<=16k,kp<=4k,-0.0001,2
512,n<=64,sr<=40%,kvB<=16k,kp<=512,-0.0004,2
512,n<=64,sr<=40%,kvB<=16k,kp<=8k,0.0035,2
512,n<=64,sr<=40%,kvB<=16k,kp=0,-0.0016,2
512,n<=64,sr<=40%,kvB<=1k,kp<=1k,0.0254,2
512,n<=64,sr<=40%,kvB<=1k,kp<=2k,0.0213,2
512,n<=64,sr<=40%,kvB<=1k,kp<=4k,0.0324,2
512,n<=64,sr<=40%,kvB<=1k,kp<=512,0.0194,2
512,n<=64,sr<=40%,kvB<=1k,kp<=8k,0.0424,2
512,n<=64,sr<=40%,kvB<=1k,kp=0,0.0142,2
512,n<=64,sr<=40%,kvB<=4k,kp<=1k,0.0039,2
512,n<=64,sr<=40%,kvB<=4k,kp<=2k,-0.0036,2
512,n<=64,sr<=40%,kvB<=4k,kp<=4k,0.0004,2
512,n<=64,sr<=40%,kvB<=4k,kp<=512,0.0028,2
512,n<=64,sr<=40%,kvB<=4k,kp<=8k,-0.0114,2
512,n<=64,sr<=40%,kvB<=4k,kp=0,-0.0001,2
512,n<=64,sr<=5%,kvB<=16k,kp<=1k,0.0043,6
512,n<=64,sr<=5%,kvB<=16k,kp<=2k,0.0042,6
512,n<=64,sr<=5%,kvB<=16k,kp<=4k,0.0062,6
512,n<=64,sr<=5%,kvB<=16k,kp<=512,0.0045,6
512,n<=64,sr<=5%,kvB<=16k,kp<=8k,0.0136,6
512,n<=64,sr<=5%,kvB<=16k,kp=0,0.0044,6
512,n<=64,sr<=5%,kvB<=1k,kp<=1k,0.0042,6
512,n<=64,sr<=5%,kvB<=1k,kp<=2k,0.0035,6
512,n<=64,sr<=5%,kvB<=1k,kp<=4k,0.008,6
512,n<=64,sr<=5%,kvB<=1k,kp<=512,0.0053,6
512,n<=64,sr<=5%,kvB<=1k,kp<=8k,0.0109,6
512,n<=64,sr<=5%,kvB<=1k,kp=0,0.0035,6
512,n<=64,sr<=5%,kvB<=4k,kp<=1k,0.0047,6
512,n<=64,sr<=5%,kvB<=4k,kp<=2k,0.0088,6
512,n<=64,sr<=5%,kvB<=4k,kp<=4k,-0.0039,6
512,n<=64,sr<=5%,kvB<=4k,kp<=512,0.004,6
512,n<=64,sr<=5%,kvB<=4k,kp<=8k,0.0021,6
512,n<=64,sr<=5%,kvB<=4k,kp=0,0.0043,6
512,n<=64,sr<=70%,kvB<=16k,kp<=1k,0.0002,2
512,n<=64,sr<=70%,kvB<=16k,kp<=2k,-0.0043,2
512,n<=64,sr<=70%,kvB<=16k,kp<=4k,-0.0068,2
512,n<=64,sr<=70%,kvB<=16k,kp<=512,0.0002,2
512,n<=64,sr<=70%,kvB<=16k,kp<=8k,-0.0,2
512,n<=64,sr<=70%,kvB<=16k,kp=0,-0.0026,2
512,n<=64,sr<=70%,kvB<=1k,kp<=1k,0.0148,2
512,n<=64,sr<=70%,kvB<=1k,kp<=2k,0.0206,2
512,n<=64,sr<=70%,kvB<=1k,kp<=4k,0.0349,2
512,n<=64,sr<=70%,kvB<=1k,kp<=512,0.0078,2
512,n<=64,sr<=70%,kvB<=1k,kp<=8k,0.1113,2
512,n<=64,sr<=70%,kvB<=1k,kp=0,0.0017,2
512,n<=64,sr<=70%,kvB<=4k,kp<=1k,-0.0091,2
512,n<=64,sr<=70%,kvB<=4k,kp<=2k,-0.0067,2
512,n<=64,sr<=70%,kvB<=4k,kp<=4k,-0.0203,2
512,n<=64,sr<=70%,kvB<=4k,kp<=512,-0.0049,2
512,n<=64,sr<=70%,kvB<=4k,kp<=8k,-0.0608,2
512,n<=64,sr<=70%,kvB<=4k,kp=0,-0.0039,2
512,n<=64,sr>70%,kvB<=16k,kp<=1k,0.0079,4
512,n<=64,sr>70%,kvB<=16k,kp<=2k,0.0072,4
512,n<=64,sr>70%,kvB<=16k,kp<=4k,0.0049,4
512,n<=64,sr>70%,kvB<=16k,kp<=512,0.0057,4
512,n<=64,sr>70%,kvB<=16k,kp<=8k,-0.0027,4
512,n<=64,sr>70%,kvB<=16k,kp=0,0.0015,4
512,n<=64,sr>70%,kvB<=1k,kp<=1k,0.0103,4
512,n<=64,sr>70%,kvB<=1k,kp<=2k,0.0781,4
512,n<=64,sr>70%,kvB<=1k,kp<=4k,0.1046,4
512,n<=64,sr>70%,kvB<=1k,kp<=512,0.0119,4
512,n<=64,sr>70%,kvB<=1k,kp<=8k,0.1653,4
512,n<=64,sr>70%,kvB<=1k,kp=0,-0.0021,4
512,n<=64,sr>70%,kvB<=4k,kp<=1k,0.0123,4
512,n<=64,sr>70%,kvB<=4k,kp<=2k,0.0231,4
512,n<=64,sr>70%,kvB<=4k,kp<=4k,-0.0187,4
512,n<=64,sr>70%,kvB<=4k,kp<=512,0.0097,4
512,n<=64,sr>70%,kvB<=4k,kp<=8k,0.0286,4
512,n<=64,sr>70%,kvB<=4k,kp=0,0.0047,4
512,n<=8,sr<=15%,kvB<=16k,kp<=1k,0.0479,2
512,n<=8,sr<=15%,kvB<=16k,kp<=2k,-0.0236,2
512,n<=8,sr<=15%,kvB<=16k,kp<=4k,-0.0662,2
512,n<=8,sr<=15%,kvB<=16k,kp<=512,0.0633,2
512,n<=8,sr<=15%,kvB<=16k,kp<=8k,-0.0413,2
512,n<=8,sr<=15%,kvB<=16k,kp=0,0.076,2
512,n<=8,sr<=15%,kvB<=1k,kp<=1k,0.1068,2
512,n<=8,sr<=15%,kvB<=1k,kp<=2k,0.1078,2
512,n<=8,sr<=15%,kvB<=1k,kp<=4k,0.1204,2
512,n<=8,sr<=15%,kvB<=1k,kp<=512,0.1135,2
512,n<=8,sr<=15%,kvB<=1k,kp<=8k,0.0281,2
512,n<=8,sr<=15%,kvB<=1k,kp=0,0.1895,2
512,n<=8,sr<=15%,kvB<=4k,kp<=1k,0.0704,2
512,n<=8,sr<=15%,kvB<=4k,kp<=2k,0.0679,2
512,n<=8,sr<=15%,kvB<=4k,kp<=4k,0.0349,2
512,n<=8,sr<=15%,kvB<=4k,kp<=512,0.0707,2
512,n<=8,sr<=15%,kvB<=4k,kp<=8k,0.0084,2
512,n<=8,sr<=15%,kvB<=4k,kp=0,0.0809,2
512,n<=8,sr<=40%,kvB<=16k,kp<=1k,0.0242,4
512,n<=8,sr<=40%,kvB<=16k,kp<=2k,-0.0255,4
512,n<=8,sr<=40%,kvB<=16k,kp<=4k,-0.0738,4
512,n<=8,sr<=40%,kvB<=16k,kp<=512,0.0715,4
512,n<=8,sr<=40%,kvB<=16k,kp<=8k,0.1943,4
512,n<=8,sr<=40%,kvB<=16k,kp=0,0.1155,4
512,n<=8,sr<=40%,kvB<=1k,kp<=1k,0.0709,4
512,n<=8,sr<=40%,kvB<=1k,kp<=2k,0.0792,4
512,n<=8,sr<=40%,kvB<=1k,kp<=4k,0.1623,4
512,n<=8,sr<=40%,kvB<=1k,kp<=512,0.1033,4
512,n<=8,sr<=40%,kvB<=1k,kp<=8k,0.0677,4
512,n<=8,sr<=40%,kvB<=1k,kp=0,0.184,4
512,n<=8,sr<=40%,kvB<=4k,kp<=1k,0.0327,4
512,n<=8,sr<=40%,kvB<=4k,kp<=2k,0.1079,4
512,n<=8,sr<=40%,kvB<=4k,kp<=4k,0.0088,4
512,n<=8,sr<=40%,kvB<=4k,kp<=512,0.0707,4
512,n<=8,sr<=40%,kvB<=4k,kp<=8k,-0.0473,4
512,n<=8,sr<=40%,kvB<=4k,kp=0,0.0783,4
512,n<=8,sr<=70%,kvB<=16k,kp<=1k,-0.0024,2
512,n<=8,sr<=70%,kvB<=16k,kp<=2k,-0.0584,2
512,n<=8,sr<=70%,kvB<=16k,kp<=4k,-0.3377,2
512,n<=8,sr<=70%,kvB<=16k,kp<=512,0.1664,2
512,n<=8,sr<=70%,kvB<=16k,kp<=8k,0.1076,2
512,n<=8,sr<=70%,kvB<=16k,kp=0,0.2135,2
512,n<=8,sr<=70%,kvB<=1k,kp<=1k,0.0294,2
512,n<=8,sr<=70%,kvB<=1k,kp<=2k,0.0313,2
512,n<=8,sr<=70%,kvB<=1k,kp<=4k,0.0107,2
512,n<=8,sr<=70%,kvB<=1k,kp<=512,0.0979,2
512,n<=8,sr<=70%,kvB<=1k,kp<=8k,0.023,2
512,n<=8,sr<=70%,kvB<=1k,kp=0,0.1564,2
512,n<=8,sr<=70%,kvB<=4k,kp<=1k,0.0714,2
512,n<=8,sr<=70%,kvB<=4k,kp<=2k,0.2841,2
512,n<=8,sr<=70%,kvB<=4k,kp<=4k,-0.0134,2
512,n<=8,sr<=70%,kvB<=4k,kp<=512,0.1177,2
512,n<=8,sr<=70%,kvB<=4k,kp<=8k,0.037,2
512,n<=8,sr<=70%,kvB<=4k,kp=0,0.0719,2
512,n<=8,sr>70%,kvB<=16k,kp<=1k,0.1128,4
512,n<=8,sr>70%,kvB<=16k,kp<=2k,0.1017,4
512,n<=8,sr>70%,kvB<=16k,kp<=4k,-0.1512,2
512,n<=8,sr>70%,kvB<=16k,kp<=512,0.5194,4
512,n<=8,sr>70%,kvB<=16k,kp<=8k,0.5914,3
512,n<=8,sr>70%,kvB<=16k,kp=0,0.8671,4
512,n<=8,sr>70%,kvB<=1k,kp<=1k,0.2465,4
512,n<=8,sr>70%,kvB<=1k,kp<=2k,0.2875,4
512,n<=8,sr>70%,kvB<=1k,kp<=4k,0.2966,4
512,n<=8,sr>70%,kvB<=1k,kp<=512,0.2693,4
512,n<=8,sr>70%,kvB<=1k,kp<=8k,-0.0234,3
512,n<=8,sr>70%,kvB<=1k,kp=0,0.3056,4
512,n<=8,sr>70%,kvB<=4k,kp<=1k,-0.3559,4
512,n<=8,sr>70%,kvB<=4k,kp<=2k,-0.0115,2
512,n<=8,sr>70%,kvB<=4k,kp<=4k,0.2698,4
512,n<=8,sr>70%,kvB<=4k,kp<=512,0.1333,4
512,n<=8,sr>70%,kvB<=4k,kp<=8k,1.0435,4
512,n<=8,sr>70%,kvB<=4k,kp=0,0.3591,4
1024,n<=128,sr<=15%,kvB<=16k,kp<=1k,0.0019,4
1024,n<=128,sr<=15%,kvB<=16k,kp<=2k,0.002,4
1024,n<=128,sr<=15%,kvB<=16k,kp<=4k,0.001,4
1024,n<=128,sr<=15%,kvB<=16k,kp<=512,0.0016,4
1024,n<=128,sr<=15%,kvB<=16k,kp<=8k,-0.0018,4
1024,n<=128,sr<=15%,kvB<=16k,kp=0,0.0015,4
1024,n<=128,sr<=15%,kvB<=1k,kp<=1k,0.0373,4
1024,n<=128,sr<=15%,kvB<=1k,kp<=2k,0.0333,4
1024,n<=128,sr<=15%,kvB<=1k,kp<=4k,0.0286,4
1024,n<=128,sr<=15%,kvB<=1k,kp<=512,0.0232,4
1024,n<=128,sr<=15%,kvB<=1k,kp<=8k,0.0577,4
1024,n<=128,sr<=15%,kvB<=1k,kp=0,0.0237,4
1024,n<=128,sr<=15%,kvB<=4k,kp<=1k,0.0026,4
1024,n<=128,sr<=15%,kvB<=4k,kp<=2k,0.0018,4
1024,n<=128,sr<=15%,kvB<=4k,kp<=4k,-0.0057,4
1024,n<=128,sr<=15%,kvB<=4k,kp<=512,0.0019,4
1024,n<=128,sr<=15%,kvB<=4k,kp<=8k,0.001,4
1024,n<=128,sr<=15%,kvB<=4k,kp=0,0.0017,4
1024,n<=128,sr<=40%,kvB<=16k,kp<=1k,-0.0003,2
1024,n<=128,sr<=40%,kvB<=16k,kp<=2k,-0.0015,2
1024,n<=128,sr<=40%,kvB<=16k,kp<=4k,-0.0001,2
1024,n<=128,sr<=40%,kvB<=16k,kp<=512,-0.0002,2
1024,n<=128,sr<=40%,kvB<=16k,kp<=8k,0.0059,2
1024,n<=128,sr<=40%,kvB<=16k,kp=0,0.0001,2
1024,n<=128,sr<=40%,kvB<=1k,kp<=1k,0.0722,2
1024,n<=128,sr<=40%,kvB<=1k,kp<=2k,0.0841,2
1024,n<=128,sr<=40%,kvB<=1k,kp<=4k,0.0867,2
1024,n<=128,sr<=40%,kvB<=1k,kp<=512,0.0447,2
1024,n<=128,sr<=40%,kvB<=1k,kp<=8k,0.0931,2
1024,n<=128,sr<=40%,kvB<=1k,kp=0,0.0523,2
1024,n<=128,sr<=40%,kvB<=4k,kp<=1k,0.004,2
1024,n<=128,sr<=40%,kvB<=4k,kp<=2k,-0.0001,2
1024,n<=128,sr<=40%,kvB<=4k,kp<=4k,-0.0015,2
1024,n<=128,sr<=40%,kvB<=4k,kp<=512,0.0025,2
1024,n<=128,sr<=40%,kvB<=4k,kp<=8k,0.0072,2
1024,n<=128,sr<=40%,kvB<=4k,kp=0,-0.0037,2
1024,n<=128,sr<=5%,kvB<=16k,kp<=1k,0.0017,8
1024,n<=128,sr<=5%,kvB<=16k,kp<=2k,0.0013,8
1024,n<=128,sr<=5%,kvB<=16k,kp<=4k,0.0014,8
1024,n<=128,sr<=5%,kvB<=16k,kp<=512,0.0019,8
1024,n<=128,sr<=5%,kvB<=16k,kp<=8k,0.003,8
1024,n<=128,sr<=5%,kvB<=16k,kp=0,0.0019,8
1024,n<=128,sr<=5%,kvB<=1k,kp<=1k,0.0022,8
1024,n<=128,sr<=5%,kvB<=1k,kp<=2k,0.0051,8
1024,n<=128,sr<=5%,kvB<=1k,kp<=4k,-0.0038,8
1024,n<=128,sr<=5%,kvB<=1k,kp<=512,0.0033,8
1024,n<=128,sr<=5%,kvB<=1k,kp<=8k,0.0133,8
1024,n<=128,sr<=5%,kvB<=1k,kp=0,-0.0031,8
1024,n<=128,sr<=5%,kvB<=4k,kp<=1k,0.001,8
1024,n<=128,sr<=5%,kvB<=4k,kp<=2k,0.0019,8
1024,n<=128,sr<=5%,kvB<=4k,kp<=4k,-0.001,8
1024,n<=128,sr<=5%,kvB<=4k,kp<=512,0.0007,8
1024,n<=128,sr<=5%,kvB<=4k,kp<=8k,0.0027,8
1024,n<=128,sr<=5%,kvB<=4k,kp=0,0.0011,8
1024,n<=128,sr<=70%,kvB<=16k,kp<=1k,-0.0025,2
1024,n<=128,sr<=70%,kvB<=16k,kp<=2k,-0.0058,2
1024,n<=128,sr<=70%,kvB<=16k,kp<=4k,-0.0126,2
1024,n<=128,sr<=70%,kvB<=16k,kp<=512,-0.0016,2
1024,n<=128,sr<=70%,kvB<=16k,kp<=8k,-0.0225,2
1024,n<=128,sr<=70%,kvB<=16k,kp=0,-0.0014,2
1024,n<=128,sr<=70%,kvB<=1k,kp<=1k,0.0702,2
1024,n<=128,sr<=70%,kvB<=1k,kp<=2k,0.1105,2
1024,n<=128,sr<=70%,kvB<=1k,kp<=4k,0.0529,2
1024,n<=128,sr<=70%,kvB<=1k,kp<=512,0.0786,2
1024,n<=128,sr<=70%,kvB<=1k,kp<=8k,0.082,2
1024,n<=128,sr<=70%,kvB<=1k,kp=0,0.0891,2
1024,n<=128,sr<=70%,kvB<=4k,kp<=1k,-0.0085,2
1024,n<=128,sr<=70%,kvB<=4k,kp<=2k,-0.0183,2
1024,n<=128,sr<=70%,kvB<=4k,kp<=4k,-0.0372,2
1024,n<=128,sr<=70%,kvB<=4k,kp<=512,-0.0096,2
1024,n<=128,sr<=70%,kvB<=4k,kp<=8k,-0.1045,2
1024,n<=128,sr<=70%,kvB<=4k,kp=0,-0.005,2
1024,n<=128,sr>70%,kvB<=16k,kp<=1k,0.007,4
1024,n<=128,sr>70%,kvB<=16k,kp<=2k,0.0116,4
1024,n<=128,sr>70%,kvB<=16k,kp<=4k,-0.0008,4
1024,n<=128,sr>70%,kvB<=16k,kp<=512,0.0055,4
1024,n<=128,sr>70%,kvB<=16k,kp<=8k,-0.0254,4
1024,n<=128,sr>70%,kvB<=16k,kp=0,0.0036,4
1024,n<=128,sr>70%,kvB<=1k,kp<=1k,0.0154,4
1024,n<=128,sr>70%,kvB<=1k,kp<=2k,0.0558,4
1024,n<=128,sr>70%,kvB<=1k,kp<=4k,0.1695,4
1024,n<=128,sr>70%,kvB<=1k,kp<=512,0.0508,4
1024,n<=128,sr>70%,kvB<=1k,kp<=8k,0.2379,4
1024,n<=128,sr>70%,kvB<=1k,kp=0,0.0559,4
1024,n<=128,sr>70%,kvB<=4k,kp<=1k,-0.0046,4
1024,n<=128,sr>70%,kvB<=4k,kp<=2k,-0.0137,4
1024,n<=128,sr>70%,kvB<=4k,kp<=4k,-0.0418,4
1024,n<=128,sr>70%,kvB<=4k,kp<=512,-0.0024,4
1024,n<=128,sr>70%,kvB<=4k,kp<=8k,-0.0533,4
1024,n<=128,sr>70%,kvB<=4k,kp=0,0.0034,4
1024,n<=16,sr<=15%,kvB<=16k,kp<=1k,0.0156,4
1024,n<=16,sr<=15%,kvB<=16k,kp<=2k,0.0119,4
1024,n<=16,sr<=15%,kvB<=16k,kp<=4k,0.0102,4
1024,n<=16,sr<=15%,kvB<=16k,kp<=512,0.0197,4
1024,n<=16,sr<=15%,kvB<=16k,kp<=8k,0.0259,4
1024,n<=16,sr<=15%,kvB<=16k,kp=0,0.0183,4
1024,n<=16,sr<=15%,kvB<=1k,kp<=1k,0.0378,4
1024,n<=16,sr<=15%,kvB<=1k,kp<=2k,0.0301,4
1024,n<=16,sr<=15%,kvB<=1k,kp<=4k,0.1026,4
1024,n<=16,sr<=15%,kvB<=1k,kp<=512,0.1231,4
1024,n<=16,sr<=15%,kvB<=1k,kp<=8k,0.0006,4
1024,n<=16,sr<=15%,kvB<=1k,kp=0,0.0341,4
1024,n<=16,sr<=15%,kvB<=4k,kp<=1k,0.0257,4
1024,n<=16,sr<=15%,kvB<=4k,kp<=2k,0.0211,4
1024,n<=16,sr<=15%,kvB<=4k,kp<=4k,0.0014,4
1024,n<=16,sr<=15%,kvB<=4k,kp<=512,0.019,4
1024,n<=16,sr<=15%,kvB<=4k,kp<=8k,0.0319,4
1024,n<=16,sr<=15%,kvB<=4k,kp=0,0.0188,4
1024,n<=16,sr<=40%,kvB<=16k,kp<=1k,0.0148,4
1024,n<=16,sr<=40%,kvB<=16k,kp<=2k,0.0019,4
1024,n<=16,sr<=40%,kvB<=16k,kp<=4k,0.0173,4
1024,n<=16,sr<=40%,kvB<=16k,kp<=512,0.0152,4
1024,n<=16,sr<=40%,kvB<=16k,kp<=8k,0.0506,4
1024,n<=16,sr<=40%,kvB<=16k,kp=0,0.0151,4
1024,n<=16,sr<=40%,kvB<=1k,kp<=1k,0.0539,4
1024,n<=16,sr<=40%,kvB<=1k,kp<=2k,0.169,4
1024,n<=16,sr<=40%,kvB<=1k,kp<=4k,0.0492,4
1024,n<=16,sr<=40%,kvB<=1k,kp<=512,0.0047,4
1024,n<=16,sr<=40%,kvB<=1k,kp<=8k,0.054,4
1024,n<=16,sr<=40%,kvB<=1k,kp=0,0.0499,4
1024,n<=16,sr<=40%,kvB<=4k,kp<=1k,-0.0057,4
1024,n<=16,sr<=40%,kvB<=4k,kp<=2k,0.0159,4
1024,n<=16,sr<=40%,kvB<=4k,kp<=4k,-0.0013,4
1024,n<=16,sr<=40%,kvB<=4k,kp<=512,-0.0087,4
1024,n<=16,sr<=40%,kvB<=4k,kp<=8k,0.0494,4
1024,n<=16,sr<=40%,kvB<=4k,kp=0,-0.0122,4
1024,n<=16,sr<=70%,kvB<=16k,kp<=1k,0.0123,2
1024,n<=16,sr<=70%,kvB<=16k,kp<=2k,0.0282,2
1024,n<=16,sr<=70%,kvB<=16k,kp<=4k,-0.0181,2
1024,n<=16,sr<=70%,kvB<=16k,kp<=512,0.0182,2
1024,n<=16,sr<=70%,kvB<=16k,kp<=8k,-0.004,2
1024,n<=16,sr<=70%,kvB<=16k,kp=0,0.0436,2
1024,n<=16,sr<=70%,kvB<=1k,kp<=1k,-0.0065,2
1024,n<=16,sr<=70%,kvB<=1k,kp<=2k,0.2179,2
1024,n<=16,sr<=70%,kvB<=1k,kp<=4k,-0.2275,2
1024,n<=16,sr<=70%,kvB<=1k,kp<=512,0.0941,2
1024,n<=16,sr<=70%,kvB<=1k,kp<=8k,0.0531,2
1024,n<=16,sr<=70%,kvB<=1k,kp=0,-0.0031,2
1024,n<=16,sr<=70%,kvB<=4k,kp<=1k,0.0053,2
1024,n<=16,sr<=70%,kvB<=4k,kp<=2k,0.0692,2
1024,n<=16,sr<=70%,kvB<=4k,kp<=4k,0.0034,2
1024,n<=16,sr<=70%,kvB<=4k,kp<=512,-0.0023,2
1024,n<=16,sr<=70%,kvB<=4k,kp<=8k,0.1042,2
1024,n<=16,sr<=70%,kvB<=4k,kp=0,-0.0259,2
1024,n<=16,sr>70%,kvB<=16k,kp<=1k,0.0279,4
1024,n<=16,sr>70%,kvB<=16k,kp<=2k,0.0305,4
1024,n<=16,sr>70%,kvB<=16k,kp<=4k,-0.0036,4
1024,n<=16,sr>70%,kvB<=16k,kp<=512,0.027,4
1024,n<=16,sr>70%,kvB<=16k,kp<=8k,0.1788,4
1024,n<=16,sr>70%,kvB<=16k,kp=0,0.0837,4
1024,n<=16,sr>70%,kvB<=1k,kp<=1k,0.3006,4
1024,n<=16,sr>70%,kvB<=1k,kp<=2k,-0.0044,4
1024,n<=16,sr>70%,kvB<=1k,kp<=4k,-0.2491,3
1024,n<=16,sr>70%,kvB<=1k,kp<=512,0.1531,4
1024,n<=16,sr>70%,kvB<=1k,kp<=8k,0.115,4
1024,n<=16,sr>70%,kvB<=1k,kp=0,0.0682,4
1024,n<=16,sr>70%,kvB<=4k,kp<=1k,-0.0497,4
1024,n<=16,sr>70%,kvB<=4k,kp<=2k,-0.0009,4
1024,n<=16,sr>70%,kvB<=4k,kp<=4k,0.3422,4
1024,n<=16,sr>70%,kvB<=4k,kp<=512,-0.0884,4
1024,n<=16,sr>70%,kvB<=4k,kp<=8k,0.0343,4
1024,n<=16,sr>70%,kvB<=4k,kp=0,0.0614,4
1024,n<=2,sr<=70%,kvB<=16k,kp<=1k,0.3193,2
1024,n<=2,sr<=70%,kvB<=16k,kp<=2k,0.3749,2
1024,n<=2,sr<=70%,kvB<=16k,kp<=4k,0.3624,2
1024,n<=2,sr<=70%,kvB<=16k,kp<=512,0.3198,2
1024,n<=2,sr<=70%,kvB<=16k,kp<=8k,0.4124,2
1024,n<=2,sr<=70%,kvB<=16k,kp=0,0.3106,2
1024,n<=2,sr<=70%,kvB<=1k,kp<=1k,-0.253,2
1024,n<=2,sr<=70%,kvB<=1k,kp<=2k,-0.1351,2
1024,n<=2,sr<=70%,kvB<=1k,kp<=4k,0.5576,2
1024,n<=2,sr<=70%,kvB<=1k,kp<=512,-0.0255,2
1024,n<=2,sr<=70%,kvB<=1k,kp<=8k,-1.3469,2
1024,n<=2,sr<=70%,kvB<=1k,kp=0,0.3794,2
1024,n<=2,sr<=70%,kvB<=4k,kp<=1k,0.2247,2
1024,n<=2,sr<=70%,kvB<=4k,kp<=2k,0.2019,2
1024,n<=2,sr<=70%,kvB<=4k,kp<=4k,0.186,2
1024,n<=2,sr<=70%,kvB<=4k,kp<=512,0.3708,2
1024,n<=2,sr<=70%,kvB<=4k,kp<=8k,-0.1133,1
1024,n<=2,sr<=70%,kvB<=4k,kp=0,0.4339,2
1024,n<=32,sr<=15%,kvB<=16k,kp<=1k,0.0118,6
1024,n<=32,sr<=15%,kvB<=16k,kp<=2k,0.0088,6
1024,n<=32,sr<=15%,kvB<=16k,kp<=4k,-0.0006,6
1024,n<=32,sr<=15%,kvB<=16k,kp<=512,0.0119,6
1024,n<=32,sr<=15%,kvB<=16k,kp<=8k,0.021,6
1024,n<=32,sr<=15%,kvB<=16k,kp=0,0.012,6
1024,n<=32,sr<=15%,kvB<=1k,kp<=1k,0.0533,6
1024,n<=32,sr<=15%,kvB<=1k,kp<=2k,0.0493,6
1024,n<=32,sr<=15%,kvB<=1k,kp<=4k,0.0732,6
1024,n<=32,sr<=15%,kvB<=1k,kp<=512,0.0397,6
1024,n<=32,sr<=15%,kvB<=1k,kp<=8k,0.0958,6
1024,n<=32,sr<=15%,kvB<=1k,kp=0,0.0432,6
1024,n<=32,sr<=15%,kvB<=4k,kp<=1k,0.0117,6
1024,n<=32,sr<=15%,kvB<=4k,kp<=2k,0.009,6
1024,n<=32,sr<=15%,kvB<=4k,kp<=4k,0.0333,6
1024,n<=32,sr<=15%,kvB<=4k,kp<=512,0.0054,6
1024,n<=32,sr<=15%,kvB<=4k,kp<=8k,0.0046,6
1024,n<=32,sr<=15%,kvB<=4k,kp=0,0.005,6
1024,n<=32,sr<=40%,kvB<=16k,kp<=1k,0.0032,2
1024,n<=32,sr<=40%,kvB<=16k,kp<=2k,-0.0005,2
1024,n<=32,sr<=40%,kvB<=16k,kp<=4k,0.0033,2
1024,n<=32,sr<=40%,kvB<=16k,kp<=512,0.0045,2
1024,n<=32,sr<=40%,kvB<=16k,kp<=8k,0.0503,2
1024,n<=32,sr<=40%,kvB<=16k,kp=0,0.0111,2
1024,n<=32,sr<=40%,kvB<=1k,kp<=1k,0.0401,2
1024,n<=32,sr<=40%,kvB<=1k,kp<=2k,0.0772,2
1024,n<=32,sr<=40%,kvB<=1k,kp<=4k,0.1236,2
1024,n<=32,sr<=40%,kvB<=1k,kp<=512,0.0729,2
1024,n<=32,sr<=40%,kvB<=1k,kp<=8k,0.1264,2
1024,n<=32,sr<=40%,kvB<=1k,kp=0,0.0483,2
1024,n<=32,sr<=40%,kvB<=4k,kp<=1k,-0.0044,2
1024,n<=32,sr<=40%,kvB<=4k,kp<=2k,0.0248,2
1024,n<=32,sr<=40%,kvB<=4k,kp<=4k,0.0325,2
1024,n<=32,sr<=40%,kvB<=4k,kp<=512,0.0001,2
1024,n<=32,sr<=40%,kvB<=4k,kp<=8k,-0.1105,2
1024,n<=32,sr<=40%,kvB<=4k,kp=0,-0.0017,2
1024,n<=32,sr<=5%,kvB<=16k,kp<=1k,0.0163,2
1024,n<=32,sr<=5%,kvB<=16k,kp<=2k,0.0136,2
1024,n<=32,sr<=5%,kvB<=16k,kp<=4k,0.0018,2
1024,n<=32,sr<=5%,kvB<=16k,kp<=512,0.0133,2
1024,n<=32,sr<=5%,kvB<=16k,kp<=8k,0.0107,2
1024,n<=32,sr<=5%,kvB<=16k,kp=0,0.0131,2
1024,n<=32,sr<=5%,kvB<=1k,kp<=1k,-0.0079,2
1024,n<=32,sr<=5%,kvB<=1k,kp<=2k,0.014,2
1024,n<=32,sr<=5%,kvB<=1k,kp<=4k,-0.0605,2
1024,n<=32,sr<=5%,kvB<=1k,kp<=512,0.02,2
1024,n<=32,sr<=5%,kvB<=1k,kp<=8k,-0.0466,2
1024,n<=32,sr<=5%,kvB<=1k,kp=0,-0.0071,2
1024,n<=32,sr<=5%,kvB<=4k,kp<=1k,0.0106,2
1024,n<=32,sr<=5%,kvB<=4k,kp<=2k,0.0099,2
1024,n<=32,sr<=5%,kvB<=4k,kp<=4k,0.0144,2
1024,n<=32,sr<=5%,kvB<=4k,kp<=512,0.008,2
1024,n<=32,sr<=5%,kvB<=4k,kp<=8k,-0.0035,2
1024,n<=32,sr<=5%,kvB<=4k,kp=0,0.006,2
1024,n<=32,sr<=70%,kvB<=16k,kp<=1k,0.007,2
1024,n<=32,sr<=70%,kvB<=16k,kp<=2k,0.0128,2
1024,n<=32,sr<=70%,kvB<=16k,kp<=4k,0.0139,2
1024,n<=32,sr<=70%,kvB<=16k,kp<=512,0.0049,2
1024,n<=32,sr<=70%,kvB<=16k,kp<=8k,0.0049,2
1024,n<=32,sr<=70%,kvB<=16k,kp=0,0.0132,2
1024,n<=32,sr<=70%,kvB<=1k,kp<=1k,-0.0314,2
1024,n<=32,sr<=70%,kvB<=1k,kp<=2k,0.0252,2
1024,n<=32,sr<=70%,kvB<=1k,kp<=4k,0.0647,2
1024,n<=32,sr<=70%,kvB<=1k,kp<=512,0.0554,2
1024,n<=32,sr<=70%,kvB<=1k,kp<=8k,-0.073,2
1024,n<=32,sr<=70%,kvB<=1k,kp=0,0.0089,2
1024,n<=32,sr<=70%,kvB<=4k,kp<=1k,0.0131,2
1024,n<=32,sr<=70%,kvB<=4k,kp<=2k,0.0168,2
1024,n<=32,sr<=70%,kvB<=4k,kp<=4k,0.0422,2
1024,n<=32,sr<=70%,kvB<=4k,kp<=512,-0.0113,2
1024,n<=32,sr<=70%,kvB<=4k,kp<=8k,0.0288,2
1024,n<=32,sr<=70%,kvB<=4k,kp=0,0.0009,2
1024,n<=32,sr>70%,kvB<=16k,kp<=1k,0.0057,4
1024,n<=32,sr>70%,kvB<=16k,kp<=2k,-0.0021,4
1024,n<=32,sr>70%,kvB<=16k,kp<=4k,0.0082,4
1024,n<=32,sr>70%,kvB<=16k,kp<=512,0.0097,4
1024,n<=32,sr>70%,kvB<=16k,kp<=8k,0.0333,4
1024,n<=32,sr>70%,kvB<=16k,kp=0,0.0223,4
1024,n<=32,sr>70%,kvB<=1k,kp<=1k,0.0579,4
1024,n<=32,sr>70%,kvB<=1k,kp<=2k,0.2184,4
1024,n<=32,sr>70%,kvB<=1k,kp<=4k,0.2119,4
1024,n<=32,sr>70%,kvB<=1k,kp<=512,0.0398,4
1024,n<=32,sr>70%,kvB<=1k,kp<=8k,0.4083,4
1024,n<=32,sr>70%,kvB<=1k,kp=0,0.0388,4
1024,n<=32,sr>70%,kvB<=4k,kp<=1k,-0.0056,4
1024,n<=32,sr>70%,kvB<=4k,kp<=2k,-0.0379,4
1024,n<=32,sr>70%,kvB<=4k,kp<=4k,0.1271,4
1024,n<=32,sr>70%,kvB<=4k,kp<=512,0.0015,4
1024,n<=32,sr>70%,kvB<=4k,kp<=8k,0.162,4
1024,n<=32,sr>70%,kvB<=4k,kp=0,0.0015,4
1024,n<=4,sr<=40%,kvB<=16k,kp<=1k,0.1009,2
1024,n<=4,sr<=40%,kvB<=16k,kp<=2k,0.1452,2
1024,n<=4,sr<=40%,kvB<=16k,kp<=4k,0.1798,2
1024,n<=4,sr<=40%,kvB<=16k,kp<=512,0.0795,2
1024,n<=4,sr<=40%,kvB<=16k,kp<=8k,0.2401,2
1024,n<=4,sr<=40%,kvB<=16k,kp=0,0.0865,2
1024,n<=4,sr<=40%,kvB<=1k,kp<=1k,0.0836,2
1024,n<=4,sr<=40%,kvB<=1k,kp<=2k,0.0683,2
1024,n<=4,sr<=40%,kvB<=1k,kp<=4k,0.1563,2
1024,n<=4,sr<=40%,kvB<=1k,kp<=512,-0.0403,2
1024,n<=4,sr<=40%,kvB<=1k,kp<=8k,0.5278,1
1024,n<=4,sr<=40%,kvB<=1k,kp=0,0.0184,2
1024,n<=4,sr<=40%,kvB<=4k,kp<=1k,0.2145,2
1024,n<=4,sr<=40%,kvB<=4k,kp<=2k,0.0087,2
1024,n<=4,sr<=40%,kvB<=4k,kp<=4k,-0.0011,2
1024,n<=4,sr<=40%,kvB<=4k,kp<=512,0.2085,2
1024,n<=4,sr<=40%,kvB<=4k,kp<=8k,0.1235,2
1024,n<=4,sr<=40%,kvB<=4k,kp=0,0.1489,2
1024,n<=4,sr<=70%,kvB<=16k,kp<=1k,0.0998,2
1024,n<=4,sr<=70%,kvB<=16k,kp<=2k,0.1017,2
1024,n<=4,sr<=70%,kvB<=16k,kp<=4k,0.0692,2
1024,n<=4,sr<=70%,kvB<=16k,kp<=512,0.0712,2
1024,n<=4,sr<=70%,kvB<=16k,kp<=8k,0.1426,2
1024,n<=4,sr<=70%,kvB<=16k,kp=0,0.0367,2
1024,n<=4,sr<=70%,kvB<=1k,kp<=1k,0.121,2
1024,n<=4,sr<=70%,kvB<=1k,kp<=2k,-0.8895,2
1024,n<=4,sr<=70%,kvB<=1k,kp<=4k,-0.1282,1
1024,n<=4,sr<=70%,kvB<=1k,kp<=512,-0.4571,2
1024,n<=4,sr<=70%,kvB<=1k,kp<=8k,-1.2871,1
1024,n<=4,sr<=70%,kvB<=1k,kp=0,-0.0134,2
1024,n<=4,sr<=70%,kvB<=4k,kp<=1k,0.2904,2
1024,n<=4,sr<=70%,kvB<=4k,kp<=2k,0.3332,2
1024,n<=4,sr<=70%,kvB<=4k,kp<=4k,-0.0128,2
1024,n<=4,sr<=70%,kvB<=4k,kp<=512,0.2104,2
1024,n<=4,sr<=70%,kvB<=4k,kp<=8k,0.1008,2
1024,n<=4,sr<=70%,kvB<=4k,kp=0,0.1754,2
1024,n<=4,sr>70%,kvB<=16k,kp<=1k,0.1266,2
1024,n<=4,sr>70%,kvB<=16k,kp<=2k,0.0302,2
1024,n<=4,sr>70%,kvB<=16k,kp<=4k,0.2646,2
1024,n<=4,sr>70%,kvB<=16k,kp<=512,0.0019,2
1024,n<=4,sr>70%,kvB<=16k,kp<=8k,0.0874,2
1024,n<=4,sr>70%,kvB<=16k,kp=0,0.1952,2
1024,n<=4,sr>70%,kvB<=1k,kp<=1k,-0.195,2
1024,n<=4,sr>70%,kvB<=1k,kp<=2k,0.5056,2
1024,n<=4,sr>70%,kvB<=1k,kp<=4k,-0.9117,1
1024,n<=4,sr>70%,kvB<=1k,kp<=512,0.8062,2
1024,n<=4,sr>70%,kvB<=1k,kp<=8k,0.4773,2
1024,n<=4,sr>70%,kvB<=1k,kp=0,0.3451,2
1024,n<=4,sr>70%,kvB<=4k,kp<=1k,0.1012,2
1024,n<=4,sr>70%,kvB<=4k,kp<=2k,0.4305,2
1024,n<=4,sr>70%,kvB<=4k,kp<=4k,-0.4592,2
1024,n<=4,sr>70%,kvB<=4k,kp<=512,0.2421,2
1024,n<=4,sr>70%,kvB<=4k,kp<=8k,-0.5197,1
1024,n<=4,sr>70%,kvB<=4k,kp=0,0.0432,2
1024,n<=64,sr<=15%,kvB<=16k,kp<=1k,0.0078,4
1024,n<=64,sr<=15%,kvB<=16k,kp<=2k,0.008,4
1024,n<=64,sr<=15%,kvB<=16k,kp<=4k,0.0083,4
1024,n<=64,sr<=15%,kvB<=16k,kp<=512,0.0067,4
1024,n<=64,sr<=15%,kvB<=16k,kp<=8k,-0.0077,4
1024,n<=64,sr<=15%,kvB<=16k,kp=0,0.0059,4
1024,n<=64,sr<=15%,kvB<=1k,kp<=1k,0.0566,4
1024,n<=64,sr<=15%,kvB<=1k,kp<=2k,0.0429,4
1024,n<=64,sr<=15%,kvB<=1k,kp<=4k,0.0056,4
1024,n<=64,sr<=15%,kvB<=1k,kp<=512,0.0346,4
1024,n<=64,sr<=15%,kvB<=1k,kp<=8k,0.1068,4
1024,n<=64,sr<=15%,kvB<=1k,kp=0,0.0212,4
1024,n<=64,sr<=15%,kvB<=4k,kp<=1k,0.0081,4
1024,n<=64,sr<=15%,kvB<=4k,kp<=2k,-0.0092,4
1024,n<=64,sr<=15%,kvB<=4k,kp<=4k,0.0,4
1024,n<=64,sr<=15%,kvB<=4k,kp<=512,0.0094,4
1024,n<=64,sr<=15%,kvB<=4k,kp<=8k,0.0225,4
1024,n<=64,sr<=15%,kvB<=4k,kp=0,0.0064,4
1024,n<=64,sr<=40%,kvB<=16k,kp<=1k,-0.0021,2
1024,n<=64,sr<=40%,kvB<=16k,kp<=2k,0.0012,2
1024,n<=64,sr<=40%,kvB<=16k,kp<=4k,0.0101,2
1024,n<=64,sr<=40%,kvB<=16k,kp<=512,0.0007,2
1024,n<=64,sr<=40%,kvB<=16k,kp<=8k,-0.0122,2
1024,n<=64,sr<=40%,kvB<=16k,kp=0,0.0003,2
1024,n<=64,sr<=40%,kvB<=1k,kp<=1k,0.0441,2
1024,n<=64,sr<=40%,kvB<=1k,kp<=2k,0.052,2
1024,n<=64,sr<=40%,kvB<=1k,kp<=4k,0.0603,2
1024,n<=64,sr<=40%,kvB<=1k,kp<=512,0.0323,2
1024,n<=64,sr<=40%,kvB<=1k,kp<=8k,0.1242,2
1024,n<=64,sr<=40%,kvB<=1k,kp=0,0.0308,2
1024,n<=64,sr<=40%,kvB<=4k,kp<=1k,0.0046,2
1024,n<=64,sr<=40%,kvB<=4k,kp<=2k,-0.0164,2
1024,n<=64,sr<=40%,kvB<=4k,kp<=4k,-0.0346,2
1024,n<=64,sr<=40%,kvB<=4k,kp<=512,0.0049,2
1024,n<=64,sr<=40%,kvB<=4k,kp<=8k,0.0285,2
1024,n<=64,sr<=40%,kvB<=4k,kp=0,0.0007,2
1024,n<=64,sr<=5%,kvB<=16k,kp<=1k,0.0082,6
1024,n<=64,sr<=5%,kvB<=16k,kp<=2k,0.01,6
1024,n<=64,sr<=5%,kvB<=16k,kp<=4k,0.0097,6
1024,n<=64,sr<=5%,kvB<=16k,kp<=512,0.0069,6
1024,n<=64,sr<=5%,kvB<=16k,kp<=8k,0.0012,6
1024,n<=64,sr<=5%,kvB<=16k,kp=0,0.0054,6
1024,n<=64,sr<=5%,kvB<=1k,kp<=1k,0.0108,6
1024,n<=64,sr<=5%,kvB<=1k,kp<=2k,0.0103,6
1024,n<=64,sr<=5%,kvB<=1k,kp<=4k,0.0262,6
1024,n<=64,sr<=5%,kvB<=1k,kp<=512,0.0152,6
1024,n<=64,sr<=5%,kvB<=1k,kp<=8k,0.0904,6
1024,n<=64,sr<=5%,kvB<=1k,kp=0,0.0121,6
1024,n<=64,sr<=5%,kvB<=4k,kp<=1k,0.0106,6
1024,n<=64,sr<=5%,kvB<=4k,kp<=2k,-0.0009,6
1024,n<=64,sr<=5%,kvB<=4k,kp<=4k,0.0033,6
1024,n<=64,sr<=5%,kvB<=4k,kp<=512,0.0087,6
1024,n<=64,sr<=5%,kvB<=4k,kp<=8k,0.011,6
1024,n<=64,sr<=5%,kvB<=4k,kp=0,0.0063,6
1024,n<=64,sr<=70%,kvB<=16k,kp<=1k,-0.0001,2
1024,n<=64,sr<=70%,kvB<=16k,kp<=2k,-0.0027,2
1024,n<=64,sr<=70%,kvB<=16k,kp<=4k,-0.0048,2
1024,n<=64,sr<=70%,kvB<=16k,kp<=512,0.0012,2
1024,n<=64,sr<=70%,kvB<=16k,kp<=8k,0.0128,2
1024,n<=64,sr<=70%,kvB<=16k,kp=0,0.0007,2
1024,n<=64,sr<=70%,kvB<=1k,kp<=1k,0.0326,2
1024,n<=64,sr<=70%,kvB<=1k,kp<=2k,0.1145,2
1024,n<=64,sr<=70%,kvB<=1k,kp<=4k,0.0026,2
1024,n<=64,sr<=70%,kvB<=1k,kp<=512,0.0287,2
1024,n<=64,sr<=70%,kvB<=1k,kp<=8k,0.0474,2
1024,n<=64,sr<=70%,kvB<=1k,kp=0,0.0393,2
1024,n<=64,sr<=70%,kvB<=4k,kp<=1k,-0.0095,2
1024,n<=64,sr<=70%,kvB<=4k,kp<=2k,-0.009,2
1024,n<=64,sr<=70%,kvB<=4k,kp<=4k,-0.0255,2
1024,n<=64,sr<=70%,kvB<=4k,kp<=512,-0.0147,2
1024,n<=64,sr<=70%,kvB<=4k,kp<=8k,0.0066,2
1024,n<=64,sr<=70%,kvB<=4k,kp=0,-0.0082,2
1024,n<=64,sr>70%,kvB<=16k,kp<=1k,0.0098,4
1024,n<=64,sr>70%,kvB<=16k,kp<=2k,0.0099,4
1024,n<=64,sr>70%,kvB<=16k,kp<=4k,0.0092,4
1024,n<=64,sr>70%,kvB<=16k,kp<=512,0.0126,4
1024,n<=64,sr>70%,kvB<=16k,kp<=8k,0.0092,4
1024,n<=64,sr>70%,kvB<=16k,kp=0,0.0079,4
1024,n<=64,sr>70%,kvB<=1k,kp<=1k,0.131,4
1024,n<=64,sr>70%,kvB<=1k,kp<=2k,0.2048,4
1024,n<=64,sr>70%,kvB<=1k,kp<=4k,0.4499,4
1024,n<=64,sr>70%,kvB<=1k,kp<=512,0.1055,4
1024,n<=64,sr>70%,kvB<=1k,kp<=8k,0.2502,4
1024,n<=64,sr>70%,kvB<=1k,kp=0,0.0745,4
1024,n<=64,sr>70%,kvB<=4k,kp<=1k,0.0019,4
1024,n<=64,sr>70%,kvB<=4k,kp<=2k,0.0131,4
1024,n<=64,sr>70%,kvB<=4k,kp<=4k,-0.0005,4
1024,n<=64,sr>70%,kvB<=4k,kp<=512,0.0015,4
1024,n<=64,sr>70%,kvB<=4k,kp<=8k,0.0228,4
1024,n<=64,sr>70%,kvB<=4k,kp=0,0.0098,4
1024,n<=8,sr<=15%,kvB<=16k,kp<=1k,0.0472,2
1024,n<=8,sr<=15%,kvB<=16k,kp<=2k,0.0484,2
1024,n<=8,sr<=15%,kvB<=16k,kp<=4k,-0.0032,2
1024,n<=8,sr<=15%,kvB<=16k,kp<=512,0.0301,2
1024,n<=8,sr<=15%,kvB<=16k,kp<=8k,0.0263,2
1024,n<=8,sr<=15%,kvB<=16k,kp=0,0.0457,2
1024,n<=8,sr<=15%,kvB<=1k,kp<=1k,0.0645,2
1024,n<=8,sr<=15%,kvB<=1k,kp<=2k,0.0507,2
1024,n<=8,sr<=15%,kvB<=1k,kp<=4k,0.089,2
1024,n<=8,sr<=15%,kvB<=1k,kp<=512,0.1554,2
1024,n<=8,sr<=15%,kvB<=1k,kp<=8k,0.3032,2
1024,n<=8,sr<=15%,kvB<=1k,kp=0,0.1166,2
1024,n<=8,sr<=15%,kvB<=4k,kp<=1k,0.0907,2
1024,n<=8,sr<=15%,kvB<=4k,kp<=2k,0.0673,2
1024,n<=8,sr<=15%,kvB<=4k,kp<=4k,-0.0097,2
1024,n<=8,sr<=15%,kvB<=4k,kp<=512,0.0393,2
1024,n<=8,sr<=15%,kvB<=4k,kp<=8k,-0.1548,2
1024,n<=8,sr<=15%,kvB<=4k,kp=0,0.058,2
1024,n<=8,sr<=40%,kvB<=16k,kp<=1k,0.0188,4
1024,n<=8,sr<=40%,kvB<=16k,kp<=2k,0.0166,4
1024,n<=8,sr<=40%,kvB<=16k,kp<=4k,0.0439,4
1024,n<=8,sr<=40%,kvB<=16k,kp<=512,-0.0006,4
1024,n<=8,sr<=40%,kvB<=16k,kp<=8k,0.0933,4
1024,n<=8,sr<=40%,kvB<=16k,kp=0,0.0605,4
1024,n<=8,sr<=40%,kvB<=1k,kp<=1k,0.089,4
1024,n<=8,sr<=40%,kvB<=1k,kp<=2k,0.0613,4
1024,n<=8,sr<=40%,kvB<=1k,kp<=4k,0.0858,4
1024,n<=8,sr<=40%,kvB<=1k,kp<=512,0.0419,4
1024,n<=8,sr<=40%,kvB<=1k,kp<=8k,0.0817,4
1024,n<=8,sr<=40%,kvB<=1k,kp=0,0.092,4
1024,n<=8,sr<=40%,kvB<=4k,kp<=1k,0.0787,4
1024,n<=8,sr<=40%,kvB<=4k,kp<=2k,0.0782,4
1024,n<=8,sr<=40%,kvB<=4k,kp<=4k,-0.0153,4
1024,n<=8,sr<=40%,kvB<=4k,kp<=512,0.0449,4
1024,n<=8,sr<=40%,kvB<=4k,kp<=8k,-0.0934,4
1024,n<=8,sr<=40%,kvB<=4k,kp=0,0.0305,4
1024,n<=8,sr<=70%,kvB<=16k,kp<=1k,-0.002,2
1024,n<=8,sr<=70%,kvB<=16k,kp<=2k,0.0128,2
1024,n<=8,sr<=70%,kvB<=16k,kp<=4k,-0.0045,2
1024,n<=8,sr<=70%,kvB<=16k,kp<=512,-0.003,2
1024,n<=8,sr<=70%,kvB<=16k,kp<=8k,0.0506,2
1024,n<=8,sr<=70%,kvB<=16k,kp=0,0.0623,2
1024,n<=8,sr<=70%,kvB<=1k,kp<=1k,0.0243,2
1024,n<=8,sr<=70%,kvB<=1k,kp<=2k,0.0395,2
1024,n<=8,sr<=70%,kvB<=1k,kp<=4k,-0.2752,2
1024,n<=8,sr<=70%,kvB<=1k,kp<=512,0.1632,2
1024,n<=8,sr<=70%,kvB<=1k,kp<=8k,-0.0033,1
1024,n<=8,sr<=70%,kvB<=1k,kp=0,-0.0517,2
1024,n<=8,sr<=70%,kvB<=4k,kp<=1k,0.1044,2
1024,n<=8,sr<=70%,kvB<=4k,kp<=2k,0.1205,2
1024,n<=8,sr<=70%,kvB<=4k,kp<=4k,-0.1743,2
1024,n<=8,sr<=70%,kvB<=4k,kp<=512,0.0345,2
1024,n<=8,sr<=70%,kvB<=4k,kp<=8k,0.0899,2
1024,n<=8,sr<=70%,kvB<=4k,kp=0,0.0116,2
1024,n<=8,sr>70%,kvB<=16k,kp<=1k,0.0036,4
1024,n<=8,sr>70%,kvB<=16k,kp<=2k,0.0056,4
1024,n<=8,sr>70%,kvB<=16k,kp<=4k,-0.0512,4
1024,n<=8,sr>70%,kvB<=16k,kp<=512,0.0218,4
1024,n<=8,sr>70%,kvB<=16k,kp<=8k,0.3262,4
1024,n<=8,sr>70%,kvB<=16k,kp=0,0.3144,4
1024,n<=8,sr>70%,kvB<=1k,kp<=1k,0.2289,3
1024,n<=8,sr>70%,kvB<=1k,kp<=2k,0.6106,4
1024,n<=8,sr>70%,kvB<=1k,kp<=4k,0.1271,2
1024,n<=8,sr>70%,kvB<=1k,kp<=512,0.4726,4
1024,n<=8,sr>70%,kvB<=1k,kp<=8k,0.2011,4
1024,n<=8,sr>70%,kvB<=1k,kp=0,0.3667,4
1024,n<=8,sr>70%,kvB<=4k,kp<=1k,0.0433,4
1024,n<=8,sr>70%,kvB<=4k,kp<=2k,0.0525,4
1024,n<=8,sr>70%,kvB<=4k,kp<=4k,0.0163,4
1024,n<=8,sr>70%,kvB<=4k,kp<=512,-0.1063,4
1024,n<=8,sr>70%,kvB<=4k,kp<=8k,0.802,2
1024,n<=8,sr>70%,kvB<=4k,kp=0,0.0343,4
2048,n<=128,sr<=15%,kvB<=16k,kp<=1k,0.0031,4
2048,n<=128,sr<=15%,kvB<=16k,kp<=2k,0.0044,4
2048,n<=128,sr<=15%,kvB<=16k,kp<=4k,0.0044,4
2048,n<=128,sr<=15%,kvB<=16k,kp<=512,0.0027,4
2048,n<=128,sr<=15%,kvB<=16k,kp<=8k,-0.0131,4
2048,n<=128,sr<=15%,kvB<=16k,kp=0,0.0029,4
2048,n<=128,sr<=15%,kvB<=1k,kp<=1k,0.0326,4
2048,n<=128,sr<=15%,kvB<=1k,kp<=2k,0.0368,4
2048,n<=128,sr<=15%,kvB<=1k,kp<=4k,0.0881,4
2048,n<=128,sr<=15%,kvB<=1k,kp<=512,0.0344,4
2048,n<=128,sr<=15%,kvB<=1k,kp<=8k,-0.0068,4
2048,n<=128,sr<=15%,kvB<=1k,kp=0,0.0431,4
2048,n<=128,sr<=15%,kvB<=4k,kp<=1k,0.0034,4
2048,n<=128,sr<=15%,kvB<=4k,kp<=2k,0.005,4
2048,n<=128,sr<=15%,kvB<=4k,kp<=4k,0.0059,4
2048,n<=128,sr<=15%,kvB<=4k,kp<=512,0.0026,4
2048,n<=128,sr<=15%,kvB<=4k,kp<=8k,0.0006,4
2048,n<=128,sr<=15%,kvB<=4k,kp=0,0.0044,4
2048,n<=128,sr<=40%,kvB<=16k,kp<=1k,-0.0003,2
2048,n<=128,sr<=40%,kvB<=16k,kp<=2k,0.0036,2
2048,n<=128,sr<=40%,kvB<=16k,kp<=4k,0.0088,2
2048,n<=128,sr<=40%,kvB<=16k,kp<=512,-0.0002,2
2048,n<=128,sr<=40%,kvB<=16k,kp<=8k,-0.0188,2
2048,n<=128,sr<=40%,kvB<=16k,kp=0,-0.001,2
2048,n<=128,sr<=40%,kvB<=1k,kp<=1k,0.0976,2
2048,n<=128,sr<=40%,kvB<=1k,kp<=2k,0.05,2
2048,n<=128,sr<=40%,kvB<=1k,kp<=4k,0.1412,2
2048,n<=128,sr<=40%,kvB<=1k,kp<=512,0.0684,2
2048,n<=128,sr<=40%,kvB<=1k,kp<=8k,0.0868,2
2048,n<=128,sr<=40%,kvB<=1k,kp=0,0.0734,2
2048,n<=128,sr<=40%,kvB<=4k,kp<=1k,0.0077,2
2048,n<=128,sr<=40%,kvB<=4k,kp<=2k,-0.0037,2
2048,n<=128,sr<=40%,kvB<=4k,kp<=4k,-0.0156,2
2048,n<=128,sr<=40%,kvB<=4k,kp<=512,0.0018,2
2048,n<=128,sr<=40%,kvB<=4k,kp<=8k,0.0164,2
2048,n<=128,sr<=40%,kvB<=4k,kp=0,0.0053,2
2048,n<=128,sr<=5%,kvB<=16k,kp<=1k,0.0027,8
2048,n<=128,sr<=5%,kvB<=16k,kp<=2k,0.0049,8
2048,n<=128,sr<=5%,kvB<=16k,kp<=4k,0.0063,8
2048,n<=128,sr<=5%,kvB<=16k,kp<=512,0.0017,8
2048,n<=128,sr<=5%,kvB<=16k,kp<=8k,0.0013,8
2048,n<=128,sr<=5%,kvB<=16k,kp=0,0.0018,8
2048,n<=128,sr<=5%,kvB<=1k,kp<=1k,0.003,8
2048,n<=128,sr<=5%,kvB<=1k,kp<=2k,0.0002,8
2048,n<=128,sr<=5%,kvB<=1k,kp<=4k,0.0227,8
2048,n<=128,sr<=5%,kvB<=1k,kp<=512,0.0131,8
2048,n<=128,sr<=5%,kvB<=1k,kp<=8k,0.0093,8
2048,n<=128,sr<=5%,kvB<=1k,kp=0,-0.0042,8
2048,n<=128,sr<=5%,kvB<=4k,kp<=1k,0.004,8
2048,n<=128,sr<=5%,kvB<=4k,kp<=2k,0.0036,8
2048,n<=128,sr<=5%,kvB<=4k,kp<=4k,0.0065,8
2048,n<=128,sr<=5%,kvB<=4k,kp<=512,0.0029,8
2048,n<=128,sr<=5%,kvB<=4k,kp<=8k,0.0096,8
2048,n<=128,sr<=5%,kvB<=4k,kp=0,0.0035,8
2048,n<=128,sr<=70%,kvB<=16k,kp<=1k,-0.006,2
2048,n<=128,sr<=70%,kvB<=16k,kp<=2k,-0.0137,2
2048,n<=128,sr<=70%,kvB<=16k,kp<=4k,-0.0245,2
2048,n<=128,sr<=70%,kvB<=16k,kp<=512,-0.0042,2
2048,n<=128,sr<=70%,kvB<=16k,kp<=8k,-0.0084,2
2048,n<=128,sr<=70%,kvB<=16k,kp=0,-0.0024,2
2048,n<=128,sr<=70%,kvB<=1k,kp<=1k,-0.0245,2
2048,n<=128,sr<=70%,kvB<=1k,kp<=2k,0.0521,2
2048,n<=128,sr<=70%,kvB<=1k,kp<=4k,0.0327,2
2048,n<=128,sr<=70%,kvB<=1k,kp<=512,0.0065,2
2048,n<=128,sr<=70%,kvB<=1k,kp<=8k,-0.0353,2
2048,n<=128,sr<=70%,kvB<=1k,kp=0,0.0903,2
2048,n<=128,sr<=70%,kvB<=4k,kp<=1k,0.006,2
2048,n<=128,sr<=70%,kvB<=4k,kp<=2k,-0.0129,2
2048,n<=128,sr<=70%,kvB<=4k,kp<=4k,-0.0477,2
2048,n<=128,sr<=70%,kvB<=4k,kp<=512,0.0115,2
2048,n<=128,sr<=70%,kvB<=4k,kp<=8k,0.0075,2
2048,n<=128,sr<=70%,kvB<=4k,kp=0,0.0093,2
2048,n<=128,sr>70%,kvB<=16k,kp<=1k,0.0063,4
2048,n<=128,sr>70%,kvB<=16k,kp<=2k,-0.0067,4
2048,n<=128,sr>70%,kvB<=16k,kp<=4k,-0.0435,4
2048,n<=128,sr>70%,kvB<=16k,kp<=512,0.0072,4
2048,n<=128,sr>70%,kvB<=16k,kp<=8k,-0.0639,4
2048,n<=128,sr>70%,kvB<=16k,kp=0,0.0079,4
2048,n<=128,sr>70%,kvB<=1k,kp<=1k,0.1331,4
2048,n<=128,sr>70%,kvB<=1k,kp<=2k,0.2118,4
2048,n<=128,sr>70%,kvB<=1k,kp<=4k,0.2224,4
2048,n<=128,sr>70%,kvB<=1k,kp<=512,0.1518,4
2048,n<=128,sr>70%,kvB<=1k,kp<=8k,0.3526,4
2048,n<=128,sr>70%,kvB<=1k,kp=0,0.2541,4
2048,n<=128,sr>70%,kvB<=4k,kp<=1k,-0.0168,4
2048,n<=128,sr>70%,kvB<=4k,kp<=2k,-0.0527,4
2048,n<=128,sr>70%,kvB<=4k,kp<=4k,-0.1212,4
2048,n<=128,sr>70%,kvB<=4k,kp<=512,-0.0217,4
2048,n<=128,sr>70%,kvB<=4k,kp<=8k,-0.0626,4
2048,n<=128,sr>70%,kvB<=4k,kp=0,-0.0104,4
2048,n<=16,sr<=15%,kvB<=16k,kp<=1k,0.024,4
2048,n<=16,sr<=15%,kvB<=16k,kp<=2k,0.0236,4
2048,n<=16,sr<=15%,kvB<=16k,kp<=4k,0.0244,4
2048,n<=16,sr<=15%,kvB<=16k,kp<=512,0.02,4
2048,n<=16,sr<=15%,kvB<=16k,kp<=8k,0.0372,4
2048,n<=16,sr<=15%,kvB<=16k,kp=0,0.0209,4
2048,n<=16,sr<=15%,kvB<=1k,kp<=1k,0.0123,4
2048,n<=16,sr<=15%,kvB<=1k,kp<=2k,0.0523,4
2048,n<=16,sr<=15%,kvB<=1k,kp<=4k,0.2834,4
2048,n<=16,sr<=15%,kvB<=1k,kp<=512,0.0696,4
2048,n<=16,sr<=15%,kvB<=1k,kp<=8k,0.3619,4
2048,n<=16,sr<=15%,kvB<=1k,kp=0,0.03,4
2048,n<=16,sr<=15%,kvB<=4k,kp<=1k,0.0332,4
2048,n<=16,sr<=15%,kvB<=4k,kp<=2k,0.0256,4
2048,n<=16,sr<=15%,kvB<=4k,kp<=4k,-0.0658,4
2048,n<=16,sr<=15%,kvB<=4k,kp<=512,0.0295,4
2048,n<=16,sr<=15%,kvB<=4k,kp<=8k,-0.0164,4
2048,n<=16,sr<=15%,kvB<=4k,kp=0,0.0164,4
2048,n<=16,sr<=40%,kvB<=16k,kp<=1k,0.0134,4
2048,n<=16,sr<=40%,kvB<=16k,kp<=2k,0.0214,4
2048,n<=16,sr<=40%,kvB<=16k,kp<=4k,0.0193,4
2048,n<=16,sr<=40%,kvB<=16k,kp<=512,0.0137,4
2048,n<=16,sr<=40%,kvB<=16k,kp<=8k,0.0189,4
2048,n<=16,sr<=40%,kvB<=16k,kp=0,0.0137,4
2048,n<=16,sr<=40%,kvB<=1k,kp<=1k,0.0527,4
2048,n<=16,sr<=40%,kvB<=1k,kp<=2k,-0.3736,4
2048,n<=16,sr<=40%,kvB<=1k,kp<=4k,0.0802,4
2048,n<=16,sr<=40%,kvB<=1k,kp<=512,0.0628,4
2048,n<=16,sr<=40%,kvB<=1k,kp<=8k,0.1045,4
2048,n<=16,sr<=40%,kvB<=1k,kp=0,-0.025,4
2048,n<=16,sr<=40%,kvB<=4k,kp<=1k,0.0421,4
2048,n<=16,sr<=40%,kvB<=4k,kp<=2k,0.0389,4
2048,n<=16,sr<=40%,kvB<=4k,kp<=4k,-0.0372,4
2048,n<=16,sr<=40%,kvB<=4k,kp<=512,0.0317,4
2048,n<=16,sr<=40%,kvB<=4k,kp<=8k,-0.0105,4
2048,n<=16,sr<=40%,kvB<=4k,kp=0,0.0389,4
2048,n<=16,sr<=70%,kvB<=16k,kp<=1k,0.0146,2
2048,n<=16,sr<=70%,kvB<=16k,kp<=2k,0.0076,2
2048,n<=16,sr<=70%,kvB<=16k,kp<=4k,0.0371,2
2048,n<=16,sr<=70%,kvB<=16k,kp<=512,0.0127,2
2048,n<=16,sr<=70%,kvB<=16k,kp<=8k,0.0204,2
2048,n<=16,sr<=70%,kvB<=16k,kp=0,0.004,2
2048,n<=16,sr<=70%,kvB<=1k,kp<=1k,0.053,2
2048,n<=16,sr<=70%,kvB<=1k,kp<=2k,0.6246,2
2048,n<=16,sr<=70%,kvB<=1k,kp<=4k,-0.2023,2
2048,n<=16,sr<=70%,kvB<=1k,kp<=512,0.2339,2
2048,n<=16,sr<=70%,kvB<=1k,kp<=8k,0.3068,2
2048,n<=16,sr<=70%,kvB<=1k,kp=0,-0.181,2
2048,n<=16,sr<=70%,kvB<=4k,kp<=1k,0.0559,2
2048,n<=16,sr<=70%,kvB<=4k,kp<=2k,0.1338,2
2048,n<=16,sr<=70%,kvB<=4k,kp<=4k,0.0308,2
2048,n<=16,sr<=70%,kvB<=4k,kp<=512,0.0448,2
2048,n<=16,sr<=70%,kvB<=4k,kp<=8k,0.2004,2
2048,n<=16,sr<=70%,kvB<=4k,kp=0,-0.0081,2
2048,n<=16,sr>70%,kvB<=16k,kp<=1k,0.0201,4
2048,n<=16,sr>70%,kvB<=16k,kp<=2k,0.049,4
2048,n<=16,sr>70%,kvB<=16k,kp<=4k,0.0126,4
2048,n<=16,sr>70%,kvB<=16k,kp<=512,0.0077,4
2048,n<=16,sr>70%,kvB<=16k,kp<=8k,-0.1895,4
2048,n<=16,sr>70%,kvB<=16k,kp=0,0.0051,4
2048,n<=16,sr>70%,kvB<=1k,kp<=1k,-0.0281,3
2048,n<=16,sr>70%,kvB<=1k,kp<=2k,0.9631,3
2048,n<=16,sr>70%,kvB<=1k,kp<=4k,0.3448,3
2048,n<=16,sr>70%,kvB<=1k,kp<=512,0.5089,3
2048,n<=16,sr>70%,kvB<=1k,kp<=8k,1.0625,4
2048,n<=16,sr>70%,kvB<=1k,kp=0,0.2081,4
2048,n<=16,sr>70%,kvB<=4k,kp<=1k,0.0685,4
2048,n<=16,sr>70%,kvB<=4k,kp<=2k,-0.004,4
2048,n<=16,sr>70%,kvB<=4k,kp<=4k,-0.0248,4
2048,n<=16,sr>70%,kvB<=4k,kp<=512,-0.0063,4
2048,n<=16,sr>70%,kvB<=4k,kp<=8k,0.2801,4
2048,n<=16,sr>70%,kvB<=4k,kp=0,0.0412,4
2048,n<=2,sr<=70%,kvB<=16k,kp<=1k,0.4032,2
2048,n<=2,sr<=70%,kvB<=16k,kp<=2k,0.1846,2
2048,n<=2,sr<=70%,kvB<=16k,kp<=4k,0.2679,2
2048,n<=2,sr<=70%,kvB<=16k,kp<=512,0.425,2
2048,n<=2,sr<=70%,kvB<=16k,kp<=8k,0.6281,2
2048,n<=2,sr<=70%,kvB<=16k,kp=0,0.3493,2
2048,n<=2,sr<=70%,kvB<=1k,kp<=1k,-0.9414,2
2048,n<=2,sr<=70%,kvB<=1k,kp<=2k,1.8342,1
2048,n<=2,sr<=70%,kvB<=1k,kp<=4k,0.9515,1
2048,n<=2,sr<=70%,kvB<=1k,kp=0,-0.0699,2
2048,n<=2,sr<=70%,kvB<=4k,kp<=1k,0.318,2
2048,n<=2,sr<=70%,kvB<=4k,kp<=2k,0.1664,1
2048,n<=2,sr<=70%,kvB<=4k,kp<=4k,-0.9393,1
2048,n<=2,sr<=70%,kvB<=4k,kp<=512,0.3065,2
2048,n<=2,sr<=70%,kvB<=4k,kp<=8k,-0.5762,1
2048,n<=2,sr<=70%,kvB<=4k,kp=0,0.3271,2
2048,n<=32,sr<=15%,kvB<=16k,kp<=1k,0.0151,6
2048,n<=32,sr<=15%,kvB<=16k,kp<=2k,0.009,6
2048,n<=32,sr<=15%,kvB<=16k,kp<=4k,0.0106,6
2048,n<=32,sr<=15%,kvB<=16k,kp<=512,0.0117,6
2048,n<=32,sr<=15%,kvB<=16k,kp<=8k,0.0395,6
2048,n<=32,sr<=15%,kvB<=16k,kp=0,0.0104,6
2048,n<=32,sr<=15%,kvB<=1k,kp<=1k,0.0335,6
2048,n<=32,sr<=15%,kvB<=1k,kp<=2k,0.0553,6
2048,n<=32,sr<=15%,kvB<=1k,kp<=4k,-0.0404,6
2048,n<=32,sr<=15%,kvB<=1k,kp<=512,0.0398,6
2048,n<=32,sr<=15%,kvB<=1k,kp<=8k,0.1606,6
2048,n<=32,sr<=15%,kvB<=1k,kp=0,0.0575,6
2048,n<=32,sr<=15%,kvB<=4k,kp<=1k,0.0238,6
2048,n<=32,sr<=15%,kvB<=4k,kp<=2k,0.0172,6
2048,n<=32,sr<=15%,kvB<=4k,kp<=4k,0.0045,6
2048,n<=32,sr<=15%,kvB<=4k,kp<=512,0.0237,6
2048,n<=32,sr<=15%,kvB<=4k,kp<=8k,0.0105,6
2048,n<=32,sr<=15%,kvB<=4k,kp=0,0.0134,6
2048,n<=32,sr<=40%,kvB<=16k,kp<=1k,0.0112,2
2048,n<=32,sr<=40%,kvB<=16k,kp<=2k,0.0111,2
2048,n<=32,sr<=40%,kvB<=16k,kp<=4k,0.03,2
2048,n<=32,sr<=40%,kvB<=16k,kp<=512,0.0075,2
2048,n<=32,sr<=40%,kvB<=16k,kp<=8k,0.0268,2
2048,n<=32,sr<=40%,kvB<=16k,kp=0,0.0069,2
2048,n<=32,sr<=40%,kvB<=1k,kp<=1k,0.0058,2
2048,n<=32,sr<=40%,kvB<=1k,kp<=2k,0.0524,2
2048,n<=32,sr<=40%,kvB<=1k,kp<=4k,0.2705,2
2048,n<=32,sr<=40%,kvB<=1k,kp<=512,0.0833,2
2048,n<=32,sr<=40%,kvB<=1k,kp<=8k,0.0107,2
2048,n<=32,sr<=40%,kvB<=1k,kp=0,0.076,2
2048,n<=32,sr<=40%,kvB<=4k,kp<=1k,0.0252,2
2048,n<=32,sr<=40%,kvB<=4k,kp<=2k,0.0102,2
2048,n<=32,sr<=40%,kvB<=4k,kp<=4k,0.0082,2
2048,n<=32,sr<=40%,kvB<=4k,kp<=512,0.0385,2
2048,n<=32,sr<=40%,kvB<=4k,kp<=8k,-0.0132,2
2048,n<=32,sr<=40%,kvB<=4k,kp=0,0.0181,2
2048,n<=32,sr<=5%,kvB<=16k,kp<=1k,0.0144,2
2048,n<=32,sr<=5%,kvB<=16k,kp<=2k,0.0107,2
2048,n<=32,sr<=5%,kvB<=16k,kp<=4k,0.0103,2
2048,n<=32,sr<=5%,kvB<=16k,kp<=512,0.0124,2
2048,n<=32,sr<=5%,kvB<=16k,kp<=8k,0.0216,2
2048,n<=32,sr<=5%,kvB<=16k,kp=0,0.013,2
2048,n<=32,sr<=5%,kvB<=1k,kp<=1k,0.125,2
2048,n<=32,sr<=5%,kvB<=1k,kp<=2k,0.0946,2
2048,n<=32,sr<=5%,kvB<=1k,kp<=4k,-0.0608,2
2048,n<=32,sr<=5%,kvB<=1k,kp<=512,0.0781,2
2048,n<=32,sr<=5%,kvB<=1k,kp<=8k,0.3068,2
2048,n<=32,sr<=5%,kvB<=1k,kp=0,0.0434,2
2048,n<=32,sr<=5%,kvB<=4k,kp<=1k,0.0153,2
2048,n<=32,sr<=5%,kvB<=4k,kp<=2k,0.008,2
2048,n<=32,sr<=5%,kvB<=4k,kp<=4k,0.0359,2
2048,n<=32,sr<=5%,kvB<=4k,kp<=512,0.0227,2
2048,n<=32,sr<=5%,kvB<=4k,kp<=8k,0.033,2
2048,n<=32,sr<=5%,kvB<=4k,kp=0,0.0118,2
2048,n<=32,sr<=70%,kvB<=16k,kp<=1k,0.0164,2
2048,n<=32,sr<=70%,kvB<=16k,kp<=2k,0.0134,2
2048,n<=32,sr<=70%,kvB<=16k,kp<=4k,-0.0112,2
2048,n<=32,sr<=70%,kvB<=16k,kp<=512,0.014,2
2048,n<=32,sr<=70%,kvB<=16k,kp<=8k,0.0644,2
2048,n<=32,sr<=70%,kvB<=16k,kp=0,0.0154,2
2048,n<=32,sr<=70%,kvB<=1k,kp<=1k,-0.1248,2
2048,n<=32,sr<=70%,kvB<=1k,kp<=2k,-0.1448,2
2048,n<=32,sr<=70%,kvB<=1k,kp<=4k,-0.0185,2
2048,n<=32,sr<=70%,kvB<=1k,kp<=512,0.0767,2
2048,n<=32,sr<=70%,kvB<=1k,kp<=8k,-0.0639,2
2048,n<=32,sr<=70%,kvB<=1k,kp=0,-0.0384,2
2048,n<=32,sr<=70%,kvB<=4k,kp<=1k,0.0443,2
2048,n<=32,sr<=70%,kvB<=4k,kp<=2k,0.0994,2
2048,n<=32,sr<=70%,kvB<=4k,kp<=4k,0.0166,2
2048,n<=32,sr<=70%,kvB<=4k,kp<=512,0.0202,2
2048,n<=32,sr<=70%,kvB<=4k,kp<=8k,-0.0621,2
2048,n<=32,sr<=70%,kvB<=4k,kp=0,0.0186,2
2048,n<=32,sr>70%,kvB<=16k,kp<=1k,0.0121,4
2048,n<=32,sr>70%,kvB<=16k,kp<=2k,0.0349,4
2048,n<=32,sr>70%,kvB<=16k,kp<=4k,0.05,4
2048,n<=32,sr>70%,kvB<=16k,kp<=512,0.0039,4
2048,n<=32,sr>70%,kvB<=16k,kp<=8k,0.0178,4
2048,n<=32,sr>70%,kvB<=16k,kp=0,0.0132,4
2048,n<=32,sr>70%,kvB<=1k,kp<=1k,0.3312,4
2048,n<=32,sr>70%,kvB<=1k,kp<=2k,0.1989,4
2048,n<=32,sr>70%,kvB<=1k,kp<=4k,0.632,4
2048,n<=32,sr>70%,kvB<=1k,kp<=512,-0.1356,3
2048,n<=32,sr>70%,kvB<=1k,kp<=8k,0.3816,2
2048,n<=32,sr>70%,kvB<=1k,kp=0,-0.0026,4
2048,n<=32,sr>70%,kvB<=4k,kp<=1k,-0.0476,4
2048,n<=32,sr>70%,kvB<=4k,kp<=2k,0.0265,4
2048,n<=32,sr>70%,kvB<=4k,kp<=4k,0.05,4
2048,n<=32,sr>70%,kvB<=4k,kp<=512,0.0232,4
2048,n<=32,sr>70%,kvB<=4k,kp<=8k,0.0385,4
2048,n<=32,sr>70%,kvB<=4k,kp=0,-0.0107,4
2048,n<=4,sr<=40%,kvB<=16k,kp<=1k,0.1315,2
2048,n<=4,sr<=40%,kvB<=16k,kp<=2k,0.1993,2
2048,n<=4,sr<=40%,kvB<=16k,kp<=4k,0.1414,2
2048,n<=4,sr<=40%,kvB<=16k,kp<=512,0.1069,2
2048,n<=4,sr<=40%,kvB<=16k,kp<=8k,0.1681,2
2048,n<=4,sr<=40%,kvB<=16k,kp=0,0.08,2
2048,n<=4,sr<=40%,kvB<=1k,kp<=1k,0.8722,2
2048,n<=4,sr<=40%,kvB<=1k,kp<=2k,0.0681,1
2048,n<=4,sr<=40%,kvB<=1k,kp<=4k,-11.1869,1
2048,n<=4,sr<=40%,kvB<=1k,kp<=512,0.3911,2
2048,n<=4,sr<=40%,kvB<=1k,kp<=8k,-0.4247,1
2048,n<=4,sr<=40%,kvB<=1k,kp=0,0.8126,2
2048,n<=4,sr<=40%,kvB<=4k,kp<=1k,0.2764,2
2048,n<=4,sr<=40%,kvB<=4k,kp<=2k,0.1516,2
2048,n<=4,sr<=40%,kvB<=4k,kp<=4k,0.4659,2
2048,n<=4,sr<=40%,kvB<=4k,kp<=512,0.0482,2
2048,n<=4,sr<=40%,kvB<=4k,kp<=8k,0.1034,2
2048,n<=4,sr<=40%,kvB<=4k,kp=0,0.1386,2
2048,n<=4,sr<=70%,kvB<=16k,kp<=1k,0.0695,2
2048,n<=4,sr<=70%,kvB<=16k,kp<=2k,0.1902,2
2048,n<=4,sr<=70%,kvB<=16k,kp<=4k,0.2974,2
2048,n<=4,sr<=70%,kvB<=16k,kp<=512,0.0588,2
2048,n<=4,sr<=70%,kvB<=16k,kp<=8k,0.2338,2
2048,n<=4,sr<=70%,kvB<=16k,kp=0,0.0419,2
2048,n<=4,sr<=70%,kvB<=1k,kp<=1k,0.5726,2
2048,n<=4,sr<=70%,kvB<=1k,kp<=2k,-0.229,2
2048,n<=4,sr<=70%,kvB<=1k,kp<=512,-0.1405,1
2048,n<=4,sr<=70%,kvB<=1k,kp<=8k,0.471,2
2048,n<=4,sr<=70%,kvB<=1k,kp=0,0.0333,2
2048,n<=4,sr<=70%,kvB<=4k,kp<=1k,0.1277,2
2048,n<=4,sr<=70%,kvB<=4k,kp<=2k,-0.0343,2
2048,n<=4,sr<=70%,kvB<=4k,kp<=4k,-0.2855,2
2048,n<=4,sr<=70%,kvB<=4k,kp<=512,0.0963,2
2048,n<=4,sr<=70%,kvB<=4k,kp<=8k,0.4105,2
2048,n<=4,sr<=70%,kvB<=4k,kp=0,0.0953,2
2048,n<=4,sr>70%,kvB<=16k,kp<=1k,0.0846,2
2048,n<=4,sr>70%,kvB<=16k,kp<=2k,0.1516,2
2048,n<=4,sr>70%,kvB<=16k,kp<=4k,-0.0993,2
2048,n<=4,sr>70%,kvB<=16k,kp<=512,0.0261,2
2048,n<=4,sr>70%,kvB<=16k,kp<=8k,0.5397,2
2048,n<=4,sr>70%,kvB<=16k,kp=0,0.0115,2
2048,n<=4,sr>70%,kvB<=1k,kp<=1k,0.5187,1
2048,n<=4,sr>70%,kvB<=1k,kp<=512,-0.0918,2
2048,n<=4,sr>70%,kvB<=1k,kp<=8k,1.6716,1
2048,n<=4,sr>70%,kvB<=1k,kp=0,0.6633,1
2048,n<=4,sr>70%,kvB<=4k,kp<=1k,0.6322,2
2048,n<=4,sr>70%,kvB<=4k,kp<=2k,4.1948,1
2048,n<=4,sr>70%,kvB<=4k,kp<=4k,-0.046,2
2048,n<=4,sr>70%,kvB<=4k,kp<=512,0.1318,2
2048,n<=4,sr>70%,kvB<=4k,kp<=8k,-0.0346,2
2048,n<=4,sr>70%,kvB<=4k,kp=0,0.5505,2
2048,n<=64,sr<=15%,kvB<=16k,kp<=1k,0.0069,4
2048,n<=64,sr<=15%,kvB<=16k,kp<=2k,0.0064,4
2048,n<=64,sr<=15%,kvB<=16k,kp<=4k,0.0031,4
2048,n<=64,sr<=15%,kvB<=16k,kp<=512,0.006,4
2048,n<=64,sr<=15%,kvB<=16k,kp<=8k,0.0019,4
2048,n<=64,sr<=15%,kvB<=16k,kp=0,0.0082,4
2048,n<=64,sr<=15%,kvB<=1k,kp<=1k,0.0644,4
2048,n<=64,sr<=15%,kvB<=1k,kp<=2k,0.0009,4
2048,n<=64,sr<=15%,kvB<=1k,kp<=4k,0.0939,4
2048,n<=64,sr<=15%,kvB<=1k,kp<=512,0.0513,4
2048,n<=64,sr<=15%,kvB<=1k,kp<=8k,0.0844,4
2048,n<=64,sr<=15%,kvB<=1k,kp=0,0.0464,4
2048,n<=64,sr<=15%,kvB<=4k,kp<=1k,0.0024,4
2048,n<=64,sr<=15%,kvB<=4k,kp<=2k,0.0068,4
2048,n<=64,sr<=15%,kvB<=4k,kp<=4k,0.0065,4
2048,n<=64,sr<=15%,kvB<=4k,kp<=512,0.0134,4
2048,n<=64,sr<=15%,kvB<=4k,kp<=8k,0.0121,4
2048,n<=64,sr<=15%,kvB<=4k,kp=0,0.0027,4
2048,n<=64,sr<=40%,kvB<=16k,kp<=1k,0.0021,2
2048,n<=64,sr<=40%,kvB<=16k,kp<=2k,0.0086,2
2048,n<=64,sr<=40%,kvB<=16k,kp<=4k,0.004,2
2048,n<=64,sr<=40%,kvB<=16k,kp<=512,-0.0007,2
2048,n<=64,sr<=40%,kvB<=16k,kp<=8k,0.0024,2
2048,n<=64,sr<=40%,kvB<=16k,kp=0,-0.0007,2
2048,n<=64,sr<=40%,kvB<=1k,kp<=1k,0.0018,2
2048,n<=64,sr<=40%,kvB<=1k,kp<=2k,0.0457,2
2048,n<=64,sr<=40%,kvB<=1k,kp<=4k,0.1611,2
2048,n<=64,sr<=40%,kvB<=1k,kp<=512,0.0648,2
2048,n<=64,sr<=40%,kvB<=1k,kp<=8k,0.1994,2
2048,n<=64,sr<=40%,kvB<=1k,kp=0,0.0556,2
2048,n<=64,sr<=40%,kvB<=4k,kp<=1k,-0.017,2
2048,n<=64,sr<=40%,kvB<=4k,kp<=2k,-0.0104,2
2048,n<=64,sr<=40%,kvB<=4k,kp<=4k,-0.0076,2
2048,n<=64,sr<=40%,kvB<=4k,kp<=512,-0.0162,2
2048,n<=64,sr<=40%,kvB<=4k,kp<=8k,-0.0229,2
2048,n<=64,sr<=40%,kvB<=4k,kp=0,-0.0158,2
2048,n<=64,sr<=5%,kvB<=16k,kp<=1k,0.0101,6
2048,n<=64,sr<=5%,kvB<=16k,kp<=2k,0.0026,6
2048,n<=64,sr<=5%,kvB<=16k,kp<=4k,0.0044,6
2048,n<=64,sr<=5%,kvB<=16k,kp<=512,0.0092,6
2048,n<=64,sr<=5%,kvB<=16k,kp<=8k,0.0053,6
2048,n<=64,sr<=5%,kvB<=16k,kp=0,0.0085,6
2048,n<=64,sr<=5%,kvB<=1k,kp<=1k,0.0008,6
2048,n<=64,sr<=5%,kvB<=1k,kp<=2k,0.018,6
2048,n<=64,sr<=5%,kvB<=1k,kp<=4k,0.0069,6
2048,n<=64,sr<=5%,kvB<=1k,kp<=512,0.0006,6
2048,n<=64,sr<=5%,kvB<=1k,kp<=8k,0.0045,6
2048,n<=64,sr<=5%,kvB<=1k,kp=0,-0.002,6
2048,n<=64,sr<=5%,kvB<=4k,kp<=1k,0.0054,6
2048,n<=64,sr<=5%,kvB<=4k,kp<=2k,0.001,6
2048,n<=64,sr<=5%,kvB<=4k,kp<=4k,0.0028,6
2048,n<=64,sr<=5%,kvB<=4k,kp<=512,0.0113,6
2048,n<=64,sr<=5%,kvB<=4k,kp<=8k,0.0003,6
2048,n<=64,sr<=5%,kvB<=4k,kp=0,0.0077,6
2048,n<=64,sr<=70%,kvB<=16k,kp<=1k,-0.0116,2
2048,n<=64,sr<=70%,kvB<=16k,kp<=2k,-0.0035,2
2048,n<=64,sr<=70%,kvB<=16k,kp<=4k,-0.0012,2
2048,n<=64,sr<=70%,kvB<=16k,kp<=512,-0.0057,2
2048,n<=64,sr<=70%,kvB<=16k,kp<=8k,0.0161,2
2048,n<=64,sr<=70%,kvB<=16k,kp=0,-0.0017,2
2048,n<=64,sr<=70%,kvB<=1k,kp<=1k,-0.0138,2
2048,n<=64,sr<=70%,kvB<=1k,kp<=2k,0.0464,2
2048,n<=64,sr<=70%,kvB<=1k,kp<=4k,0.0281,2
2048,n<=64,sr<=70%,kvB<=1k,kp<=512,0.0055,2
2048,n<=64,sr<=70%,kvB<=1k,kp<=8k,-0.1787,2
2048,n<=64,sr<=70%,kvB<=1k,kp=0,0.1324,2
2048,n<=64,sr<=70%,kvB<=4k,kp<=1k,-0.0002,2
2048,n<=64,sr<=70%,kvB<=4k,kp<=2k,-0.0045,2
2048,n<=64,sr<=70%,kvB<=4k,kp<=4k,0.0667,2
2048,n<=64,sr<=70%,kvB<=4k,kp<=512,-0.0104,2
2048,n<=64,sr<=70%,kvB<=4k,kp<=8k,-0.0684,2
2048,n<=64,sr<=70%,kvB<=4k,kp=0,-0.0273,2
2048,n<=64,sr>70%,kvB<=16k,kp<=1k,0.0003,4
2048,n<=64,sr>70%,kvB<=16k,kp<=2k,0.0117,4
2048,n<=64,sr>70%,kvB<=16k,kp<=4k,0.069,4
2048,n<=64,sr>70%,kvB<=16k,kp<=512,0.0055,4
2048,n<=64,sr>70%,kvB<=16k,kp<=8k,0.0595,4
2048,n<=64,sr>70%,kvB<=16k,kp=0,0.0131,4
2048,n<=64,sr>70%,kvB<=1k,kp<=1k,0.1658,4
2048,n<=64,sr>70%,kvB<=1k,kp<=2k,0.3043,4
2048,n<=64,sr>70%,kvB<=1k,kp<=4k,0.1525,4
2048,n<=64,sr>70%,kvB<=1k,kp<=512,0.4058,4
2048,n<=64,sr>70%,kvB<=1k,kp<=8k,-0.0624,4
2048,n<=64,sr>70%,kvB<=1k,kp=0,0.4041,4
2048,n<=64,sr>70%,kvB<=4k,kp<=1k,0.0298,4
2048,n<=64,sr>70%,kvB<=4k,kp<=2k,-0.0062,4
2048,n<=64,sr>70%,kvB<=4k,kp<=4k,-0.0284,4
2048,n<=64,sr>70%,kvB<=4k,kp<=512,-0.0103,4
2048,n<=64,sr>70%,kvB<=4k,kp<=8k,0.1737,4
2048,n<=64,sr>70%,kvB<=4k,kp=0,-0.007,4
2048,n<=8,sr<=15%,kvB<=16k,kp<=1k,0.0498,2
2048,n<=8,sr<=15%,kvB<=16k,kp<=2k,0.075,2
2048,n<=8,sr<=15%,kvB<=16k,kp<=4k,0.0731,2
2048,n<=8,sr<=15%,kvB<=16k,kp<=512,0.0462,2
2048,n<=8,sr<=15%,kvB<=16k,kp<=8k,0.1251,2
2048,n<=8,sr<=15%,kvB<=16k,kp=0,0.0449,2
2048,n<=8,sr<=15%,kvB<=1k,kp<=1k,0.085,2
2048,n<=8,sr<=15%,kvB<=1k,kp<=2k,0.0901,2
2048,n<=8,sr<=15%,kvB<=1k,kp<=4k,-0.0668,2
2048,n<=8,sr<=15%,kvB<=1k,kp<=512,0.0545,2
2048,n<=8,sr<=15%,kvB<=1k,kp<=8k,-34.2509,1
2048,n<=8,sr<=15%,kvB<=1k,kp=0,0.2893,2
2048,n<=8,sr<=15%,kvB<=4k,kp<=1k,0.1425,2
2048,n<=8,sr<=15%,kvB<=4k,kp<=2k,0.0227,2
2048,n<=8,sr<=15%,kvB<=4k,kp<=4k,0.0283,2
2048,n<=8,sr<=15%,kvB<=4k,kp<=512,0.1376,2
2048,n<=8,sr<=15%,kvB<=4k,kp<=8k,-0.0464,2
2048,n<=8,sr<=15%,kvB<=4k,kp=0,0.059,2
2048,n<=8,sr<=40%,kvB<=16k,kp<=1k,0.0323,4
2048,n<=8,sr<=40%,kvB<=16k,kp<=2k,0.0374,4
2048,n<=8,sr<=40%,kvB<=16k,kp<=4k,0.0551,4
2048,n<=8,sr<=40%,kvB<=16k,kp<=512,0.0317,4
2048,n<=8,sr<=40%,kvB<=16k,kp<=8k,0.0473,4
2048,n<=8,sr<=40%,kvB<=16k,kp=0,0.0259,4
2048,n<=8,sr<=40%,kvB<=1k,kp<=1k,0.1486,4
2048,n<=8,sr<=40%,kvB<=1k,kp<=2k,0.2744,4
2048,n<=8,sr<=40%,kvB<=1k,kp<=4k,0.0934,4
2048,n<=8,sr<=40%,kvB<=1k,kp<=512,0.302,4
2048,n<=8,sr<=40%,kvB<=1k,kp<=8k,0.2388,3
2048,n<=8,sr<=40%,kvB<=1k,kp=0,0.207,4
2048,n<=8,sr<=40%,kvB<=4k,kp<=1k,0.1507,4
2048,n<=8,sr<=40%,kvB<=4k,kp<=2k,0.097,4
2048,n<=8,sr<=40%,kvB<=4k,kp<=4k,-0.0771,4
2048,n<=8,sr<=40%,kvB<=4k,kp<=512,0.0949,4
2048,n<=8,sr<=40%,kvB<=4k,kp<=8k,0.0328,4
2048,n<=8,sr<=40%,kvB<=4k,kp=0,0.0563,4
2048,n<=8,sr<=70%,kvB<=16k,kp<=1k,0.0237,2
2048,n<=8,sr<=70%,kvB<=16k,kp<=2k,0.0258,2
2048,n<=8,sr<=70%,kvB<=16k,kp<=4k,0.041,2
2048,n<=8,sr<=70%,kvB<=16k,kp<=512,0.0332,2
2048,n<=8,sr<=70%,kvB<=16k,kp<=8k,-0.0083,2
2048,n<=8,sr<=70%,kvB<=16k,kp=0,0.0133,2
2048,n<=8,sr<=70%,kvB<=1k,kp<=1k,0.7034,2
2048,n<=8,sr<=70%,kvB<=1k,kp<=2k,0.0322,2
2048,n<=8,sr<=70%,kvB<=1k,kp<=4k,3.2783,1
2048,n<=8,sr<=70%,kvB<=1k,kp<=512,0.2635,2
2048,n<=8,sr<=70%,kvB<=1k,kp=0,0.5518,2
2048,n<=8,sr<=70%,kvB<=4k,kp<=1k,0.1435,2
2048,n<=8,sr<=70%,kvB<=4k,kp<=2k,-0.187,2
2048,n<=8,sr<=70%,kvB<=4k,kp<=4k,0.2819,2
2048,n<=8,sr<=70%,kvB<=4k,kp<=512,0.145,2
2048,n<=8,sr<=70%,kvB<=4k,kp<=8k,-0.327,1
2048,n<=8,sr<=70%,kvB<=4k,kp=0,0.091,2
2048,n<=8,sr>70%,kvB<=16k,kp<=1k,0.0259,4
2048,n<=8,sr>70%,kvB<=16k,kp<=2k,0.0489,4
2048,n<=8,sr>70%,kvB<=16k,kp<=4k,0.0907,4
2048,n<=8,sr>70%,kvB<=16k,kp<=512,0.0097,4
2048,n<=8,sr>70%,kvB<=16k,kp<=8k,0.2553,3
2048,n<=8,sr>70%,kvB<=16k,kp=0,0.0117,4
2048,n<=8,sr>70%,kvB<=1k,kp<=1k,0.4484,2
2048,n<=8,sr>70%,kvB<=1k,kp<=2k,0.9993,2
2048,n<=8,sr>70%,kvB<=1k,kp<=4k,-0.2706,2
2048,n<=8,sr>70%,kvB<=1k,kp<=512,0.6092,4
2048,n<=8,sr>70%,kvB<=1k,kp<=8k,-0.3794,4
2048,n<=8,sr>70%,kvB<=1k,kp=0,0.604,4
2048,n<=8,sr>70%,kvB<=4k,kp<=1k,0.04,4
2048,n<=8,sr>70%,kvB<=4k,kp<=2k,-0.6511,3
2048,n<=8,sr>70%,kvB<=4k,kp<=4k,0.2942,3
2048,n<=8,sr>70%,kvB<=4k,kp<=512,-0.0807,4
2048,n<=8,sr>70%,kvB<=4k,kp<=8k,0.0144,4
2048,n<=8,sr>70%,kvB<=4k,kp=0,0.0528,4
