pc,n_label,skew_rate_label,kv_big_label,kp_label,alpha,n_samples
0,n<=128,sr<=15%,kvB<=16k,kp=0,-0.0128,4
0,n<=128,sr<=15%,kvB<=1k,kp=0,-0.011,4
0,n<=128,sr<=15%,kvB<=4k,kp=0,-0.0191,4
0,n<=128,sr<=40%,kvB<=16k,kp=0,-0.051,2
0,n<=128,sr<=40%,kvB<=1k,kp=0,-0.0364,2
0,n<=128,sr<=40%,kvB<=4k,kp=0,-0.0599,2
0,n<=128,sr<=5%,kvB<=16k,kp=0,0.0244,8
0,n<=128,sr<=5%,kvB<=1k,kp=0,-0.0055,8
0,n<=128,sr<=5%,kvB<=4k,kp=0,0.0182,8
0,n<=128,sr<=70%,kvB<=16k,kp=0,-0.1412,2
0,n<=128,sr<=70%,kvB<=1k,kp=0,-0.116,2
0,n<=128,sr<=70%,kvB<=4k,kp=0,-0.1522,2
0,n<=128,sr>70%,kvB<=16k,kp=0,-0.3759,4
0,n<=128,sr>70%,kvB<=1k,kp=0,-0.2082,4
0,n<=128,sr>70%,kvB<=4k,kp=0,-0.3621,4
0,n<=16,sr<=15%,kvB<=16k,kp=0,0.0676,4
0,n<=16,sr<=15%,kvB<=1k,kp=0,0.0131,4
0,n<=16,sr<=15%,kvB<=4k,kp=0,0.0528,4
0,n<=16,sr<=40%,kvB<=16k,kp=0,0.0084,4
0,n<=16,sr<=40%,kvB<=1k,kp=0,0.0587,4
0,n<=16,sr<=40%,kvB<=4k,kp=0,0.0099,4
0,n<=16,sr<=70%,kvB<=16k,kp=0,-0.0183,2
0,n<=16,sr<=70%,kvB<=1k,kp=0,-0.05,2
0,n<=16,sr<=70%,kvB<=4k,kp=0,-0.0311,2
0,n<=16,sr>70%,kvB<=16k,kp=0,0.044,4
0,n<=16,sr>70%,kvB<=1k,kp=0,-0.0395,4
0,n<=16,sr>70%,kvB<=4k,kp=0,0.1793,4
0,n<=2,sr<=70%,kvB<=16k,kp=0,-0.15,2
0,n<=2,sr<=70%,kvB<=1k,kp=0,0.4203,2
0,n<=2,sr<=70%,kvB<=4k,kp=0,0.2301,2
0,n<=256,sr<=15%,kvB<=16k,kp=0,-0.0124,4
0,n<=256,sr<=15%,kvB<=1k,kp=0,0.0058,4
0,n<=256,sr<=15%,kvB<=4k,kp=0,-0.012,4
0,n<=256,sr<=40%,kvB<=16k,kp=0,-0.026,2
0,n<=256,sr<=40%,kvB<=1k,kp=0,0.0172,2
0,n<=256,sr<=40%,kvB<=4k,kp=0,-0.0274,2
0,n<=256,sr<=5%,kvB<=16k,kp=0,-0.0051,8
0,n<=256,sr<=5%,kvB<=1k,kp=0,-0.0048,8
0,n<=256,sr<=5%,kvB<=4k,kp=0,-0.0036,8
0,n<=256,sr<=70%,kvB<=16k,kp=0,-0.0541,2
0,n<=256,sr<=70%,kvB<=1k,kp=0,-0.0481,2
0,n<=256,sr<=70%,kvB<=4k,kp=0,-0.0522,2
0,n<=256,sr>70%,kvB<=16k,kp=0,-0.1808,4
0,n<=256,sr>70%,kvB<=1k,kp=0,-0.049,4
0,n<=256,sr>70%,kvB<=4k,kp=0,-0.1495,4
0,n<=32,sr<=15%,kvB<=16k,kp=0,0.0011,6
0,n<=32,sr<=15%,kvB<=1k,kp=0,0.0208,6
0,n<=32,sr<=15%,kvB<=4k,kp=0,-0.0075,6
0,n<=32,sr<=40%,kvB<=16k,kp=0,-0.0058,2
0,n<=32,sr<=40%,kvB<=1k,kp=0,0.0766,2
0,n<=32,sr<=40%,kvB<=4k,kp=0,0.006,2
0,n<=32,sr<=5%,kvB<=16k,kp=0,-0.0005,2
0,n<=32,sr<=5%,kvB<=1k,kp=0,0.0289,2
0,n<=32,sr<=5%,kvB<=4k,kp=0,-0.0021,2
0,n<=32,sr<=70%,kvB<=16k,kp=0,-0.0245,2
0,n<=32,sr<=70%,kvB<=1k,kp=0,0.0668,2
0,n<=32,sr<=70%,kvB<=4k,kp=0,-0.0752,2
0,n<=32,sr>70%,kvB<=16k,kp=0,-0.0032,4
0,n<=32,sr>70%,kvB<=1k,kp=0,0.1352,4
0,n<=32,sr>70%,kvB<=4k,kp=0,-0.0412,4
0,n<=4,sr<=40%,kvB<=16k,kp=0,0.0292,2
0,n<=4,sr<=40%,kvB<=1k,kp=0,0.2364,4
0,n<=4,sr<=40%,kvB<=4k,kp=0,0.0914,3
0,n<=4,sr<=70%,kvB<=16k,kp=0,-0.0437,2
0,n<=4,sr<=70%,kvB<=1k,kp=0,0.2103,2
0,n<=4,sr<=70%,kvB<=4k,kp=0,0.1303,2
0,n<=4,sr>70%,kvB<=16k,kp=0,0.5524,2
0,n<=4,sr>70%,kvB<=1k,kp=0,0.2438,2
0,n<=4,sr>70%,kvB<=4k,kp=0,0.1275,2
0,n<=64,sr<=15%,kvB<=16k,kp=0,0.0012,4
0,n<=64,sr<=15%,kvB<=1k,kp=0,0.1033,4
0,n<=64,sr<=15%,kvB<=4k,kp=0,-0.0039,4
0,n<=64,sr<=40%,kvB<=16k,kp=0,-0.0064,2
0,n<=64,sr<=40%,kvB<=1k,kp=0,0.1303,2
0,n<=64,sr<=40%,kvB<=4k,kp=0,0.0013,2
0,n<=64,sr<=5%,kvB<=16k,kp=0,0.0003,6
0,n<=64,sr<=5%,kvB<=1k,kp=0,0.0705,6
0,n<=64,sr<=5%,kvB<=4k,kp=0,-0.0016,6
0,n<=64,sr<=70%,kvB<=16k,kp=0,-0.019,2
0,n<=64,sr<=70%,kvB<=1k,kp=0,0.0572,2
0,n<=64,sr<=70%,kvB<=4k,kp=0,-0.0212,2
0,n<=64,sr>70%,kvB<=16k,kp=0,-0.0087,4
0,n<=64,sr>70%,kvB<=1k,kp=0,0.2788,4
0,n<=64,sr>70%,kvB<=4k,kp=0,-0.0106,4
0,n<=8,sr<=15%,kvB<=16k,kp=0,0.093,2
0,n<=8,sr<=15%,kvB<=1k,kp=0,0.1857,2
0,n<=8,sr<=15%,kvB<=4k,kp=0,0.0063,2
0,n<=8,sr<=40%,kvB<=16k,kp=0,0.0185,4
0,n<=8,sr<=40%,kvB<=1k,kp=0,0.2238,4
0,n<=8,sr<=40%,kvB<=4k,kp=0,0.031,4
0,n<=8,sr<=70%,kvB<=16k,kp=0,0.0043,2
0,n<=8,sr<=70%,kvB<=1k,kp=0,0.151,2
0,n<=8,sr<=70%,kvB<=4k,kp=0,-0.2039,2
0,n<=8,sr>70%,kvB<=16k,kp=0,0.3809,4
0,n<=8,sr>70%,kvB<=1k,kp=0,0.3226,4
0,n<=8,sr>70%,kvB<=4k,kp=0,0.2391,4
16,n<=128,sr<=15%,kvB<=16k,kp<=1k,0.008,4
16,n<=128,sr<=15%,kvB<=16k,kp<=2k,0.0053,4
16,n<=128,sr<=15%,kvB<=16k,kp<=4k,0.0063,4
16,n<=128,sr<=15%,kvB<=16k,kp<=512,0.0046,4
16,n<=128,sr<=15%,kvB<=16k,kp<=8k,0.0062,4
16,n<=128,sr<=15%,kvB<=16k,kp=0,0.0049,4
16,n<=128,sr<=15%,kvB<=1k,kp<=1k,0.0075,4
16,n<=128,sr<=15%,kvB<=1k,kp<=2k,0.0049,4
16,n<=128,sr<=15%,kvB<=1k,kp<=4k,0.0066,4
16,n<=128,sr<=15%,kvB<=1k,kp<=512,0.0067,4
16,n<=128,sr<=15%,kvB<=1k,kp<=8k,0.0099,4
16,n<=128,sr<=15%,kvB<=1k,kp=0,0.0076,4
16,n<=128,sr<=15%,kvB<=4k,kp<=1k,0.008,4
16,n<=128,sr<=15%,kvB<=4k,kp<=2k,0.0091,4
16,n<=128,sr<=15%,kvB<=4k,kp<=4k,0.0075,4
16,n<=128,sr<=15%,kvB<=4k,kp<=512,0.009,4
16,n<=128,sr<=15%,kvB<=4k,kp<=8k,-0.0014,4
16,n<=128,sr<=15%,kvB<=4k,kp=0,0.0083,4
16,n<=128,sr<=40%,kvB<=16k,kp<=1k,-0.0031,2
16,n<=128,sr<=40%,kvB<=16k,kp<=2k,-0.0027,2
16,n<=128,sr<=40%,kvB<=16k,kp<=4k,0.0011,2
16,n<=128,sr<=40%,kvB<=16k,kp<=512,-0.0035,2
16,n<=128,sr<=40%,kvB<=16k,kp<=8k,0.0033,2
16,n<=128,sr<=40%,kvB<=16k,kp=0,-0.0055,2
16,n<=128,sr<=40%,kvB<=1k,kp<=1k,-0.0031,2
16,n<=128,sr<=40%,kvB<=1k,kp<=2k,0.0057,2
16,n<=128,sr<=40%,kvB<=1k,kp<=4k,0.0045,2
16,n<=128,sr<=40%,kvB<=1k,kp<=512,0.0018,2
16,n<=128,sr<=40%,kvB<=1k,kp<=8k,0.0073,2
16,n<=128,sr<=40%,kvB<=1k,kp=0,0.0059,2
16,n<=128,sr<=40%,kvB<=4k,kp<=1k,-0.0002,2
16,n<=128,sr<=40%,kvB<=4k,kp<=2k,-0.0034,2
16,n<=128,sr<=40%,kvB<=4k,kp<=4k,0.0013,2
16,n<=128,sr<=40%,kvB<=4k,kp<=512,-0.0038,2
16,n<=128,sr<=40%,kvB<=4k,kp<=8k,0.0019,2
16,n<=128,sr<=40%,kvB<=4k,kp=0,-0.0045,2
16,n<=128,sr<=5%,kvB<=16k,kp<=1k,0.012,8
16,n<=128,sr<=5%,kvB<=16k,kp<=2k,0.013,8
16,n<=128,sr<=5%,kvB<=16k,kp<=4k,0.0134,8
16,n<=128,sr<=5%,kvB<=16k,kp<=512,0.0118,8
16,n<=128,sr<=5%,kvB<=16k,kp<=8k,0.0129,8
16,n<=128,sr<=5%,kvB<=16k,kp=0,0.0117,8
16,n<=128,sr<=5%,kvB<=1k,kp<=1k,0.0006,8
16,n<=128,sr<=5%,kvB<=1k,kp<=2k,-0.0012,8
16,n<=128,sr<=5%,kvB<=1k,kp<=4k,-0.001,8
16,n<=128,sr<=5%,kvB<=1k,kp<=512,0.005,8
16,n<=128,sr<=5%,kvB<=1k,kp<=8k,0.0049,8
16,n<=128,sr<=5%,kvB<=1k,kp=0,0.0064,8
16,n<=128,sr<=5%,kvB<=4k,kp<=1k,0.0138,8
16,n<=128,sr<=5%,kvB<=4k,kp<=2k,0.0129,8
16,n<=128,sr<=5%,kvB<=4k,kp<=4k,0.006,8
16,n<=128,sr<=5%,kvB<=4k,kp<=512,0.0129,8
16,n<=128,sr<=5%,kvB<=4k,kp<=8k,0.0012,8
16,n<=128,sr<=5%,kvB<=4k,kp=0,0.0123,8
16,n<=128,sr<=70%,kvB<=16k,kp<=1k,-0.0166,2
16,n<=128,sr<=70%,kvB<=16k,kp<=2k,-0.0161,2
16,n<=128,sr<=70%,kvB<=16k,kp<=4k,-0.014,2
16,n<=128,sr<=70%,kvB<=16k,kp<=512,-0.0184,2
16,n<=128,sr<=70%,kvB<=16k,kp<=8k,-0.01,2
16,n<=128,sr<=70%,kvB<=16k,kp=0,-0.0185,2
16,n<=128,sr<=70%,kvB<=1k,kp<=1k,-0.0177,2
16,n<=128,sr<=70%,kvB<=1k,kp<=2k,0.0135,2
16,n<=128,sr<=70%,kvB<=1k,kp<=4k,-0.003,2
16,n<=128,sr<=70%,kvB<=1k,kp<=512,-0.0221,2
16,n<=128,sr<=70%,kvB<=1k,kp<=8k,0.0022,2
16,n<=128,sr<=70%,kvB<=1k,kp=0,-0.0115,2
16,n<=128,sr<=70%,kvB<=4k,kp<=1k,-0.0157,2
16,n<=128,sr<=70%,kvB<=4k,kp<=2k,-0.01,2
16,n<=128,sr<=70%,kvB<=4k,kp<=4k,0.0005,2
16,n<=128,sr<=70%,kvB<=4k,kp<=512,-0.0157,2
16,n<=128,sr<=70%,kvB<=4k,kp<=8k,0.0358,2
16,n<=128,sr<=70%,kvB<=4k,kp=0,-0.0154,2
16,n<=128,sr>70%,kvB<=16k,kp<=1k,-0.03,4
16,n<=128,sr>70%,kvB<=16k,kp<=2k,-0.0222,4
16,n<=128,sr>70%,kvB<=16k,kp<=4k,-0.0199,4
16,n<=128,sr>70%,kvB<=16k,kp<=512,-0.0316,4
16,n<=128,sr>70%,kvB<=16k,kp<=8k,-0.0022,4
16,n<=128,sr>70%,kvB<=16k,kp=0,-0.0304,4
16,n<=128,sr>70%,kvB<=1k,kp<=1k,0.0222,4
16,n<=128,sr>70%,kvB<=1k,kp<=2k,0.0507,4
16,n<=128,sr>70%,kvB<=1k,kp<=4k,0.0936,4
16,n<=128,sr>70%,kvB<=1k,kp<=512,0.0346,4
16,n<=128,sr>70%,kvB<=1k,kp<=8k,0.0315,4
16,n<=128,sr>70%,kvB<=1k,kp=0,0.0273,4
16,n<=128,sr>70%,kvB<=4k,kp<=1k,-0.0071,4
16,n<=128,sr>70%,kvB<=4k,kp<=2k,0.0048,4
16,n<=128,sr>70%,kvB<=4k,kp<=4k,0.0106,4
16,n<=128,sr>70%,kvB<=4k,kp<=512,-0.0162,4
16,n<=128,sr>70%,kvB<=4k,kp<=8k,0.03,4
16,n<=128,sr>70%,kvB<=4k,kp=0,-0.0127,4
16,n<=16,sr<=15%,kvB<=16k,kp<=1k,0.4038,4
16,n<=16,sr<=15%,kvB<=16k,kp<=2k,0.4037,4
16,n<=16,sr<=15%,kvB<=16k,kp<=4k,0.3954,4
16,n<=16,sr<=15%,kvB<=16k,kp<=512,0.4053,4
16,n<=16,sr<=15%,kvB<=16k,kp<=8k,0.2951,4
16,n<=16,sr<=15%,kvB<=16k,kp=0,0.4107,4
16,n<=16,sr<=15%,kvB<=1k,kp<=1k,-0.0299,4
16,n<=16,sr<=15%,kvB<=1k,kp<=2k,-0.0365,4
16,n<=16,sr<=15%,kvB<=1k,kp<=4k,-0.0585,4
16,n<=16,sr<=15%,kvB<=1k,kp<=512,0.3148,4
16,n<=16,sr<=15%,kvB<=1k,kp<=8k,-0.0405,4
16,n<=16,sr<=15%,kvB<=1k,kp=0,0.4176,4
16,n<=16,sr<=15%,kvB<=4k,kp<=1k,0.3964,4
16,n<=16,sr<=15%,kvB<=4k,kp<=2k,0.287,4
16,n<=16,sr<=15%,kvB<=4k,kp<=4k,-0.0773,4
16,n<=16,sr<=15%,kvB<=4k,kp<=512,0.3947,4
16,n<=16,sr<=15%,kvB<=4k,kp<=8k,-0.0852,4
16,n<=16,sr<=15%,kvB<=4k,kp=0,0.4039,4
16,n<=16,sr<=40%,kvB<=16k,kp<=1k,0.3297,4
16,n<=16,sr<=40%,kvB<=16k,kp<=2k,0.3312,4
16,n<=16,sr<=40%,kvB<=16k,kp<=4k,0.3262,4
16,n<=16,sr<=40%,kvB<=16k,kp<=512,0.3338,4
16,n<=16,sr<=40%,kvB<=16k,kp<=8k,0.2498,4
16,n<=16,sr<=40%,kvB<=16k,kp=0,0.3357,4
16,n<=16,sr<=40%,kvB<=1k,kp<=1k,-0.1703,4
16,n<=16,sr<=40%,kvB<=1k,kp<=2k,-0.1739,4
16,n<=16,sr<=40%,kvB<=1k,kp<=4k,-0.1737,4
16,n<=16,sr<=40%,kvB<=1k,kp<=512,0.2573,4
16,n<=16,sr<=40%,kvB<=1k,kp<=8k,-0.1412,4
16,n<=16,sr<=40%,kvB<=1k,kp=0,0.3451,4
16,n<=16,sr<=40%,kvB<=4k,kp<=1k,0.3157,4
16,n<=16,sr<=40%,kvB<=4k,kp<=2k,0.2346,4
16,n<=16,sr<=40%,kvB<=4k,kp<=4k,-0.2353,4
16,n<=16,sr<=40%,kvB<=4k,kp<=512,0.3112,4
16,n<=16,sr<=40%,kvB<=4k,kp<=8k,-0.2484,4
16,n<=16,sr<=40%,kvB<=4k,kp=0,0.3155,4
16,n<=16,sr<=70%,kvB<=16k,kp<=1k,0.0295,2
16,n<=16,sr<=70%,kvB<=16k,kp<=2k,0.0268,2
16,n<=16,sr<=70%,kvB<=16k,kp<=4k,0.0726,2
16,n<=16,sr<=70%,kvB<=16k,kp<=512,0.0409,2
16,n<=16,sr<=70%,kvB<=16k,kp<=8k,0.319,2
16,n<=16,sr<=70%,kvB<=16k,kp=0,0.0035,2
16,n<=16,sr<=70%,kvB<=1k,kp<=1k,0.0291,2
16,n<=16,sr<=70%,kvB<=1k,kp<=2k,-0.6711,2
16,n<=16,sr<=70%,kvB<=1k,kp<=4k,-0.7221,2
16,n<=16,sr<=70%,kvB<=1k,kp<=512,0.2918,2
16,n<=16,sr<=70%,kvB<=1k,kp<=8k,-0.7171,2
16,n<=16,sr<=70%,kvB<=1k,kp=0,0.0099,2
16,n<=16,sr<=70%,kvB<=4k,kp<=1k,0.0738,2
16,n<=16,sr<=70%,kvB<=4k,kp<=2k,0.3018,2
16,n<=16,sr<=70%,kvB<=4k,kp<=4k,-0.2055,2
16,n<=16,sr<=70%,kvB<=4k,kp<=512,-0.0134,2
16,n<=16,sr<=70%,kvB<=4k,kp<=8k,-0.7642,2
16,n<=16,sr<=70%,kvB<=4k,kp=0,-0.0184,2
16,n<=16,sr>70%,kvB<=16k,kp<=1k,1.4822,4
16,n<=16,sr>70%,kvB<=16k,kp<=2k,1.4552,4
16,n<=16,sr>70%,kvB<=16k,kp<=4k,1.3766,4
16,n<=16,sr>70%,kvB<=16k,kp<=512,1.4801,4
16,n<=16,sr>70%,kvB<=16k,kp<=8k,1.5632,4
16,n<=16,sr>70%,kvB<=16k,kp=0,1.1923,4
16,n<=16,sr>70%,kvB<=1k,kp<=1k,0.6799,4
16,n<=16,sr>70%,kvB<=1k,kp<=2k,0.6196,4
16,n<=16,sr>70%,kvB<=1k,kp<=4k,0.6196,4
16,n<=16,sr>70%,kvB<=1k,kp<=512,0.86,4
16,n<=16,sr>70%,kvB<=1k,kp<=8k,0.5642,4
16,n<=16,sr>70%,kvB<=1k,kp=0,0.9103,4
16,n<=16,sr>70%,kvB<=4k,kp<=1k,1.2781,4
16,n<=16,sr>70%,kvB<=4k,kp<=2k,1.4801,4
16,n<=16,sr>70%,kvB<=4k,kp<=4k,1.4373,4
16,n<=16,sr>70%,kvB<=4k,kp<=512,1.2884,4
16,n<=16,sr>70%,kvB<=4k,kp<=8k,1.4463,4
16,n<=16,sr>70%,kvB<=4k,kp=0,1.1665,4
16,n<=2,sr<=70%,kvB<=16k,kp<=1k,0.9879,2
16,n<=2,sr<=70%,kvB<=16k,kp<=2k,0.9882,2
16,n<=2,sr<=70%,kvB<=16k,kp<=4k,0.9864,2
16,n<=2,sr<=70%,kvB<=16k,kp<=512,0.988,2
16,n<=2,sr<=70%,kvB<=16k,kp<=8k,0.9872,2
16,n<=2,sr<=70%,kvB<=16k,kp=0,0.989,2
16,n<=2,sr<=70%,kvB<=1k,kp<=1k,-0.0628,1
16,n<=2,sr<=70%,kvB<=1k,kp<=2k,1.2819,1
16,n<=2,sr<=70%,kvB<=1k,kp<=4k,2.6078,1
16,n<=2,sr<=70%,kvB<=1k,kp<=512,0.995,2
16,n<=2,sr<=70%,kvB<=1k,kp=0,0.9972,2
16,n<=2,sr<=70%,kvB<=4k,kp<=1k,0.9948,2
16,n<=2,sr<=70%,kvB<=4k,kp<=2k,0.9946,2
16,n<=2,sr<=70%,kvB<=4k,kp<=4k,-0.045,2
16,n<=2,sr<=70%,kvB<=4k,kp<=512,1.0,2
16,n<=2,sr<=70%,kvB<=4k,kp<=8k,-0.9865,2
16,n<=2,sr<=70%,kvB<=4k,kp=0,0.9962,2
16,n<=32,sr<=15%,kvB<=16k,kp<=1k,0.0938,6
16,n<=32,sr<=15%,kvB<=16k,kp<=2k,0.1032,6
16,n<=32,sr<=15%,kvB<=16k,kp<=4k,0.102,6
16,n<=32,sr<=15%,kvB<=16k,kp<=512,0.0925,6
16,n<=32,sr<=15%,kvB<=16k,kp<=8k,0.1063,6
16,n<=32,sr<=15%,kvB<=16k,kp=0,0.1061,6
16,n<=32,sr<=15%,kvB<=1k,kp<=1k,0.0578,6
16,n<=32,sr<=15%,kvB<=1k,kp<=2k,0.0829,6
16,n<=32,sr<=15%,kvB<=1k,kp<=4k,0.0814,6
16,n<=32,sr<=15%,kvB<=1k,kp<=512,0.1151,6
16,n<=32,sr<=15%,kvB<=1k,kp<=8k,0.0898,6
16,n<=32,sr<=15%,kvB<=1k,kp=0,0.1061,6
16,n<=32,sr<=15%,kvB<=4k,kp<=1k,0.1123,6
16,n<=32,sr<=15%,kvB<=4k,kp<=2k,0.1152,6
16,n<=32,sr<=15%,kvB<=4k,kp<=4k,0.0681,6
16,n<=32,sr<=15%,kvB<=4k,kp<=512,0.1015,6
16,n<=32,sr<=15%,kvB<=4k,kp<=8k,0.0889,6
16,n<=32,sr<=15%,kvB<=4k,kp=0,0.1,6
16,n<=32,sr<=40%,kvB<=16k,kp<=1k,0.1461,2
16,n<=32,sr<=40%,kvB<=16k,kp<=2k,0.1629,2
16,n<=32,sr<=40%,kvB<=16k,kp<=4k,0.1606,2
16,n<=32,sr<=40%,kvB<=16k,kp<=512,0.1523,2
16,n<=32,sr<=40%,kvB<=16k,kp<=8k,0.1842,2
16,n<=32,sr<=40%,kvB<=16k,kp=0,0.211,2
16,n<=32,sr<=40%,kvB<=1k,kp<=1k,0.1037,2
16,n<=32,sr<=40%,kvB<=1k,kp<=2k,0.0419,2
16,n<=32,sr<=40%,kvB<=1k,kp<=4k,0.0374,2
16,n<=32,sr<=40%,kvB<=1k,kp<=512,0.0321,2
16,n<=32,sr<=40%,kvB<=1k,kp<=8k,0.018,2
16,n<=32,sr<=40%,kvB<=1k,kp=0,0.044,2
16,n<=32,sr<=40%,kvB<=4k,kp<=1k,0.1526,2
16,n<=32,sr<=40%,kvB<=4k,kp<=2k,0.1781,2
16,n<=32,sr<=40%,kvB<=4k,kp<=4k,0.2133,2
16,n<=32,sr<=40%,kvB<=4k,kp<=512,0.1598,2
16,n<=32,sr<=40%,kvB<=4k,kp<=8k,0.231,2
16,n<=32,sr<=40%,kvB<=4k,kp=0,0.1868,2
16,n<=32,sr<=5%,kvB<=16k,kp<=1k,0.0946,2
16,n<=32,sr<=5%,kvB<=16k,kp<=2k,0.0929,2
16,n<=32,sr<=5%,kvB<=16k,kp<=4k,0.0871,2
16,n<=32,sr<=5%,kvB<=16k,kp<=512,0.0948,2
16,n<=32,sr<=5%,kvB<=16k,kp<=8k,0.0689,2
16,n<=32,sr<=5%,kvB<=16k,kp=0,0.1112,2
16,n<=32,sr<=5%,kvB<=1k,kp<=1k,-0.0137,2
16,n<=32,sr<=5%,kvB<=1k,kp<=2k,-0.0233,2
16,n<=32,sr<=5%,kvB<=1k,kp<=4k,-0.0095,2
16,n<=32,sr<=5%,kvB<=1k,kp<=512,0.0571,2
16,n<=32,sr<=5%,kvB<=1k,kp<=8k,-0.0088,2
16,n<=32,sr<=5%,kvB<=1k,kp=0,0.0746,2
16,n<=32,sr<=5%,kvB<=4k,kp<=1k,0.1,2
16,n<=32,sr<=5%,kvB<=4k,kp<=2k,0.0782,2
16,n<=32,sr<=5%,kvB<=4k,kp<=4k,-0.0015,2
16,n<=32,sr<=5%,kvB<=4k,kp<=512,0.0932,2
16,n<=32,sr<=5%,kvB<=4k,kp<=8k,0.0016,2
16,n<=32,sr<=5%,kvB<=4k,kp=0,0.1172,2
16,n<=32,sr<=70%,kvB<=16k,kp<=1k,0.0761,2
16,n<=32,sr<=70%,kvB<=16k,kp<=2k,0.0521,2
16,n<=32,sr<=70%,kvB<=16k,kp<=4k,0.0571,2
16,n<=32,sr<=70%,kvB<=16k,kp<=512,0.0633,2
16,n<=32,sr<=70%,kvB<=16k,kp<=8k,0.0839,2
16,n<=32,sr<=70%,kvB<=16k,kp=0,0.1717,2
16,n<=32,sr<=70%,kvB<=1k,kp<=1k,-0.3098,2
16,n<=32,sr<=70%,kvB<=1k,kp<=2k,-0.196,2
16,n<=32,sr<=70%,kvB<=1k,kp<=4k,-0.1802,2
16,n<=32,sr<=70%,kvB<=1k,kp<=512,-0.2458,2
16,n<=32,sr<=70%,kvB<=1k,kp<=8k,-0.1783,2
16,n<=32,sr<=70%,kvB<=1k,kp=0,-0.2488,2
16,n<=32,sr<=70%,kvB<=4k,kp<=1k,-0.0085,2
16,n<=32,sr<=70%,kvB<=4k,kp<=2k,0.026,2
16,n<=32,sr<=70%,kvB<=4k,kp<=4k,-0.059,2
16,n<=32,sr<=70%,kvB<=4k,kp<=512,0.0197,2
16,n<=32,sr<=70%,kvB<=4k,kp<=8k,0.2015,2
16,n<=32,sr<=70%,kvB<=4k,kp=0,0.0962,2
16,n<=32,sr>70%,kvB<=16k,kp<=1k,0.2652,4
16,n<=32,sr>70%,kvB<=16k,kp<=2k,0.2883,4
16,n<=32,sr>70%,kvB<=16k,kp<=4k,0.2901,4
16,n<=32,sr>70%,kvB<=16k,kp<=512,0.255,4
16,n<=32,sr>70%,kvB<=16k,kp<=8k,0.4009,4
16,n<=32,sr>70%,kvB<=16k,kp=0,0.4242,4
16,n<=32,sr>70%,kvB<=1k,kp<=1k,0.1026,4
16,n<=32,sr>70%,kvB<=1k,kp<=2k,0.8268,4
16,n<=32,sr>70%,kvB<=1k,kp<=4k,1.0899,4
16,n<=32,sr>70%,kvB<=1k,kp<=512,0.0955,4
16,n<=32,sr>70%,kvB<=1k,kp<=8k,1.1149,4
16,n<=32,sr>70%,kvB<=1k,kp=0,-0.1185,4
16,n<=32,sr>70%,kvB<=4k,kp<=1k,0.3957,4
16,n<=32,sr>70%,kvB<=4k,kp<=2k,0.4496,4
16,n<=32,sr>70%,kvB<=4k,kp<=4k,0.6105,4
16,n<=32,sr>70%,kvB<=4k,kp<=512,0.3911,4
16,n<=32,sr>70%,kvB<=4k,kp<=8k,1.8955,4
16,n<=32,sr>70%,kvB<=4k,kp=0,0.2897,4
16,n<=4,sr<=40%,kvB<=16k,kp<=1k,0.9842,2
16,n<=4,sr<=40%,kvB<=16k,kp<=2k,0.9849,2
16,n<=4,sr<=40%,kvB<=16k,kp<=4k,0.9838,2
16,n<=4,sr<=40%,kvB<=16k,kp<=512,0.9843,2
16,n<=4,sr<=40%,kvB<=16k,kp<=8k,0.9827,2
16,n<=4,sr<=40%,kvB<=16k,kp=0,0.9854,2
16,n<=4,sr<=40%,kvB<=1k,kp<=1k,-0.0136,2
16,n<=4,sr<=40%,kvB<=1k,kp<=2k,0.2497,2
16,n<=4,sr<=40%,kvB<=1k,kp<=4k,0.3809,2
16,n<=4,sr<=40%,kvB<=1k,kp<=512,0.9754,2
16,n<=4,sr<=40%,kvB<=1k,kp<=8k,0.1527,2
16,n<=4,sr<=40%,kvB<=1k,kp=0,0.9759,5
16,n<=4,sr<=40%,kvB<=4k,kp<=1k,0.9799,2
16,n<=4,sr<=40%,kvB<=4k,kp<=2k,0.9754,2
16,n<=4,sr<=40%,kvB<=4k,kp<=4k,-0.1099,2
16,n<=4,sr<=40%,kvB<=4k,kp<=512,0.9805,2
16,n<=4,sr<=40%,kvB<=4k,kp<=8k,-0.6727,2
16,n<=4,sr<=40%,kvB<=4k,kp=0,0.978,3
16,n<=4,sr<=70%,kvB<=16k,kp<=1k,0.9864,2
16,n<=4,sr<=70%,kvB<=16k,kp<=2k,0.9857,2
16,n<=4,sr<=70%,kvB<=16k,kp<=4k,0.9845,2
16,n<=4,sr<=70%,kvB<=16k,kp<=512,0.9848,2
16,n<=4,sr<=70%,kvB<=16k,kp<=8k,0.9909,2
16,n<=4,sr<=70%,kvB<=16k,kp=0,0.9849,2
16,n<=4,sr<=70%,kvB<=1k,kp<=1k,-0.0105,1
16,n<=4,sr<=70%,kvB<=1k,kp<=2k,0.8745,1
16,n<=4,sr<=70%,kvB<=1k,kp<=4k,-0.3441,2
16,n<=4,sr<=70%,kvB<=1k,kp<=512,0.9675,2
16,n<=4,sr<=70%,kvB<=1k,kp<=8k,1.0399,2
16,n<=4,sr<=70%,kvB<=1k,kp=0,0.9771,3
16,n<=4,sr<=70%,kvB<=4k,kp<=1k,0.971,2
16,n<=4,sr<=70%,kvB<=4k,kp<=2k,0.9762,2
16,n<=4,sr<=70%,kvB<=4k,kp<=4k,0.4279,2
16,n<=4,sr<=70%,kvB<=4k,kp<=512,0.9757,2
16,n<=4,sr<=70%,kvB<=4k,kp<=8k,0.3104,2
16,n<=4,sr<=70%,kvB<=4k,kp=0,0.9718,2
16,n<=4,sr>70%,kvB<=16k,kp<=1k,0.9972,2
16,n<=4,sr>70%,kvB<=16k,kp<=2k,0.9961,2
16,n<=4,sr>70%,kvB<=16k,kp<=4k,0.9954,2
16,n<=4,sr>70%,kvB<=16k,kp<=512,0.9949,2
16,n<=4,sr>70%,kvB<=16k,kp<=8k,0.9962,2
16,n<=4,sr>70%,kvB<=16k,kp=0,0.9971,2
16,n<=4,sr>70%,kvB<=1k,kp<=1k,0.2246,2
16,n<=4,sr>70%,kvB<=1k,kp<=2k,0.0711,2
16,n<=4,sr>70%,kvB<=1k,kp<=4k,0.007,1
16,n<=4,sr>70%,kvB<=1k,kp<=512,0.9871,2
16,n<=4,sr>70%,kvB<=1k,kp<=8k,0.5417,2
16,n<=4,sr>70%,kvB<=1k,kp=0,0.9841,2
16,n<=4,sr>70%,kvB<=4k,kp<=1k,0.9971,2
16,n<=4,sr>70%,kvB<=4k,kp<=2k,0.9976,2
16,n<=4,sr>70%,kvB<=4k,kp<=4k,1.0794,2
16,n<=4,sr>70%,kvB<=4k,kp<=512,0.9895,2
16,n<=4,sr>70%,kvB<=4k,kp<=8k,0.167,1
16,n<=4,sr>70%,kvB<=4k,kp=0,0.9921,2
16,n<=64,sr<=15%,kvB<=16k,kp<=1k,0.041,4
16,n<=64,sr<=15%,kvB<=16k,kp<=2k,0.0387,4
16,n<=64,sr<=15%,kvB<=16k,kp<=4k,0.0415,4
16,n<=64,sr<=15%,kvB<=16k,kp<=512,0.0377,4
16,n<=64,sr<=15%,kvB<=16k,kp<=8k,0.0358,4
16,n<=64,sr<=15%,kvB<=16k,kp=0,0.0499,4
16,n<=64,sr<=15%,kvB<=1k,kp<=1k,0.0258,4
16,n<=64,sr<=15%,kvB<=1k,kp<=2k,0.0242,4
16,n<=64,sr<=15%,kvB<=1k,kp<=4k,0.021,4
16,n<=64,sr<=15%,kvB<=1k,kp<=512,0.0567,4
16,n<=64,sr<=15%,kvB<=1k,kp<=8k,0.0262,4
16,n<=64,sr<=15%,kvB<=1k,kp=0,0.0552,4
16,n<=64,sr<=15%,kvB<=4k,kp<=1k,0.0727,4
16,n<=64,sr<=15%,kvB<=4k,kp<=2k,0.0604,4
16,n<=64,sr<=15%,kvB<=4k,kp<=4k,0.0391,4
16,n<=64,sr<=15%,kvB<=4k,kp<=512,0.0629,4
16,n<=64,sr<=15%,kvB<=4k,kp<=8k,0.037,4
16,n<=64,sr<=15%,kvB<=4k,kp=0,0.0778,4
16,n<=64,sr<=40%,kvB<=16k,kp<=1k,0.0068,2
16,n<=64,sr<=40%,kvB<=16k,kp<=2k,0.0138,2
16,n<=64,sr<=40%,kvB<=16k,kp<=4k,0.0175,2
16,n<=64,sr<=40%,kvB<=16k,kp<=512,0.0084,2
16,n<=64,sr<=40%,kvB<=16k,kp<=8k,0.0176,2
16,n<=64,sr<=40%,kvB<=16k,kp=0,0.0196,2
16,n<=64,sr<=40%,kvB<=1k,kp<=1k,0.0303,2
16,n<=64,sr<=40%,kvB<=1k,kp<=2k,0.0059,2
16,n<=64,sr<=40%,kvB<=1k,kp<=4k,0.0114,2
16,n<=64,sr<=40%,kvB<=1k,kp<=512,0.0469,2
16,n<=64,sr<=40%,kvB<=1k,kp<=8k,-0.004,2
16,n<=64,sr<=40%,kvB<=1k,kp=0,0.0595,2
16,n<=64,sr<=40%,kvB<=4k,kp<=1k,0.0562,2
16,n<=64,sr<=40%,kvB<=4k,kp<=2k,0.0695,2
16,n<=64,sr<=40%,kvB<=4k,kp<=4k,0.0422,2
16,n<=64,sr<=40%,kvB<=4k,kp<=512,0.0513,2
16,n<=64,sr<=40%,kvB<=4k,kp<=8k,0.0392,2
16,n<=64,sr<=40%,kvB<=4k,kp=0,0.0776,2
16,n<=64,sr<=5%,kvB<=16k,kp<=1k,0.0386,6
16,n<=64,sr<=5%,kvB<=16k,kp<=2k,0.0428,6
16,n<=64,sr<=5%,kvB<=16k,kp<=4k,0.0408,6
16,n<=64,sr<=5%,kvB<=16k,kp<=512,0.0368,6
16,n<=64,sr<=5%,kvB<=16k,kp<=8k,0.0404,6
16,n<=64,sr<=5%,kvB<=16k,kp=0,0.0412,6
16,n<=64,sr<=5%,kvB<=1k,kp<=1k,0.0081,6
16,n<=64,sr<=5%,kvB<=1k,kp<=2k,0.0131,6
16,n<=64,sr<=5%,kvB<=1k,kp<=4k,0.0126,6
16,n<=64,sr<=5%,kvB<=1k,kp<=512,0.0318,6
16,n<=64,sr<=5%,kvB<=1k,kp<=8k,0.0103,6
16,n<=64,sr<=5%,kvB<=1k,kp=0,0.0316,6
16,n<=64,sr<=5%,kvB<=4k,kp<=1k,0.0535,6
16,n<=64,sr<=5%,kvB<=4k,kp<=2k,0.0457,6
16,n<=64,sr<=5%,kvB<=4k,kp<=4k,0.0173,6
16,n<=64,sr<=5%,kvB<=4k,kp<=512,0.0448,6
16,n<=64,sr<=5%,kvB<=4k,kp<=8k,0.0207,6
16,n<=64,sr<=5%,kvB<=4k,kp=0,0.0567,6
16,n<=64,sr<=70%,kvB<=16k,kp<=1k,-0.0163,2
16,n<=64,sr<=70%,kvB<=16k,kp<=2k,-0.0129,2
16,n<=64,sr<=70%,kvB<=16k,kp<=4k,-0.0121,2
16,n<=64,sr<=70%,kvB<=16k,kp<=512,-0.0199,2
16,n<=64,sr<=70%,kvB<=16k,kp<=8k,-0.0055,2
16,n<=64,sr<=70%,kvB<=16k,kp=0,0.0175,2
16,n<=64,sr<=70%,kvB<=1k,kp<=1k,0.0671,2
16,n<=64,sr<=70%,kvB<=1k,kp<=2k,0.0787,2
16,n<=64,sr<=70%,kvB<=1k,kp<=4k,0.0743,2
16,n<=64,sr<=70%,kvB<=1k,kp<=512,0.1173,2
16,n<=64,sr<=70%,kvB<=1k,kp<=8k,0.0948,2
16,n<=64,sr<=70%,kvB<=1k,kp=0,0.0786,2
16,n<=64,sr<=70%,kvB<=4k,kp<=1k,0.0963,2
16,n<=64,sr<=70%,kvB<=4k,kp<=2k,0.0765,2
16,n<=64,sr<=70%,kvB<=4k,kp<=4k,0.1015,2
16,n<=64,sr<=70%,kvB<=4k,kp<=512,0.0942,2
16,n<=64,sr<=70%,kvB<=4k,kp<=8k,0.137,2
16,n<=64,sr<=70%,kvB<=4k,kp=0,0.1402,2
16,n<=64,sr>70%,kvB<=16k,kp<=1k,-0.0491,4
16,n<=64,sr>70%,kvB<=16k,kp<=2k,-0.1055,4
16,n<=64,sr>70%,kvB<=16k,kp<=4k,-0.0434,4
16,n<=64,sr>70%,kvB<=16k,kp<=512,-0.0584,4
16,n<=64,sr>70%,kvB<=16k,kp<=8k,-0.0116,4
16,n<=64,sr>70%,kvB<=16k,kp=0,-0.034,4
16,n<=64,sr>70%,kvB<=1k,kp<=1k,0.5525,4
16,n<=64,sr>70%,kvB<=1k,kp<=2k,0.6575,4
16,n<=64,sr>70%,kvB<=1k,kp<=4k,0.5902,4
16,n<=64,sr>70%,kvB<=1k,kp<=512,0.4692,4
16,n<=64,sr>70%,kvB<=1k,kp<=8k,0.5457,4
16,n<=64,sr>70%,kvB<=1k,kp=0,0.5587,4
16,n<=64,sr>70%,kvB<=4k,kp<=1k,0.2482,4
16,n<=64,sr>70%,kvB<=4k,kp<=2k,0.2638,4
16,n<=64,sr>70%,kvB<=4k,kp<=4k,0.2938,4
16,n<=64,sr>70%,kvB<=4k,kp<=512,0.2272,4
16,n<=64,sr>70%,kvB<=4k,kp<=8k,0.4693,4
16,n<=64,sr>70%,kvB<=4k,kp=0,0.3302,4
16,n<=8,sr<=15%,kvB<=16k,kp<=1k,0.9743,2
16,n<=8,sr<=15%,kvB<=16k,kp<=2k,0.9729,2
16,n<=8,sr<=15%,kvB<=16k,kp<=4k,0.971,2
16,n<=8,sr<=15%,kvB<=16k,kp<=512,0.9737,2
16,n<=8,sr<=15%,kvB<=16k,kp<=8k,0.9686,2
16,n<=8,sr<=15%,kvB<=16k,kp=0,0.9739,2
16,n<=8,sr<=15%,kvB<=1k,kp<=1k,-0.0147,2
16,n<=8,sr<=15%,kvB<=1k,kp<=2k,0.0645,2
16,n<=8,sr<=15%,kvB<=1k,kp<=4k,-0.0291,2
16,n<=8,sr<=15%,kvB<=1k,kp<=512,0.8914,2
16,n<=8,sr<=15%,kvB<=1k,kp<=8k,0.2285,2
16,n<=8,sr<=15%,kvB<=1k,kp=0,0.9301,5
16,n<=8,sr<=15%,kvB<=4k,kp<=1k,0.9653,2
16,n<=8,sr<=15%,kvB<=4k,kp<=2k,0.9633,2
16,n<=8,sr<=15%,kvB<=4k,kp<=4k,0.1172,2
16,n<=8,sr<=15%,kvB<=4k,kp<=512,0.9682,2
16,n<=8,sr<=15%,kvB<=4k,kp<=8k,0.6519,2
16,n<=8,sr<=15%,kvB<=4k,kp=0,0.9657,3
16,n<=8,sr<=40%,kvB<=16k,kp<=1k,0.9815,4
16,n<=8,sr<=40%,kvB<=16k,kp<=2k,0.9832,4
16,n<=8,sr<=40%,kvB<=16k,kp<=4k,0.9829,4
16,n<=8,sr<=40%,kvB<=16k,kp<=512,0.981,4
16,n<=8,sr<=40%,kvB<=16k,kp<=8k,0.9809,4
16,n<=8,sr<=40%,kvB<=16k,kp=0,0.98,4
16,n<=8,sr<=40%,kvB<=1k,kp<=1k,0.2953,4
16,n<=8,sr<=40%,kvB<=1k,kp<=2k,0.1411,4
16,n<=8,sr<=40%,kvB<=1k,kp<=4k,0.1773,4
16,n<=8,sr<=40%,kvB<=1k,kp<=512,0.911,4
16,n<=8,sr<=40%,kvB<=1k,kp<=8k,0.1894,4
16,n<=8,sr<=40%,kvB<=1k,kp=0,0.9233,4
16,n<=8,sr<=40%,kvB<=4k,kp<=1k,0.9735,4
16,n<=8,sr<=40%,kvB<=4k,kp<=2k,0.9774,4
16,n<=8,sr<=40%,kvB<=4k,kp<=4k,0.1327,4
16,n<=8,sr<=40%,kvB<=4k,kp<=512,0.9709,4
16,n<=8,sr<=40%,kvB<=4k,kp<=8k,0.2639,4
16,n<=8,sr<=40%,kvB<=4k,kp=0,0.9754,4
16,n<=8,sr<=70%,kvB<=16k,kp<=1k,0.9845,2
16,n<=8,sr<=70%,kvB<=16k,kp<=2k,0.9816,2
16,n<=8,sr<=70%,kvB<=16k,kp<=4k,0.9875,2
16,n<=8,sr<=70%,kvB<=16k,kp<=512,0.9883,2
16,n<=8,sr<=70%,kvB<=16k,kp<=8k,0.9821,2
16,n<=8,sr<=70%,kvB<=16k,kp=0,0.9864,2
16,n<=8,sr<=70%,kvB<=1k,kp<=1k,-0.1671,2
16,n<=8,sr<=70%,kvB<=1k,kp<=2k,0.1413,2
16,n<=8,sr<=70%,kvB<=1k,kp<=4k,-0.1567,2
16,n<=8,sr<=70%,kvB<=1k,kp<=512,0.9155,2
16,n<=8,sr<=70%,kvB<=1k,kp<=8k,0.2388,2
16,n<=8,sr<=70%,kvB<=1k,kp=0,0.9146,2
16,n<=8,sr<=70%,kvB<=4k,kp<=1k,0.993,2
16,n<=8,sr<=70%,kvB<=4k,kp<=2k,0.994,2
16,n<=8,sr<=70%,kvB<=4k,kp<=4k,0.2901,2
16,n<=8,sr<=70%,kvB<=4k,kp<=512,0.9942,2
16,n<=8,sr<=70%,kvB<=4k,kp<=8k,0.0176,2
16,n<=8,sr<=70%,kvB<=4k,kp=0,0.9764,2
16,n<=8,sr>70%,kvB<=16k,kp<=1k,0.9899,4
16,n<=8,sr>70%,kvB<=16k,kp<=2k,0.9849,4
16,n<=8,sr>70%,kvB<=16k,kp<=4k,0.9916,4
16,n<=8,sr>70%,kvB<=16k,kp<=512,0.9868,4
16,n<=8,sr>70%,kvB<=16k,kp<=8k,0.9901,4
16,n<=8,sr>70%,kvB<=16k,kp=0,0.9954,4
16,n<=8,sr>70%,kvB<=1k,kp<=1k,0.538,4
16,n<=8,sr>70%,kvB<=1k,kp<=2k,0.4348,4
16,n<=8,sr>70%,kvB<=1k,kp<=4k,0.6575,4
16,n<=8,sr>70%,kvB<=1k,kp<=512,0.8949,4
16,n<=8,sr>70%,kvB<=1k,kp<=8k,0.628,4
16,n<=8,sr>70%,kvB<=1k,kp=0,0.9296,4
16,n<=8,sr>70%,kvB<=4k,kp<=1k,0.9956,4
16,n<=8,sr>70%,kvB<=4k,kp<=2k,0.9836,4
16,n<=8,sr>70%,kvB<=4k,kp<=4k,0.5461,4
16,n<=8,sr>70%,kvB<=4k,kp<=512,0.9882,4
16,n<=8,sr>70%,kvB<=4k,kp<=8k,0.5632,4
16,n<=8,sr>70%,kvB<=4k,kp=0,0.9851,4
32,n<=128,sr<=15%,kvB<=16k,kp<=1k,0.005,4
32,n<=128,sr<=15%,kvB<=16k,kp<=2k,0.0056,4
32,n<=128,sr<=15%,kvB<=16k,kp<=4k,0.006,4
32,n<=128,sr<=15%,kvB<=16k,kp<=512,0.0049,4
32,n<=128,sr<=15%,kvB<=16k,kp<=8k,0.0066,4
32,n<=128,sr<=15%,kvB<=16k,kp=0,0.0049,4
32,n<=128,sr<=15%,kvB<=1k,kp<=1k,0.0074,4
32,n<=128,sr<=15%,kvB<=1k,kp<=2k,0.0019,4
32,n<=128,sr<=15%,kvB<=1k,kp<=4k,0.0025,4
32,n<=128,sr<=15%,kvB<=1k,kp<=512,0.0069,4
32,n<=128,sr<=15%,kvB<=1k,kp<=8k,0.0068,4
32,n<=128,sr<=15%,kvB<=1k,kp=0,0.0072,4
32,n<=128,sr<=15%,kvB<=4k,kp<=1k,0.0098,4
32,n<=128,sr<=15%,kvB<=4k,kp<=2k,0.0065,4
32,n<=128,sr<=15%,kvB<=4k,kp<=4k,0.0031,4
32,n<=128,sr<=15%,kvB<=4k,kp<=512,0.0078,4
32,n<=128,sr<=15%,kvB<=4k,kp<=8k,-0.0041,4
32,n<=128,sr<=15%,kvB<=4k,kp=0,0.0066,4
32,n<=128,sr<=40%,kvB<=16k,kp<=1k,-0.0038,2
32,n<=128,sr<=40%,kvB<=16k,kp<=2k,-0.0016,2
32,n<=128,sr<=40%,kvB<=16k,kp<=4k,0.0014,2
32,n<=128,sr<=40%,kvB<=16k,kp<=512,-0.0053,2
32,n<=128,sr<=40%,kvB<=16k,kp<=8k,0.0036,2
32,n<=128,sr<=40%,kvB<=16k,kp=0,-0.0036,2
32,n<=128,sr<=40%,kvB<=1k,kp<=1k,0.0005,2
32,n<=128,sr<=40%,kvB<=1k,kp<=2k,0.0022,2
32,n<=128,sr<=40%,kvB<=1k,kp<=4k,0.0063,2
32,n<=128,sr<=40%,kvB<=1k,kp<=512,0.0032,2
32,n<=128,sr<=40%,kvB<=1k,kp<=8k,0.0115,2
32,n<=128,sr<=40%,kvB<=1k,kp=0,0.0052,2
32,n<=128,sr<=40%,kvB<=4k,kp<=1k,-0.0014,2
32,n<=128,sr<=40%,kvB<=4k,kp<=2k,0.0005,2
32,n<=128,sr<=40%,kvB<=4k,kp<=4k,0.0021,2
32,n<=128,sr<=40%,kvB<=4k,kp<=512,-0.0032,2
32,n<=128,sr<=40%,kvB<=4k,kp<=8k,0.0041,2
32,n<=128,sr<=40%,kvB<=4k,kp=0,-0.0026,2
32,n<=128,sr<=5%,kvB<=16k,kp<=1k,0.0119,8
32,n<=128,sr<=5%,kvB<=16k,kp<=2k,0.0133,8
32,n<=128,sr<=5%,kvB<=16k,kp<=4k,0.0133,8
32,n<=128,sr<=5%,kvB<=16k,kp<=512,0.0127,8
32,n<=128,sr<=5%,kvB<=16k,kp<=8k,0.0129,8
32,n<=128,sr<=5%,kvB<=16k,kp=0,0.0118,8
32,n<=128,sr<=5%,kvB<=1k,kp<=1k,0.0022,8
32,n<=128,sr<=5%,kvB<=1k,kp<=2k,-0.0009,8
32,n<=128,sr<=5%,kvB<=1k,kp<=4k,-0.0008,8
32,n<=128,sr<=5%,kvB<=1k,kp<=512,0.0046,8
32,n<=128,sr<=5%,kvB<=1k,kp<=8k,0.0021,8
32,n<=128,sr<=5%,kvB<=1k,kp=0,0.005,8
32,n<=128,sr<=5%,kvB<=4k,kp<=1k,0.0134,8
32,n<=128,sr<=5%,kvB<=4k,kp<=2k,0.0127,8
32,n<=128,sr<=5%,kvB<=4k,kp<=4k,0.0036,8
32,n<=128,sr<=5%,kvB<=4k,kp<=512,0.0132,8
32,n<=128,sr<=5%,kvB<=4k,kp<=8k,-0.001,8
32,n<=128,sr<=5%,kvB<=4k,kp=0,0.0127,8
32,n<=128,sr<=70%,kvB<=16k,kp<=1k,-0.0158,2
32,n<=128,sr<=70%,kvB<=16k,kp<=2k,-0.0172,2
32,n<=128,sr<=70%,kvB<=16k,kp<=4k,-0.0137,2
32,n<=128,sr<=70%,kvB<=16k,kp<=512,-0.0185,2
32,n<=128,sr<=70%,kvB<=16k,kp<=8k,-0.0097,2
32,n<=128,sr<=70%,kvB<=16k,kp=0,-0.0185,2
32,n<=128,sr<=70%,kvB<=1k,kp<=1k,-0.0143,2
32,n<=128,sr<=70%,kvB<=1k,kp<=2k,0.0251,2
32,n<=128,sr<=70%,kvB<=1k,kp<=4k,-0.0063,2
32,n<=128,sr<=70%,kvB<=1k,kp<=512,-0.0167,2
32,n<=128,sr<=70%,kvB<=1k,kp<=8k,0.0019,2
32,n<=128,sr<=70%,kvB<=1k,kp=0,-0.0222,2
32,n<=128,sr<=70%,kvB<=4k,kp<=1k,-0.0111,2
32,n<=128,sr<=70%,kvB<=4k,kp<=2k,-0.0105,2
32,n<=128,sr<=70%,kvB<=4k,kp<=4k,-0.004,2
32,n<=128,sr<=70%,kvB<=4k,kp<=512,-0.018,2
32,n<=128,sr<=70%,kvB<=4k,kp<=8k,0.0457,2
32,n<=128,sr<=70%,kvB<=4k,kp=0,-0.0161,2
32,n<=128,sr>70%,kvB<=16k,kp<=1k,-0.028,4
32,n<=128,sr>70%,kvB<=16k,kp<=2k,-0.0242,4
32,n<=128,sr>70%,kvB<=16k,kp<=4k,-0.0148,4
32,n<=128,sr>70%,kvB<=16k,kp<=512,-0.0317,4
32,n<=128,sr>70%,kvB<=16k,kp<=8k,-0.0026,4
32,n<=128,sr>70%,kvB<=16k,kp=0,-0.0334,4
32,n<=128,sr>70%,kvB<=1k,kp<=1k,0.0237,4
32,n<=128,sr>70%,kvB<=1k,kp<=2k,0.0418,4
32,n<=128,sr>70%,kvB<=1k,kp<=4k,0.077,4
32,n<=128,sr>70%,kvB<=1k,kp<=512,0.0454,4
32,n<=128,sr>70%,kvB<=1k,kp<=8k,0.0489,4
32,n<=128,sr>70%,kvB<=1k,kp=0,0.0258,4
32,n<=128,sr>70%,kvB<=4k,kp<=1k,-0.004,4
32,n<=128,sr>70%,kvB<=4k,kp<=2k,0.0054,4
32,n<=128,sr>70%,kvB<=4k,kp<=4k,0.0088,4
32,n<=128,sr>70%,kvB<=4k,kp<=512,-0.0099,4
32,n<=128,sr>70%,kvB<=4k,kp<=8k,0.0204,4
32,n<=128,sr>70%,kvB<=4k,kp=0,-0.0203,4
32,n<=16,sr<=15%,kvB<=16k,kp<=1k,0.4034,4
32,n<=16,sr<=15%,kvB<=16k,kp<=2k,0.402,4
32,n<=16,sr<=15%,kvB<=16k,kp<=4k,0.3967,4
32,n<=16,sr<=15%,kvB<=16k,kp<=512,0.4059,4
32,n<=16,sr<=15%,kvB<=16k,kp<=8k,0.2972,4
32,n<=16,sr<=15%,kvB<=16k,kp=0,0.4129,4
32,n<=16,sr<=15%,kvB<=1k,kp<=1k,-0.0346,4
32,n<=16,sr<=15%,kvB<=1k,kp<=2k,-0.0387,4
32,n<=16,sr<=15%,kvB<=1k,kp<=4k,-0.0534,4
32,n<=16,sr<=15%,kvB<=1k,kp<=512,0.2963,4
32,n<=16,sr<=15%,kvB<=1k,kp<=8k,-0.0279,4
32,n<=16,sr<=15%,kvB<=1k,kp=0,0.4074,4
32,n<=16,sr<=15%,kvB<=4k,kp<=1k,0.3959,4
32,n<=16,sr<=15%,kvB<=4k,kp<=2k,0.2885,4
32,n<=16,sr<=15%,kvB<=4k,kp<=4k,-0.081,4
32,n<=16,sr<=15%,kvB<=4k,kp<=512,0.3967,4
32,n<=16,sr<=15%,kvB<=4k,kp<=8k,-0.0892,4
32,n<=16,sr<=15%,kvB<=4k,kp=0,0.405,4
32,n<=16,sr<=40%,kvB<=16k,kp<=1k,0.3263,4
32,n<=16,sr<=40%,kvB<=16k,kp<=2k,0.3313,4
32,n<=16,sr<=40%,kvB<=16k,kp<=4k,0.3245,4
32,n<=16,sr<=40%,kvB<=16k,kp<=512,0.3337,4
32,n<=16,sr<=40%,kvB<=16k,kp<=8k,0.2494,4
32,n<=16,sr<=40%,kvB<=16k,kp=0,0.3353,4
32,n<=16,sr<=40%,kvB<=1k,kp<=1k,-0.1551,4
32,n<=16,sr<=40%,kvB<=1k,kp<=2k,-0.1846,4
32,n<=16,sr<=40%,kvB<=1k,kp<=4k,-0.1372,4
32,n<=16,sr<=40%,kvB<=1k,kp<=512,0.2392,4
32,n<=16,sr<=40%,kvB<=1k,kp<=8k,-0.1416,4
32,n<=16,sr<=40%,kvB<=1k,kp=0,0.3347,4
32,n<=16,sr<=40%,kvB<=4k,kp<=1k,0.3175,4
32,n<=16,sr<=40%,kvB<=4k,kp<=2k,0.2367,4
32,n<=16,sr<=40%,kvB<=4k,kp<=4k,-0.2406,4
32,n<=16,sr<=40%,kvB<=4k,kp<=512,0.3112,4
32,n<=16,sr<=40%,kvB<=4k,kp<=8k,-0.2483,4
32,n<=16,sr<=40%,kvB<=4k,kp=0,0.3167,4
32,n<=16,sr<=70%,kvB<=16k,kp<=1k,0.0353,2
32,n<=16,sr<=70%,kvB<=16k,kp<=2k,0.0238,2
32,n<=16,sr<=70%,kvB<=16k,kp<=4k,0.0815,2
32,n<=16,sr<=70%,kvB<=16k,kp<=512,0.0358,2
32,n<=16,sr<=70%,kvB<=16k,kp<=8k,0.317,2
32,n<=16,sr<=70%,kvB<=16k,kp=0,0.0032,2
32,n<=16,sr<=70%,kvB<=1k,kp<=1k,-0.0019,2
32,n<=16,sr<=70%,kvB<=1k,kp<=2k,-0.6645,2
32,n<=16,sr<=70%,kvB<=1k,kp<=4k,-0.7253,2
32,n<=16,sr<=70%,kvB<=1k,kp<=512,0.2946,2
32,n<=16,sr<=70%,kvB<=1k,kp<=8k,-0.5961,2
32,n<=16,sr<=70%,kvB<=1k,kp=0,-0.0129,2
32,n<=16,sr<=70%,kvB<=4k,kp<=1k,0.0678,2
32,n<=16,sr<=70%,kvB<=4k,kp<=2k,0.311,2
32,n<=16,sr<=70%,kvB<=4k,kp<=4k,-0.2444,2
32,n<=16,sr<=70%,kvB<=4k,kp<=512,-0.0082,2
32,n<=16,sr<=70%,kvB<=4k,kp<=8k,-0.7612,2
32,n<=16,sr<=70%,kvB<=4k,kp=0,-0.0282,2
32,n<=16,sr>70%,kvB<=16k,kp<=1k,1.4598,4
32,n<=16,sr>70%,kvB<=16k,kp<=2k,1.4312,4
32,n<=16,sr>70%,kvB<=16k,kp<=4k,1.4018,4
32,n<=16,sr>70%,kvB<=16k,kp<=512,1.5028,4
32,n<=16,sr>70%,kvB<=16k,kp<=8k,1.5777,4
32,n<=16,sr>70%,kvB<=16k,kp=0,1.1868,4
32,n<=16,sr>70%,kvB<=1k,kp<=1k,0.6656,4
32,n<=16,sr>70%,kvB<=1k,kp<=2k,0.5932,4
32,n<=16,sr>70%,kvB<=1k,kp<=4k,0.5221,4
32,n<=16,sr>70%,kvB<=1k,kp<=512,0.858,4
32,n<=16,sr>70%,kvB<=1k,kp<=8k,0.4604,4
32,n<=16,sr>70%,kvB<=1k,kp=0,0.9068,4
32,n<=16,sr>70%,kvB<=4k,kp<=1k,1.2733,4
32,n<=16,sr>70%,kvB<=4k,kp<=2k,1.4535,4
32,n<=16,sr>70%,kvB<=4k,kp<=4k,1.3478,4
32,n<=16,sr>70%,kvB<=4k,kp<=512,1.3005,4
32,n<=16,sr>70%,kvB<=4k,kp<=8k,1.4262,4
32,n<=16,sr>70%,kvB<=4k,kp=0,1.1522,4
32,n<=2,sr<=70%,kvB<=16k,kp<=1k,0.9862,2
32,n<=2,sr<=70%,kvB<=16k,kp<=2k,0.9868,2
32,n<=2,sr<=70%,kvB<=16k,kp<=4k,0.9878,2
32,n<=2,sr<=70%,kvB<=16k,kp<=512,0.9868,2
32,n<=2,sr<=70%,kvB<=16k,kp<=8k,0.9859,2
32,n<=2,sr<=70%,kvB<=16k,kp=0,0.9866,2
32,n<=2,sr<=70%,kvB<=1k,kp<=1k,0.0708,2
32,n<=2,sr<=70%,kvB<=1k,kp<=2k,0.2989,2
32,n<=2,sr<=70%,kvB<=1k,kp<=4k,0.6023,2
32,n<=2,sr<=70%,kvB<=1k,kp<=512,1.0014,2
32,n<=2,sr<=70%,kvB<=1k,kp<=8k,0.4392,1
32,n<=2,sr<=70%,kvB<=1k,kp=0,0.9918,2
32,n<=2,sr<=70%,kvB<=4k,kp<=1k,0.9957,2
32,n<=2,sr<=70%,kvB<=4k,kp<=2k,0.994,2
32,n<=2,sr<=70%,kvB<=4k,kp<=4k,0.4144,2
32,n<=2,sr<=70%,kvB<=4k,kp<=512,0.996,2
32,n<=2,sr<=70%,kvB<=4k,kp<=8k,1.3356,1
32,n<=2,sr<=70%,kvB<=4k,kp=0,0.999,2
32,n<=32,sr<=15%,kvB<=16k,kp<=1k,0.0924,6
32,n<=32,sr<=15%,kvB<=16k,kp<=2k,0.0965,6
32,n<=32,sr<=15%,kvB<=16k,kp<=4k,0.0974,6
32,n<=32,sr<=15%,kvB<=16k,kp<=512,0.088,6
32,n<=32,sr<=15%,kvB<=16k,kp<=8k,0.1117,6
32,n<=32,sr<=15%,kvB<=16k,kp=0,0.1039,6
32,n<=32,sr<=15%,kvB<=1k,kp<=1k,0.0569,6
32,n<=32,sr<=15%,kvB<=1k,kp<=2k,0.0783,6
32,n<=32,sr<=15%,kvB<=1k,kp<=4k,0.0786,6
32,n<=32,sr<=15%,kvB<=1k,kp<=512,0.1118,6
32,n<=32,sr<=15%,kvB<=1k,kp<=8k,0.0851,6
32,n<=32,sr<=15%,kvB<=1k,kp=0,0.1043,6
32,n<=32,sr<=15%,kvB<=4k,kp<=1k,0.1129,6
32,n<=32,sr<=15%,kvB<=4k,kp<=2k,0.1173,6
32,n<=32,sr<=15%,kvB<=4k,kp<=4k,0.0715,6
32,n<=32,sr<=15%,kvB<=4k,kp<=512,0.1016,6
32,n<=32,sr<=15%,kvB<=4k,kp<=8k,0.0869,6
32,n<=32,sr<=15%,kvB<=4k,kp=0,0.0989,6
32,n<=32,sr<=40%,kvB<=16k,kp<=1k,0.1392,2
32,n<=32,sr<=40%,kvB<=16k,kp<=2k,0.163,2
32,n<=32,sr<=40%,kvB<=16k,kp<=4k,0.1587,2
32,n<=32,sr<=40%,kvB<=16k,kp<=512,0.1569,2
32,n<=32,sr<=40%,kvB<=16k,kp<=8k,0.1718,2
32,n<=32,sr<=40%,kvB<=16k,kp=0,0.2127,2
32,n<=32,sr<=40%,kvB<=1k,kp<=1k,0.0949,2
32,n<=32,sr<=40%,kvB<=1k,kp<=2k,0.0253,2
32,n<=32,sr<=40%,kvB<=1k,kp<=4k,0.0043,2
32,n<=32,sr<=40%,kvB<=1k,kp<=512,0.0314,2
32,n<=32,sr<=40%,kvB<=1k,kp<=8k,0.0018,2
32,n<=32,sr<=40%,kvB<=1k,kp=0,0.0408,2
32,n<=32,sr<=40%,kvB<=4k,kp<=1k,0.1502,2
32,n<=32,sr<=40%,kvB<=4k,kp<=2k,0.1723,2
32,n<=32,sr<=40%,kvB<=4k,kp<=4k,0.2115,2
32,n<=32,sr<=40%,kvB<=4k,kp<=512,0.1667,2
32,n<=32,sr<=40%,kvB<=4k,kp<=8k,0.2314,2
32,n<=32,sr<=40%,kvB<=4k,kp=0,0.1719,2
32,n<=32,sr<=5%,kvB<=16k,kp<=1k,0.0978,2
32,n<=32,sr<=5%,kvB<=16k,kp<=2k,0.1001,2
32,n<=32,sr<=5%,kvB<=16k,kp<=4k,0.0888,2
32,n<=32,sr<=5%,kvB<=16k,kp<=512,0.1041,2
32,n<=32,sr<=5%,kvB<=16k,kp<=8k,0.0755,2
32,n<=32,sr<=5%,kvB<=16k,kp=0,0.1117,2
32,n<=32,sr<=5%,kvB<=1k,kp<=1k,-0.0133,2
32,n<=32,sr<=5%,kvB<=1k,kp<=2k,-0.0099,2
32,n<=32,sr<=5%,kvB<=1k,kp<=4k,-0.0139,2
32,n<=32,sr<=5%,kvB<=1k,kp<=512,0.058,2
32,n<=32,sr<=5%,kvB<=1k,kp<=8k,-0.0211,2
32,n<=32,sr<=5%,kvB<=1k,kp=0,0.0738,2
32,n<=32,sr<=5%,kvB<=4k,kp<=1k,0.1001,2
32,n<=32,sr<=5%,kvB<=4k,kp<=2k,0.0798,2
32,n<=32,sr<=5%,kvB<=4k,kp<=4k,0.0017,2
32,n<=32,sr<=5%,kvB<=4k,kp<=512,0.0936,2
32,n<=32,sr<=5%,kvB<=4k,kp<=8k,-0.0039,2
32,n<=32,sr<=5%,kvB<=4k,kp=0,0.1176,2
32,n<=32,sr<=70%,kvB<=16k,kp<=1k,0.0802,2
32,n<=32,sr<=70%,kvB<=16k,kp<=2k,0.0558,2
32,n<=32,sr<=70%,kvB<=16k,kp<=4k,0.0611,2
32,n<=32,sr<=70%,kvB<=16k,kp<=512,0.086,2
32,n<=32,sr<=70%,kvB<=16k,kp<=8k,0.0774,2
32,n<=32,sr<=70%,kvB<=16k,kp=0,0.1479,2
32,n<=32,sr<=70%,kvB<=1k,kp<=1k,-0.3112,2
32,n<=32,sr<=70%,kvB<=1k,kp<=2k,-0.1815,2
32,n<=32,sr<=70%,kvB<=1k,kp<=4k,-0.2016,2
32,n<=32,sr<=70%,kvB<=1k,kp<=512,-0.264,2
32,n<=32,sr<=70%,kvB<=1k,kp<=8k,-0.1865,2
32,n<=32,sr<=70%,kvB<=1k,kp=0,-0.2531,2
32,n<=32,sr<=70%,kvB<=4k,kp<=1k,-0.0083,2
32,n<=32,sr<=70%,kvB<=4k,kp<=2k,0.0508,2
32,n<=32,sr<=70%,kvB<=4k,kp<=4k,-0.0407,2
32,n<=32,sr<=70%,kvB<=4k,kp<=512,0.0379,2
32,n<=32,sr<=70%,kvB<=4k,kp<=8k,0.2154,2
32,n<=32,sr<=70%,kvB<=4k,kp=0,0.087,2
32,n<=32,sr>70%,kvB<=16k,kp<=1k,0.2143,4
32,n<=32,sr>70%,kvB<=16k,kp<=2k,0.3089,4
32,n<=32,sr>70%,kvB<=16k,kp<=4k,0.4026,4
32,n<=32,sr>70%,kvB<=16k,kp<=512,0.2339,4
32,n<=32,sr>70%,kvB<=16k,kp<=8k,0.433,4
32,n<=32,sr>70%,kvB<=16k,kp=0,0.4234,4
32,n<=32,sr>70%,kvB<=1k,kp<=1k,0.1175,4
32,n<=32,sr>70%,kvB<=1k,kp<=2k,0.8456,4
32,n<=32,sr>70%,kvB<=1k,kp<=4k,1.0562,4
32,n<=32,sr>70%,kvB<=1k,kp<=512,0.1057,4
32,n<=32,sr>70%,kvB<=1k,kp<=8k,1.1505,4
32,n<=32,sr>70%,kvB<=1k,kp=0,-0.0914,4
32,n<=32,sr>70%,kvB<=4k,kp<=1k,0.4602,4
32,n<=32,sr>70%,kvB<=4k,kp<=2k,0.4879,4
32,n<=32,sr>70%,kvB<=4k,kp<=4k,0.6658,4
32,n<=32,sr>70%,kvB<=4k,kp<=512,0.4203,4
32,n<=32,sr>70%,kvB<=4k,kp<=8k,2.0418,4
32,n<=32,sr>70%,kvB<=4k,kp=0,0.2688,4
32,n<=4,sr<=40%,kvB<=16k,kp<=1k,0.9837,2
32,n<=4,sr<=40%,kvB<=16k,kp<=2k,0.9826,2
32,n<=4,sr<=40%,kvB<=16k,kp<=4k,0.9841,2
32,n<=4,sr<=40%,kvB<=16k,kp<=512,0.9843,2
32,n<=4,sr<=40%,kvB<=16k,kp<=8k,0.9842,2
32,n<=4,sr<=40%,kvB<=16k,kp=0,0.9838,2
32,n<=4,sr<=40%,kvB<=1k,kp<=1k,0.4105,2
32,n<=4,sr<=40%,kvB<=1k,kp<=2k,0.3855,2
32,n<=4,sr<=40%,kvB<=1k,kp<=4k,0.5984,2
32,n<=4,sr<=40%,kvB<=1k,kp<=512,0.9589,2
32,n<=4,sr<=40%,kvB<=1k,kp<=8k,0.6674,2
32,n<=4,sr<=40%,kvB<=1k,kp=0,0.9767,2
32,n<=4,sr<=40%,kvB<=4k,kp<=1k,0.9801,2
32,n<=4,sr<=40%,kvB<=4k,kp<=2k,0.9797,2
32,n<=4,sr<=40%,kvB<=4k,kp<=4k,-0.0757,1
32,n<=4,sr<=40%,kvB<=4k,kp<=512,0.9799,2
32,n<=4,sr<=40%,kvB<=4k,kp<=8k,0.4848,1
32,n<=4,sr<=40%,kvB<=4k,kp=0,0.9782,2
32,n<=4,sr<=70%,kvB<=16k,kp<=1k,0.988,2
32,n<=4,sr<=70%,kvB<=16k,kp<=2k,0.9867,2
32,n<=4,sr<=70%,kvB<=16k,kp<=4k,0.9858,2
32,n<=4,sr<=70%,kvB<=16k,kp<=512,0.9856,2
32,n<=4,sr<=70%,kvB<=16k,kp<=8k,0.9907,2
32,n<=4,sr<=70%,kvB<=16k,kp=0,0.9863,2
32,n<=4,sr<=70%,kvB<=1k,kp<=1k,0.1367,2
32,n<=4,sr<=70%,kvB<=1k,kp<=2k,0.294,2
32,n<=4,sr<=70%,kvB<=1k,kp<=4k,0.523,2
32,n<=4,sr<=70%,kvB<=1k,kp<=512,0.9672,2
32,n<=4,sr<=70%,kvB<=1k,kp<=8k,0.5009,2
32,n<=4,sr<=70%,kvB<=1k,kp=0,0.9604,2
32,n<=4,sr<=70%,kvB<=4k,kp<=1k,0.9739,2
32,n<=4,sr<=70%,kvB<=4k,kp<=2k,0.9732,2
32,n<=4,sr<=70%,kvB<=4k,kp<=4k,-0.1489,1
32,n<=4,sr<=70%,kvB<=4k,kp<=512,0.9725,2
32,n<=4,sr<=70%,kvB<=4k,kp<=8k,-0.0954,1
32,n<=4,sr<=70%,kvB<=4k,kp=0,0.9771,2
32,n<=4,sr>70%,kvB<=16k,kp<=1k,0.9981,2
32,n<=4,sr>70%,kvB<=16k,kp<=2k,0.9989,2
32,n<=4,sr>70%,kvB<=16k,kp<=4k,0.9977,2
32,n<=4,sr>70%,kvB<=16k,kp<=512,0.998,2
32,n<=4,sr>70%,kvB<=16k,kp<=8k,1.0003,2
32,n<=4,sr>70%,kvB<=16k,kp=0,0.9947,2
32,n<=4,sr>70%,kvB<=1k,kp<=1k,0.552,2
32,n<=4,sr>70%,kvB<=1k,kp<=2k,0.601,2
32,n<=4,sr>70%,kvB<=1k,kp<=4k,0.9164,2
32,n<=4,sr>70%,kvB<=1k,kp<=512,0.9773,2
32,n<=4,sr>70%,kvB<=1k,kp<=8k,0.9252,2
32,n<=4,sr>70%,kvB<=1k,kp=0,1.0014,2
32,n<=4,sr>70%,kvB<=4k,kp<=1k,0.9916,2
32,n<=4,sr>70%,kvB<=4k,kp<=2k,0.9824,2
32,n<=4,sr>70%,kvB<=4k,kp<=4k,1.0781,1
32,n<=4,sr>70%,kvB<=4k,kp<=512,0.9897,2
32,n<=4,sr>70%,kvB<=4k,kp<=8k,0.1305,2
32,n<=4,sr>70%,kvB<=4k,kp=0,0.981,2
32,n<=64,sr<=15%,kvB<=16k,kp<=1k,0.0423,4
32,n<=64,sr<=15%,kvB<=16k,kp<=2k,0.0385,4
32,n<=64,sr<=15%,kvB<=16k,kp<=4k,0.0409,4
32,n<=64,sr<=15%,kvB<=16k,kp<=512,0.0371,4
32,n<=64,sr<=15%,kvB<=16k,kp<=8k,0.0362,4
32,n<=64,sr<=15%,kvB<=16k,kp=0,0.0455,4
32,n<=64,sr<=15%,kvB<=1k,kp<=1k,0.0343,4
32,n<=64,sr<=15%,kvB<=1k,kp<=2k,0.0178,4
32,n<=64,sr<=15%,kvB<=1k,kp<=4k,0.0244,4
32,n<=64,sr<=15%,kvB<=1k,kp<=512,0.0462,4
32,n<=64,sr<=15%,kvB<=1k,kp<=8k,0.0257,4
32,n<=64,sr<=15%,kvB<=1k,kp=0,0.0533,4
32,n<=64,sr<=15%,kvB<=4k,kp<=1k,0.072,4
32,n<=64,sr<=15%,kvB<=4k,kp<=2k,0.0611,4
32,n<=64,sr<=15%,kvB<=4k,kp<=4k,0.0334,4
32,n<=64,sr<=15%,kvB<=4k,kp<=512,0.0589,4
32,n<=64,sr<=15%,kvB<=4k,kp<=8k,0.0316,4
32,n<=64,sr<=15%,kvB<=4k,kp=0,0.0821,4
32,n<=64,sr<=40%,kvB<=16k,kp<=1k,-0.005,2
32,n<=64,sr<=40%,kvB<=16k,kp<=2k,0.008,2
32,n<=64,sr<=40%,kvB<=16k,kp<=4k,0.0266,2
32,n<=64,sr<=40%,kvB<=16k,kp<=512,-0.0004,2
32,n<=64,sr<=40%,kvB<=16k,kp<=8k,0.0199,2
32,n<=64,sr<=40%,kvB<=16k,kp=0,0.0248,2
32,n<=64,sr<=40%,kvB<=1k,kp<=1k,0.0242,2
32,n<=64,sr<=40%,kvB<=1k,kp<=2k,-0.0296,2
32,n<=64,sr<=40%,kvB<=1k,kp<=4k,-0.0282,2
32,n<=64,sr<=40%,kvB<=1k,kp<=512,0.0505,2
32,n<=64,sr<=40%,kvB<=1k,kp<=8k,-0.0051,2
32,n<=64,sr<=40%,kvB<=1k,kp=0,0.065,2
32,n<=64,sr<=40%,kvB<=4k,kp<=1k,0.0436,2
32,n<=64,sr<=40%,kvB<=4k,kp<=2k,0.0674,2
32,n<=64,sr<=40%,kvB<=4k,kp<=4k,0.042,2
32,n<=64,sr<=40%,kvB<=4k,kp<=512,0.0414,2
32,n<=64,sr<=40%,kvB<=4k,kp<=8k,0.0397,2
32,n<=64,sr<=40%,kvB<=4k,kp=0,0.0699,2
32,n<=64,sr<=5%,kvB<=16k,kp<=1k,0.0387,6
32,n<=64,sr<=5%,kvB<=16k,kp<=2k,0.0427,6
32,n<=64,sr<=5%,kvB<=16k,kp<=4k,0.0409,6
32,n<=64,sr<=5%,kvB<=16k,kp<=512,0.0389,6
32,n<=64,sr<=5%,kvB<=16k,kp<=8k,0.0393,6
32,n<=64,sr<=5%,kvB<=16k,kp=0,0.0453,6
32,n<=64,sr<=5%,kvB<=1k,kp<=1k,0.0116,6
32,n<=64,sr<=5%,kvB<=1k,kp<=2k,0.0128,6
32,n<=64,sr<=5%,kvB<=1k,kp<=4k,0.0101,6
32,n<=64,sr<=5%,kvB<=1k,kp<=512,0.0288,6
32,n<=64,sr<=5%,kvB<=1k,kp<=8k,0.0142,6
32,n<=64,sr<=5%,kvB<=1k,kp=0,0.0342,6
32,n<=64,sr<=5%,kvB<=4k,kp<=1k,0.0527,6
32,n<=64,sr<=5%,kvB<=4k,kp<=2k,0.0491,6
32,n<=64,sr<=5%,kvB<=4k,kp<=4k,0.0147,6
32,n<=64,sr<=5%,kvB<=4k,kp<=512,0.0477,6
32,n<=64,sr<=5%,kvB<=4k,kp<=8k,0.0186,6
32,n<=64,sr<=5%,kvB<=4k,kp=0,0.0569,6
32,n<=64,sr<=70%,kvB<=16k,kp<=1k,-0.0266,2
32,n<=64,sr<=70%,kvB<=16k,kp<=2k,0.0001,2
32,n<=64,sr<=70%,kvB<=16k,kp<=4k,-0.0024,2
32,n<=64,sr<=70%,kvB<=16k,kp<=512,-0.021,2
32,n<=64,sr<=70%,kvB<=16k,kp<=8k,0.0101,2
32,n<=64,sr<=70%,kvB<=16k,kp=0,-0.0034,2
32,n<=64,sr<=70%,kvB<=1k,kp<=1k,0.0854,2
32,n<=64,sr<=70%,kvB<=1k,kp<=2k,0.1427,2
32,n<=64,sr<=70%,kvB<=1k,kp<=4k,0.1103,2
32,n<=64,sr<=70%,kvB<=1k,kp<=512,0.1187,2
32,n<=64,sr<=70%,kvB<=1k,kp<=8k,0.1032,2
32,n<=64,sr<=70%,kvB<=1k,kp=0,0.0754,2
32,n<=64,sr<=70%,kvB<=4k,kp<=1k,0.0868,2
32,n<=64,sr<=70%,kvB<=4k,kp<=2k,0.0689,2
32,n<=64,sr<=70%,kvB<=4k,kp<=4k,0.0992,2
32,n<=64,sr<=70%,kvB<=4k,kp<=512,0.0576,2
32,n<=64,sr<=70%,kvB<=4k,kp<=8k,0.123,2
32,n<=64,sr<=70%,kvB<=4k,kp=0,0.1541,2
32,n<=64,sr>70%,kvB<=16k,kp<=1k,-0.0614,4
32,n<=64,sr>70%,kvB<=16k,kp<=2k,-0.0517,4
32,n<=64,sr>70%,kvB<=16k,kp<=4k,-0.0308,4
32,n<=64,sr>70%,kvB<=16k,kp<=512,-0.0911,4
32,n<=64,sr>70%,kvB<=16k,kp<=8k,-0.0154,4
32,n<=64,sr>70%,kvB<=16k,kp=0,-0.0238,4
32,n<=64,sr>70%,kvB<=1k,kp<=1k,0.5479,4
32,n<=64,sr>70%,kvB<=1k,kp<=2k,0.6153,4
32,n<=64,sr>70%,kvB<=1k,kp<=4k,0.5956,4
32,n<=64,sr>70%,kvB<=1k,kp<=512,0.4524,4
32,n<=64,sr>70%,kvB<=1k,kp<=8k,0.5847,4
32,n<=64,sr>70%,kvB<=1k,kp=0,0.5213,4
32,n<=64,sr>70%,kvB<=4k,kp<=1k,0.2037,4
32,n<=64,sr>70%,kvB<=4k,kp<=2k,0.253,4
32,n<=64,sr>70%,kvB<=4k,kp<=4k,0.3008,4
32,n<=64,sr>70%,kvB<=4k,kp<=512,0.216,4
32,n<=64,sr>70%,kvB<=4k,kp<=8k,0.469,4
32,n<=64,sr>70%,kvB<=4k,kp=0,0.3338,4
32,n<=8,sr<=15%,kvB<=16k,kp<=1k,0.9735,2
32,n<=8,sr<=15%,kvB<=16k,kp<=2k,0.975,2
32,n<=8,sr<=15%,kvB<=16k,kp<=4k,0.9733,2
32,n<=8,sr<=15%,kvB<=16k,kp<=512,0.9764,2
32,n<=8,sr<=15%,kvB<=16k,kp<=8k,0.9696,2
32,n<=8,sr<=15%,kvB<=16k,kp=0,0.9758,2
32,n<=8,sr<=15%,kvB<=1k,kp<=1k,0.3395,2
32,n<=8,sr<=15%,kvB<=1k,kp<=2k,0.2842,2
32,n<=8,sr<=15%,kvB<=1k,kp<=4k,0.5678,2
32,n<=8,sr<=15%,kvB<=1k,kp<=512,0.9051,2
32,n<=8,sr<=15%,kvB<=1k,kp<=8k,0.7854,2
32,n<=8,sr<=15%,kvB<=1k,kp=0,0.9306,2
32,n<=8,sr<=15%,kvB<=4k,kp<=1k,0.9689,2
32,n<=8,sr<=15%,kvB<=4k,kp<=2k,0.9639,2
32,n<=8,sr<=15%,kvB<=4k,kp<=4k,0.1054,2
32,n<=8,sr<=15%,kvB<=4k,kp<=512,0.9676,2
32,n<=8,sr<=15%,kvB<=4k,kp<=8k,0.2288,2
32,n<=8,sr<=15%,kvB<=4k,kp=0,0.966,2
32,n<=8,sr<=40%,kvB<=16k,kp<=1k,0.9809,4
32,n<=8,sr<=40%,kvB<=16k,kp<=2k,0.9842,4
32,n<=8,sr<=40%,kvB<=16k,kp<=4k,0.9827,4
32,n<=8,sr<=40%,kvB<=16k,kp<=512,0.9818,4
32,n<=8,sr<=40%,kvB<=16k,kp<=8k,0.9844,4
32,n<=8,sr<=40%,kvB<=16k,kp=0,0.9824,4
32,n<=8,sr<=40%,kvB<=1k,kp<=1k,0.3204,4
32,n<=8,sr<=40%,kvB<=1k,kp<=2k,0.3649,4
32,n<=8,sr<=40%,kvB<=1k,kp<=4k,0.4821,4
32,n<=8,sr<=40%,kvB<=1k,kp<=512,0.9147,4
32,n<=8,sr<=40%,kvB<=1k,kp<=8k,0.8249,4
32,n<=8,sr<=40%,kvB<=1k,kp=0,0.9168,4
32,n<=8,sr<=40%,kvB<=4k,kp<=1k,0.9753,4
32,n<=8,sr<=40%,kvB<=4k,kp<=2k,0.9736,4
32,n<=8,sr<=40%,kvB<=4k,kp<=4k,0.3154,4
32,n<=8,sr<=40%,kvB<=4k,kp<=512,0.9764,4
32,n<=8,sr<=40%,kvB<=4k,kp<=8k,0.5847,4
32,n<=8,sr<=40%,kvB<=4k,kp=0,0.9723,4
32,n<=8,sr<=70%,kvB<=16k,kp<=1k,0.9839,2
32,n<=8,sr<=70%,kvB<=16k,kp<=2k,0.9867,2
32,n<=8,sr<=70%,kvB<=16k,kp<=4k,0.9894,2
32,n<=8,sr<=70%,kvB<=16k,kp<=512,0.9869,2
32,n<=8,sr<=70%,kvB<=16k,kp<=8k,0.9823,2
32,n<=8,sr<=70%,kvB<=16k,kp=0,0.9831,2
32,n<=8,sr<=70%,kvB<=1k,kp<=1k,0.3991,2
32,n<=8,sr<=70%,kvB<=1k,kp<=2k,0.3526,2
32,n<=8,sr<=70%,kvB<=1k,kp<=4k,0.3162,2
32,n<=8,sr<=70%,kvB<=1k,kp<=512,0.8829,2
32,n<=8,sr<=70%,kvB<=1k,kp<=8k,0.4719,2
32,n<=8,sr<=70%,kvB<=1k,kp=0,0.9399,2
32,n<=8,sr<=70%,kvB<=4k,kp<=1k,0.99,2
32,n<=8,sr<=70%,kvB<=4k,kp<=2k,0.988,2
32,n<=8,sr<=70%,kvB<=4k,kp<=4k,0.4523,2
32,n<=8,sr<=70%,kvB<=4k,kp<=512,0.9883,2
32,n<=8,sr<=70%,kvB<=4k,kp<=8k,-0.1405,1
32,n<=8,sr<=70%,kvB<=4k,kp=0,0.9908,2
32,n<=8,sr>70%,kvB<=16k,kp<=1k,0.9876,4
32,n<=8,sr>70%,kvB<=16k,kp<=2k,0.993,4
32,n<=8,sr>70%,kvB<=16k,kp<=4k,0.9959,4
32,n<=8,sr>70%,kvB<=16k,kp<=512,0.9925,4
32,n<=8,sr>70%,kvB<=16k,kp<=8k,0.9841,4
32,n<=8,sr>70%,kvB<=16k,kp=0,0.9905,4
32,n<=8,sr>70%,kvB<=1k,kp<=1k,0.7593,4
32,n<=8,sr>70%,kvB<=1k,kp<=2k,0.7377,4
32,n<=8,sr>70%,kvB<=1k,kp<=4k,0.7567,4
32,n<=8,sr>70%,kvB<=1k,kp<=512,0.8926,4
32,n<=8,sr>70%,kvB<=1k,kp<=8k,0.8094,4
32,n<=8,sr>70%,kvB<=1k,kp=0,0.9532,4
32,n<=8,sr>70%,kvB<=4k,kp<=1k,0.993,4
32,n<=8,sr>70%,kvB<=4k,kp<=2k,1.0,4
32,n<=8,sr>70%,kvB<=4k,kp<=4k,0.5169,3
32,n<=8,sr>70%,kvB<=4k,kp<=512,0.9846,4
32,n<=8,sr>70%,kvB<=4k,kp<=8k,0.714,1
32,n<=8,sr>70%,kvB<=4k,kp=0,0.9849,4
64,n<=128,sr<=15%,kvB<=16k,kp<=1k,0.005,4
64,n<=128,sr<=15%,kvB<=16k,kp<=2k,0.005,4
64,n<=128,sr<=15%,kvB<=16k,kp<=4k,0.0066,4
64,n<=128,sr<=15%,kvB<=16k,kp<=512,0.0051,4
64,n<=128,sr<=15%,kvB<=16k,kp<=8k,0.0066,4
64,n<=128,sr<=15%,kvB<=16k,kp=0,0.005,4
64,n<=128,sr<=15%,kvB<=1k,kp<=1k,0.0054,4
64,n<=128,sr<=15%,kvB<=1k,kp<=2k,0.003,4
64,n<=128,sr<=15%,kvB<=1k,kp<=4k,0.0005,4
64,n<=128,sr<=15%,kvB<=1k,kp<=512,0.0052,4
64,n<=128,sr<=15%,kvB<=1k,kp<=8k,0.0047,4
64,n<=128,sr<=15%,kvB<=1k,kp=0,0.0072,4
64,n<=128,sr<=15%,kvB<=4k,kp<=1k,0.0092,4
64,n<=128,sr<=15%,kvB<=4k,kp<=2k,0.0076,4
64,n<=128,sr<=15%,kvB<=4k,kp<=4k,0.0016,4
64,n<=128,sr<=15%,kvB<=4k,kp<=512,0.0076,4
64,n<=128,sr<=15%,kvB<=4k,kp<=8k,-0.0034,4
64,n<=128,sr<=15%,kvB<=4k,kp=0,0.0071,4
64,n<=128,sr<=40%,kvB<=16k,kp<=1k,-0.0038,2
64,n<=128,sr<=40%,kvB<=16k,kp<=2k,-0.0029,2
64,n<=128,sr<=40%,kvB<=16k,kp<=4k,0.0013,2
64,n<=128,sr<=40%,kvB<=16k,kp<=512,-0.0047,2
64,n<=128,sr<=40%,kvB<=16k,kp<=8k,0.0033,2
64,n<=128,sr<=40%,kvB<=16k,kp=0,-0.0034,2
64,n<=128,sr<=40%,kvB<=1k,kp<=1k,-0.0012,2
64,n<=128,sr<=40%,kvB<=1k,kp<=2k,0.0069,2
64,n<=128,sr<=40%,kvB<=1k,kp<=4k,-0.0026,2
64,n<=128,sr<=40%,kvB<=1k,kp<=512,0.0004,2
64,n<=128,sr<=40%,kvB<=1k,kp<=8k,0.0004,2
64,n<=128,sr<=40%,kvB<=1k,kp=0,0.0053,2
64,n<=128,sr<=40%,kvB<=4k,kp<=1k,-0.0037,2
64,n<=128,sr<=40%,kvB<=4k,kp<=2k,-0.0051,2
64,n<=128,sr<=40%,kvB<=4k,kp<=4k,0.0013,2
64,n<=128,sr<=40%,kvB<=4k,kp<=512,-0.0026,2
64,n<=128,sr<=40%,kvB<=4k,kp<=8k,0.0058,2
64,n<=128,sr<=40%,kvB<=4k,kp=0,-0.003,2
64,n<=128,sr<=5%,kvB<=16k,kp<=1k,0.0121,8
64,n<=128,sr<=5%,kvB<=16k,kp<=2k,0.0129,8
64,n<=128,sr<=5%,kvB<=16k,kp<=4k,0.0136,8
64,n<=128,sr<=5%,kvB<=16k,kp<=512,0.0118,8
64,n<=128,sr<=5%,kvB<=16k,kp<=8k,0.0124,8
64,n<=128,sr<=5%,kvB<=16k,kp=0,0.0124,8
64,n<=128,sr<=5%,kvB<=1k,kp<=1k,0.0041,8
64,n<=128,sr<=5%,kvB<=1k,kp<=2k,0.0001,8
64,n<=128,sr<=5%,kvB<=1k,kp<=4k,0.0022,8
64,n<=128,sr<=5%,kvB<=1k,kp<=512,0.0039,8
64,n<=128,sr<=5%,kvB<=1k,kp<=8k,0.0029,8
64,n<=128,sr<=5%,kvB<=1k,kp=0,0.0033,8
64,n<=128,sr<=5%,kvB<=4k,kp<=1k,0.0137,8
64,n<=128,sr<=5%,kvB<=4k,kp<=2k,0.0136,8
64,n<=128,sr<=5%,kvB<=4k,kp<=4k,0.0033,8
64,n<=128,sr<=5%,kvB<=4k,kp<=512,0.0129,8
64,n<=128,sr<=5%,kvB<=4k,kp<=8k,0.0006,8
64,n<=128,sr<=5%,kvB<=4k,kp=0,0.0136,8
64,n<=128,sr<=70%,kvB<=16k,kp<=1k,-0.0178,2
64,n<=128,sr<=70%,kvB<=16k,kp<=2k,-0.0164,2
64,n<=128,sr<=70%,kvB<=16k,kp<=4k,-0.0141,2
64,n<=128,sr<=70%,kvB<=16k,kp<=512,-0.0175,2
64,n<=128,sr<=70%,kvB<=16k,kp<=8k,-0.0094,2
64,n<=128,sr<=70%,kvB<=16k,kp=0,-0.0194,2
64,n<=128,sr<=70%,kvB<=1k,kp<=1k,-0.0176,2
64,n<=128,sr<=70%,kvB<=1k,kp<=2k,0.014,2
64,n<=128,sr<=70%,kvB<=1k,kp<=4k,0.0126,2
64,n<=128,sr<=70%,kvB<=1k,kp<=512,-0.0151,2
64,n<=128,sr<=70%,kvB<=1k,kp<=8k,0.007,2
64,n<=128,sr<=70%,kvB<=1k,kp=0,-0.0178,2
64,n<=128,sr<=70%,kvB<=4k,kp<=1k,-0.0127,2
64,n<=128,sr<=70%,kvB<=4k,kp<=2k,-0.007,2
64,n<=128,sr<=70%,kvB<=4k,kp<=4k,0.0049,2
64,n<=128,sr<=70%,kvB<=4k,kp<=512,-0.017,2
64,n<=128,sr<=70%,kvB<=4k,kp<=8k,0.0353,2
64,n<=128,sr<=70%,kvB<=4k,kp=0,-0.0139,2
64,n<=128,sr>70%,kvB<=16k,kp<=1k,-0.0277,4
64,n<=128,sr>70%,kvB<=16k,kp<=2k,-0.0244,4
64,n<=128,sr>70%,kvB<=16k,kp<=4k,-0.0177,4
64,n<=128,sr>70%,kvB<=16k,kp<=512,-0.0303,4
64,n<=128,sr>70%,kvB<=16k,kp<=8k,0.0004,4
64,n<=128,sr>70%,kvB<=16k,kp=0,-0.0308,4
64,n<=128,sr>70%,kvB<=1k,kp<=1k,0.029,4
64,n<=128,sr>70%,kvB<=1k,kp<=2k,0.0313,4
64,n<=128,sr>70%,kvB<=1k,kp<=4k,0.102,4
64,n<=128,sr>70%,kvB<=1k,kp<=512,0.0337,4
64,n<=128,sr>70%,kvB<=1k,kp<=8k,0.0191,4
64,n<=128,sr>70%,kvB<=1k,kp=0,0.0338,4
64,n<=128,sr>70%,kvB<=4k,kp<=1k,-0.009,4
64,n<=128,sr>70%,kvB<=4k,kp<=2k,0.0071,4
64,n<=128,sr>70%,kvB<=4k,kp<=4k,0.0067,4
64,n<=128,sr>70%,kvB<=4k,kp<=512,-0.0158,4
64,n<=128,sr>70%,kvB<=4k,kp<=8k,0.0321,4
64,n<=128,sr>70%,kvB<=4k,kp=0,-0.017,4
64,n<=16,sr<=15%,kvB<=16k,kp<=1k,0.4028,4
64,n<=16,sr<=15%,kvB<=16k,kp<=2k,0.3982,4
64,n<=16,sr<=15%,kvB<=16k,kp<=4k,0.396,4
64,n<=16,sr<=15%,kvB<=16k,kp<=512,0.4094,4
64,n<=16,sr<=15%,kvB<=16k,kp<=8k,0.2957,4
64,n<=16,sr<=15%,kvB<=16k,kp=0,0.4131,4
64,n<=16,sr<=15%,kvB<=1k,kp<=1k,-0.0428,4
64,n<=16,sr<=15%,kvB<=1k,kp<=2k,-0.0573,4
64,n<=16,sr<=15%,kvB<=1k,kp<=4k,-0.0269,4
64,n<=16,sr<=15%,kvB<=1k,kp<=512,0.293,4
64,n<=16,sr<=15%,kvB<=1k,kp<=8k,-0.0206,4
64,n<=16,sr<=15%,kvB<=1k,kp=0,0.4052,4
64,n<=16,sr<=15%,kvB<=4k,kp<=1k,0.3934,4
64,n<=16,sr<=15%,kvB<=4k,kp<=2k,0.2805,4
64,n<=16,sr<=15%,kvB<=4k,kp<=4k,-0.0854,4
64,n<=16,sr<=15%,kvB<=4k,kp<=512,0.3962,4
64,n<=16,sr<=15%,kvB<=4k,kp<=8k,-0.0845,4
64,n<=16,sr<=15%,kvB<=4k,kp=0,0.4012,4
64,n<=16,sr<=40%,kvB<=16k,kp<=1k,0.3285,4
64,n<=16,sr<=40%,kvB<=16k,kp<=2k,0.3308,4
64,n<=16,sr<=40%,kvB<=16k,kp<=4k,0.323,4
64,n<=16,sr<=40%,kvB<=16k,kp<=512,0.3342,4
64,n<=16,sr<=40%,kvB<=16k,kp<=8k,0.2495,4
64,n<=16,sr<=40%,kvB<=16k,kp=0,0.3362,4
64,n<=16,sr<=40%,kvB<=1k,kp<=1k,-0.1692,4
64,n<=16,sr<=40%,kvB<=1k,kp<=2k,-0.1608,4
64,n<=16,sr<=40%,kvB<=1k,kp<=4k,-0.2015,4
64,n<=16,sr<=40%,kvB<=1k,kp<=512,0.2326,4
64,n<=16,sr<=40%,kvB<=1k,kp<=8k,-0.1909,4
64,n<=16,sr<=40%,kvB<=1k,kp=0,0.3231,4
64,n<=16,sr<=40%,kvB<=4k,kp<=1k,0.3182,4
64,n<=16,sr<=40%,kvB<=4k,kp<=2k,0.2294,4
64,n<=16,sr<=40%,kvB<=4k,kp<=4k,-0.2417,4
64,n<=16,sr<=40%,kvB<=4k,kp<=512,0.3078,4
64,n<=16,sr<=40%,kvB<=4k,kp<=8k,-0.2521,4
64,n<=16,sr<=40%,kvB<=4k,kp=0,0.3191,4
64,n<=16,sr<=70%,kvB<=16k,kp<=1k,0.0466,2
64,n<=16,sr<=70%,kvB<=16k,kp<=2k,0.0242,2
64,n<=16,sr<=70%,kvB<=16k,kp<=4k,0.0726,2
64,n<=16,sr<=70%,kvB<=16k,kp<=512,0.032,2
64,n<=16,sr<=70%,kvB<=16k,kp<=8k,0.3293,2
64,n<=16,sr<=70%,kvB<=16k,kp=0,0.0036,2
64,n<=16,sr<=70%,kvB<=1k,kp<=1k,-0.0888,2
64,n<=16,sr<=70%,kvB<=1k,kp<=2k,-0.7462,2
64,n<=16,sr<=70%,kvB<=1k,kp<=4k,-0.8275,2
64,n<=16,sr<=70%,kvB<=1k,kp<=512,0.2679,2
64,n<=16,sr<=70%,kvB<=1k,kp<=8k,-0.6783,2
64,n<=16,sr<=70%,kvB<=1k,kp=0,-0.0347,2
64,n<=16,sr<=70%,kvB<=4k,kp<=1k,0.0712,2
64,n<=16,sr<=70%,kvB<=4k,kp<=2k,0.3128,2
64,n<=16,sr<=70%,kvB<=4k,kp<=4k,-0.2503,2
64,n<=16,sr<=70%,kvB<=4k,kp<=512,-0.0064,2
64,n<=16,sr<=70%,kvB<=4k,kp<=8k,-0.7875,2
64,n<=16,sr<=70%,kvB<=4k,kp=0,-0.0213,2
64,n<=16,sr>70%,kvB<=16k,kp<=1k,1.4734,4
64,n<=16,sr>70%,kvB<=16k,kp<=2k,1.4521,4
64,n<=16,sr>70%,kvB<=16k,kp<=4k,1.388,4
64,n<=16,sr>70%,kvB<=16k,kp<=512,1.4669,4
64,n<=16,sr>70%,kvB<=16k,kp<=8k,1.5667,4
64,n<=16,sr>70%,kvB<=16k,kp=0,1.1952,4
64,n<=16,sr>70%,kvB<=1k,kp<=1k,0.6544,4
64,n<=16,sr>70%,kvB<=1k,kp<=2k,0.5669,4
64,n<=16,sr>70%,kvB<=1k,kp<=4k,0.4422,4
64,n<=16,sr>70%,kvB<=1k,kp<=512,0.8199,4
64,n<=16,sr>70%,kvB<=1k,kp<=8k,0.4729,4
64,n<=16,sr>70%,kvB<=1k,kp=0,0.924,4
64,n<=16,sr>70%,kvB<=4k,kp<=1k,1.2925,4
64,n<=16,sr>70%,kvB<=4k,kp<=2k,1.4544,4
64,n<=16,sr>70%,kvB<=4k,kp<=4k,1.3887,4
64,n<=16,sr>70%,kvB<=4k,kp<=512,1.3118,4
64,n<=16,sr>70%,kvB<=4k,kp<=8k,1.4759,4
64,n<=16,sr>70%,kvB<=4k,kp=0,1.1679,4
64,n<=2,sr<=70%,kvB<=16k,kp<=1k,0.9856,2
64,n<=2,sr<=70%,kvB<=16k,kp<=2k,0.988,2
64,n<=2,sr<=70%,kvB<=16k,kp<=4k,0.9877,2
64,n<=2,sr<=70%,kvB<=16k,kp<=512,0.9863,2
64,n<=2,sr<=70%,kvB<=16k,kp<=8k,0.987,2
64,n<=2,sr<=70%,kvB<=16k,kp=0,0.9859,2
64,n<=2,sr<=70%,kvB<=1k,kp<=1k,-0.094,2
64,n<=2,sr<=70%,kvB<=1k,kp<=2k,-0.3086,2
64,n<=2,sr<=70%,kvB<=1k,kp<=4k,-0.219,2
64,n<=2,sr<=70%,kvB<=1k,kp<=512,0.9953,2
64,n<=2,sr<=70%,kvB<=1k,kp<=8k,-0.111,2
64,n<=2,sr<=70%,kvB<=1k,kp=0,0.9973,2
64,n<=2,sr<=70%,kvB<=4k,kp<=1k,0.996,2
64,n<=2,sr<=70%,kvB<=4k,kp<=2k,0.9927,2
64,n<=2,sr<=70%,kvB<=4k,kp<=4k,0.7317,2
64,n<=2,sr<=70%,kvB<=4k,kp<=512,0.9961,2
64,n<=2,sr<=70%,kvB<=4k,kp<=8k,-1.5968,1
64,n<=2,sr<=70%,kvB<=4k,kp=0,0.9951,2
64,n<=32,sr<=15%,kvB<=16k,kp<=1k,0.0918,6
64,n<=32,sr<=15%,kvB<=16k,kp<=2k,0.0989,6
64,n<=32,sr<=15%,kvB<=16k,kp<=4k,0.1009,6
64,n<=32,sr<=15%,kvB<=16k,kp<=512,0.0976,6
64,n<=32,sr<=15%,kvB<=16k,kp<=8k,0.1151,6
64,n<=32,sr<=15%,kvB<=16k,kp=0,0.1087,6
64,n<=32,sr<=15%,kvB<=1k,kp<=1k,0.0536,6
64,n<=32,sr<=15%,kvB<=1k,kp<=2k,0.0752,6
64,n<=32,sr<=15%,kvB<=1k,kp<=4k,0.0849,6
64,n<=32,sr<=15%,kvB<=1k,kp<=512,0.1124,6
64,n<=32,sr<=15%,kvB<=1k,kp<=8k,0.08,6
64,n<=32,sr<=15%,kvB<=1k,kp=0,0.1024,6
64,n<=32,sr<=15%,kvB<=4k,kp<=1k,0.1128,6
64,n<=32,sr<=15%,kvB<=4k,kp<=2k,0.1148,6
64,n<=32,sr<=15%,kvB<=4k,kp<=4k,0.0692,6
64,n<=32,sr<=15%,kvB<=4k,kp<=512,0.0989,6
64,n<=32,sr<=15%,kvB<=4k,kp<=8k,0.0876,6
64,n<=32,sr<=15%,kvB<=4k,kp=0,0.1001,6
64,n<=32,sr<=40%,kvB<=16k,kp<=1k,0.1554,2
64,n<=32,sr<=40%,kvB<=16k,kp<=2k,0.1701,2
64,n<=32,sr<=40%,kvB<=16k,kp<=4k,0.1675,2
64,n<=32,sr<=40%,kvB<=16k,kp<=512,0.1689,2
64,n<=32,sr<=40%,kvB<=16k,kp<=8k,0.1708,2
64,n<=32,sr<=40%,kvB<=16k,kp=0,0.2159,2
64,n<=32,sr<=40%,kvB<=1k,kp<=1k,0.0813,2
64,n<=32,sr<=40%,kvB<=1k,kp<=2k,0.0146,2
64,n<=32,sr<=40%,kvB<=1k,kp<=4k,0.0239,2
64,n<=32,sr<=40%,kvB<=1k,kp<=512,0.0239,2
64,n<=32,sr<=40%,kvB<=1k,kp<=8k,0.0341,2
64,n<=32,sr<=40%,kvB<=1k,kp=0,0.0474,2
64,n<=32,sr<=40%,kvB<=4k,kp<=1k,0.1457,2
64,n<=32,sr<=40%,kvB<=4k,kp<=2k,0.1783,2
64,n<=32,sr<=40%,kvB<=4k,kp<=4k,0.2061,2
64,n<=32,sr<=40%,kvB<=4k,kp<=512,0.1606,2
64,n<=32,sr<=40%,kvB<=4k,kp<=8k,0.2212,2
64,n<=32,sr<=40%,kvB<=4k,kp=0,0.178,2
64,n<=32,sr<=5%,kvB<=16k,kp<=1k,0.0985,2
64,n<=32,sr<=5%,kvB<=16k,kp<=2k,0.0993,2
64,n<=32,sr<=5%,kvB<=16k,kp<=4k,0.0958,2
64,n<=32,sr<=5%,kvB<=16k,kp<=512,0.0985,2
64,n<=32,sr<=5%,kvB<=16k,kp<=8k,0.0727,2
64,n<=32,sr<=5%,kvB<=16k,kp=0,0.1072,2
64,n<=32,sr<=5%,kvB<=1k,kp<=1k,-0.0204,2
64,n<=32,sr<=5%,kvB<=1k,kp<=2k,-0.0245,2
64,n<=32,sr<=5%,kvB<=1k,kp<=4k,-0.0176,2
64,n<=32,sr<=5%,kvB<=1k,kp<=512,0.0595,2
64,n<=32,sr<=5%,kvB<=1k,kp<=8k,-0.022,2
64,n<=32,sr<=5%,kvB<=1k,kp=0,0.0743,2
64,n<=32,sr<=5%,kvB<=4k,kp<=1k,0.0987,2
64,n<=32,sr<=5%,kvB<=4k,kp<=2k,0.0813,2
64,n<=32,sr<=5%,kvB<=4k,kp<=4k,-0.0031,2
64,n<=32,sr<=5%,kvB<=4k,kp<=512,0.0919,2
64,n<=32,sr<=5%,kvB<=4k,kp<=8k,0.0034,2
64,n<=32,sr<=5%,kvB<=4k,kp=0,0.1153,2
64,n<=32,sr<=70%,kvB<=16k,kp<=1k,0.0747,2
64,n<=32,sr<=70%,kvB<=16k,kp<=2k,0.0703,2
64,n<=32,sr<=70%,kvB<=16k,kp<=4k,-0.0046,2
64,n<=32,sr<=70%,kvB<=16k,kp<=512,0.0566,2
64,n<=32,sr<=70%,kvB<=16k,kp<=8k,0.0671,2
64,n<=32,sr<=70%,kvB<=16k,kp=0,0.0867,2
64,n<=32,sr<=70%,kvB<=1k,kp<=1k,-0.2899,2
64,n<=32,sr<=70%,kvB<=1k,kp<=2k,-0.1932,2
64,n<=32,sr<=70%,kvB<=1k,kp<=4k,-0.2047,2
64,n<=32,sr<=70%,kvB<=1k,kp<=512,-0.2632,2
64,n<=32,sr<=70%,kvB<=1k,kp<=8k,-0.2077,2
64,n<=32,sr<=70%,kvB<=1k,kp=0,-0.261,2
64,n<=32,sr<=70%,kvB<=4k,kp<=1k,0.0298,2
64,n<=32,sr<=70%,kvB<=4k,kp<=2k,0.0306,2
64,n<=32,sr<=70%,kvB<=4k,kp<=4k,-0.0107,2
64,n<=32,sr<=70%,kvB<=4k,kp<=512,0.0284,2
64,n<=32,sr<=70%,kvB<=4k,kp<=8k,0.2555,2
64,n<=32,sr<=70%,kvB<=4k,kp=0,0.0966,2
64,n<=32,sr>70%,kvB<=16k,kp<=1k,0.2953,4
64,n<=32,sr>70%,kvB<=16k,kp<=2k,0.2016,4
64,n<=32,sr>70%,kvB<=16k,kp<=4k,0.2988,4
64,n<=32,sr>70%,kvB<=16k,kp<=512,0.2701,4
64,n<=32,sr>70%,kvB<=16k,kp<=8k,0.4205,4
64,n<=32,sr>70%,kvB<=16k,kp=0,0.4215,4
64,n<=32,sr>70%,kvB<=1k,kp<=1k,0.1021,4
64,n<=32,sr>70%,kvB<=1k,kp<=2k,0.8903,4
64,n<=32,sr>70%,kvB<=1k,kp<=4k,1.1191,4
64,n<=32,sr>70%,kvB<=1k,kp<=512,0.0718,4
64,n<=32,sr>70%,kvB<=1k,kp<=8k,1.1068,4
64,n<=32,sr>70%,kvB<=1k,kp=0,-0.1064,4
64,n<=32,sr>70%,kvB<=4k,kp<=1k,0.3858,4
64,n<=32,sr>70%,kvB<=4k,kp<=2k,0.4748,4
64,n<=32,sr>70%,kvB<=4k,kp<=4k,0.6489,4
64,n<=32,sr>70%,kvB<=4k,kp<=512,0.3854,4
64,n<=32,sr>70%,kvB<=4k,kp<=8k,1.5704,4
64,n<=32,sr>70%,kvB<=4k,kp=0,0.3568,4
64,n<=4,sr<=40%,kvB<=16k,kp<=1k,0.9844,2
64,n<=4,sr<=40%,kvB<=16k,kp<=2k,0.9824,2
64,n<=4,sr<=40%,kvB<=16k,kp<=4k,0.9846,2
64,n<=4,sr<=40%,kvB<=16k,kp<=512,0.9832,2
64,n<=4,sr<=40%,kvB<=16k,kp<=8k,0.9821,2
64,n<=4,sr<=40%,kvB<=16k,kp=0,0.9848,2
64,n<=4,sr<=40%,kvB<=1k,kp<=1k,0.3314,2
64,n<=4,sr<=40%,kvB<=1k,kp<=2k,0.4366,2
64,n<=4,sr<=40%,kvB<=1k,kp<=4k,0.3174,2
64,n<=4,sr<=40%,kvB<=1k,kp<=512,0.9655,2
64,n<=4,sr<=40%,kvB<=1k,kp<=8k,0.5926,2
64,n<=4,sr<=40%,kvB<=1k,kp=0,0.977,2
64,n<=4,sr<=40%,kvB<=4k,kp<=1k,0.9786,2
64,n<=4,sr<=40%,kvB<=4k,kp<=2k,0.9795,2
64,n<=4,sr<=40%,kvB<=4k,kp<=4k,0.1539,2
64,n<=4,sr<=40%,kvB<=4k,kp<=512,0.9786,2
64,n<=4,sr<=40%,kvB<=4k,kp<=8k,-1.7432,2
64,n<=4,sr<=40%,kvB<=4k,kp=0,0.9771,2
64,n<=4,sr<=70%,kvB<=16k,kp<=1k,0.9875,2
64,n<=4,sr<=70%,kvB<=16k,kp<=2k,0.9856,2
64,n<=4,sr<=70%,kvB<=16k,kp<=4k,0.9874,2
64,n<=4,sr<=70%,kvB<=16k,kp<=512,0.9865,2
64,n<=4,sr<=70%,kvB<=16k,kp<=8k,0.9892,2
64,n<=4,sr<=70%,kvB<=16k,kp=0,0.9876,2
64,n<=4,sr<=70%,kvB<=1k,kp<=1k,0.103,2
64,n<=4,sr<=70%,kvB<=1k,kp<=2k,0.236,2
64,n<=4,sr<=70%,kvB<=1k,kp<=4k,0.2827,2
64,n<=4,sr<=70%,kvB<=1k,kp<=512,0.9651,2
64,n<=4,sr<=70%,kvB<=1k,kp<=8k,0.6181,2
64,n<=4,sr<=70%,kvB<=1k,kp=0,0.9618,2
64,n<=4,sr<=70%,kvB<=4k,kp<=1k,0.9691,2
64,n<=4,sr<=70%,kvB<=4k,kp<=2k,0.9737,2
64,n<=4,sr<=70%,kvB<=4k,kp<=4k,-0.0189,2
64,n<=4,sr<=70%,kvB<=4k,kp<=512,0.9717,2
64,n<=4,sr<=70%,kvB<=4k,kp<=8k,-1.6224,1
64,n<=4,sr<=70%,kvB<=4k,kp=0,0.9729,2
64,n<=4,sr>70%,kvB<=16k,kp<=1k,0.9926,2
64,n<=4,sr>70%,kvB<=16k,kp<=2k,0.9951,2
64,n<=4,sr>70%,kvB<=16k,kp<=4k,0.9998,2
64,n<=4,sr>70%,kvB<=16k,kp<=512,0.9954,2
64,n<=4,sr>70%,kvB<=16k,kp<=8k,0.9914,2
64,n<=4,sr>70%,kvB<=16k,kp=0,0.997,2
64,n<=4,sr>70%,kvB<=1k,kp<=1k,0.5393,2
64,n<=4,sr>70%,kvB<=1k,kp<=2k,0.491,2
64,n<=4,sr>70%,kvB<=1k,kp<=4k,0.4438,2
64,n<=4,sr>70%,kvB<=1k,kp<=512,0.9638,2
64,n<=4,sr>70%,kvB<=1k,kp<=8k,0.2269,2
64,n<=4,sr>70%,kvB<=1k,kp=0,1.0073,2
64,n<=4,sr>70%,kvB<=4k,kp<=1k,0.9886,2
64,n<=4,sr>70%,kvB<=4k,kp<=2k,0.9879,2
64,n<=4,sr>70%,kvB<=4k,kp<=4k,0.7355,2
64,n<=4,sr>70%,kvB<=4k,kp<=512,0.9875,2
64,n<=4,sr>70%,kvB<=4k,kp<=8k,0.1466,1
64,n<=4,sr>70%,kvB<=4k,kp=0,0.9931,2
64,n<=64,sr<=15%,kvB<=16k,kp<=1k,0.0384,4
64,n<=64,sr<=15%,kvB<=16k,kp<=2k,0.0394,4
64,n<=64,sr<=15%,kvB<=16k,kp<=4k,0.0389,4
64,n<=64,sr<=15%,kvB<=16k,kp<=512,0.0376,4
64,n<=64,sr<=15%,kvB<=16k,kp<=8k,0.0363,4
64,n<=64,sr<=15%,kvB<=16k,kp=0,0.044,4
64,n<=64,sr<=15%,kvB<=1k,kp<=1k,0.0406,4
64,n<=64,sr<=15%,kvB<=1k,kp<=2k,0.0349,4
64,n<=64,sr<=15%,kvB<=1k,kp<=4k,0.03,4
64,n<=64,sr<=15%,kvB<=1k,kp<=512,0.0563,4
64,n<=64,sr<=15%,kvB<=1k,kp<=8k,0.0346,4
64,n<=64,sr<=15%,kvB<=1k,kp=0,0.0596,4
64,n<=64,sr<=15%,kvB<=4k,kp<=1k,0.0723,4
64,n<=64,sr<=15%,kvB<=4k,kp<=2k,0.0592,4
64,n<=64,sr<=15%,kvB<=4k,kp<=4k,0.0364,4
64,n<=64,sr<=15%,kvB<=4k,kp<=512,0.0628,4
64,n<=64,sr<=15%,kvB<=4k,kp<=8k,0.0339,4
64,n<=64,sr<=15%,kvB<=4k,kp=0,0.0767,4
64,n<=64,sr<=40%,kvB<=16k,kp<=1k,0.0043,2
64,n<=64,sr<=40%,kvB<=16k,kp<=2k,0.0133,2
64,n<=64,sr<=40%,kvB<=16k,kp<=4k,0.0074,2
64,n<=64,sr<=40%,kvB<=16k,kp<=512,-0.002,2
64,n<=64,sr<=40%,kvB<=16k,kp<=8k,0.0114,2
64,n<=64,sr<=40%,kvB<=16k,kp=0,0.0184,2
64,n<=64,sr<=40%,kvB<=1k,kp<=1k,0.0456,2
64,n<=64,sr<=40%,kvB<=1k,kp<=2k,0.0167,2
64,n<=64,sr<=40%,kvB<=1k,kp<=4k,0.0168,2
64,n<=64,sr<=40%,kvB<=1k,kp<=512,0.054,2
64,n<=64,sr<=40%,kvB<=1k,kp<=8k,0.0049,2
64,n<=64,sr<=40%,kvB<=1k,kp=0,0.064,2
64,n<=64,sr<=40%,kvB<=4k,kp<=1k,0.0455,2
64,n<=64,sr<=40%,kvB<=4k,kp<=2k,0.0616,2
64,n<=64,sr<=40%,kvB<=4k,kp<=4k,0.0537,2
64,n<=64,sr<=40%,kvB<=4k,kp<=512,0.0489,2
64,n<=64,sr<=40%,kvB<=4k,kp<=8k,0.042,2
64,n<=64,sr<=40%,kvB<=4k,kp=0,0.0921,2
64,n<=64,sr<=5%,kvB<=16k,kp<=1k,0.0389,6
64,n<=64,sr<=5%,kvB<=16k,kp<=2k,0.0407,6
64,n<=64,sr<=5%,kvB<=16k,kp<=4k,0.0414,6
64,n<=64,sr<=5%,kvB<=16k,kp<=512,0.0375,6
64,n<=64,sr<=5%,kvB<=16k,kp<=8k,0.0365,6
64,n<=64,sr<=5%,kvB<=16k,kp=0,0.0422,6
64,n<=64,sr<=5%,kvB<=1k,kp<=1k,0.0092,6
64,n<=64,sr<=5%,kvB<=1k,kp<=2k,0.0087,6
64,n<=64,sr<=5%,kvB<=1k,kp<=4k,0.0045,6
64,n<=64,sr<=5%,kvB<=1k,kp<=512,0.0305,6
64,n<=64,sr<=5%,kvB<=1k,kp<=8k,0.0095,6
64,n<=64,sr<=5%,kvB<=1k,kp=0,0.0356,6
64,n<=64,sr<=5%,kvB<=4k,kp<=1k,0.0515,6
64,n<=64,sr<=5%,kvB<=4k,kp<=2k,0.0459,6
64,n<=64,sr<=5%,kvB<=4k,kp<=4k,0.0124,6
64,n<=64,sr<=5%,kvB<=4k,kp<=512,0.045,6
64,n<=64,sr<=5%,kvB<=4k,kp<=8k,0.0194,6
64,n<=64,sr<=5%,kvB<=4k,kp=0,0.0556,6
64,n<=64,sr<=70%,kvB<=16k,kp<=1k,-0.0335,2
64,n<=64,sr<=70%,kvB<=16k,kp<=2k,-0.0077,2
64,n<=64,sr<=70%,kvB<=16k,kp<=4k,-0.0136,2
64,n<=64,sr<=70%,kvB<=16k,kp<=512,-0.0311,2
64,n<=64,sr<=70%,kvB<=16k,kp<=8k,-0.0029,2
64,n<=64,sr<=70%,kvB<=16k,kp=0,-0.0318,2
64,n<=64,sr<=70%,kvB<=1k,kp<=1k,0.0675,2
64,n<=64,sr<=70%,kvB<=1k,kp<=2k,0.1244,2
64,n<=64,sr<=70%,kvB<=1k,kp<=4k,0.0704,2
64,n<=64,sr<=70%,kvB<=1k,kp<=512,0.118,2
64,n<=64,sr<=70%,kvB<=1k,kp<=8k,0.0799,2
64,n<=64,sr<=70%,kvB<=1k,kp=0,0.078,2
64,n<=64,sr<=70%,kvB<=4k,kp<=1k,0.0872,2
64,n<=64,sr<=70%,kvB<=4k,kp<=2k,0.1011,2
64,n<=64,sr<=70%,kvB<=4k,kp<=4k,0.1009,2
64,n<=64,sr<=70%,kvB<=4k,kp<=512,0.0661,2
64,n<=64,sr<=70%,kvB<=4k,kp<=8k,0.1611,2
64,n<=64,sr<=70%,kvB<=4k,kp=0,0.1152,2
64,n<=64,sr>70%,kvB<=16k,kp<=1k,-0.0585,4
64,n<=64,sr>70%,kvB<=16k,kp<=2k,-0.0791,4
64,n<=64,sr>70%,kvB<=16k,kp<=4k,-0.0889,4
64,n<=64,sr>70%,kvB<=16k,kp<=512,-0.0412,4
64,n<=64,sr>70%,kvB<=16k,kp<=8k,0.0098,4
64,n<=64,sr>70%,kvB<=16k,kp=0,-0.0411,4
64,n<=64,sr>70%,kvB<=1k,kp<=1k,0.5603,4
64,n<=64,sr>70%,kvB<=1k,kp<=2k,0.6497,4
64,n<=64,sr>70%,kvB<=1k,kp<=4k,0.6041,4
64,n<=64,sr>70%,kvB<=1k,kp<=512,0.461,4
64,n<=64,sr>70%,kvB<=1k,kp<=8k,0.5288,4
64,n<=64,sr>70%,kvB<=1k,kp=0,0.4763,4
64,n<=64,sr>70%,kvB<=4k,kp<=1k,0.1971,4
64,n<=64,sr>70%,kvB<=4k,kp<=2k,0.2341,4
64,n<=64,sr>70%,kvB<=4k,kp<=4k,0.3024,4
64,n<=64,sr>70%,kvB<=4k,kp<=512,0.1991,4
64,n<=64,sr>70%,kvB<=4k,kp<=8k,0.4628,4
64,n<=64,sr>70%,kvB<=4k,kp=0,0.3451,4
64,n<=8,sr<=15%,kvB<=16k,kp<=1k,0.9733,2
64,n<=8,sr<=15%,kvB<=16k,kp<=2k,0.9758,2
64,n<=8,sr<=15%,kvB<=16k,kp<=4k,0.9736,2
64,n<=8,sr<=15%,kvB<=16k,kp<=512,0.9744,2
64,n<=8,sr<=15%,kvB<=16k,kp<=8k,0.9677,2
64,n<=8,sr<=15%,kvB<=16k,kp=0,0.9743,2
64,n<=8,sr<=15%,kvB<=1k,kp<=1k,0.4046,2
64,n<=8,sr<=15%,kvB<=1k,kp<=2k,0.4543,2
64,n<=8,sr<=15%,kvB<=1k,kp<=4k,0.475,2
64,n<=8,sr<=15%,kvB<=1k,kp<=512,0.8853,2
64,n<=8,sr<=15%,kvB<=1k,kp<=8k,0.6373,2
64,n<=8,sr<=15%,kvB<=1k,kp=0,0.9161,2
64,n<=8,sr<=15%,kvB<=4k,kp<=1k,0.9637,2
64,n<=8,sr<=15%,kvB<=4k,kp<=2k,0.9604,2
64,n<=8,sr<=15%,kvB<=4k,kp<=4k,0.1307,2
64,n<=8,sr<=15%,kvB<=4k,kp<=512,0.9655,2
64,n<=8,sr<=15%,kvB<=4k,kp<=8k,0.4677,2
64,n<=8,sr<=15%,kvB<=4k,kp=0,0.9655,2
64,n<=8,sr<=40%,kvB<=16k,kp<=1k,0.9822,4
64,n<=8,sr<=40%,kvB<=16k,kp<=2k,0.9812,4
64,n<=8,sr<=40%,kvB<=16k,kp<=4k,0.9828,4
64,n<=8,sr<=40%,kvB<=16k,kp<=512,0.9847,4
64,n<=8,sr<=40%,kvB<=16k,kp<=8k,0.9809,4
64,n<=8,sr<=40%,kvB<=16k,kp=0,0.9826,4
64,n<=8,sr<=40%,kvB<=1k,kp<=1k,0.4263,4
64,n<=8,sr<=40%,kvB<=1k,kp<=2k,0.4651,4
64,n<=8,sr<=40%,kvB<=1k,kp<=4k,0.4469,4
64,n<=8,sr<=40%,kvB<=1k,kp<=512,0.8968,4
64,n<=8,sr<=40%,kvB<=1k,kp<=8k,0.3902,4
64,n<=8,sr<=40%,kvB<=1k,kp=0,0.9163,4
64,n<=8,sr<=40%,kvB<=4k,kp<=1k,0.9714,4
64,n<=8,sr<=40%,kvB<=4k,kp<=2k,0.9801,4
64,n<=8,sr<=40%,kvB<=4k,kp<=4k,0.1833,4
64,n<=8,sr<=40%,kvB<=4k,kp<=512,0.9742,4
64,n<=8,sr<=40%,kvB<=4k,kp<=8k,0.227,4
64,n<=8,sr<=40%,kvB<=4k,kp=0,0.9722,4
64,n<=8,sr<=70%,kvB<=16k,kp<=1k,0.9878,2
64,n<=8,sr<=70%,kvB<=16k,kp<=2k,0.985,2
64,n<=8,sr<=70%,kvB<=16k,kp<=4k,0.9857,2
64,n<=8,sr<=70%,kvB<=16k,kp<=512,0.9852,2
64,n<=8,sr<=70%,kvB<=16k,kp<=8k,0.9815,2
64,n<=8,sr<=70%,kvB<=16k,kp=0,0.9847,2
64,n<=8,sr<=70%,kvB<=1k,kp<=1k,0.1205,2
64,n<=8,sr<=70%,kvB<=1k,kp<=2k,0.5769,1
64,n<=8,sr<=70%,kvB<=1k,kp<=4k,0.5022,2
64,n<=8,sr<=70%,kvB<=1k,kp<=512,0.8918,2
64,n<=8,sr<=70%,kvB<=1k,kp<=8k,0.7178,1
64,n<=8,sr<=70%,kvB<=1k,kp=0,0.9305,2
64,n<=8,sr<=70%,kvB<=4k,kp<=1k,0.9904,2
64,n<=8,sr<=70%,kvB<=4k,kp<=2k,0.9935,2
64,n<=8,sr<=70%,kvB<=4k,kp<=4k,-0.3636,2
64,n<=8,sr<=70%,kvB<=4k,kp<=512,0.9885,2
64,n<=8,sr<=70%,kvB<=4k,kp<=8k,0.2315,2
64,n<=8,sr<=70%,kvB<=4k,kp=0,0.9864,2
64,n<=8,sr>70%,kvB<=16k,kp<=1k,0.989,4
64,n<=8,sr>70%,kvB<=16k,kp<=2k,0.995,4
64,n<=8,sr>70%,kvB<=16k,kp<=4k,0.9926,4
64,n<=8,sr>70%,kvB<=16k,kp<=512,0.9962,4
64,n<=8,sr>70%,kvB<=16k,kp<=8k,0.9878,4
64,n<=8,sr>70%,kvB<=16k,kp=0,0.9959,4
64,n<=8,sr>70%,kvB<=1k,kp<=1k,0.7298,4
64,n<=8,sr>70%,kvB<=1k,kp<=2k,0.7217,4
64,n<=8,sr>70%,kvB<=1k,kp<=4k,0.6933,4
64,n<=8,sr>70%,kvB<=1k,kp<=512,0.9158,4
64,n<=8,sr>70%,kvB<=1k,kp<=8k,0.5927,4
64,n<=8,sr>70%,kvB<=1k,kp=0,0.9081,4
64,n<=8,sr>70%,kvB<=4k,kp<=1k,1.0025,4
64,n<=8,sr>70%,kvB<=4k,kp<=2k,1.0003,4
64,n<=8,sr>70%,kvB<=4k,kp<=4k,0.6595,4
64,n<=8,sr>70%,kvB<=4k,kp<=512,0.9718,4
64,n<=8,sr>70%,kvB<=4k,kp<=8k,0.5792,3
64,n<=8,sr>70%,kvB<=4k,kp=0,0.9862,4
128,n<=128,sr<=15%,kvB<=16k,kp<=1k,0.0052,4
128,n<=128,sr<=15%,kvB<=16k,kp<=2k,0.0068,4
128,n<=128,sr<=15%,kvB<=16k,kp<=4k,0.0085,4
128,n<=128,sr<=15%,kvB<=16k,kp<=512,0.0054,4
128,n<=128,sr<=15%,kvB<=16k,kp<=8k,0.0074,4
128,n<=128,sr<=15%,kvB<=16k,kp=0,0.0048,4
128,n<=128,sr<=15%,kvB<=1k,kp<=1k,0.0054,4
128,n<=128,sr<=15%,kvB<=1k,kp<=2k,-0.0005,4
128,n<=128,sr<=15%,kvB<=1k,kp<=4k,0.0034,4
128,n<=128,sr<=15%,kvB<=1k,kp<=512,0.0061,4
128,n<=128,sr<=15%,kvB<=1k,kp<=8k,0.0049,4
128,n<=128,sr<=15%,kvB<=1k,kp=0,0.0067,4
128,n<=128,sr<=15%,kvB<=4k,kp<=1k,0.0104,4
128,n<=128,sr<=15%,kvB<=4k,kp<=2k,0.0097,4
128,n<=128,sr<=15%,kvB<=4k,kp<=4k,0.0,4
128,n<=128,sr<=15%,kvB<=4k,kp<=512,0.009,4
128,n<=128,sr<=15%,kvB<=4k,kp<=8k,-0.0021,4
128,n<=128,sr<=15%,kvB<=4k,kp=0,0.0073,4
128,n<=128,sr<=40%,kvB<=16k,kp<=1k,-0.003,2
128,n<=128,sr<=40%,kvB<=16k,kp<=2k,-0.0005,2
128,n<=128,sr<=40%,kvB<=16k,kp<=4k,0.0038,2
128,n<=128,sr<=40%,kvB<=16k,kp<=512,-0.004,2
128,n<=128,sr<=40%,kvB<=16k,kp<=8k,0.0048,2
128,n<=128,sr<=40%,kvB<=16k,kp=0,-0.0038,2
128,n<=128,sr<=40%,kvB<=1k,kp<=1k,0.0004,2
128,n<=128,sr<=40%,kvB<=1k,kp<=2k,0.0205,2
128,n<=128,sr<=40%,kvB<=1k,kp<=4k,0.0148,2
128,n<=128,sr<=40%,kvB<=1k,kp<=512,0.0055,2
128,n<=128,sr<=40%,kvB<=1k,kp<=8k,0.0176,2
128,n<=128,sr<=40%,kvB<=1k,kp=0,0.0078,2
128,n<=128,sr<=40%,kvB<=4k,kp<=1k,-0.0001,2
128,n<=128,sr<=40%,kvB<=4k,kp<=2k,0.0006,2
128,n<=128,sr<=40%,kvB<=4k,kp<=4k,-0.0021,2
128,n<=128,sr<=40%,kvB<=4k,kp<=512,-0.0019,2
128,n<=128,sr<=40%,kvB<=4k,kp<=8k,-0.0113,2
128,n<=128,sr<=40%,kvB<=4k,kp=0,-0.0027,2
128,n<=128,sr<=5%,kvB<=16k,kp<=1k,0.0127,8
128,n<=128,sr<=5%,kvB<=16k,kp<=2k,0.014,8
128,n<=128,sr<=5%,kvB<=16k,kp<=4k,0.0148,8
128,n<=128,sr<=5%,kvB<=16k,kp<=512,0.0121,8
128,n<=128,sr<=5%,kvB<=16k,kp<=8k,0.0117,8
128,n<=128,sr<=5%,kvB<=16k,kp=0,0.0117,8
128,n<=128,sr<=5%,kvB<=1k,kp<=1k,0.0016,8
128,n<=128,sr<=5%,kvB<=1k,kp<=2k,-0.0001,8
128,n<=128,sr<=5%,kvB<=1k,kp<=4k,0.0015,8
128,n<=128,sr<=5%,kvB<=1k,kp<=512,0.0032,8
128,n<=128,sr<=5%,kvB<=1k,kp<=8k,0.0032,8
128,n<=128,sr<=5%,kvB<=1k,kp=0,0.0024,8
128,n<=128,sr<=5%,kvB<=4k,kp<=1k,0.014,8
128,n<=128,sr<=5%,kvB<=4k,kp<=2k,0.0134,8
128,n<=128,sr<=5%,kvB<=4k,kp<=4k,0.0012,8
128,n<=128,sr<=5%,kvB<=4k,kp<=512,0.0142,8
128,n<=128,sr<=5%,kvB<=4k,kp<=8k,0.0012,8
128,n<=128,sr<=5%,kvB<=4k,kp=0,0.0136,8
128,n<=128,sr<=70%,kvB<=16k,kp<=1k,-0.0174,2
128,n<=128,sr<=70%,kvB<=16k,kp<=2k,-0.0151,2
128,n<=128,sr<=70%,kvB<=16k,kp<=4k,-0.0099,2
128,n<=128,sr<=70%,kvB<=16k,kp<=512,-0.0182,2
128,n<=128,sr<=70%,kvB<=16k,kp<=8k,-0.0021,2
128,n<=128,sr<=70%,kvB<=16k,kp=0,-0.0185,2
128,n<=128,sr<=70%,kvB<=1k,kp<=1k,-0.0044,2
128,n<=128,sr<=70%,kvB<=1k,kp<=2k,0.0066,2
128,n<=128,sr<=70%,kvB<=1k,kp<=4k,0.0092,2
128,n<=128,sr<=70%,kvB<=1k,kp<=512,-0.0174,2
128,n<=128,sr<=70%,kvB<=1k,kp<=8k,0.0221,2
128,n<=128,sr<=70%,kvB<=1k,kp=0,-0.0073,2
128,n<=128,sr<=70%,kvB<=4k,kp<=1k,-0.0093,2
128,n<=128,sr<=70%,kvB<=4k,kp<=2k,-0.0034,2
128,n<=128,sr<=70%,kvB<=4k,kp<=4k,0.0018,2
128,n<=128,sr<=70%,kvB<=4k,kp<=512,-0.0122,2
128,n<=128,sr<=70%,kvB<=4k,kp<=8k,0.0237,2
128,n<=128,sr<=70%,kvB<=4k,kp=0,-0.0174,2
128,n<=128,sr>70%,kvB<=16k,kp<=1k,-0.0309,4
128,n<=128,sr>70%,kvB<=16k,kp<=2k,-0.0199,4
128,n<=128,sr>70%,kvB<=16k,kp<=4k,-0.0023,4
128,n<=128,sr>70%,kvB<=16k,kp<=512,-0.0289,4
128,n<=128,sr>70%,kvB<=16k,kp<=8k,0.0163,4
128,n<=128,sr>70%,kvB<=16k,kp=0,-0.0266,4
128,n<=128,sr>70%,kvB<=1k,kp<=1k,0.0441,4
128,n<=128,sr>70%,kvB<=1k,kp<=2k,0.0487,4
128,n<=128,sr>70%,kvB<=1k,kp<=4k,0.0292,4
128,n<=128,sr>70%,kvB<=1k,kp<=512,0.0471,4
128,n<=128,sr>70%,kvB<=1k,kp<=8k,0.0923,4
128,n<=128,sr>70%,kvB<=1k,kp=0,0.0428,4
128,n<=128,sr>70%,kvB<=4k,kp<=1k,0.0093,4
128,n<=128,sr>70%,kvB<=4k,kp<=2k,0.0164,4
128,n<=128,sr>70%,kvB<=4k,kp<=4k,0.0248,4
128,n<=128,sr>70%,kvB<=4k,kp<=512,-0.0052,4
128,n<=128,sr>70%,kvB<=4k,kp<=8k,0.0156,4
128,n<=128,sr>70%,kvB<=4k,kp=0,-0.0141,4
128,n<=16,sr<=15%,kvB<=16k,kp<=1k,0.4044,4
128,n<=16,sr<=15%,kvB<=16k,kp<=2k,0.4037,4
128,n<=16,sr<=15%,kvB<=16k,kp<=4k,0.3968,4
128,n<=16,sr<=15%,kvB<=16k,kp<=512,0.4079,4
128,n<=16,sr<=15%,kvB<=16k,kp<=8k,0.3,4
128,n<=16,sr<=15%,kvB<=16k,kp=0,0.4148,4
128,n<=16,sr<=15%,kvB<=1k,kp<=1k,-0.0443,4
128,n<=16,sr<=15%,kvB<=1k,kp<=2k,-0.0236,4
128,n<=16,sr<=15%,kvB<=1k,kp<=4k,0.0014,4
128,n<=16,sr<=15%,kvB<=1k,kp<=512,0.3218,4
128,n<=16,sr<=15%,kvB<=1k,kp<=8k,0.0263,4
128,n<=16,sr<=15%,kvB<=1k,kp=0,0.4182,4
128,n<=16,sr<=15%,kvB<=4k,kp<=1k,0.4001,4
128,n<=16,sr<=15%,kvB<=4k,kp<=2k,0.2957,4
128,n<=16,sr<=15%,kvB<=4k,kp<=4k,-0.0858,4
128,n<=16,sr<=15%,kvB<=4k,kp<=512,0.3971,4
128,n<=16,sr<=15%,kvB<=4k,kp<=8k,-0.0676,4
128,n<=16,sr<=15%,kvB<=4k,kp=0,0.4048,4
128,n<=16,sr<=40%,kvB<=16k,kp<=1k,0.3311,4
128,n<=16,sr<=40%,kvB<=16k,kp<=2k,0.3345,4
128,n<=16,sr<=40%,kvB<=16k,kp<=4k,0.3262,4
128,n<=16,sr<=40%,kvB<=16k,kp<=512,0.3306,4
128,n<=16,sr<=40%,kvB<=16k,kp<=8k,0.2594,4
128,n<=16,sr<=40%,kvB<=16k,kp=0,0.3415,4
128,n<=16,sr<=40%,kvB<=1k,kp<=1k,-0.1499,4
128,n<=16,sr<=40%,kvB<=1k,kp<=2k,-0.1379,4
128,n<=16,sr<=40%,kvB<=1k,kp<=4k,-0.1621,4
128,n<=16,sr<=40%,kvB<=1k,kp<=512,0.2689,4
128,n<=16,sr<=40%,kvB<=1k,kp<=8k,-0.09,4
128,n<=16,sr<=40%,kvB<=1k,kp=0,0.3516,4
128,n<=16,sr<=40%,kvB<=4k,kp<=1k,0.3198,4
128,n<=16,sr<=40%,kvB<=4k,kp<=2k,0.2484,4
128,n<=16,sr<=40%,kvB<=4k,kp<=4k,-0.2343,4
128,n<=16,sr<=40%,kvB<=4k,kp<=512,0.318,4
128,n<=16,sr<=40%,kvB<=4k,kp<=8k,-0.233,4
128,n<=16,sr<=40%,kvB<=4k,kp=0,0.3221,4
128,n<=16,sr<=70%,kvB<=16k,kp<=1k,0.2511,2
128,n<=16,sr<=70%,kvB<=16k,kp<=2k,0.3159,2
128,n<=16,sr<=70%,kvB<=16k,kp<=4k,0.4061,2
128,n<=16,sr<=70%,kvB<=16k,kp<=512,0.1904,2
128,n<=16,sr<=70%,kvB<=16k,kp<=8k,0.4483,2
128,n<=16,sr<=70%,kvB<=16k,kp=0,0.0089,2
128,n<=16,sr<=70%,kvB<=1k,kp<=1k,0.6482,2
128,n<=16,sr<=70%,kvB<=1k,kp<=2k,0.32,2
128,n<=16,sr<=70%,kvB<=1k,kp<=4k,0.3195,2
128,n<=16,sr<=70%,kvB<=1k,kp<=512,0.5934,2
128,n<=16,sr<=70%,kvB<=1k,kp<=8k,0.1997,2
128,n<=16,sr<=70%,kvB<=1k,kp=0,0.4103,2
128,n<=16,sr<=70%,kvB<=4k,kp<=1k,0.4513,2
128,n<=16,sr<=70%,kvB<=4k,kp<=2k,0.4871,2
128,n<=16,sr<=70%,kvB<=4k,kp<=4k,0.5316,2
128,n<=16,sr<=70%,kvB<=4k,kp<=512,0.3266,2
128,n<=16,sr<=70%,kvB<=4k,kp<=8k,-0.0613,2
128,n<=16,sr<=70%,kvB<=4k,kp=0,0.0234,2
128,n<=16,sr>70%,kvB<=16k,kp<=1k,1.6542,4
128,n<=16,sr>70%,kvB<=16k,kp<=2k,1.6172,4
128,n<=16,sr>70%,kvB<=16k,kp<=4k,1.4969,4
128,n<=16,sr>70%,kvB<=16k,kp<=512,1.5983,4
128,n<=16,sr>70%,kvB<=16k,kp<=8k,1.5299,4
128,n<=16,sr>70%,kvB<=16k,kp=0,1.2041,4
128,n<=16,sr>70%,kvB<=1k,kp<=1k,0.7282,4
128,n<=16,sr>70%,kvB<=1k,kp<=2k,0.6639,4
128,n<=16,sr>70%,kvB<=1k,kp<=4k,0.7239,4
128,n<=16,sr>70%,kvB<=1k,kp<=512,0.9351,4
128,n<=16,sr>70%,kvB<=1k,kp<=8k,0.6591,4
128,n<=16,sr>70%,kvB<=1k,kp=0,0.8726,4
128,n<=16,sr>70%,kvB<=4k,kp<=1k,1.3512,4
128,n<=16,sr>70%,kvB<=4k,kp<=2k,1.3981,4
128,n<=16,sr>70%,kvB<=4k,kp<=4k,1.1442,4
128,n<=16,sr>70%,kvB<=4k,kp<=512,1.4096,4
128,n<=16,sr>70%,kvB<=4k,kp<=8k,1.096,4
128,n<=16,sr>70%,kvB<=4k,kp=0,1.2595,4
128,n<=2,sr<=70%,kvB<=16k,kp<=1k,0.9848,2
128,n<=2,sr<=70%,kvB<=16k,kp<=2k,0.9844,2
128,n<=2,sr<=70%,kvB<=16k,kp<=4k,0.9836,2
128,n<=2,sr<=70%,kvB<=16k,kp<=512,0.9857,2
128,n<=2,sr<=70%,kvB<=16k,kp<=8k,0.9817,1
128,n<=2,sr<=70%,kvB<=16k,kp=0,0.9863,2
128,n<=2,sr<=70%,kvB<=1k,kp<=1k,0.4951,2
128,n<=2,sr<=70%,kvB<=1k,kp<=2k,0.396,2
128,n<=2,sr<=70%,kvB<=1k,kp<=4k,1.2888,2
128,n<=2,sr<=70%,kvB<=1k,kp<=512,0.9969,2
128,n<=2,sr<=70%,kvB<=1k,kp<=8k,-0.1793,1
128,n<=2,sr<=70%,kvB<=1k,kp=0,0.9835,2
128,n<=2,sr<=70%,kvB<=4k,kp<=1k,0.9932,2
128,n<=2,sr<=70%,kvB<=4k,kp<=2k,0.997,2
128,n<=2,sr<=70%,kvB<=4k,kp<=4k,-1.2184,2
128,n<=2,sr<=70%,kvB<=4k,kp<=512,0.9929,2
128,n<=2,sr<=70%,kvB<=4k,kp<=8k,-0.2667,1
128,n<=2,sr<=70%,kvB<=4k,kp=0,0.9964,2
128,n<=32,sr<=15%,kvB<=16k,kp<=1k,0.0954,6
128,n<=32,sr<=15%,kvB<=16k,kp<=2k,0.1091,6
128,n<=32,sr<=15%,kvB<=16k,kp<=4k,0.1015,6
128,n<=32,sr<=15%,kvB<=16k,kp<=512,0.0845,6
128,n<=32,sr<=15%,kvB<=16k,kp<=8k,0.0944,6
128,n<=32,sr<=15%,kvB<=16k,kp=0,0.103,6
128,n<=32,sr<=15%,kvB<=1k,kp<=1k,-0.0008,6
128,n<=32,sr<=15%,kvB<=1k,kp<=2k,-0.0332,6
128,n<=32,sr<=15%,kvB<=1k,kp<=4k,-0.0321,6
128,n<=32,sr<=15%,kvB<=1k,kp<=512,0.1224,6
128,n<=32,sr<=15%,kvB<=1k,kp<=8k,-0.0313,6
128,n<=32,sr<=15%,kvB<=1k,kp=0,0.1245,6
128,n<=32,sr<=15%,kvB<=4k,kp<=1k,0.1233,6
128,n<=32,sr<=15%,kvB<=4k,kp<=2k,0.0991,6
128,n<=32,sr<=15%,kvB<=4k,kp<=4k,-0.0171,6
128,n<=32,sr<=15%,kvB<=4k,kp<=512,0.1121,6
128,n<=32,sr<=15%,kvB<=4k,kp<=8k,-0.0546,6
128,n<=32,sr<=15%,kvB<=4k,kp=0,0.099,6
128,n<=32,sr<=40%,kvB<=16k,kp<=1k,0.1287,2
128,n<=32,sr<=40%,kvB<=16k,kp<=2k,0.1332,2
128,n<=32,sr<=40%,kvB<=16k,kp<=4k,0.1195,2
128,n<=32,sr<=40%,kvB<=16k,kp<=512,0.1401,2
128,n<=32,sr<=40%,kvB<=16k,kp<=8k,0.1081,2
128,n<=32,sr<=40%,kvB<=16k,kp=0,0.2097,2
128,n<=32,sr<=40%,kvB<=1k,kp<=1k,0.0537,2
128,n<=32,sr<=40%,kvB<=1k,kp<=2k,-0.0751,2
128,n<=32,sr<=40%,kvB<=1k,kp<=4k,-0.0649,2
128,n<=32,sr<=40%,kvB<=1k,kp<=512,0.084,2
128,n<=32,sr<=40%,kvB<=1k,kp<=8k,-0.077,2
128,n<=32,sr<=40%,kvB<=1k,kp=0,0.0741,2
128,n<=32,sr<=40%,kvB<=4k,kp<=1k,0.1068,2
128,n<=32,sr<=40%,kvB<=4k,kp<=2k,0.1362,2
128,n<=32,sr<=40%,kvB<=4k,kp<=4k,0.143,2
128,n<=32,sr<=40%,kvB<=4k,kp<=512,0.1276,2
128,n<=32,sr<=40%,kvB<=4k,kp<=8k,0.0037,2
128,n<=32,sr<=40%,kvB<=4k,kp=0,0.1692,2
128,n<=32,sr<=5%,kvB<=16k,kp<=1k,0.0867,2
128,n<=32,sr<=5%,kvB<=16k,kp<=2k,0.0884,2
128,n<=32,sr<=5%,kvB<=16k,kp<=4k,0.1009,2
128,n<=32,sr<=5%,kvB<=16k,kp<=512,0.0854,2
128,n<=32,sr<=5%,kvB<=16k,kp<=8k,0.1203,2
128,n<=32,sr<=5%,kvB<=16k,kp=0,0.112,2
128,n<=32,sr<=5%,kvB<=1k,kp<=1k,-0.0119,2
128,n<=32,sr<=5%,kvB<=1k,kp<=2k,-0.0238,2
128,n<=32,sr<=5%,kvB<=1k,kp<=4k,-0.0172,2
128,n<=32,sr<=5%,kvB<=1k,kp<=512,0.114,2
128,n<=32,sr<=5%,kvB<=1k,kp<=8k,-0.0135,2
128,n<=32,sr<=5%,kvB<=1k,kp=0,0.0795,2
128,n<=32,sr<=5%,kvB<=4k,kp<=1k,0.1058,2
128,n<=32,sr<=5%,kvB<=4k,kp<=2k,0.1417,2
128,n<=32,sr<=5%,kvB<=4k,kp<=4k,-0.0029,2
128,n<=32,sr<=5%,kvB<=4k,kp<=512,0.079,2
128,n<=32,sr<=5%,kvB<=4k,kp<=8k,0.0029,2
128,n<=32,sr<=5%,kvB<=4k,kp=0,0.115,2
128,n<=32,sr<=70%,kvB<=16k,kp<=1k,-0.0132,2
128,n<=32,sr<=70%,kvB<=16k,kp<=2k,0.0273,2
128,n<=32,sr<=70%,kvB<=16k,kp<=4k,0.0582,2
128,n<=32,sr<=70%,kvB<=16k,kp<=512,0.0257,2
128,n<=32,sr<=70%,kvB<=16k,kp<=8k,0.1901,2
128,n<=32,sr<=70%,kvB<=16k,kp=0,0.1426,2
128,n<=32,sr<=70%,kvB<=1k,kp<=1k,0.0321,2
128,n<=32,sr<=70%,kvB<=1k,kp<=2k,-0.0599,2
128,n<=32,sr<=70%,kvB<=1k,kp<=4k,-0.1371,2
128,n<=32,sr<=70%,kvB<=1k,kp<=512,-0.0207,2
128,n<=32,sr<=70%,kvB<=1k,kp<=8k,-0.0602,2
128,n<=32,sr<=70%,kvB<=1k,kp=0,-0.23,2
128,n<=32,sr<=70%,kvB<=4k,kp<=1k,-0.0069,2
128,n<=32,sr<=70%,kvB<=4k,kp<=2k,0.1973,2
128,n<=32,sr<=70%,kvB<=4k,kp<=4k,0.1535,2
128,n<=32,sr<=70%,kvB<=4k,kp<=512,-0.0096,2
128,n<=32,sr<=70%,kvB<=4k,kp<=8k,0.0644,2
128,n<=32,sr<=70%,kvB<=4k,kp=0,0.111,2
128,n<=32,sr>70%,kvB<=16k,kp<=1k,0.2124,4
128,n<=32,sr>70%,kvB<=16k,kp<=2k,0.3137,4
128,n<=32,sr>70%,kvB<=16k,kp<=4k,0.4099,4
128,n<=32,sr>70%,kvB<=16k,kp<=512,0.2374,4
128,n<=32,sr>70%,kvB<=16k,kp<=8k,0.4712,4
128,n<=32,sr>70%,kvB<=16k,kp=0,0.3851,4
128,n<=32,sr>70%,kvB<=1k,kp<=1k,0.2833,4
128,n<=32,sr>70%,kvB<=1k,kp<=2k,0.8414,4
128,n<=32,sr>70%,kvB<=1k,kp<=4k,0.0437,4
128,n<=32,sr>70%,kvB<=1k,kp<=512,0.3837,4
128,n<=32,sr>70%,kvB<=1k,kp<=8k,0.038,4
128,n<=32,sr>70%,kvB<=1k,kp=0,-0.0074,4
128,n<=32,sr>70%,kvB<=4k,kp<=1k,0.5252,4
128,n<=32,sr>70%,kvB<=4k,kp<=2k,0.4815,4
128,n<=32,sr>70%,kvB<=4k,kp<=4k,0.7858,4
128,n<=32,sr>70%,kvB<=4k,kp<=512,0.4269,4
128,n<=32,sr>70%,kvB<=4k,kp<=8k,1.766,4
128,n<=32,sr>70%,kvB<=4k,kp=0,0.3315,4
128,n<=4,sr<=40%,kvB<=16k,kp<=1k,0.9803,2
128,n<=4,sr<=40%,kvB<=16k,kp<=2k,0.9806,2
128,n<=4,sr<=40%,kvB<=16k,kp<=4k,0.9794,2
128,n<=4,sr<=40%,kvB<=16k,kp<=512,0.9808,2
128,n<=4,sr<=40%,kvB<=16k,kp<=8k,0.9787,2
128,n<=4,sr<=40%,kvB<=16k,kp=0,0.982,2
128,n<=4,sr<=40%,kvB<=1k,kp<=1k,0.1239,2
128,n<=4,sr<=40%,kvB<=1k,kp<=2k,0.2978,2
128,n<=4,sr<=40%,kvB<=1k,kp<=4k,0.2742,2
128,n<=4,sr<=40%,kvB<=1k,kp<=512,0.9442,2
128,n<=4,sr<=40%,kvB<=1k,kp<=8k,0.4277,2
128,n<=4,sr<=40%,kvB<=1k,kp=0,0.9656,2
128,n<=4,sr<=40%,kvB<=4k,kp<=1k,0.9765,2
128,n<=4,sr<=40%,kvB<=4k,kp<=2k,0.9717,2
128,n<=4,sr<=40%,kvB<=4k,kp<=4k,-0.2292,2
128,n<=4,sr<=40%,kvB<=4k,kp<=512,0.9785,2
128,n<=4,sr<=40%,kvB<=4k,kp<=8k,-0.4572,1
128,n<=4,sr<=40%,kvB<=4k,kp=0,0.9756,2
128,n<=4,sr<=70%,kvB<=16k,kp<=1k,0.9873,2
128,n<=4,sr<=70%,kvB<=16k,kp<=2k,0.986,2
128,n<=4,sr<=70%,kvB<=16k,kp<=4k,0.9881,2
128,n<=4,sr<=70%,kvB<=16k,kp<=512,0.9869,2
128,n<=4,sr<=70%,kvB<=16k,kp<=8k,0.9932,2
128,n<=4,sr<=70%,kvB<=16k,kp=0,0.9867,2
128,n<=4,sr<=70%,kvB<=1k,kp<=1k,0.0077,2
128,n<=4,sr<=70%,kvB<=1k,kp<=2k,-0.1678,2
128,n<=4,sr<=70%,kvB<=1k,kp<=4k,-0.3149,2
128,n<=4,sr<=70%,kvB<=1k,kp<=512,0.9469,2
128,n<=4,sr<=70%,kvB<=1k,kp<=8k,-0.5496,1
128,n<=4,sr<=70%,kvB<=1k,kp=0,0.9566,2
128,n<=4,sr<=70%,kvB<=4k,kp<=1k,0.9696,2
128,n<=4,sr<=70%,kvB<=4k,kp<=2k,0.9711,2
128,n<=4,sr<=70%,kvB<=4k,kp<=4k,-0.187,1
128,n<=4,sr<=70%,kvB<=4k,kp<=512,0.9704,2
128,n<=4,sr<=70%,kvB<=4k,kp<=8k,-2.8281,1
128,n<=4,sr<=70%,kvB<=4k,kp=0,0.971,2
128,n<=4,sr>70%,kvB<=16k,kp<=1k,0.998,2
128,n<=4,sr>70%,kvB<=16k,kp<=2k,0.996,2
128,n<=4,sr>70%,kvB<=16k,kp<=4k,0.9959,2
128,n<=4,sr>70%,kvB<=16k,kp<=512,0.9947,2
128,n<=4,sr>70%,kvB<=16k,kp<=8k,0.9946,2
128,n<=4,sr>70%,kvB<=16k,kp=0,0.996,2
128,n<=4,sr>70%,kvB<=1k,kp<=1k,0.635,2
128,n<=4,sr>70%,kvB<=1k,kp<=2k,0.5985,2
128,n<=4,sr>70%,kvB<=1k,kp<=4k,0.1911,1
128,n<=4,sr>70%,kvB<=1k,kp<=512,0.9893,2
128,n<=4,sr>70%,kvB<=1k,kp<=8k,-0.0261,2
128,n<=4,sr>70%,kvB<=1k,kp=0,0.9554,2
128,n<=4,sr>70%,kvB<=4k,kp<=1k,0.9939,2
128,n<=4,sr>70%,kvB<=4k,kp<=2k,0.9973,2
128,n<=4,sr>70%,kvB<=4k,kp<=4k,0.6299,2
128,n<=4,sr>70%,kvB<=4k,kp<=512,0.9971,2
128,n<=4,sr>70%,kvB<=4k,kp<=8k,0.6082,2
128,n<=4,sr>70%,kvB<=4k,kp=0,1.0027,2
128,n<=64,sr<=15%,kvB<=16k,kp<=1k,0.0323,4
128,n<=64,sr<=15%,kvB<=16k,kp<=2k,0.0334,4
128,n<=64,sr<=15%,kvB<=16k,kp<=4k,0.0334,4
128,n<=64,sr<=15%,kvB<=16k,kp<=512,0.0311,4
128,n<=64,sr<=15%,kvB<=16k,kp<=8k,0.0336,4
128,n<=64,sr<=15%,kvB<=16k,kp=0,0.0374,4
128,n<=64,sr<=15%,kvB<=1k,kp<=1k,0.0196,4
128,n<=64,sr<=15%,kvB<=1k,kp<=2k,0.0123,4
128,n<=64,sr<=15%,kvB<=1k,kp<=4k,0.0133,4
128,n<=64,sr<=15%,kvB<=1k,kp<=512,0.0394,4
128,n<=64,sr<=15%,kvB<=1k,kp<=8k,0.0161,4
128,n<=64,sr<=15%,kvB<=1k,kp=0,0.0479,4
128,n<=64,sr<=15%,kvB<=4k,kp<=1k,0.0562,4
128,n<=64,sr<=15%,kvB<=4k,kp<=2k,0.0462,4
128,n<=64,sr<=15%,kvB<=4k,kp<=4k,0.0231,4
128,n<=64,sr<=15%,kvB<=4k,kp<=512,0.0451,4
128,n<=64,sr<=15%,kvB<=4k,kp<=8k,0.032,4
128,n<=64,sr<=15%,kvB<=4k,kp=0,0.0667,4
128,n<=64,sr<=40%,kvB<=16k,kp<=1k,-0.014,2
128,n<=64,sr<=40%,kvB<=16k,kp<=2k,-0.003,2
128,n<=64,sr<=40%,kvB<=16k,kp<=4k,0.0112,2
128,n<=64,sr<=40%,kvB<=16k,kp<=512,-0.0102,2
128,n<=64,sr<=40%,kvB<=16k,kp<=8k,0.0106,2
128,n<=64,sr<=40%,kvB<=16k,kp=0,-0.0008,2
128,n<=64,sr<=40%,kvB<=1k,kp<=1k,-0.0226,2
128,n<=64,sr<=40%,kvB<=1k,kp<=2k,-0.047,2
128,n<=64,sr<=40%,kvB<=1k,kp<=4k,-0.0362,2
128,n<=64,sr<=40%,kvB<=1k,kp<=512,0.0036,2
128,n<=64,sr<=40%,kvB<=1k,kp<=8k,-0.0449,2
128,n<=64,sr<=40%,kvB<=1k,kp=0,0.0287,2
128,n<=64,sr<=40%,kvB<=4k,kp<=1k,0.0381,2
128,n<=64,sr<=40%,kvB<=4k,kp<=2k,0.0355,2
128,n<=64,sr<=40%,kvB<=4k,kp<=4k,0.0373,2
128,n<=64,sr<=40%,kvB<=4k,kp<=512,0.0222,2
128,n<=64,sr<=40%,kvB<=4k,kp<=8k,0.007,2
128,n<=64,sr<=40%,kvB<=4k,kp=0,0.0643,2
128,n<=64,sr<=5%,kvB<=16k,kp<=1k,0.0346,6
128,n<=64,sr<=5%,kvB<=16k,kp<=2k,0.0407,6
128,n<=64,sr<=5%,kvB<=16k,kp<=4k,0.0444,6
128,n<=64,sr<=5%,kvB<=16k,kp<=512,0.0348,6
128,n<=64,sr<=5%,kvB<=16k,kp<=8k,0.0418,6
128,n<=64,sr<=5%,kvB<=16k,kp=0,0.0418,6
128,n<=64,sr<=5%,kvB<=1k,kp<=1k,0.0124,6
128,n<=64,sr<=5%,kvB<=1k,kp<=2k,0.0165,6
128,n<=64,sr<=5%,kvB<=1k,kp<=4k,0.0075,6
128,n<=64,sr<=5%,kvB<=1k,kp<=512,0.0243,6
128,n<=64,sr<=5%,kvB<=1k,kp<=8k,0.0101,6
128,n<=64,sr<=5%,kvB<=1k,kp=0,0.0299,6
128,n<=64,sr<=5%,kvB<=4k,kp<=1k,0.0503,6
128,n<=64,sr<=5%,kvB<=4k,kp<=2k,0.043,6
128,n<=64,sr<=5%,kvB<=4k,kp<=4k,0.019,6
128,n<=64,sr<=5%,kvB<=4k,kp<=512,0.0388,6
128,n<=64,sr<=5%,kvB<=4k,kp<=8k,0.0263,6
128,n<=64,sr<=5%,kvB<=4k,kp=0,0.0488,6
128,n<=64,sr<=70%,kvB<=16k,kp<=1k,-0.0465,2
128,n<=64,sr<=70%,kvB<=16k,kp<=2k,-0.0401,2
128,n<=64,sr<=70%,kvB<=16k,kp<=4k,-0.012,2
128,n<=64,sr<=70%,kvB<=16k,kp<=512,-0.0576,2
128,n<=64,sr<=70%,kvB<=16k,kp<=8k,-0.0008,2
128,n<=64,sr<=70%,kvB<=16k,kp=0,0.0055,2
128,n<=64,sr<=70%,kvB<=1k,kp<=1k,0.0086,2
128,n<=64,sr<=70%,kvB<=1k,kp<=2k,0.0554,2
128,n<=64,sr<=70%,kvB<=1k,kp<=4k,0.0754,2
128,n<=64,sr<=70%,kvB<=1k,kp<=512,0.0779,2
128,n<=64,sr<=70%,kvB<=1k,kp<=8k,0.0639,2
128,n<=64,sr<=70%,kvB<=1k,kp=0,0.0537,2
128,n<=64,sr<=70%,kvB<=4k,kp<=1k,0.0338,2
128,n<=64,sr<=70%,kvB<=4k,kp<=2k,0.0512,2
128,n<=64,sr<=70%,kvB<=4k,kp<=4k,0.0619,2
128,n<=64,sr<=70%,kvB<=4k,kp<=512,0.0223,2
128,n<=64,sr<=70%,kvB<=4k,kp<=8k,0.0831,2
128,n<=64,sr<=70%,kvB<=4k,kp=0,0.0997,2
128,n<=64,sr>70%,kvB<=16k,kp<=1k,-0.1164,4
128,n<=64,sr>70%,kvB<=16k,kp<=2k,-0.1169,4
128,n<=64,sr>70%,kvB<=16k,kp<=4k,-0.0546,4
128,n<=64,sr>70%,kvB<=16k,kp<=512,-0.0731,4
128,n<=64,sr>70%,kvB<=16k,kp<=8k,0.0207,4
128,n<=64,sr>70%,kvB<=16k,kp=0,-0.0107,4
128,n<=64,sr>70%,kvB<=1k,kp<=1k,0.4542,4
128,n<=64,sr>70%,kvB<=1k,kp<=2k,0.4354,4
128,n<=64,sr>70%,kvB<=1k,kp<=4k,0.3695,4
128,n<=64,sr>70%,kvB<=1k,kp<=512,0.305,4
128,n<=64,sr>70%,kvB<=1k,kp<=8k,0.4067,4
128,n<=64,sr>70%,kvB<=1k,kp=0,0.3922,4
128,n<=64,sr>70%,kvB<=4k,kp<=1k,0.102,4
128,n<=64,sr>70%,kvB<=4k,kp<=2k,0.1686,4
128,n<=64,sr>70%,kvB<=4k,kp<=4k,0.2037,4
128,n<=64,sr>70%,kvB<=4k,kp<=512,0.077,4
128,n<=64,sr>70%,kvB<=4k,kp<=8k,0.3527,4
128,n<=64,sr>70%,kvB<=4k,kp=0,0.2547,4
128,n<=8,sr<=15%,kvB<=16k,kp<=1k,0.9731,2
128,n<=8,sr<=15%,kvB<=16k,kp<=2k,0.9769,2
128,n<=8,sr<=15%,kvB<=16k,kp<=4k,0.9763,2
128,n<=8,sr<=15%,kvB<=16k,kp<=512,0.9754,2
128,n<=8,sr<=15%,kvB<=16k,kp<=8k,0.9666,2
128,n<=8,sr<=15%,kvB<=16k,kp=0,0.9754,2
128,n<=8,sr<=15%,kvB<=1k,kp<=1k,-0.0449,2
128,n<=8,sr<=15%,kvB<=1k,kp<=2k,0.2911,2
128,n<=8,sr<=15%,kvB<=1k,kp<=4k,0.4437,2
128,n<=8,sr<=15%,kvB<=1k,kp<=512,0.8761,2
128,n<=8,sr<=15%,kvB<=1k,kp<=8k,0.367,2
128,n<=8,sr<=15%,kvB<=1k,kp=0,0.9295,2
128,n<=8,sr<=15%,kvB<=4k,kp<=1k,0.9667,2
128,n<=8,sr<=15%,kvB<=4k,kp<=2k,0.9644,2
128,n<=8,sr<=15%,kvB<=4k,kp<=4k,0.0894,2
128,n<=8,sr<=15%,kvB<=4k,kp<=512,0.9738,2
128,n<=8,sr<=15%,kvB<=4k,kp<=8k,0.0619,2
128,n<=8,sr<=15%,kvB<=4k,kp=0,0.9698,2
128,n<=8,sr<=40%,kvB<=16k,kp<=1k,0.9826,4
128,n<=8,sr<=40%,kvB<=16k,kp<=2k,0.9837,4
128,n<=8,sr<=40%,kvB<=16k,kp<=4k,0.9837,4
128,n<=8,sr<=40%,kvB<=16k,kp<=512,0.9844,4
128,n<=8,sr<=40%,kvB<=16k,kp<=8k,0.9799,4
128,n<=8,sr<=40%,kvB<=16k,kp=0,0.9822,4
128,n<=8,sr<=40%,kvB<=1k,kp<=1k,-0.222,4
128,n<=8,sr<=40%,kvB<=1k,kp<=2k,0.2179,4
128,n<=8,sr<=40%,kvB<=1k,kp<=4k,0.3463,4
128,n<=8,sr<=40%,kvB<=1k,kp<=512,0.9009,4
128,n<=8,sr<=40%,kvB<=1k,kp<=8k,0.1668,4
128,n<=8,sr<=40%,kvB<=1k,kp=0,0.9224,4
128,n<=8,sr<=40%,kvB<=4k,kp<=1k,0.9736,4
128,n<=8,sr<=40%,kvB<=4k,kp<=2k,0.9698,4
128,n<=8,sr<=40%,kvB<=4k,kp<=4k,-0.183,4
128,n<=8,sr<=40%,kvB<=4k,kp<=512,0.9754,4
128,n<=8,sr<=40%,kvB<=4k,kp<=8k,-0.3895,4
128,n<=8,sr<=40%,kvB<=4k,kp=0,0.9717,4
128,n<=8,sr<=70%,kvB<=16k,kp<=1k,0.989,2
128,n<=8,sr<=70%,kvB<=16k,kp<=2k,0.9831,2
128,n<=8,sr<=70%,kvB<=16k,kp<=4k,0.9883,2
128,n<=8,sr<=70%,kvB<=16k,kp<=512,0.9839,2
128,n<=8,sr<=70%,kvB<=16k,kp<=8k,0.9814,2
128,n<=8,sr<=70%,kvB<=16k,kp=0,0.9834,2
128,n<=8,sr<=70%,kvB<=1k,kp<=1k,-0.0281,2
128,n<=8,sr<=70%,kvB<=1k,kp<=2k,0.1282,2
128,n<=8,sr<=70%,kvB<=1k,kp<=4k,-0.0842,2
128,n<=8,sr<=70%,kvB<=1k,kp<=512,0.9264,2
128,n<=8,sr<=70%,kvB<=1k,kp<=8k,0.2054,2
128,n<=8,sr<=70%,kvB<=1k,kp=0,0.938,2
128,n<=8,sr<=70%,kvB<=4k,kp<=1k,0.9738,2
128,n<=8,sr<=70%,kvB<=4k,kp<=2k,0.9726,2
128,n<=8,sr<=70%,kvB<=4k,kp<=4k,-1.0095,2
128,n<=8,sr<=70%,kvB<=4k,kp<=512,0.9919,2
128,n<=8,sr<=70%,kvB<=4k,kp<=8k,-1.3518,2
128,n<=8,sr<=70%,kvB<=4k,kp=0,0.9733,2
128,n<=8,sr>70%,kvB<=16k,kp<=1k,0.9938,4
128,n<=8,sr>70%,kvB<=16k,kp<=2k,0.9879,4
128,n<=8,sr>70%,kvB<=16k,kp<=4k,0.9915,4
128,n<=8,sr>70%,kvB<=16k,kp<=512,0.9952,4
128,n<=8,sr>70%,kvB<=16k,kp<=8k,0.9755,4
128,n<=8,sr>70%,kvB<=16k,kp=0,0.992,4
128,n<=8,sr>70%,kvB<=1k,kp<=1k,0.688,4
128,n<=8,sr>70%,kvB<=1k,kp<=2k,0.6942,4
128,n<=8,sr>70%,kvB<=1k,kp<=4k,0.4909,4
128,n<=8,sr>70%,kvB<=1k,kp<=512,0.9461,4
128,n<=8,sr>70%,kvB<=1k,kp<=8k,0.013,4
128,n<=8,sr>70%,kvB<=1k,kp=0,0.9229,4
128,n<=8,sr>70%,kvB<=4k,kp<=1k,0.9606,4
128,n<=8,sr>70%,kvB<=4k,kp<=2k,0.9912,4
128,n<=8,sr>70%,kvB<=4k,kp<=4k,0.0868,4
128,n<=8,sr>70%,kvB<=4k,kp<=512,0.9746,4
128,n<=8,sr>70%,kvB<=4k,kp<=8k,-0.4825,4
128,n<=8,sr>70%,kvB<=4k,kp=0,0.9849,4
256,n<=128,sr<=15%,kvB<=16k,kp<=1k,0.0061,4
256,n<=128,sr<=15%,kvB<=16k,kp<=2k,0.0081,4
256,n<=128,sr<=15%,kvB<=16k,kp<=4k,0.0105,4
256,n<=128,sr<=15%,kvB<=16k,kp<=512,0.005,4
256,n<=128,sr<=15%,kvB<=16k,kp<=8k,0.0096,4
256,n<=128,sr<=15%,kvB<=16k,kp=0,0.0048,4
256,n<=128,sr<=15%,kvB<=1k,kp<=1k,0.0059,4
256,n<=128,sr<=15%,kvB<=1k,kp<=2k,0.013,4
256,n<=128,sr<=15%,kvB<=1k,kp<=4k,0.0092,4
256,n<=128,sr<=15%,kvB<=1k,kp<=512,0.0058,4
256,n<=128,sr<=15%,kvB<=1k,kp<=8k,0.0149,4
256,n<=128,sr<=15%,kvB<=1k,kp=0,0.0054,4
256,n<=128,sr<=15%,kvB<=4k,kp<=1k,0.0098,4
256,n<=128,sr<=15%,kvB<=4k,kp<=2k,0.0099,4
256,n<=128,sr<=15%,kvB<=4k,kp<=4k,0.0027,4
256,n<=128,sr<=15%,kvB<=4k,kp<=512,0.0098,4
256,n<=128,sr<=15%,kvB<=4k,kp<=8k,-0.0044,4
256,n<=128,sr<=15%,kvB<=4k,kp=0,0.0085,4
256,n<=128,sr<=40%,kvB<=16k,kp<=1k,-0.0018,2
256,n<=128,sr<=40%,kvB<=16k,kp<=2k,-0.0003,2
256,n<=128,sr<=40%,kvB<=16k,kp<=4k,0.0041,2
256,n<=128,sr<=40%,kvB<=16k,kp<=512,-0.0034,2
256,n<=128,sr<=40%,kvB<=16k,kp<=8k,0.0046,2
256,n<=128,sr<=40%,kvB<=16k,kp=0,-0.0036,2
256,n<=128,sr<=40%,kvB<=1k,kp<=1k,0.0178,2
256,n<=128,sr<=40%,kvB<=1k,kp<=2k,0.026,2
256,n<=128,sr<=40%,kvB<=1k,kp<=4k,0.0324,2
256,n<=128,sr<=40%,kvB<=1k,kp<=512,0.0142,2
256,n<=128,sr<=40%,kvB<=1k,kp<=8k,0.0395,2
256,n<=128,sr<=40%,kvB<=1k,kp=0,0.0122,2
256,n<=128,sr<=40%,kvB<=4k,kp<=1k,0.0029,2
256,n<=128,sr<=40%,kvB<=4k,kp<=2k,0.0029,2
256,n<=128,sr<=40%,kvB<=4k,kp<=4k,0.0041,2
256,n<=128,sr<=40%,kvB<=4k,kp<=512,0.0014,2
256,n<=128,sr<=40%,kvB<=4k,kp<=8k,0.007,2
256,n<=128,sr<=40%,kvB<=4k,kp=0,0.0018,2
256,n<=128,sr<=5%,kvB<=16k,kp<=1k,0.0127,8
256,n<=128,sr<=5%,kvB<=16k,kp<=2k,0.0137,8
256,n<=128,sr<=5%,kvB<=16k,kp<=4k,0.0144,8
256,n<=128,sr<=5%,kvB<=16k,kp<=512,0.0114,8
256,n<=128,sr<=5%,kvB<=16k,kp<=8k,0.0116,8
256,n<=128,sr<=5%,kvB<=16k,kp=0,0.0124,8
256,n<=128,sr<=5%,kvB<=1k,kp<=1k,-0.0007,8
256,n<=128,sr<=5%,kvB<=1k,kp<=2k,0.0006,8
256,n<=128,sr<=5%,kvB<=1k,kp<=4k,0.0025,8
256,n<=128,sr<=5%,kvB<=1k,kp<=512,-0.0007,8
256,n<=128,sr<=5%,kvB<=1k,kp<=8k,0.0028,8
256,n<=128,sr<=5%,kvB<=1k,kp=0,0.0003,8
256,n<=128,sr<=5%,kvB<=4k,kp<=1k,0.012,8
256,n<=128,sr<=5%,kvB<=4k,kp<=2k,0.011,8
256,n<=128,sr<=5%,kvB<=4k,kp<=4k,0.0033,8
256,n<=128,sr<=5%,kvB<=4k,kp<=512,0.0118,8
256,n<=128,sr<=5%,kvB<=4k,kp<=8k,-0.0015,8
256,n<=128,sr<=5%,kvB<=4k,kp=0,0.0129,8
256,n<=128,sr<=70%,kvB<=16k,kp<=1k,-0.0159,2
256,n<=128,sr<=70%,kvB<=16k,kp<=2k,-0.0127,2
256,n<=128,sr<=70%,kvB<=16k,kp<=4k,-0.0075,2
256,n<=128,sr<=70%,kvB<=16k,kp<=512,-0.0178,2
256,n<=128,sr<=70%,kvB<=16k,kp<=8k,0.0003,2
256,n<=128,sr<=70%,kvB<=16k,kp=0,-0.018,2
256,n<=128,sr<=70%,kvB<=1k,kp<=1k,0.0103,2
256,n<=128,sr<=70%,kvB<=1k,kp<=2k,0.0388,2
256,n<=128,sr<=70%,kvB<=1k,kp<=4k,0.038,2
256,n<=128,sr<=70%,kvB<=1k,kp<=512,0.0082,2
256,n<=128,sr<=70%,kvB<=1k,kp<=8k,0.0499,2
256,n<=128,sr<=70%,kvB<=1k,kp=0,0.0095,2
256,n<=128,sr<=70%,kvB<=4k,kp<=1k,-0.0088,2
256,n<=128,sr<=70%,kvB<=4k,kp<=2k,-0.0046,2
256,n<=128,sr<=70%,kvB<=4k,kp<=4k,-0.0009,2
256,n<=128,sr<=70%,kvB<=4k,kp<=512,-0.0119,2
256,n<=128,sr<=70%,kvB<=4k,kp<=8k,0.0203,2
256,n<=128,sr<=70%,kvB<=4k,kp=0,-0.0108,2
256,n<=128,sr>70%,kvB<=16k,kp<=1k,-0.0268,4
256,n<=128,sr>70%,kvB<=16k,kp<=2k,-0.0109,4
256,n<=128,sr>70%,kvB<=16k,kp<=4k,0.0063,4
256,n<=128,sr>70%,kvB<=16k,kp<=512,-0.0314,4
256,n<=128,sr>70%,kvB<=16k,kp<=8k,0.0349,4
256,n<=128,sr>70%,kvB<=16k,kp=0,-0.0289,4
256,n<=128,sr>70%,kvB<=1k,kp<=1k,0.0308,4
256,n<=128,sr>70%,kvB<=1k,kp<=2k,0.0442,4
256,n<=128,sr>70%,kvB<=1k,kp<=4k,0.0621,4
256,n<=128,sr>70%,kvB<=1k,kp<=512,0.0413,4
256,n<=128,sr>70%,kvB<=1k,kp<=8k,0.0898,4
256,n<=128,sr>70%,kvB<=1k,kp=0,0.0384,4
256,n<=128,sr>70%,kvB<=4k,kp<=1k,0.0157,4
256,n<=128,sr>70%,kvB<=4k,kp<=2k,0.0274,4
256,n<=128,sr>70%,kvB<=4k,kp<=4k,0.0311,4
256,n<=128,sr>70%,kvB<=4k,kp<=512,0.004,4
256,n<=128,sr>70%,kvB<=4k,kp<=8k,0.0113,4
256,n<=128,sr>70%,kvB<=4k,kp=0,-0.0094,4
256,n<=16,sr<=15%,kvB<=16k,kp<=1k,0.3997,4
256,n<=16,sr<=15%,kvB<=16k,kp<=2k,0.3965,4
256,n<=16,sr<=15%,kvB<=16k,kp<=4k,0.4184,4
256,n<=16,sr<=15%,kvB<=16k,kp<=512,0.4061,4
256,n<=16,sr<=15%,kvB<=16k,kp<=8k,0.4909,4
256,n<=16,sr<=15%,kvB<=16k,kp=0,0.413,4
256,n<=16,sr<=15%,kvB<=1k,kp<=1k,0.2706,4
256,n<=16,sr<=15%,kvB<=1k,kp<=2k,0.2349,4
256,n<=16,sr<=15%,kvB<=1k,kp<=4k,0.2424,4
256,n<=16,sr<=15%,kvB<=1k,kp<=512,0.4002,4
256,n<=16,sr<=15%,kvB<=1k,kp<=8k,0.2442,4
256,n<=16,sr<=15%,kvB<=1k,kp=0,0.407,4
256,n<=16,sr<=15%,kvB<=4k,kp<=1k,0.4154,4
256,n<=16,sr<=15%,kvB<=4k,kp<=2k,0.4792,4
256,n<=16,sr<=15%,kvB<=4k,kp<=4k,0.2184,4
256,n<=16,sr<=15%,kvB<=4k,kp<=512,0.402,4
256,n<=16,sr<=15%,kvB<=4k,kp<=8k,0.092,4
256,n<=16,sr<=15%,kvB<=4k,kp=0,0.39,4
256,n<=16,sr<=40%,kvB<=16k,kp<=1k,0.3347,4
256,n<=16,sr<=40%,kvB<=16k,kp<=2k,0.3234,4
256,n<=16,sr<=40%,kvB<=16k,kp<=4k,0.3482,4
256,n<=16,sr<=40%,kvB<=16k,kp<=512,0.3304,4
256,n<=16,sr<=40%,kvB<=16k,kp<=8k,0.4804,4
256,n<=16,sr<=40%,kvB<=16k,kp=0,0.3374,4
256,n<=16,sr<=40%,kvB<=1k,kp<=1k,0.3934,4
256,n<=16,sr<=40%,kvB<=1k,kp<=2k,0.3552,4
256,n<=16,sr<=40%,kvB<=1k,kp<=4k,0.3763,4
256,n<=16,sr<=40%,kvB<=1k,kp<=512,0.4931,4
256,n<=16,sr<=40%,kvB<=1k,kp<=8k,0.3495,4
256,n<=16,sr<=40%,kvB<=1k,kp=0,0.369,4
256,n<=16,sr<=40%,kvB<=4k,kp<=1k,0.3546,4
256,n<=16,sr<=40%,kvB<=4k,kp<=2k,0.4721,4
256,n<=16,sr<=40%,kvB<=4k,kp<=4k,0.1953,4
256,n<=16,sr<=40%,kvB<=4k,kp<=512,0.3235,4
256,n<=16,sr<=40%,kvB<=4k,kp<=8k,0.1836,4
256,n<=16,sr<=40%,kvB<=4k,kp=0,0.296,4
256,n<=16,sr<=70%,kvB<=16k,kp<=1k,0.3243,2
256,n<=16,sr<=70%,kvB<=16k,kp<=2k,0.3021,2
256,n<=16,sr<=70%,kvB<=16k,kp<=4k,0.3837,2
256,n<=16,sr<=70%,kvB<=16k,kp<=512,0.2562,2
256,n<=16,sr<=70%,kvB<=16k,kp<=8k,0.6633,2
256,n<=16,sr<=70%,kvB<=16k,kp=0,0.0112,2
256,n<=16,sr<=70%,kvB<=1k,kp<=1k,0.6051,2
256,n<=16,sr<=70%,kvB<=1k,kp<=2k,0.6094,2
256,n<=16,sr<=70%,kvB<=1k,kp<=4k,0.6087,2
256,n<=16,sr<=70%,kvB<=1k,kp<=512,0.7694,2
256,n<=16,sr<=70%,kvB<=1k,kp<=8k,0.6388,2
256,n<=16,sr<=70%,kvB<=1k,kp=0,0.4711,2
256,n<=16,sr<=70%,kvB<=4k,kp<=1k,0.4667,2
256,n<=16,sr<=70%,kvB<=4k,kp<=2k,0.7243,2
256,n<=16,sr<=70%,kvB<=4k,kp<=4k,0.9341,2
256,n<=16,sr<=70%,kvB<=4k,kp<=512,0.3424,2
256,n<=16,sr<=70%,kvB<=4k,kp<=8k,0.8259,2
256,n<=16,sr<=70%,kvB<=4k,kp=0,0.0999,2
256,n<=16,sr>70%,kvB<=16k,kp<=1k,1.7083,4
256,n<=16,sr>70%,kvB<=16k,kp<=2k,1.621,4
256,n<=16,sr>70%,kvB<=16k,kp<=4k,1.1312,4
256,n<=16,sr>70%,kvB<=16k,kp<=512,1.674,4
256,n<=16,sr>70%,kvB<=16k,kp<=8k,1.4916,4
256,n<=16,sr>70%,kvB<=16k,kp=0,1.2456,4
256,n<=16,sr>70%,kvB<=1k,kp<=1k,0.6947,4
256,n<=16,sr>70%,kvB<=1k,kp<=2k,0.6303,4
256,n<=16,sr>70%,kvB<=1k,kp<=4k,0.647,4
256,n<=16,sr>70%,kvB<=1k,kp<=512,0.8153,4
256,n<=16,sr>70%,kvB<=1k,kp<=8k,0.957,4
256,n<=16,sr>70%,kvB<=1k,kp=0,0.689,4
256,n<=16,sr>70%,kvB<=4k,kp<=1k,1.0524,4
256,n<=16,sr>70%,kvB<=4k,kp<=2k,1.3257,4
256,n<=16,sr>70%,kvB<=4k,kp<=4k,0.9275,4
256,n<=16,sr>70%,kvB<=4k,kp<=512,1.0871,4
256,n<=16,sr>70%,kvB<=4k,kp<=8k,0.8288,4
256,n<=16,sr>70%,kvB<=4k,kp=0,1.4213,4
256,n<=2,sr<=70%,kvB<=16k,kp<=1k,0.9875,2
256,n<=2,sr<=70%,kvB<=16k,kp<=2k,0.9896,2
256,n<=2,sr<=70%,kvB<=16k,kp<=4k,0.9881,2
256,n<=2,sr<=70%,kvB<=16k,kp<=512,0.9888,2
256,n<=2,sr<=70%,kvB<=16k,kp<=8k,0.9811,2
256,n<=2,sr<=70%,kvB<=16k,kp=0,0.9882,2
256,n<=2,sr<=70%,kvB<=1k,kp<=1k,-0.201,2
256,n<=2,sr<=70%,kvB<=1k,kp<=2k,-0.4848,2
256,n<=2,sr<=70%,kvB<=1k,kp<=4k,-0.6869,1
256,n<=2,sr<=70%,kvB<=1k,kp<=512,0.9583,1
256,n<=2,sr<=70%,kvB<=1k,kp<=8k,-1.0126,1
256,n<=2,sr<=70%,kvB<=1k,kp=0,0.9895,2
256,n<=2,sr<=70%,kvB<=4k,kp<=1k,1.0005,2
256,n<=2,sr<=70%,kvB<=4k,kp<=2k,0.999,2
256,n<=2,sr<=70%,kvB<=4k,kp<=4k,0.0532,1
256,n<=2,sr<=70%,kvB<=4k,kp<=512,0.9997,2
256,n<=2,sr<=70%,kvB<=4k,kp<=8k,0.3325,1
256,n<=2,sr<=70%,kvB<=4k,kp=0,0.9944,2
256,n<=32,sr<=15%,kvB<=16k,kp<=1k,0.0938,6
256,n<=32,sr<=15%,kvB<=16k,kp<=2k,0.0986,6
256,n<=32,sr<=15%,kvB<=16k,kp<=4k,0.0608,6
256,n<=32,sr<=15%,kvB<=16k,kp<=512,0.0789,6
256,n<=32,sr<=15%,kvB<=16k,kp<=8k,0.0398,6
256,n<=32,sr<=15%,kvB<=16k,kp=0,0.0989,6
256,n<=32,sr<=15%,kvB<=1k,kp<=1k,0.0246,6
256,n<=32,sr<=15%,kvB<=1k,kp<=2k,0.0574,6
256,n<=32,sr<=15%,kvB<=1k,kp<=4k,0.0529,6
256,n<=32,sr<=15%,kvB<=1k,kp<=512,0.0934,6
256,n<=32,sr<=15%,kvB<=1k,kp<=8k,0.0605,6
256,n<=32,sr<=15%,kvB<=1k,kp=0,0.1399,6
256,n<=32,sr<=15%,kvB<=4k,kp<=1k,0.1038,6
256,n<=32,sr<=15%,kvB<=4k,kp<=2k,0.0466,6
256,n<=32,sr<=15%,kvB<=4k,kp<=4k,0.0355,6
256,n<=32,sr<=15%,kvB<=4k,kp<=512,0.1,6
256,n<=32,sr<=15%,kvB<=4k,kp<=8k,0.0486,6
256,n<=32,sr<=15%,kvB<=4k,kp=0,0.0959,6
256,n<=32,sr<=40%,kvB<=16k,kp<=1k,0.0897,2
256,n<=32,sr<=40%,kvB<=16k,kp<=2k,0.0781,2
256,n<=32,sr<=40%,kvB<=16k,kp<=4k,0.0628,2
256,n<=32,sr<=40%,kvB<=16k,kp<=512,0.0764,2
256,n<=32,sr<=40%,kvB<=16k,kp<=8k,0.1386,2
256,n<=32,sr<=40%,kvB<=16k,kp=0,0.1944,2
256,n<=32,sr<=40%,kvB<=1k,kp<=1k,0.0184,2
256,n<=32,sr<=40%,kvB<=1k,kp<=2k,0.1159,2
256,n<=32,sr<=40%,kvB<=1k,kp<=4k,0.121,2
256,n<=32,sr<=40%,kvB<=1k,kp<=512,0.1122,2
256,n<=32,sr<=40%,kvB<=1k,kp<=8k,0.1215,2
256,n<=32,sr<=40%,kvB<=1k,kp=0,0.1041,2
256,n<=32,sr<=40%,kvB<=4k,kp<=1k,0.0866,2
256,n<=32,sr<=40%,kvB<=4k,kp<=2k,0.1971,2
256,n<=32,sr<=40%,kvB<=4k,kp<=4k,0.166,2
256,n<=32,sr<=40%,kvB<=4k,kp<=512,0.0565,2
256,n<=32,sr<=40%,kvB<=4k,kp<=8k,0.1628,2
256,n<=32,sr<=40%,kvB<=4k,kp=0,0.1299,2
256,n<=32,sr<=5%,kvB<=16k,kp<=1k,0.0966,2
256,n<=32,sr<=5%,kvB<=16k,kp<=2k,0.1101,2
256,n<=32,sr<=5%,kvB<=16k,kp<=4k,0.1202,2
256,n<=32,sr<=5%,kvB<=16k,kp<=512,0.091,2
256,n<=32,sr<=5%,kvB<=16k,kp<=8k,0.0509,2
256,n<=32,sr<=5%,kvB<=16k,kp=0,0.1064,2
256,n<=32,sr<=5%,kvB<=1k,kp<=1k,-0.0013,2
256,n<=32,sr<=5%,kvB<=1k,kp<=2k,0.0017,2
256,n<=32,sr<=5%,kvB<=1k,kp<=4k,0.0048,2
256,n<=32,sr<=5%,kvB<=1k,kp<=512,0.0721,2
256,n<=32,sr<=5%,kvB<=1k,kp<=8k,0.0166,2
256,n<=32,sr<=5%,kvB<=1k,kp=0,0.1278,2
256,n<=32,sr<=5%,kvB<=4k,kp<=1k,0.1372,2
256,n<=32,sr<=5%,kvB<=4k,kp<=2k,0.097,2
256,n<=32,sr<=5%,kvB<=4k,kp<=4k,-0.0041,2
256,n<=32,sr<=5%,kvB<=4k,kp<=512,0.1275,2
256,n<=32,sr<=5%,kvB<=4k,kp<=8k,-0.0002,2
256,n<=32,sr<=5%,kvB<=4k,kp=0,0.116,2
256,n<=32,sr<=70%,kvB<=16k,kp<=1k,0.0655,2
256,n<=32,sr<=70%,kvB<=16k,kp<=2k,0.0867,2
256,n<=32,sr<=70%,kvB<=16k,kp<=4k,0.0813,2
256,n<=32,sr<=70%,kvB<=16k,kp<=512,0.0865,2
256,n<=32,sr<=70%,kvB<=16k,kp<=8k,0.2335,2
256,n<=32,sr<=70%,kvB<=16k,kp=0,0.1396,2
256,n<=32,sr<=70%,kvB<=1k,kp<=1k,0.2953,2
256,n<=32,sr<=70%,kvB<=1k,kp<=2k,0.223,2
256,n<=32,sr<=70%,kvB<=1k,kp<=4k,0.2827,2
256,n<=32,sr<=70%,kvB<=1k,kp<=512,0.2148,2
256,n<=32,sr<=70%,kvB<=1k,kp<=8k,0.2936,2
256,n<=32,sr<=70%,kvB<=1k,kp=0,-0.04,2
256,n<=32,sr<=70%,kvB<=4k,kp<=1k,0.0727,2
256,n<=32,sr<=70%,kvB<=4k,kp<=2k,0.3178,2
256,n<=32,sr<=70%,kvB<=4k,kp<=4k,0.4197,2
256,n<=32,sr<=70%,kvB<=4k,kp<=512,0.0255,2
256,n<=32,sr<=70%,kvB<=4k,kp<=8k,0.5901,2
256,n<=32,sr<=70%,kvB<=4k,kp=0,0.111,2
256,n<=32,sr>70%,kvB<=16k,kp<=1k,0.2427,4
256,n<=32,sr>70%,kvB<=16k,kp<=2k,0.362,4
256,n<=32,sr>70%,kvB<=16k,kp<=4k,0.4886,4
256,n<=32,sr>70%,kvB<=16k,kp<=512,0.222,4
256,n<=32,sr>70%,kvB<=16k,kp<=8k,0.6783,4
256,n<=32,sr>70%,kvB<=16k,kp=0,0.3883,4
256,n<=32,sr>70%,kvB<=1k,kp<=1k,0.8966,4
256,n<=32,sr>70%,kvB<=1k,kp<=2k,0.7882,4
256,n<=32,sr>70%,kvB<=1k,kp<=4k,1.0992,4
256,n<=32,sr>70%,kvB<=1k,kp<=512,0.8332,4
256,n<=32,sr>70%,kvB<=1k,kp<=8k,1.1548,4
256,n<=32,sr>70%,kvB<=1k,kp=0,0.3009,4
256,n<=32,sr>70%,kvB<=4k,kp<=1k,0.5591,4
256,n<=32,sr>70%,kvB<=4k,kp<=2k,0.7646,4
256,n<=32,sr>70%,kvB<=4k,kp<=4k,1.7716,4
256,n<=32,sr>70%,kvB<=4k,kp<=512,0.4431,4
256,n<=32,sr>70%,kvB<=4k,kp<=8k,2.0386,4
256,n<=32,sr>70%,kvB<=4k,kp=0,0.2739,4
256,n<=4,sr<=40%,kvB<=16k,kp<=1k,0.9799,2
256,n<=4,sr<=40%,kvB<=16k,kp<=2k,0.9816,2
256,n<=4,sr<=40%,kvB<=16k,kp<=4k,0.9788,2
256,n<=4,sr<=40%,kvB<=16k,kp<=512,0.9839,2
256,n<=4,sr<=40%,kvB<=16k,kp<=8k,0.9746,2
256,n<=4,sr<=40%,kvB<=16k,kp=0,0.9833,2
256,n<=4,sr<=40%,kvB<=1k,kp<=1k,0.1194,2
256,n<=4,sr<=40%,kvB<=1k,kp<=2k,-0.4854,1
256,n<=4,sr<=40%,kvB<=1k,kp<=4k,1.878,1
256,n<=4,sr<=40%,kvB<=1k,kp<=512,0.9136,1
256,n<=4,sr<=40%,kvB<=1k,kp<=8k,-0.1353,2
256,n<=4,sr<=40%,kvB<=1k,kp=0,0.9594,2
256,n<=4,sr<=40%,kvB<=4k,kp<=1k,0.9809,2
256,n<=4,sr<=40%,kvB<=4k,kp<=2k,0.9814,2
256,n<=4,sr<=40%,kvB<=4k,kp<=4k,-2.6694,1
256,n<=4,sr<=40%,kvB<=4k,kp<=512,0.9802,2
256,n<=4,sr<=40%,kvB<=4k,kp<=8k,-1.235,2
256,n<=4,sr<=40%,kvB<=4k,kp=0,0.981,2
256,n<=4,sr<=70%,kvB<=16k,kp<=1k,0.9862,2
256,n<=4,sr<=70%,kvB<=16k,kp<=2k,0.9921,2
256,n<=4,sr<=70%,kvB<=16k,kp<=4k,0.9888,2
256,n<=4,sr<=70%,kvB<=16k,kp<=512,0.99,2
256,n<=4,sr<=70%,kvB<=16k,kp<=8k,0.9866,2
256,n<=4,sr<=70%,kvB<=16k,kp=0,0.9898,2
256,n<=4,sr<=70%,kvB<=1k,kp<=2k,-0.257,1
256,n<=4,sr<=70%,kvB<=1k,kp<=4k,-0.2903,1
256,n<=4,sr<=70%,kvB<=1k,kp<=512,0.9484,1
256,n<=4,sr<=70%,kvB<=1k,kp<=8k,-0.0291,2
256,n<=4,sr<=70%,kvB<=1k,kp=0,0.9482,2
256,n<=4,sr<=70%,kvB<=4k,kp<=1k,0.971,2
256,n<=4,sr<=70%,kvB<=4k,kp<=2k,0.9783,2
256,n<=4,sr<=70%,kvB<=4k,kp<=4k,1.4882,2
256,n<=4,sr<=70%,kvB<=4k,kp<=512,0.9734,2
256,n<=4,sr<=70%,kvB<=4k,kp<=8k,-1.1302,1
256,n<=4,sr<=70%,kvB<=4k,kp=0,0.9816,2
256,n<=4,sr>70%,kvB<=16k,kp<=1k,0.9934,2
256,n<=4,sr>70%,kvB<=16k,kp<=2k,0.9928,2
256,n<=4,sr>70%,kvB<=16k,kp<=4k,0.9914,2
256,n<=4,sr>70%,kvB<=16k,kp<=512,0.9957,2
256,n<=4,sr>70%,kvB<=16k,kp<=8k,0.9947,2
256,n<=4,sr>70%,kvB<=16k,kp=0,0.9921,2
256,n<=4,sr>70%,kvB<=1k,kp<=1k,-10.5,1
256,n<=4,sr>70%,kvB<=1k,kp<=4k,-0.5369,2
256,n<=4,sr>70%,kvB<=1k,kp<=512,0.9882,1
256,n<=4,sr>70%,kvB<=1k,kp<=8k,-0.2547,2
256,n<=4,sr>70%,kvB<=1k,kp=0,0.9433,2
256,n<=4,sr>70%,kvB<=4k,kp<=1k,0.9822,2
256,n<=4,sr>70%,kvB<=4k,kp<=2k,0.9923,2
256,n<=4,sr>70%,kvB<=4k,kp<=4k,-0.0776,2
256,n<=4,sr>70%,kvB<=4k,kp<=512,0.9975,2
256,n<=4,sr>70%,kvB<=4k,kp<=8k,-10.1587,1
256,n<=4,sr>70%,kvB<=4k,kp=0,0.9978,2
256,n<=64,sr<=15%,kvB<=16k,kp<=1k,0.0222,4
256,n<=64,sr<=15%,kvB<=16k,kp<=2k,0.0272,4
256,n<=64,sr<=15%,kvB<=16k,kp<=4k,0.0277,4
256,n<=64,sr<=15%,kvB<=16k,kp<=512,0.0197,4
256,n<=64,sr<=15%,kvB<=16k,kp<=8k,0.0225,4
256,n<=64,sr<=15%,kvB<=16k,kp=0,0.0312,4
256,n<=64,sr<=15%,kvB<=1k,kp<=1k,0.007,4
256,n<=64,sr<=15%,kvB<=1k,kp<=2k,0.0007,4
256,n<=64,sr<=15%,kvB<=1k,kp<=4k,0.005,4
256,n<=64,sr<=15%,kvB<=1k,kp<=512,0.0287,4
256,n<=64,sr<=15%,kvB<=1k,kp<=8k,0.0048,4
256,n<=64,sr<=15%,kvB<=1k,kp=0,0.0277,4
256,n<=64,sr<=15%,kvB<=4k,kp<=1k,0.0427,4
256,n<=64,sr<=15%,kvB<=4k,kp<=2k,0.0255,4
256,n<=64,sr<=15%,kvB<=4k,kp<=4k,-0.0078,4
256,n<=64,sr<=15%,kvB<=4k,kp<=512,0.0295,4
256,n<=64,sr<=15%,kvB<=4k,kp<=8k,-0.0038,4
256,n<=64,sr<=15%,kvB<=4k,kp=0,0.0214,4
256,n<=64,sr<=40%,kvB<=16k,kp<=1k,-0.0168,2
256,n<=64,sr<=40%,kvB<=16k,kp<=2k,-0.0055,2
256,n<=64,sr<=40%,kvB<=16k,kp<=4k,0.0063,2
256,n<=64,sr<=40%,kvB<=16k,kp<=512,-0.0201,2
256,n<=64,sr<=40%,kvB<=16k,kp<=8k,0.0077,2
256,n<=64,sr<=40%,kvB<=16k,kp=0,-0.0087,2
256,n<=64,sr<=40%,kvB<=1k,kp<=1k,-0.009,2
256,n<=64,sr<=40%,kvB<=1k,kp<=2k,-0.0379,2
256,n<=64,sr<=40%,kvB<=1k,kp<=4k,0.0049,2
256,n<=64,sr<=40%,kvB<=1k,kp<=512,0.0004,2
256,n<=64,sr<=40%,kvB<=1k,kp<=8k,-0.0,2
256,n<=64,sr<=40%,kvB<=1k,kp=0,0.0004,2
256,n<=64,sr<=40%,kvB<=4k,kp<=1k,0.016,2
256,n<=64,sr<=40%,kvB<=4k,kp<=2k,0.0265,2
256,n<=64,sr<=40%,kvB<=4k,kp<=4k,0.0115,2
256,n<=64,sr<=40%,kvB<=4k,kp<=512,0.005,2
256,n<=64,sr<=40%,kvB<=4k,kp<=8k,-0.0283,2
256,n<=64,sr<=40%,kvB<=4k,kp=0,-0.0002,2
256,n<=64,sr<=5%,kvB<=16k,kp<=1k,0.0316,6
256,n<=64,sr<=5%,kvB<=16k,kp<=2k,0.0381,6
256,n<=64,sr<=5%,kvB<=16k,kp<=4k,0.0439,6
256,n<=64,sr<=5%,kvB<=16k,kp<=512,0.0289,6
256,n<=64,sr<=5%,kvB<=16k,kp<=8k,0.0359,6
256,n<=64,sr<=5%,kvB<=16k,kp=0,0.0348,6
256,n<=64,sr<=5%,kvB<=1k,kp<=1k,0.0048,6
256,n<=64,sr<=5%,kvB<=1k,kp<=2k,0.0066,6
256,n<=64,sr<=5%,kvB<=1k,kp<=4k,0.001,6
256,n<=64,sr<=5%,kvB<=1k,kp<=512,0.0209,6
256,n<=64,sr<=5%,kvB<=1k,kp<=8k,0.0043,6
256,n<=64,sr<=5%,kvB<=1k,kp=0,0.0245,6
256,n<=64,sr<=5%,kvB<=4k,kp<=1k,0.0388,6
256,n<=64,sr<=5%,kvB<=4k,kp<=2k,0.0367,6
256,n<=64,sr<=5%,kvB<=4k,kp<=4k,-0.0025,6
256,n<=64,sr<=5%,kvB<=4k,kp<=512,0.0341,6
256,n<=64,sr<=5%,kvB<=4k,kp<=8k,0.0002,6
256,n<=64,sr<=5%,kvB<=4k,kp=0,0.0332,6
256,n<=64,sr<=70%,kvB<=16k,kp<=1k,-0.0519,2
256,n<=64,sr<=70%,kvB<=16k,kp<=2k,-0.0472,2
256,n<=64,sr<=70%,kvB<=16k,kp<=4k,-0.0258,2
256,n<=64,sr<=70%,kvB<=16k,kp<=512,-0.0601,2
256,n<=64,sr<=70%,kvB<=16k,kp<=8k,-0.008,2
256,n<=64,sr<=70%,kvB<=16k,kp=0,-0.0495,2
256,n<=64,sr<=70%,kvB<=1k,kp<=1k,-0.0396,2
256,n<=64,sr<=70%,kvB<=1k,kp<=2k,-0.0531,2
256,n<=64,sr<=70%,kvB<=1k,kp<=4k,0.0222,2
256,n<=64,sr<=70%,kvB<=1k,kp<=512,0.013,2
256,n<=64,sr<=70%,kvB<=1k,kp<=8k,-0.0215,2
256,n<=64,sr<=70%,kvB<=1k,kp=0,-0.0318,2
256,n<=64,sr<=70%,kvB<=4k,kp<=1k,0.0036,2
256,n<=64,sr<=70%,kvB<=4k,kp<=2k,0.0173,2
256,n<=64,sr<=70%,kvB<=4k,kp<=4k,-0.0094,2
256,n<=64,sr<=70%,kvB<=4k,kp<=512,-0.0227,2
256,n<=64,sr<=70%,kvB<=4k,kp<=8k,-0.0213,2
256,n<=64,sr<=70%,kvB<=4k,kp=0,-0.0016,2
256,n<=64,sr>70%,kvB<=16k,kp<=1k,-0.1381,4
256,n<=64,sr>70%,kvB<=16k,kp<=2k,-0.1325,4
256,n<=64,sr>70%,kvB<=16k,kp<=4k,-0.0692,4
256,n<=64,sr>70%,kvB<=16k,kp<=512,-0.1945,4
256,n<=64,sr>70%,kvB<=16k,kp<=8k,-0.0214,4
256,n<=64,sr>70%,kvB<=16k,kp=0,-0.1894,4
256,n<=64,sr>70%,kvB<=1k,kp<=1k,0.2006,4
256,n<=64,sr>70%,kvB<=1k,kp<=2k,0.219,4
256,n<=64,sr>70%,kvB<=1k,kp<=4k,0.0618,4
256,n<=64,sr>70%,kvB<=1k,kp<=512,0.1329,4
256,n<=64,sr>70%,kvB<=1k,kp<=8k,0.1769,4
256,n<=64,sr>70%,kvB<=1k,kp=0,-0.0148,4
256,n<=64,sr>70%,kvB<=4k,kp<=1k,-0.0074,4
256,n<=64,sr>70%,kvB<=4k,kp<=2k,0.0619,4
256,n<=64,sr>70%,kvB<=4k,kp<=4k,0.1462,4
256,n<=64,sr>70%,kvB<=4k,kp<=512,-0.0393,4
256,n<=64,sr>70%,kvB<=4k,kp<=8k,0.1117,4
256,n<=64,sr>70%,kvB<=4k,kp=0,0.0073,4
256,n<=8,sr<=15%,kvB<=16k,kp<=1k,0.9027,2
256,n<=8,sr<=15%,kvB<=16k,kp<=2k,0.9017,2
256,n<=8,sr<=15%,kvB<=16k,kp<=4k,0.8412,2
256,n<=8,sr<=15%,kvB<=16k,kp<=512,0.9427,2
256,n<=8,sr<=15%,kvB<=16k,kp<=8k,0.4298,2
256,n<=8,sr<=15%,kvB<=16k,kp=0,0.9738,2
256,n<=8,sr<=15%,kvB<=1k,kp<=1k,-0.0416,2
256,n<=8,sr<=15%,kvB<=1k,kp<=2k,-0.0344,2
256,n<=8,sr<=15%,kvB<=1k,kp<=4k,-0.0661,2
256,n<=8,sr<=15%,kvB<=1k,kp<=512,0.3201,2
256,n<=8,sr<=15%,kvB<=1k,kp<=8k,-0.1105,2
256,n<=8,sr<=15%,kvB<=1k,kp=0,0.8252,2
256,n<=8,sr<=15%,kvB<=4k,kp<=1k,0.7773,2
256,n<=8,sr<=15%,kvB<=4k,kp<=2k,0.3817,2
256,n<=8,sr<=15%,kvB<=4k,kp<=4k,-0.1254,2
256,n<=8,sr<=15%,kvB<=4k,kp<=512,0.9097,2
256,n<=8,sr<=15%,kvB<=4k,kp<=8k,-0.1319,2
256,n<=8,sr<=15%,kvB<=4k,kp=0,0.9373,2
256,n<=8,sr<=40%,kvB<=16k,kp<=1k,0.9045,4
256,n<=8,sr<=40%,kvB<=16k,kp<=2k,0.9454,4
256,n<=8,sr<=40%,kvB<=16k,kp<=4k,0.845,4
256,n<=8,sr<=40%,kvB<=16k,kp<=512,0.952,4
256,n<=8,sr<=40%,kvB<=16k,kp<=8k,0.3087,4
256,n<=8,sr<=40%,kvB<=16k,kp=0,0.978,4
256,n<=8,sr<=40%,kvB<=1k,kp<=1k,-0.3255,4
256,n<=8,sr<=40%,kvB<=1k,kp<=2k,-0.308,4
256,n<=8,sr<=40%,kvB<=1k,kp<=4k,-0.2641,4
256,n<=8,sr<=40%,kvB<=1k,kp<=512,0.156,4
256,n<=8,sr<=40%,kvB<=1k,kp<=8k,-0.2838,4
256,n<=8,sr<=40%,kvB<=1k,kp=0,0.8308,4
256,n<=8,sr<=40%,kvB<=4k,kp<=1k,0.7491,4
256,n<=8,sr<=40%,kvB<=4k,kp<=2k,0.2623,4
256,n<=8,sr<=40%,kvB<=4k,kp<=4k,-0.4066,4
256,n<=8,sr<=40%,kvB<=4k,kp<=512,0.9094,4
256,n<=8,sr<=40%,kvB<=4k,kp<=8k,-0.4219,4
256,n<=8,sr<=40%,kvB<=4k,kp=0,0.9488,4
256,n<=8,sr<=70%,kvB<=16k,kp<=1k,0.9299,2
256,n<=8,sr<=70%,kvB<=16k,kp<=2k,0.9415,2
256,n<=8,sr<=70%,kvB<=16k,kp<=4k,0.809,2
256,n<=8,sr<=70%,kvB<=16k,kp<=512,0.977,2
256,n<=8,sr<=70%,kvB<=16k,kp<=8k,0.0544,2
256,n<=8,sr<=70%,kvB<=16k,kp=0,0.9907,2
256,n<=8,sr<=70%,kvB<=1k,kp<=1k,-0.8236,2
256,n<=8,sr<=70%,kvB<=1k,kp<=2k,-0.8675,2
256,n<=8,sr<=70%,kvB<=1k,kp<=4k,-0.945,2
256,n<=8,sr<=70%,kvB<=1k,kp<=512,-0.0486,2
256,n<=8,sr<=70%,kvB<=1k,kp<=8k,-0.7291,2
256,n<=8,sr<=70%,kvB<=1k,kp=0,0.801,2
256,n<=8,sr<=70%,kvB<=4k,kp<=1k,0.688,2
256,n<=8,sr<=70%,kvB<=4k,kp<=2k,0.0139,2
256,n<=8,sr<=70%,kvB<=4k,kp<=4k,-0.9545,2
256,n<=8,sr<=70%,kvB<=4k,kp<=512,0.9177,2
256,n<=8,sr<=70%,kvB<=4k,kp<=8k,-0.9175,2
256,n<=8,sr<=70%,kvB<=4k,kp=0,0.9336,2
256,n<=8,sr>70%,kvB<=16k,kp<=1k,0.9594,4
256,n<=8,sr>70%,kvB<=16k,kp<=2k,0.9254,4
256,n<=8,sr>70%,kvB<=16k,kp<=4k,0.6943,4
256,n<=8,sr>70%,kvB<=16k,kp<=512,0.9278,4
256,n<=8,sr>70%,kvB<=16k,kp<=8k,-0.5037,4
256,n<=8,sr>70%,kvB<=16k,kp=0,0.9926,4
256,n<=8,sr>70%,kvB<=1k,kp<=1k,-2.0137,4
256,n<=8,sr>70%,kvB<=1k,kp<=2k,-2.4922,4
256,n<=8,sr>70%,kvB<=1k,kp<=4k,-2.7327,4
256,n<=8,sr>70%,kvB<=1k,kp<=512,-0.4711,4
256,n<=8,sr>70%,kvB<=1k,kp<=8k,-2.2727,4
256,n<=8,sr>70%,kvB<=1k,kp=0,0.8147,4
256,n<=8,sr>70%,kvB<=4k,kp<=1k,0.6162,4
256,n<=8,sr>70%,kvB<=4k,kp<=2k,-0.5158,4
256,n<=8,sr>70%,kvB<=4k,kp<=4k,-2.2115,4
256,n<=8,sr>70%,kvB<=4k,kp<=512,0.7843,4
256,n<=8,sr>70%,kvB<=4k,kp<=8k,-3.2886,4
256,n<=8,sr>70%,kvB<=4k,kp=0,0.9155,4
512,n<=128,sr<=15%,kvB<=16k,kp<=1k,0.0085,4
512,n<=128,sr<=15%,kvB<=16k,kp<=2k,0.0105,4
512,n<=128,sr<=15%,kvB<=16k,kp<=4k,0.0101,4
512,n<=128,sr<=15%,kvB<=16k,kp<=512,0.0065,4
512,n<=128,sr<=15%,kvB<=16k,kp<=8k,0.0088,4
512,n<=128,sr<=15%,kvB<=16k,kp=0,0.0055,4
512,n<=128,sr<=15%,kvB<=1k,kp<=1k,0.0135,4
512,n<=128,sr<=15%,kvB<=1k,kp<=2k,0.0137,4
512,n<=128,sr<=15%,kvB<=1k,kp<=4k,0.0283,4
512,n<=128,sr<=15%,kvB<=1k,kp<=512,0.0126,4
512,n<=128,sr<=15%,kvB<=1k,kp<=8k,0.0403,4
512,n<=128,sr<=15%,kvB<=1k,kp=0,0.0094,4
512,n<=128,sr<=15%,kvB<=4k,kp<=1k,0.0094,4
512,n<=128,sr<=15%,kvB<=4k,kp<=2k,0.0097,4
512,n<=128,sr<=15%,kvB<=4k,kp<=4k,0.0055,4
512,n<=128,sr<=15%,kvB<=4k,kp<=512,0.0105,4
512,n<=128,sr<=15%,kvB<=4k,kp<=8k,0.0004,4
512,n<=128,sr<=15%,kvB<=4k,kp=0,0.0095,4
512,n<=128,sr<=40%,kvB<=16k,kp<=1k,0.0003,2
512,n<=128,sr<=40%,kvB<=16k,kp<=2k,0.0019,2
512,n<=128,sr<=40%,kvB<=16k,kp<=4k,0.0029,2
512,n<=128,sr<=40%,kvB<=16k,kp<=512,-0.0025,2
512,n<=128,sr<=40%,kvB<=16k,kp<=8k,0.007,2
512,n<=128,sr<=40%,kvB<=16k,kp=0,-0.0031,2
512,n<=128,sr<=40%,kvB<=1k,kp<=1k,0.0324,2
512,n<=128,sr<=40%,kvB<=1k,kp<=2k,0.0454,2
512,n<=128,sr<=40%,kvB<=1k,kp<=4k,0.0629,2
512,n<=128,sr<=40%,kvB<=1k,kp<=512,0.0364,2
512,n<=128,sr<=40%,kvB<=1k,kp<=8k,0.0905,2
512,n<=128,sr<=40%,kvB<=1k,kp=0,0.0326,2
512,n<=128,sr<=40%,kvB<=4k,kp<=1k,0.0019,2
512,n<=128,sr<=40%,kvB<=4k,kp<=2k,0.0042,2
512,n<=128,sr<=40%,kvB<=4k,kp<=4k,0.0042,2
512,n<=128,sr<=40%,kvB<=4k,kp<=512,0.0039,2
512,n<=128,sr<=40%,kvB<=4k,kp<=8k,0.0014,2
512,n<=128,sr<=40%,kvB<=4k,kp=0,0.0022,2
512,n<=128,sr<=5%,kvB<=16k,kp<=1k,0.0134,8
512,n<=128,sr<=5%,kvB<=16k,kp<=2k,0.0148,8
512,n<=128,sr<=5%,kvB<=16k,kp<=4k,0.0143,8
512,n<=128,sr<=5%,kvB<=16k,kp<=512,0.0131,8
512,n<=128,sr<=5%,kvB<=16k,kp<=8k,0.0124,8
512,n<=128,sr<=5%,kvB<=16k,kp=0,0.0126,8
512,n<=128,sr<=5%,kvB<=1k,kp<=1k,0.003,8
512,n<=128,sr<=5%,kvB<=1k,kp<=2k,0.0019,8
512,n<=128,sr<=5%,kvB<=1k,kp<=4k,0.0041,8
512,n<=128,sr<=5%,kvB<=1k,kp<=512,0.0011,8
512,n<=128,sr<=5%,kvB<=1k,kp<=8k,0.0022,8
512,n<=128,sr<=5%,kvB<=1k,kp=0,0.0006,8
512,n<=128,sr<=5%,kvB<=4k,kp<=1k,0.011,8
512,n<=128,sr<=5%,kvB<=4k,kp<=2k,0.0102,8
512,n<=128,sr<=5%,kvB<=4k,kp<=4k,0.0049,8
512,n<=128,sr<=5%,kvB<=4k,kp<=512,0.0117,8
512,n<=128,sr<=5%,kvB<=4k,kp<=8k,-0.0005,8
512,n<=128,sr<=5%,kvB<=4k,kp=0,0.0105,8
512,n<=128,sr<=70%,kvB<=16k,kp<=1k,-0.016,2
512,n<=128,sr<=70%,kvB<=16k,kp<=2k,-0.0116,2
512,n<=128,sr<=70%,kvB<=16k,kp<=4k,-0.0014,2
512,n<=128,sr<=70%,kvB<=16k,kp<=512,-0.0169,2
512,n<=128,sr<=70%,kvB<=16k,kp<=8k,-0.0004,2
512,n<=128,sr<=70%,kvB<=16k,kp=0,-0.0182,2
512,n<=128,sr<=70%,kvB<=1k,kp<=1k,0.0301,2
512,n<=128,sr<=70%,kvB<=1k,kp<=2k,0.0458,2
512,n<=128,sr<=70%,kvB<=1k,kp<=4k,0.0995,2
512,n<=128,sr<=70%,kvB<=1k,kp<=512,0.0254,2
512,n<=128,sr<=70%,kvB<=1k,kp<=8k,0.1072,2
512,n<=128,sr<=70%,kvB<=1k,kp=0,0.0349,2
512,n<=128,sr<=70%,kvB<=4k,kp<=1k,-0.0035,2
512,n<=128,sr<=70%,kvB<=4k,kp<=2k,-0.005,2
512,n<=128,sr<=70%,kvB<=4k,kp<=4k,-0.0053,2
512,n<=128,sr<=70%,kvB<=4k,kp<=512,-0.0032,2
512,n<=128,sr<=70%,kvB<=4k,kp<=8k,0.014,2
512,n<=128,sr<=70%,kvB<=4k,kp=0,-0.0103,2
512,n<=128,sr>70%,kvB<=16k,kp<=1k,-0.0294,4
512,n<=128,sr>70%,kvB<=16k,kp<=2k,-0.0097,4
512,n<=128,sr>70%,kvB<=16k,kp<=4k,0.01,4
512,n<=128,sr>70%,kvB<=16k,kp<=512,-0.0275,4
512,n<=128,sr>70%,kvB<=16k,kp<=8k,0.0463,4
512,n<=128,sr>70%,kvB<=16k,kp=0,-0.0323,4
512,n<=128,sr>70%,kvB<=1k,kp<=1k,0.0157,4
512,n<=128,sr>70%,kvB<=1k,kp<=2k,0.0493,4
512,n<=128,sr>70%,kvB<=1k,kp<=4k,0.1176,4
512,n<=128,sr>70%,kvB<=1k,kp<=512,0.0376,4
512,n<=128,sr>70%,kvB<=1k,kp<=8k,0.1913,4
512,n<=128,sr>70%,kvB<=1k,kp=0,0.0288,4
512,n<=128,sr>70%,kvB<=4k,kp<=1k,0.0165,4
512,n<=128,sr>70%,kvB<=4k,kp<=2k,0.0273,4
512,n<=128,sr>70%,kvB<=4k,kp<=4k,0.0221,4
512,n<=128,sr>70%,kvB<=4k,kp<=512,0.0071,4
512,n<=128,sr>70%,kvB<=4k,kp<=8k,0.0092,4
512,n<=128,sr>70%,kvB<=4k,kp=0,-0.0015,4
512,n<=16,sr<=15%,kvB<=16k,kp<=1k,0.3366,4
512,n<=16,sr<=15%,kvB<=16k,kp<=2k,0.3276,4
512,n<=16,sr<=15%,kvB<=16k,kp<=4k,0.2886,4
512,n<=16,sr<=15%,kvB<=16k,kp<=512,0.3269,4
512,n<=16,sr<=15%,kvB<=16k,kp<=8k,0.1547,4
512,n<=16,sr<=15%,kvB<=16k,kp=0,0.4032,4
512,n<=16,sr<=15%,kvB<=1k,kp<=1k,0.0659,4
512,n<=16,sr<=15%,kvB<=1k,kp<=2k,0.0646,4
512,n<=16,sr<=15%,kvB<=1k,kp<=4k,0.0462,4
512,n<=16,sr<=15%,kvB<=1k,kp<=512,0.0847,4
512,n<=16,sr<=15%,kvB<=1k,kp<=8k,0.0337,4
512,n<=16,sr<=15%,kvB<=1k,kp=0,0.3674,4
512,n<=16,sr<=15%,kvB<=4k,kp<=1k,0.2963,4
512,n<=16,sr<=15%,kvB<=4k,kp<=2k,0.1355,4
512,n<=16,sr<=15%,kvB<=4k,kp<=4k,-0.0084,4
512,n<=16,sr<=15%,kvB<=4k,kp<=512,0.3192,4
512,n<=16,sr<=15%,kvB<=4k,kp<=8k,-0.0482,4
512,n<=16,sr<=15%,kvB<=4k,kp=0,0.3786,4
512,n<=16,sr<=40%,kvB<=16k,kp<=1k,0.2745,4
512,n<=16,sr<=40%,kvB<=16k,kp<=2k,0.2652,4
512,n<=16,sr<=40%,kvB<=16k,kp<=4k,0.2044,4
512,n<=16,sr<=40%,kvB<=16k,kp<=512,0.2872,4
512,n<=16,sr<=40%,kvB<=16k,kp<=8k,0.1275,4
512,n<=16,sr<=40%,kvB<=16k,kp=0,0.3286,4
512,n<=16,sr<=40%,kvB<=1k,kp<=1k,0.0638,4
512,n<=16,sr<=40%,kvB<=1k,kp<=2k,0.045,4
512,n<=16,sr<=40%,kvB<=1k,kp<=4k,0.0164,4
512,n<=16,sr<=40%,kvB<=1k,kp<=512,0.073,4
512,n<=16,sr<=40%,kvB<=1k,kp<=8k,0.0346,4
512,n<=16,sr<=40%,kvB<=1k,kp=0,0.3197,4
512,n<=16,sr<=40%,kvB<=4k,kp<=1k,0.2199,4
512,n<=16,sr<=40%,kvB<=4k,kp<=2k,0.0977,4
512,n<=16,sr<=40%,kvB<=4k,kp<=4k,0.0081,4
512,n<=16,sr<=40%,kvB<=4k,kp<=512,0.2449,4
512,n<=16,sr<=40%,kvB<=4k,kp<=8k,-0.0444,4
512,n<=16,sr<=40%,kvB<=4k,kp=0,0.3428,4
512,n<=16,sr<=70%,kvB<=16k,kp<=1k,0.3367,2
512,n<=16,sr<=70%,kvB<=16k,kp<=2k,0.3085,2
512,n<=16,sr<=70%,kvB<=16k,kp<=4k,0.1747,2
512,n<=16,sr<=70%,kvB<=16k,kp<=512,0.3483,2
512,n<=16,sr<=70%,kvB<=16k,kp<=8k,0.1676,2
512,n<=16,sr<=70%,kvB<=16k,kp=0,0.182,2
512,n<=16,sr<=70%,kvB<=1k,kp<=1k,-0.1219,2
512,n<=16,sr<=70%,kvB<=1k,kp<=2k,0.1261,2
512,n<=16,sr<=70%,kvB<=1k,kp<=4k,-0.0186,2
512,n<=16,sr<=70%,kvB<=1k,kp<=512,-0.0101,2
512,n<=16,sr<=70%,kvB<=1k,kp<=8k,-0.0314,2
512,n<=16,sr<=70%,kvB<=1k,kp=0,0.3262,2
512,n<=16,sr<=70%,kvB<=4k,kp<=1k,0.2539,2
512,n<=16,sr<=70%,kvB<=4k,kp<=2k,0.115,2
512,n<=16,sr<=70%,kvB<=4k,kp<=4k,-0.2539,2
512,n<=16,sr<=70%,kvB<=4k,kp<=512,0.2314,2
512,n<=16,sr<=70%,kvB<=4k,kp<=8k,-0.315,2
512,n<=16,sr<=70%,kvB<=4k,kp=0,0.4424,2
512,n<=16,sr>70%,kvB<=16k,kp<=1k,1.2524,4
512,n<=16,sr>70%,kvB<=16k,kp<=2k,1.1242,4
512,n<=16,sr>70%,kvB<=16k,kp<=4k,0.7577,4
512,n<=16,sr>70%,kvB<=16k,kp<=512,1.3824,4
512,n<=16,sr>70%,kvB<=16k,kp<=8k,-0.1073,3
512,n<=16,sr>70%,kvB<=16k,kp=0,1.5879,4
512,n<=16,sr>70%,kvB<=1k,kp<=1k,-0.6821,4
512,n<=16,sr>70%,kvB<=1k,kp<=2k,0.1247,4
512,n<=16,sr>70%,kvB<=1k,kp<=4k,-0.4052,4
512,n<=16,sr>70%,kvB<=1k,kp<=512,0.0531,4
512,n<=16,sr>70%,kvB<=1k,kp<=8k,-0.3339,4
512,n<=16,sr>70%,kvB<=1k,kp=0,0.4803,4
512,n<=16,sr>70%,kvB<=4k,kp<=1k,0.4079,4
512,n<=16,sr>70%,kvB<=4k,kp<=2k,-0.6521,4
512,n<=16,sr>70%,kvB<=4k,kp<=4k,-1.6242,3
512,n<=16,sr>70%,kvB<=4k,kp<=512,0.8279,4
512,n<=16,sr>70%,kvB<=4k,kp<=8k,-0.5022,4
512,n<=16,sr>70%,kvB<=4k,kp=0,1.5264,4
512,n<=2,sr<=70%,kvB<=16k,kp<=1k,0.9855,2
512,n<=2,sr<=70%,kvB<=16k,kp<=2k,0.985,2
512,n<=2,sr<=70%,kvB<=16k,kp<=4k,0.9852,2
512,n<=2,sr<=70%,kvB<=16k,kp<=512,0.9853,2
512,n<=2,sr<=70%,kvB<=16k,kp<=8k,0.9775,2
512,n<=2,sr<=70%,kvB<=16k,kp=0,0.9871,2
512,n<=2,sr<=70%,kvB<=1k,kp<=1k,0.0363,1
512,n<=2,sr<=70%,kvB<=1k,kp<=2k,1.8434,1
512,n<=2,sr<=70%,kvB<=1k,kp<=512,0.8266,1
512,n<=2,sr<=70%,kvB<=1k,kp=0,0.9213,2
512,n<=2,sr<=70%,kvB<=4k,kp<=1k,0.994,2
512,n<=2,sr<=70%,kvB<=4k,kp<=2k,0.9964,1
512,n<=2,sr<=70%,kvB<=4k,kp<=4k,0.0637,1
512,n<=2,sr<=70%,kvB<=4k,kp<=512,0.9919,2
512,n<=2,sr<=70%,kvB<=4k,kp<=8k,-5763.0,1
512,n<=2,sr<=70%,kvB<=4k,kp=0,0.9886,2
512,n<=32,sr<=15%,kvB<=16k,kp<=1k,0.0913,6
512,n<=32,sr<=15%,kvB<=16k,kp<=2k,0.0856,6
512,n<=32,sr<=15%,kvB<=16k,kp<=4k,0.0441,6
512,n<=32,sr<=15%,kvB<=16k,kp<=512,0.0773,6
512,n<=32,sr<=15%,kvB<=16k,kp<=8k,0.0948,6
512,n<=32,sr<=15%,kvB<=16k,kp=0,0.067,6
512,n<=32,sr<=15%,kvB<=1k,kp<=1k,0.0463,6
512,n<=32,sr<=15%,kvB<=1k,kp<=2k,0.0593,6
512,n<=32,sr<=15%,kvB<=1k,kp<=4k,0.0728,6
512,n<=32,sr<=15%,kvB<=1k,kp<=512,0.069,6
512,n<=32,sr<=15%,kvB<=1k,kp<=8k,0.0544,6
512,n<=32,sr<=15%,kvB<=1k,kp=0,0.1278,6
512,n<=32,sr<=15%,kvB<=4k,kp<=1k,0.1129,6
512,n<=32,sr<=15%,kvB<=4k,kp<=2k,0.0991,6
512,n<=32,sr<=15%,kvB<=4k,kp<=4k,-0.0172,6
512,n<=32,sr<=15%,kvB<=4k,kp<=512,0.0737,6
512,n<=32,sr<=15%,kvB<=4k,kp<=8k,0.0087,6
512,n<=32,sr<=15%,kvB<=4k,kp=0,0.1259,6
512,n<=32,sr<=40%,kvB<=16k,kp<=1k,0.069,2
512,n<=32,sr<=40%,kvB<=16k,kp<=2k,0.0598,2
512,n<=32,sr<=40%,kvB<=16k,kp<=4k,0.0601,2
512,n<=32,sr<=40%,kvB<=16k,kp<=512,0.0627,2
512,n<=32,sr<=40%,kvB<=16k,kp<=8k,0.1619,2
512,n<=32,sr<=40%,kvB<=16k,kp=0,0.073,2
512,n<=32,sr<=40%,kvB<=1k,kp<=1k,0.0499,2
512,n<=32,sr<=40%,kvB<=1k,kp<=2k,0.0861,2
512,n<=32,sr<=40%,kvB<=1k,kp<=4k,0.1697,2
512,n<=32,sr<=40%,kvB<=1k,kp<=512,0.1411,2
512,n<=32,sr<=40%,kvB<=1k,kp<=8k,0.1217,2
512,n<=32,sr<=40%,kvB<=1k,kp=0,0.1233,2
512,n<=32,sr<=40%,kvB<=4k,kp<=1k,0.0781,2
512,n<=32,sr<=40%,kvB<=4k,kp<=2k,0.2432,2
512,n<=32,sr<=40%,kvB<=4k,kp<=4k,0.2213,2
512,n<=32,sr<=40%,kvB<=4k,kp<=512,0.0942,2
512,n<=32,sr<=40%,kvB<=4k,kp<=8k,0.04,2
512,n<=32,sr<=40%,kvB<=4k,kp=0,0.1068,2
512,n<=32,sr<=5%,kvB<=16k,kp<=1k,0.0963,2
512,n<=32,sr<=5%,kvB<=16k,kp<=2k,0.1097,2
512,n<=32,sr<=5%,kvB<=16k,kp<=4k,0.0975,2
512,n<=32,sr<=5%,kvB<=16k,kp<=512,0.0878,2
512,n<=32,sr<=5%,kvB<=16k,kp<=8k,0.0954,2
512,n<=32,sr<=5%,kvB<=16k,kp=0,0.078,2
512,n<=32,sr<=5%,kvB<=1k,kp<=1k,0.0091,2
512,n<=32,sr<=5%,kvB<=1k,kp<=2k,0.0099,2
512,n<=32,sr<=5%,kvB<=1k,kp<=4k,0.0156,2
512,n<=32,sr<=5%,kvB<=1k,kp<=512,0.0338,2
512,n<=32,sr<=5%,kvB<=1k,kp<=8k,0.0107,2
512,n<=32,sr<=5%,kvB<=1k,kp=0,0.1085,2
512,n<=32,sr<=5%,kvB<=4k,kp<=1k,0.1175,2
512,n<=32,sr<=5%,kvB<=4k,kp<=2k,0.1159,2
512,n<=32,sr<=5%,kvB<=4k,kp<=4k,0.0194,2
512,n<=32,sr<=5%,kvB<=4k,kp<=512,0.1132,2
512,n<=32,sr<=5%,kvB<=4k,kp<=8k,0.0125,2
512,n<=32,sr<=5%,kvB<=4k,kp=0,0.1005,2
512,n<=32,sr<=70%,kvB<=16k,kp<=1k,0.0152,2
512,n<=32,sr<=70%,kvB<=16k,kp<=2k,0.0338,2
512,n<=32,sr<=70%,kvB<=16k,kp<=4k,0.0279,2
512,n<=32,sr<=70%,kvB<=16k,kp<=512,-0.0276,2
512,n<=32,sr<=70%,kvB<=16k,kp<=8k,0.1881,2
512,n<=32,sr<=70%,kvB<=16k,kp=0,0.0799,2
512,n<=32,sr<=70%,kvB<=1k,kp<=1k,0.0861,2
512,n<=32,sr<=70%,kvB<=1k,kp<=2k,0.0612,2
512,n<=32,sr<=70%,kvB<=1k,kp<=4k,0.0931,2
512,n<=32,sr<=70%,kvB<=1k,kp<=512,0.4553,2
512,n<=32,sr<=70%,kvB<=1k,kp<=8k,0.0692,2
512,n<=32,sr<=70%,kvB<=1k,kp=0,0.265,2
512,n<=32,sr<=70%,kvB<=4k,kp<=1k,0.1771,2
512,n<=32,sr<=70%,kvB<=4k,kp<=2k,0.4377,2
512,n<=32,sr<=70%,kvB<=4k,kp<=4k,0.9817,2
512,n<=32,sr<=70%,kvB<=4k,kp<=512,0.0711,2
512,n<=32,sr<=70%,kvB<=4k,kp<=8k,0.3746,2
512,n<=32,sr<=70%,kvB<=4k,kp=0,0.1214,2
512,n<=32,sr>70%,kvB<=16k,kp<=1k,-0.0623,4
512,n<=32,sr>70%,kvB<=16k,kp<=2k,0.0178,4
512,n<=32,sr>70%,kvB<=16k,kp<=4k,0.2083,4
512,n<=32,sr>70%,kvB<=16k,kp<=512,-0.1391,4
512,n<=32,sr>70%,kvB<=16k,kp<=8k,0.3414,3
512,n<=32,sr>70%,kvB<=16k,kp=0,0.0965,4
512,n<=32,sr>70%,kvB<=1k,kp<=1k,0.4808,4
512,n<=32,sr>70%,kvB<=1k,kp<=2k,0.4565,4
512,n<=32,sr>70%,kvB<=1k,kp<=4k,0.3102,4
512,n<=32,sr>70%,kvB<=1k,kp<=512,1.24,4
512,n<=32,sr>70%,kvB<=1k,kp<=8k,0.3591,4
512,n<=32,sr>70%,kvB<=1k,kp=0,0.4898,4
512,n<=32,sr>70%,kvB<=4k,kp<=1k,0.4386,4
512,n<=32,sr>70%,kvB<=4k,kp<=2k,0.5236,4
512,n<=32,sr>70%,kvB<=4k,kp<=4k,1.6319,2
512,n<=32,sr>70%,kvB<=4k,kp<=512,0.2181,4
512,n<=32,sr>70%,kvB<=4k,kp<=8k,0.859,4
512,n<=32,sr>70%,kvB<=4k,kp=0,0.3284,4
512,n<=4,sr<=40%,kvB<=16k,kp<=1k,0.9694,2
512,n<=4,sr<=40%,kvB<=16k,kp<=2k,0.9158,2
512,n<=4,sr<=40%,kvB<=16k,kp<=4k,0.8543,2
512,n<=4,sr<=40%,kvB<=16k,kp<=512,0.97,2
512,n<=4,sr<=40%,kvB<=16k,kp<=8k,0.3511,2
512,n<=4,sr<=40%,kvB<=16k,kp=0,0.9819,2
512,n<=4,sr<=40%,kvB<=1k,kp<=1k,-0.1466,2
512,n<=4,sr<=40%,kvB<=1k,kp<=2k,-0.1787,2
512,n<=4,sr<=40%,kvB<=1k,kp<=4k,-0.1475,2
512,n<=4,sr<=40%,kvB<=1k,kp<=512,-0.0938,2
512,n<=4,sr<=40%,kvB<=1k,kp<=8k,-0.1957,2
512,n<=4,sr<=40%,kvB<=1k,kp=0,0.8658,2
512,n<=4,sr<=40%,kvB<=4k,kp<=1k,0.813,2
512,n<=4,sr<=40%,kvB<=4k,kp<=2k,0.2232,2
512,n<=4,sr<=40%,kvB<=4k,kp<=4k,-0.3399,2
512,n<=4,sr<=40%,kvB<=4k,kp<=512,0.9477,2
512,n<=4,sr<=40%,kvB<=4k,kp<=8k,-0.3138,2
512,n<=4,sr<=40%,kvB<=4k,kp=0,0.954,2
512,n<=4,sr<=70%,kvB<=16k,kp<=1k,0.9731,2
512,n<=4,sr<=70%,kvB<=16k,kp<=2k,0.9342,2
512,n<=4,sr<=70%,kvB<=16k,kp<=4k,0.8291,2
512,n<=4,sr<=70%,kvB<=16k,kp<=512,0.9841,2
512,n<=4,sr<=70%,kvB<=16k,kp<=8k,0.0729,2
512,n<=4,sr<=70%,kvB<=16k,kp=0,0.9848,2
512,n<=4,sr<=70%,kvB<=1k,kp<=1k,-0.8307,2
512,n<=4,sr<=70%,kvB<=1k,kp<=2k,-0.7455,2
512,n<=4,sr<=70%,kvB<=1k,kp<=4k,-0.9735,2
512,n<=4,sr<=70%,kvB<=1k,kp<=512,-0.5481,2
512,n<=4,sr<=70%,kvB<=1k,kp<=8k,-0.8232,2
512,n<=4,sr<=70%,kvB<=1k,kp=0,0.8826,2
512,n<=4,sr<=70%,kvB<=4k,kp<=1k,0.7569,2
512,n<=4,sr<=70%,kvB<=4k,kp<=2k,-0.0116,2
512,n<=4,sr<=70%,kvB<=4k,kp<=4k,-0.9921,2
512,n<=4,sr<=70%,kvB<=4k,kp<=512,0.9515,2
512,n<=4,sr<=70%,kvB<=4k,kp<=8k,-1.0649,2
512,n<=4,sr<=70%,kvB<=4k,kp=0,0.9721,2
512,n<=4,sr>70%,kvB<=16k,kp<=1k,0.9889,2
512,n<=4,sr>70%,kvB<=16k,kp<=2k,0.979,2
512,n<=4,sr>70%,kvB<=16k,kp<=4k,0.9431,2
512,n<=4,sr>70%,kvB<=16k,kp<=512,0.9743,2
512,n<=4,sr>70%,kvB<=16k,kp<=8k,1.0071,2
512,n<=4,sr>70%,kvB<=16k,kp=0,0.9989,2
512,n<=4,sr>70%,kvB<=1k,kp<=1k,0.5259,2
512,n<=4,sr>70%,kvB<=1k,kp<=2k,0.5153,2
512,n<=4,sr>70%,kvB<=1k,kp<=4k,0.4975,2
512,n<=4,sr>70%,kvB<=1k,kp<=512,0.4013,2
512,n<=4,sr>70%,kvB<=1k,kp<=8k,0.0374,2
512,n<=4,sr>70%,kvB<=1k,kp=0,0.922,2
512,n<=4,sr>70%,kvB<=4k,kp<=1k,0.8323,2
512,n<=4,sr>70%,kvB<=4k,kp<=2k,0.8146,2
512,n<=4,sr>70%,kvB<=4k,kp<=4k,1.0366,2
512,n<=4,sr>70%,kvB<=4k,kp<=512,0.897,2
512,n<=4,sr>70%,kvB<=4k,kp<=8k,1.0979,2
512,n<=4,sr>70%,kvB<=4k,kp=0,0.9653,2
512,n<=64,sr<=15%,kvB<=16k,kp<=1k,0.0247,4
512,n<=64,sr<=15%,kvB<=16k,kp<=2k,0.0294,4
512,n<=64,sr<=15%,kvB<=16k,kp<=4k,0.0297,4
512,n<=64,sr<=15%,kvB<=16k,kp<=512,0.021,4
512,n<=64,sr<=15%,kvB<=16k,kp<=8k,0.0231,4
512,n<=64,sr<=15%,kvB<=16k,kp=0,0.0173,4
512,n<=64,sr<=15%,kvB<=1k,kp<=1k,0.008,4
512,n<=64,sr<=15%,kvB<=1k,kp<=2k,0.0148,4
512,n<=64,sr<=15%,kvB<=1k,kp<=4k,0.0295,4
512,n<=64,sr<=15%,kvB<=1k,kp<=512,0.0324,4
512,n<=64,sr<=15%,kvB<=1k,kp<=8k,0.0499,4
512,n<=64,sr<=15%,kvB<=1k,kp=0,0.0233,4
512,n<=64,sr<=15%,kvB<=4k,kp<=1k,0.0325,4
512,n<=64,sr<=15%,kvB<=4k,kp<=2k,0.026,4
512,n<=64,sr<=15%,kvB<=4k,kp<=4k,-0.0158,4
512,n<=64,sr<=15%,kvB<=4k,kp<=512,0.0285,4
512,n<=64,sr<=15%,kvB<=4k,kp<=8k,-0.0094,4
512,n<=64,sr<=15%,kvB<=4k,kp=0,0.0201,4
512,n<=64,sr<=40%,kvB<=16k,kp<=1k,-0.0012,2
512,n<=64,sr<=40%,kvB<=16k,kp<=2k,0.0057,2
512,n<=64,sr<=40%,kvB<=16k,kp<=4k,0.0114,2
512,n<=64,sr<=40%,kvB<=16k,kp<=512,-0.0064,2
512,n<=64,sr<=40%,kvB<=16k,kp<=8k,0.0198,2
512,n<=64,sr<=40%,kvB<=16k,kp=0,-0.0313,2
512,n<=64,sr<=40%,kvB<=1k,kp<=1k,0.0223,2
512,n<=64,sr<=40%,kvB<=1k,kp<=2k,0.0199,2
512,n<=64,sr<=40%,kvB<=1k,kp<=4k,0.0343,2
512,n<=64,sr<=40%,kvB<=1k,kp<=512,0.0305,2
512,n<=64,sr<=40%,kvB<=1k,kp<=8k,0.0765,2
512,n<=64,sr<=40%,kvB<=1k,kp=0,0.0192,2
512,n<=64,sr<=40%,kvB<=4k,kp<=1k,0.0157,2
512,n<=64,sr<=40%,kvB<=4k,kp<=2k,0.0172,2
512,n<=64,sr<=40%,kvB<=4k,kp<=4k,-0.0015,2
512,n<=64,sr<=40%,kvB<=4k,kp<=512,0.0148,2
512,n<=64,sr<=40%,kvB<=4k,kp<=8k,-0.0262,2
512,n<=64,sr<=40%,kvB<=4k,kp=0,-0.0058,2
512,n<=64,sr<=5%,kvB<=16k,kp<=1k,0.031,6
512,n<=64,sr<=5%,kvB<=16k,kp<=2k,0.0384,6
512,n<=64,sr<=5%,kvB<=16k,kp<=4k,0.0368,6
512,n<=64,sr<=5%,kvB<=16k,kp<=512,0.0283,6
512,n<=64,sr<=5%,kvB<=16k,kp<=8k,0.0405,6
512,n<=64,sr<=5%,kvB<=16k,kp=0,0.0262,6
512,n<=64,sr<=5%,kvB<=1k,kp<=1k,0.0036,6
512,n<=64,sr<=5%,kvB<=1k,kp<=2k,0.0043,6
512,n<=64,sr<=5%,kvB<=1k,kp<=4k,0.0064,6
512,n<=64,sr<=5%,kvB<=1k,kp<=512,0.0216,6
512,n<=64,sr<=5%,kvB<=1k,kp<=8k,0.0071,6
512,n<=64,sr<=5%,kvB<=1k,kp=0,0.0184,6
512,n<=64,sr<=5%,kvB<=4k,kp<=1k,0.0372,6
512,n<=64,sr<=5%,kvB<=4k,kp<=2k,0.033,6
512,n<=64,sr<=5%,kvB<=4k,kp<=4k,-0.0037,6
512,n<=64,sr<=5%,kvB<=4k,kp<=512,0.0349,6
512,n<=64,sr<=5%,kvB<=4k,kp<=8k,0.0043,6
512,n<=64,sr<=5%,kvB<=4k,kp=0,0.0342,6
512,n<=64,sr<=70%,kvB<=16k,kp<=1k,-0.0367,2
512,n<=64,sr<=70%,kvB<=16k,kp<=2k,-0.0239,2
512,n<=64,sr<=70%,kvB<=16k,kp<=4k,-0.0126,2
512,n<=64,sr<=70%,kvB<=16k,kp<=512,-0.0427,2
512,n<=64,sr<=70%,kvB<=16k,kp<=8k,0.0201,2
512,n<=64,sr<=70%,kvB<=16k,kp=0,-0.0734,2
512,n<=64,sr<=70%,kvB<=1k,kp<=1k,-0.0021,2
512,n<=64,sr<=70%,kvB<=1k,kp<=2k,-0.008,2
512,n<=64,sr<=70%,kvB<=1k,kp<=4k,0.0328,2
512,n<=64,sr<=70%,kvB<=1k,kp<=512,0.0008,2
512,n<=64,sr<=70%,kvB<=1k,kp<=8k,0.0646,2
512,n<=64,sr<=70%,kvB<=1k,kp=0,0.0057,2
512,n<=64,sr<=70%,kvB<=4k,kp<=1k,-0.0064,2
512,n<=64,sr<=70%,kvB<=4k,kp<=2k,-0.0039,2
512,n<=64,sr<=70%,kvB<=4k,kp<=4k,-0.0169,2
512,n<=64,sr<=70%,kvB<=4k,kp<=512,-0.0176,2
512,n<=64,sr<=70%,kvB<=4k,kp<=8k,-0.1082,2
512,n<=64,sr<=70%,kvB<=4k,kp=0,-0.0479,2
512,n<=64,sr>70%,kvB<=16k,kp<=1k,-0.1392,4
512,n<=64,sr>70%,kvB<=16k,kp<=2k,-0.0836,4
512,n<=64,sr>70%,kvB<=16k,kp<=4k,-0.0406,4
512,n<=64,sr>70%,kvB<=16k,kp<=512,-0.1623,4
512,n<=64,sr>70%,kvB<=16k,kp<=8k,0.0284,4
512,n<=64,sr>70%,kvB<=16k,kp=0,-0.1877,4
512,n<=64,sr>70%,kvB<=1k,kp<=1k,0.0689,4
512,n<=64,sr>70%,kvB<=1k,kp<=2k,0.0998,4
512,n<=64,sr>70%,kvB<=1k,kp<=4k,0.1427,4
512,n<=64,sr>70%,kvB<=1k,kp<=512,0.0449,4
512,n<=64,sr>70%,kvB<=1k,kp<=8k,0.2369,4
512,n<=64,sr>70%,kvB<=1k,kp=0,0.0193,4
512,n<=64,sr>70%,kvB<=4k,kp<=1k,-0.0205,4
512,n<=64,sr>70%,kvB<=4k,kp<=2k,-0.0001,4
512,n<=64,sr>70%,kvB<=4k,kp<=4k,0.0338,4
512,n<=64,sr>70%,kvB<=4k,kp<=512,-0.0566,4
512,n<=64,sr>70%,kvB<=4k,kp<=8k,0.1091,4
512,n<=64,sr>70%,kvB<=4k,kp=0,-0.1577,4
512,n<=8,sr<=15%,kvB<=16k,kp<=1k,0.9166,2
512,n<=8,sr<=15%,kvB<=16k,kp<=2k,0.9106,2
512,n<=8,sr<=15%,kvB<=16k,kp<=4k,0.9084,2
512,n<=8,sr<=15%,kvB<=16k,kp<=512,0.9329,2
512,n<=8,sr<=15%,kvB<=16k,kp<=8k,0.7839,2
512,n<=8,sr<=15%,kvB<=16k,kp=0,0.9626,2
512,n<=8,sr<=15%,kvB<=1k,kp<=1k,0.3874,2
512,n<=8,sr<=15%,kvB<=1k,kp<=2k,0.3252,2
512,n<=8,sr<=15%,kvB<=1k,kp<=4k,0.2864,2
512,n<=8,sr<=15%,kvB<=1k,kp<=512,0.2333,2
512,n<=8,sr<=15%,kvB<=1k,kp<=8k,0.3071,2
512,n<=8,sr<=15%,kvB<=1k,kp=0,0.5771,2
512,n<=8,sr<=15%,kvB<=4k,kp<=1k,0.7107,2
512,n<=8,sr<=15%,kvB<=4k,kp<=2k,0.64,2
512,n<=8,sr<=15%,kvB<=4k,kp<=4k,0.2378,2
512,n<=8,sr<=15%,kvB<=4k,kp<=512,0.7821,2
512,n<=8,sr<=15%,kvB<=4k,kp<=8k,0.2556,2
512,n<=8,sr<=15%,kvB<=4k,kp=0,0.8985,2
512,n<=8,sr<=40%,kvB<=16k,kp<=1k,0.9131,4
512,n<=8,sr<=40%,kvB<=16k,kp<=2k,0.9304,4
512,n<=8,sr<=40%,kvB<=16k,kp<=4k,0.9302,4
512,n<=8,sr<=40%,kvB<=16k,kp<=512,0.9225,4
512,n<=8,sr<=40%,kvB<=16k,kp<=8k,0.8517,4
512,n<=8,sr<=40%,kvB<=16k,kp=0,0.962,4
512,n<=8,sr<=40%,kvB<=1k,kp<=1k,0.4805,4
512,n<=8,sr<=40%,kvB<=1k,kp<=2k,0.412,4
512,n<=8,sr<=40%,kvB<=1k,kp<=4k,0.4696,4
512,n<=8,sr<=40%,kvB<=1k,kp<=512,0.3062,4
512,n<=8,sr<=40%,kvB<=1k,kp<=8k,0.44,4
512,n<=8,sr<=40%,kvB<=1k,kp=0,0.5091,4
512,n<=8,sr<=40%,kvB<=4k,kp<=1k,0.6459,4
512,n<=8,sr<=40%,kvB<=4k,kp<=2k,0.6866,4
512,n<=8,sr<=40%,kvB<=4k,kp<=4k,0.4571,4
512,n<=8,sr<=40%,kvB<=4k,kp<=512,0.7541,4
512,n<=8,sr<=40%,kvB<=4k,kp<=8k,0.4378,4
512,n<=8,sr<=40%,kvB<=4k,kp=0,0.9006,4
512,n<=8,sr<=70%,kvB<=16k,kp<=1k,0.9125,2
512,n<=8,sr<=70%,kvB<=16k,kp<=2k,0.9428,2
512,n<=8,sr<=70%,kvB<=16k,kp<=4k,0.9347,2
512,n<=8,sr<=70%,kvB<=16k,kp<=512,0.9284,2
512,n<=8,sr<=70%,kvB<=16k,kp<=8k,0.938,2
512,n<=8,sr<=70%,kvB<=16k,kp=0,0.967,2
512,n<=8,sr<=70%,kvB<=1k,kp<=1k,0.6895,2
512,n<=8,sr<=70%,kvB<=1k,kp<=2k,0.6106,2
512,n<=8,sr<=70%,kvB<=1k,kp<=4k,0.6256,2
512,n<=8,sr<=70%,kvB<=1k,kp<=512,0.3973,2
512,n<=8,sr<=70%,kvB<=1k,kp<=8k,0.561,2
512,n<=8,sr<=70%,kvB<=1k,kp=0,0.3636,2
512,n<=8,sr<=70%,kvB<=4k,kp<=1k,0.5852,2
512,n<=8,sr<=70%,kvB<=4k,kp<=2k,0.7124,2
512,n<=8,sr<=70%,kvB<=4k,kp<=4k,0.9521,2
512,n<=8,sr<=70%,kvB<=4k,kp<=512,0.6903,2
512,n<=8,sr<=70%,kvB<=4k,kp<=8k,0.8778,2
512,n<=8,sr<=70%,kvB<=4k,kp=0,0.8878,2
512,n<=8,sr>70%,kvB<=16k,kp<=1k,0.9342,4
512,n<=8,sr>70%,kvB<=16k,kp<=2k,0.9409,4
512,n<=8,sr>70%,kvB<=16k,kp<=4k,0.9015,4
512,n<=8,sr>70%,kvB<=16k,kp<=512,0.8751,4
512,n<=8,sr>70%,kvB<=16k,kp<=8k,0.9626,4
512,n<=8,sr>70%,kvB<=16k,kp=0,0.9793,4
512,n<=8,sr>70%,kvB<=1k,kp<=1k,0.6416,4
512,n<=8,sr>70%,kvB<=1k,kp<=2k,0.7262,4
512,n<=8,sr>70%,kvB<=1k,kp<=4k,0.6771,4
512,n<=8,sr>70%,kvB<=1k,kp<=512,0.7118,4
512,n<=8,sr>70%,kvB<=1k,kp<=8k,0.7051,4
512,n<=8,sr>70%,kvB<=1k,kp=0,0.4537,4
512,n<=8,sr>70%,kvB<=4k,kp<=1k,0.393,4
512,n<=8,sr>70%,kvB<=4k,kp<=2k,0.4899,4
512,n<=8,sr>70%,kvB<=4k,kp<=4k,0.9313,4
512,n<=8,sr>70%,kvB<=4k,kp<=512,0.4892,4
512,n<=8,sr>70%,kvB<=4k,kp<=8k,0.8834,4
512,n<=8,sr>70%,kvB<=4k,kp=0,0.907,4
1024,n<=128,sr<=15%,kvB<=16k,kp<=1k,0.01,4
1024,n<=128,sr<=15%,kvB<=16k,kp<=2k,0.0119,4
1024,n<=128,sr<=15%,kvB<=16k,kp<=4k,0.0122,4
1024,n<=128,sr<=15%,kvB<=16k,kp<=512,0.0083,4
1024,n<=128,sr<=15%,kvB<=16k,kp<=8k,0.0078,4
1024,n<=128,sr<=15%,kvB<=16k,kp=0,0.0063,4
1024,n<=128,sr<=15%,kvB<=1k,kp<=1k,0.0345,4
1024,n<=128,sr<=15%,kvB<=1k,kp<=2k,0.0354,4
1024,n<=128,sr<=15%,kvB<=1k,kp<=4k,0.0472,4
1024,n<=128,sr<=15%,kvB<=1k,kp<=512,0.0281,4
1024,n<=128,sr<=15%,kvB<=1k,kp<=8k,0.0649,4
1024,n<=128,sr<=15%,kvB<=1k,kp=0,0.0251,4
1024,n<=128,sr<=15%,kvB<=4k,kp<=1k,0.0084,4
1024,n<=128,sr<=15%,kvB<=4k,kp<=2k,0.006,4
1024,n<=128,sr<=15%,kvB<=4k,kp<=4k,-0.0,4
1024,n<=128,sr<=15%,kvB<=4k,kp<=512,0.0082,4
1024,n<=128,sr<=15%,kvB<=4k,kp<=8k,-0.0004,4
1024,n<=128,sr<=15%,kvB<=4k,kp=0,0.0089,4
1024,n<=128,sr<=40%,kvB<=16k,kp<=1k,-0.001,2
1024,n<=128,sr<=40%,kvB<=16k,kp<=2k,-0.0001,2
1024,n<=128,sr<=40%,kvB<=16k,kp<=4k,0.0033,2
1024,n<=128,sr<=40%,kvB<=16k,kp<=512,-0.0018,2
1024,n<=128,sr<=40%,kvB<=16k,kp<=8k,0.0117,2
1024,n<=128,sr<=40%,kvB<=16k,kp=0,-0.0019,2
1024,n<=128,sr<=40%,kvB<=1k,kp<=1k,0.0674,2
1024,n<=128,sr<=40%,kvB<=1k,kp<=2k,0.0897,2
1024,n<=128,sr<=40%,kvB<=1k,kp<=4k,0.0928,2
1024,n<=128,sr<=40%,kvB<=1k,kp<=512,0.0582,2
1024,n<=128,sr<=40%,kvB<=1k,kp<=8k,0.1149,2
1024,n<=128,sr<=40%,kvB<=1k,kp=0,0.0634,2
1024,n<=128,sr<=40%,kvB<=4k,kp<=1k,0.0032,2
1024,n<=128,sr<=40%,kvB<=4k,kp<=2k,0.0026,2
1024,n<=128,sr<=40%,kvB<=4k,kp<=4k,0.0099,2
1024,n<=128,sr<=40%,kvB<=4k,kp<=512,0.0021,2
1024,n<=128,sr<=40%,kvB<=4k,kp<=8k,0.0009,2
1024,n<=128,sr<=40%,kvB<=4k,kp=0,0.0033,2
1024,n<=128,sr<=5%,kvB<=16k,kp<=1k,0.0137,8
1024,n<=128,sr<=5%,kvB<=16k,kp<=2k,0.0128,8
1024,n<=128,sr<=5%,kvB<=16k,kp<=4k,0.013,8
1024,n<=128,sr<=5%,kvB<=16k,kp<=512,0.0127,8
1024,n<=128,sr<=5%,kvB<=16k,kp<=8k,0.0139,8
1024,n<=128,sr<=5%,kvB<=16k,kp=0,0.013,8
1024,n<=128,sr<=5%,kvB<=1k,kp<=1k,0.0038,8
1024,n<=128,sr<=5%,kvB<=1k,kp<=2k,0.0035,8
1024,n<=128,sr<=5%,kvB<=1k,kp<=4k,0.0018,8
1024,n<=128,sr<=5%,kvB<=1k,kp<=512,0.0032,8
1024,n<=128,sr<=5%,kvB<=1k,kp<=8k,0.0023,8
1024,n<=128,sr<=5%,kvB<=1k,kp=0,0.002,8
1024,n<=128,sr<=5%,kvB<=4k,kp<=1k,0.0073,8
1024,n<=128,sr<=5%,kvB<=4k,kp<=2k,0.0076,8
1024,n<=128,sr<=5%,kvB<=4k,kp<=4k,0.0016,8
1024,n<=128,sr<=5%,kvB<=4k,kp<=512,0.0074,8
1024,n<=128,sr<=5%,kvB<=4k,kp<=8k,0.0006,8
1024,n<=128,sr<=5%,kvB<=4k,kp=0,0.0091,8
1024,n<=128,sr<=70%,kvB<=16k,kp<=1k,-0.0123,2
1024,n<=128,sr<=70%,kvB<=16k,kp<=2k,-0.0093,2
1024,n<=128,sr<=70%,kvB<=16k,kp<=4k,-0.0044,2
1024,n<=128,sr<=70%,kvB<=16k,kp<=512,-0.0144,2
1024,n<=128,sr<=70%,kvB<=16k,kp<=8k,-0.0171,2
1024,n<=128,sr<=70%,kvB<=16k,kp=0,-0.0166,2
1024,n<=128,sr<=70%,kvB<=1k,kp<=1k,0.0717,2
1024,n<=128,sr<=70%,kvB<=1k,kp<=2k,0.1163,2
1024,n<=128,sr<=70%,kvB<=1k,kp<=4k,0.1032,2
1024,n<=128,sr<=70%,kvB<=1k,kp<=512,0.0707,2
1024,n<=128,sr<=70%,kvB<=1k,kp<=8k,0.1248,2
1024,n<=128,sr<=70%,kvB<=1k,kp=0,0.084,2
1024,n<=128,sr<=70%,kvB<=4k,kp<=1k,-0.0105,2
1024,n<=128,sr<=70%,kvB<=4k,kp<=2k,-0.0188,2
1024,n<=128,sr<=70%,kvB<=4k,kp<=4k,-0.0293,2
1024,n<=128,sr<=70%,kvB<=4k,kp<=512,-0.0088,2
1024,n<=128,sr<=70%,kvB<=4k,kp<=8k,-0.0538,2
1024,n<=128,sr<=70%,kvB<=4k,kp=0,-0.009,2
1024,n<=128,sr>70%,kvB<=16k,kp<=1k,-0.0115,4
1024,n<=128,sr>70%,kvB<=16k,kp<=2k,0.0081,4
1024,n<=128,sr>70%,kvB<=16k,kp<=4k,0.0182,4
1024,n<=128,sr>70%,kvB<=16k,kp<=512,-0.0193,4
1024,n<=128,sr>70%,kvB<=16k,kp<=8k,0.0092,4
1024,n<=128,sr>70%,kvB<=16k,kp=0,-0.025,4
1024,n<=128,sr>70%,kvB<=1k,kp<=1k,0.0416,4
1024,n<=128,sr>70%,kvB<=1k,kp<=2k,0.0645,4
1024,n<=128,sr>70%,kvB<=1k,kp<=4k,0.258,4
1024,n<=128,sr>70%,kvB<=1k,kp<=512,0.0495,4
1024,n<=128,sr>70%,kvB<=1k,kp<=8k,0.2846,4
1024,n<=128,sr>70%,kvB<=1k,kp=0,0.0734,4
1024,n<=128,sr>70%,kvB<=4k,kp<=1k,0.0609,4
1024,n<=128,sr>70%,kvB<=4k,kp<=2k,0.0051,4
1024,n<=128,sr>70%,kvB<=4k,kp<=4k,-0.0049,4
1024,n<=128,sr>70%,kvB<=4k,kp<=512,0.0168,4
1024,n<=128,sr>70%,kvB<=4k,kp<=8k,-0.0106,4
1024,n<=128,sr>70%,kvB<=4k,kp=0,0.0049,4
1024,n<=16,sr<=15%,kvB<=16k,kp<=1k,0.251,4
1024,n<=16,sr<=15%,kvB<=16k,kp<=2k,0.2734,4
1024,n<=16,sr<=15%,kvB<=16k,kp<=4k,0.2457,4
1024,n<=16,sr<=15%,kvB<=16k,kp<=512,0.2829,4
1024,n<=16,sr<=15%,kvB<=16k,kp<=8k,0.222,4
1024,n<=16,sr<=15%,kvB<=16k,kp=0,0.3116,4
1024,n<=16,sr<=15%,kvB<=1k,kp<=1k,0.0525,4
1024,n<=16,sr<=15%,kvB<=1k,kp<=2k,0.0639,4
1024,n<=16,sr<=15%,kvB<=1k,kp<=4k,0.1057,4
1024,n<=16,sr<=15%,kvB<=1k,kp<=512,0.058,4
1024,n<=16,sr<=15%,kvB<=1k,kp<=8k,0.0565,4
1024,n<=16,sr<=15%,kvB<=1k,kp=0,0.0979,4
1024,n<=16,sr<=15%,kvB<=4k,kp<=1k,0.2093,4
1024,n<=16,sr<=15%,kvB<=4k,kp<=2k,0.1551,4
1024,n<=16,sr<=15%,kvB<=4k,kp<=4k,-0.0106,4
1024,n<=16,sr<=15%,kvB<=4k,kp<=512,0.2119,4
1024,n<=16,sr<=15%,kvB<=4k,kp<=8k,-0.0443,4
1024,n<=16,sr<=15%,kvB<=4k,kp=0,0.2748,4
1024,n<=16,sr<=40%,kvB<=16k,kp<=1k,0.2541,4
1024,n<=16,sr<=40%,kvB<=16k,kp<=2k,0.2215,4
1024,n<=16,sr<=40%,kvB<=16k,kp<=4k,0.1958,4
1024,n<=16,sr<=40%,kvB<=16k,kp<=512,0.2258,4
1024,n<=16,sr<=40%,kvB<=16k,kp<=8k,0.1784,4
1024,n<=16,sr<=40%,kvB<=16k,kp=0,0.2501,4
1024,n<=16,sr<=40%,kvB<=1k,kp<=1k,0.0848,4
1024,n<=16,sr<=40%,kvB<=1k,kp<=2k,0.0891,4
1024,n<=16,sr<=40%,kvB<=1k,kp<=4k,0.1472,4
1024,n<=16,sr<=40%,kvB<=1k,kp<=512,0.0605,4
1024,n<=16,sr<=40%,kvB<=1k,kp<=8k,0.1001,4
1024,n<=16,sr<=40%,kvB<=1k,kp=0,0.1095,4
1024,n<=16,sr<=40%,kvB<=4k,kp<=1k,0.206,4
1024,n<=16,sr<=40%,kvB<=4k,kp<=2k,0.185,4
1024,n<=16,sr<=40%,kvB<=4k,kp<=4k,0.0312,4
1024,n<=16,sr<=40%,kvB<=4k,kp<=512,0.1934,4
1024,n<=16,sr<=40%,kvB<=4k,kp<=8k,0.1226,4
1024,n<=16,sr<=40%,kvB<=4k,kp=0,0.2337,4
1024,n<=16,sr<=70%,kvB<=16k,kp<=1k,0.2918,2
1024,n<=16,sr<=70%,kvB<=16k,kp<=2k,0.2705,2
1024,n<=16,sr<=70%,kvB<=16k,kp<=4k,0.1066,2
1024,n<=16,sr<=70%,kvB<=16k,kp<=512,0.3051,2
1024,n<=16,sr<=70%,kvB<=16k,kp<=8k,0.3362,2
1024,n<=16,sr<=70%,kvB<=16k,kp=0,0.3192,2
1024,n<=16,sr<=70%,kvB<=1k,kp<=1k,0.1455,2
1024,n<=16,sr<=70%,kvB<=1k,kp<=2k,0.2012,2
1024,n<=16,sr<=70%,kvB<=1k,kp<=4k,0.2833,2
1024,n<=16,sr<=70%,kvB<=1k,kp<=512,-0.0023,2
1024,n<=16,sr<=70%,kvB<=1k,kp<=8k,0.3177,2
1024,n<=16,sr<=70%,kvB<=1k,kp=0,0.167,2
1024,n<=16,sr<=70%,kvB<=4k,kp<=1k,0.1248,2
1024,n<=16,sr<=70%,kvB<=4k,kp<=2k,0.2319,2
1024,n<=16,sr<=70%,kvB<=4k,kp<=4k,0.0603,2
1024,n<=16,sr<=70%,kvB<=4k,kp<=512,0.2052,2
1024,n<=16,sr<=70%,kvB<=4k,kp<=8k,0.4031,2
1024,n<=16,sr<=70%,kvB<=4k,kp=0,0.281,2
1024,n<=16,sr>70%,kvB<=16k,kp<=1k,0.7933,4
1024,n<=16,sr>70%,kvB<=16k,kp<=2k,0.6417,4
1024,n<=16,sr>70%,kvB<=16k,kp<=4k,0.4136,4
1024,n<=16,sr>70%,kvB<=16k,kp<=512,0.7049,4
1024,n<=16,sr>70%,kvB<=16k,kp<=8k,0.3042,4
1024,n<=16,sr>70%,kvB<=16k,kp=0,1.2377,4
1024,n<=16,sr>70%,kvB<=1k,kp<=1k,0.1968,4
1024,n<=16,sr>70%,kvB<=1k,kp<=2k,0.2435,4
1024,n<=16,sr>70%,kvB<=1k,kp<=4k,0.4111,4
1024,n<=16,sr>70%,kvB<=1k,kp<=512,0.1372,4
1024,n<=16,sr>70%,kvB<=1k,kp<=8k,0.4802,3
1024,n<=16,sr>70%,kvB<=1k,kp=0,0.1389,4
1024,n<=16,sr>70%,kvB<=4k,kp<=1k,-0.0706,4
1024,n<=16,sr>70%,kvB<=4k,kp<=2k,-0.0515,4
1024,n<=16,sr>70%,kvB<=4k,kp<=4k,-1.0104,4
1024,n<=16,sr>70%,kvB<=4k,kp<=512,-0.1215,4
1024,n<=16,sr>70%,kvB<=4k,kp<=8k,0.1632,4
1024,n<=16,sr>70%,kvB<=4k,kp=0,0.4568,4
1024,n<=2,sr<=70%,kvB<=16k,kp<=1k,0.986,2
1024,n<=2,sr<=70%,kvB<=16k,kp<=2k,0.9818,2
1024,n<=2,sr<=70%,kvB<=16k,kp<=4k,0.9661,2
1024,n<=2,sr<=70%,kvB<=16k,kp<=512,0.9864,2
1024,n<=2,sr<=70%,kvB<=16k,kp<=8k,0.9556,2
1024,n<=2,sr<=70%,kvB<=16k,kp=0,0.9873,2
1024,n<=2,sr<=70%,kvB<=1k,kp<=1k,-1.0304,1
1024,n<=2,sr<=70%,kvB<=1k,kp<=2k,-3.8579,2
1024,n<=2,sr<=70%,kvB<=1k,kp<=4k,-1.2042,1
1024,n<=2,sr<=70%,kvB<=1k,kp<=512,0.1294,2
1024,n<=2,sr<=70%,kvB<=1k,kp<=8k,3.7159,2
1024,n<=2,sr<=70%,kvB<=1k,kp=0,0.4366,2
1024,n<=2,sr<=70%,kvB<=4k,kp<=1k,0.8898,2
1024,n<=2,sr<=70%,kvB<=4k,kp<=2k,0.8888,2
1024,n<=2,sr<=70%,kvB<=4k,kp<=4k,0.4199,2
1024,n<=2,sr<=70%,kvB<=4k,kp<=512,0.8819,2
1024,n<=2,sr<=70%,kvB<=4k,kp<=8k,0.0134,2
1024,n<=2,sr<=70%,kvB<=4k,kp=0,0.9516,2
1024,n<=32,sr<=15%,kvB<=16k,kp<=1k,0.0852,6
1024,n<=32,sr<=15%,kvB<=16k,kp<=2k,0.071,6
1024,n<=32,sr<=15%,kvB<=16k,kp<=4k,0.0589,6
1024,n<=32,sr<=15%,kvB<=16k,kp<=512,0.0721,6
1024,n<=32,sr<=15%,kvB<=16k,kp<=8k,0.0766,6
1024,n<=32,sr<=15%,kvB<=16k,kp=0,0.0715,6
1024,n<=32,sr<=15%,kvB<=1k,kp<=1k,0.0489,6
1024,n<=32,sr<=15%,kvB<=1k,kp<=2k,0.0574,6
1024,n<=32,sr<=15%,kvB<=1k,kp<=4k,0.0506,6
1024,n<=32,sr<=15%,kvB<=1k,kp<=512,0.0332,6
1024,n<=32,sr<=15%,kvB<=1k,kp<=8k,0.0216,6
1024,n<=32,sr<=15%,kvB<=1k,kp=0,0.0512,6
1024,n<=32,sr<=15%,kvB<=4k,kp<=1k,0.0871,6
1024,n<=32,sr<=15%,kvB<=4k,kp<=2k,0.0702,6
1024,n<=32,sr<=15%,kvB<=4k,kp<=4k,0.0346,6
1024,n<=32,sr<=15%,kvB<=4k,kp<=512,0.0723,6
1024,n<=32,sr<=15%,kvB<=4k,kp<=8k,-0.0131,6
1024,n<=32,sr<=15%,kvB<=4k,kp=0,0.0767,6
1024,n<=32,sr<=40%,kvB<=16k,kp<=1k,0.0358,2
1024,n<=32,sr<=40%,kvB<=16k,kp<=2k,0.0265,2
1024,n<=32,sr<=40%,kvB<=16k,kp<=4k,0.0659,2
1024,n<=32,sr<=40%,kvB<=16k,kp<=512,0.0217,2
1024,n<=32,sr<=40%,kvB<=16k,kp<=8k,0.0939,2
1024,n<=32,sr<=40%,kvB<=16k,kp=0,0.0533,2
1024,n<=32,sr<=40%,kvB<=1k,kp<=1k,0.0659,2
1024,n<=32,sr<=40%,kvB<=1k,kp<=2k,0.0925,2
1024,n<=32,sr<=40%,kvB<=1k,kp<=4k,0.0946,2
1024,n<=32,sr<=40%,kvB<=1k,kp<=512,0.0451,2
1024,n<=32,sr<=40%,kvB<=1k,kp<=8k,0.0511,2
1024,n<=32,sr<=40%,kvB<=1k,kp=0,0.076,2
1024,n<=32,sr<=40%,kvB<=4k,kp<=1k,0.0223,2
1024,n<=32,sr<=40%,kvB<=4k,kp<=2k,0.1094,2
1024,n<=32,sr<=40%,kvB<=4k,kp<=4k,-0.0057,2
1024,n<=32,sr<=40%,kvB<=4k,kp<=512,0.0672,2
1024,n<=32,sr<=40%,kvB<=4k,kp<=8k,-0.0608,2
1024,n<=32,sr<=40%,kvB<=4k,kp=0,0.0497,2
1024,n<=32,sr<=5%,kvB<=16k,kp<=1k,0.0975,2
1024,n<=32,sr<=5%,kvB<=16k,kp<=2k,0.0962,2
1024,n<=32,sr<=5%,kvB<=16k,kp<=4k,0.097,2
1024,n<=32,sr<=5%,kvB<=16k,kp<=512,0.0861,2
1024,n<=32,sr<=5%,kvB<=16k,kp<=8k,0.0725,2
1024,n<=32,sr<=5%,kvB<=16k,kp=0,0.0829,2
1024,n<=32,sr<=5%,kvB<=1k,kp<=1k,0.0141,2
1024,n<=32,sr<=5%,kvB<=1k,kp<=2k,0.0073,2
1024,n<=32,sr<=5%,kvB<=1k,kp<=4k,-0.0021,2
1024,n<=32,sr<=5%,kvB<=1k,kp<=512,0.0116,2
1024,n<=32,sr<=5%,kvB<=1k,kp<=8k,-0.0512,2
1024,n<=32,sr<=5%,kvB<=1k,kp=0,0.0253,2
1024,n<=32,sr<=5%,kvB<=4k,kp<=1k,0.0906,2
1024,n<=32,sr<=5%,kvB<=4k,kp<=2k,0.0652,2
1024,n<=32,sr<=5%,kvB<=4k,kp<=4k,0.013,2
1024,n<=32,sr<=5%,kvB<=4k,kp<=512,0.0851,2
1024,n<=32,sr<=5%,kvB<=4k,kp<=8k,0.0023,2
1024,n<=32,sr<=5%,kvB<=4k,kp=0,0.1013,2
1024,n<=32,sr<=70%,kvB<=16k,kp<=1k,-0.0725,2
1024,n<=32,sr<=70%,kvB<=16k,kp<=2k,-0.0371,2
1024,n<=32,sr<=70%,kvB<=16k,kp<=4k,0.0011,2
1024,n<=32,sr<=70%,kvB<=16k,kp<=512,-0.0953,2
1024,n<=32,sr<=70%,kvB<=16k,kp<=8k,0.0587,2
1024,n<=32,sr<=70%,kvB<=16k,kp=0,-0.0652,2
1024,n<=32,sr<=70%,kvB<=1k,kp<=1k,-0.0072,2
1024,n<=32,sr<=70%,kvB<=1k,kp<=2k,0.003,2
1024,n<=32,sr<=70%,kvB<=1k,kp<=4k,0.0499,2
1024,n<=32,sr<=70%,kvB<=1k,kp<=512,-0.0443,2
1024,n<=32,sr<=70%,kvB<=1k,kp<=8k,-0.201,2
1024,n<=32,sr<=70%,kvB<=1k,kp=0,0.0228,2
1024,n<=32,sr<=70%,kvB<=4k,kp<=1k,0.0929,2
1024,n<=32,sr<=70%,kvB<=4k,kp<=2k,0.0756,2
1024,n<=32,sr<=70%,kvB<=4k,kp<=4k,-0.0334,2
1024,n<=32,sr<=70%,kvB<=4k,kp<=512,-0.0117,2
1024,n<=32,sr<=70%,kvB<=4k,kp<=8k,0.0332,2
1024,n<=32,sr<=70%,kvB<=4k,kp=0,0.016,2
1024,n<=32,sr>70%,kvB<=16k,kp<=1k,-0.2679,4
1024,n<=32,sr>70%,kvB<=16k,kp<=2k,-0.1838,4
1024,n<=32,sr>70%,kvB<=16k,kp<=4k,-0.0008,4
1024,n<=32,sr>70%,kvB<=16k,kp<=512,-0.3564,4
1024,n<=32,sr>70%,kvB<=16k,kp<=8k,0.2929,4
1024,n<=32,sr>70%,kvB<=16k,kp=0,-0.2306,4
1024,n<=32,sr>70%,kvB<=1k,kp<=1k,-0.1368,4
1024,n<=32,sr>70%,kvB<=1k,kp<=2k,0.1534,4
1024,n<=32,sr>70%,kvB<=1k,kp<=4k,0.1584,4
1024,n<=32,sr>70%,kvB<=1k,kp<=512,0.1596,4
1024,n<=32,sr>70%,kvB<=1k,kp<=8k,0.216,4
1024,n<=32,sr>70%,kvB<=1k,kp=0,0.0062,4
1024,n<=32,sr>70%,kvB<=4k,kp<=1k,0.0511,4
1024,n<=32,sr>70%,kvB<=4k,kp<=2k,-0.1185,4
1024,n<=32,sr>70%,kvB<=4k,kp<=4k,0.0076,4
1024,n<=32,sr>70%,kvB<=4k,kp<=512,-0.0737,4
1024,n<=32,sr>70%,kvB<=4k,kp<=8k,-0.1149,4
1024,n<=32,sr>70%,kvB<=4k,kp=0,0.0046,4
1024,n<=4,sr<=40%,kvB<=16k,kp<=1k,0.93,2
1024,n<=4,sr<=40%,kvB<=16k,kp<=2k,0.7836,2
1024,n<=4,sr<=40%,kvB<=16k,kp<=4k,0.5422,2
1024,n<=4,sr<=40%,kvB<=16k,kp<=512,0.9581,2
1024,n<=4,sr<=40%,kvB<=16k,kp<=8k,0.475,2
1024,n<=4,sr<=40%,kvB<=16k,kp=0,0.9764,2
1024,n<=4,sr<=40%,kvB<=1k,kp<=1k,0.2982,2
1024,n<=4,sr<=40%,kvB<=1k,kp<=2k,0.0445,2
1024,n<=4,sr<=40%,kvB<=1k,kp<=4k,0.0194,2
1024,n<=4,sr<=40%,kvB<=1k,kp<=512,0.2571,2
1024,n<=4,sr<=40%,kvB<=1k,kp<=8k,-0.0294,2
1024,n<=4,sr<=40%,kvB<=1k,kp=0,0.3387,2
1024,n<=4,sr<=40%,kvB<=4k,kp<=1k,0.6685,2
1024,n<=4,sr<=40%,kvB<=4k,kp<=2k,0.5064,2
1024,n<=4,sr<=40%,kvB<=4k,kp<=4k,1.3372,2
1024,n<=4,sr<=40%,kvB<=4k,kp<=512,0.7388,2
1024,n<=4,sr<=40%,kvB<=4k,kp<=8k,-0.0272,2
1024,n<=4,sr<=40%,kvB<=4k,kp=0,0.9098,2
1024,n<=4,sr<=70%,kvB<=16k,kp<=1k,0.9094,2
1024,n<=4,sr<=70%,kvB<=16k,kp<=2k,0.7365,2
1024,n<=4,sr<=70%,kvB<=16k,kp<=4k,0.367,2
1024,n<=4,sr<=70%,kvB<=16k,kp<=512,0.9659,2
1024,n<=4,sr<=70%,kvB<=16k,kp<=8k,0.357,2
1024,n<=4,sr<=70%,kvB<=16k,kp=0,0.9779,2
1024,n<=4,sr<=70%,kvB<=1k,kp<=1k,-0.125,2
1024,n<=4,sr<=70%,kvB<=1k,kp<=2k,-0.0697,1
1024,n<=4,sr<=70%,kvB<=1k,kp<=512,0.1545,2
1024,n<=4,sr<=70%,kvB<=1k,kp<=8k,-41.7551,1
1024,n<=4,sr<=70%,kvB<=1k,kp=0,0.4731,2
1024,n<=4,sr<=70%,kvB<=4k,kp<=1k,0.5311,2
1024,n<=4,sr<=70%,kvB<=4k,kp<=2k,0.5615,2
1024,n<=4,sr<=70%,kvB<=4k,kp<=4k,-0.1089,1
1024,n<=4,sr<=70%,kvB<=4k,kp<=512,0.736,2
1024,n<=4,sr<=70%,kvB<=4k,kp<=8k,0.0849,1
1024,n<=4,sr<=70%,kvB<=4k,kp=0,0.9202,2
1024,n<=4,sr>70%,kvB<=16k,kp<=1k,0.8624,2
1024,n<=4,sr>70%,kvB<=16k,kp<=2k,0.8891,2
1024,n<=4,sr>70%,kvB<=16k,kp<=4k,0.7149,2
1024,n<=4,sr>70%,kvB<=16k,kp<=512,0.9675,2
1024,n<=4,sr>70%,kvB<=16k,kp<=8k,0.446,1
1024,n<=4,sr>70%,kvB<=16k,kp=0,0.9893,2
1024,n<=4,sr>70%,kvB<=1k,kp<=1k,-0.8339,2
1024,n<=4,sr>70%,kvB<=1k,kp<=2k,-2.4711,2
1024,n<=4,sr>70%,kvB<=1k,kp<=4k,-8.4366,1
1024,n<=4,sr>70%,kvB<=1k,kp<=512,0.232,1
1024,n<=4,sr>70%,kvB<=1k,kp<=8k,-0.8051,2
1024,n<=4,sr>70%,kvB<=1k,kp=0,0.6863,2
1024,n<=4,sr>70%,kvB<=4k,kp<=1k,0.7653,2
1024,n<=4,sr>70%,kvB<=4k,kp<=2k,0.7484,1
1024,n<=4,sr>70%,kvB<=4k,kp<=4k,-0.3161,1
1024,n<=4,sr>70%,kvB<=4k,kp<=512,0.7452,2
1024,n<=4,sr>70%,kvB<=4k,kp<=8k,2.0256,1
1024,n<=4,sr>70%,kvB<=4k,kp=0,0.9128,2
1024,n<=64,sr<=15%,kvB<=16k,kp<=1k,0.0381,4
1024,n<=64,sr<=15%,kvB<=16k,kp<=2k,0.0429,4
1024,n<=64,sr<=15%,kvB<=16k,kp<=4k,0.0392,4
1024,n<=64,sr<=15%,kvB<=16k,kp<=512,0.0341,4
1024,n<=64,sr<=15%,kvB<=16k,kp<=8k,0.021,4
1024,n<=64,sr<=15%,kvB<=16k,kp=0,0.0303,4
1024,n<=64,sr<=15%,kvB<=1k,kp<=1k,0.0284,4
1024,n<=64,sr<=15%,kvB<=1k,kp<=2k,0.0386,4
1024,n<=64,sr<=15%,kvB<=1k,kp<=4k,0.0434,4
1024,n<=64,sr<=15%,kvB<=1k,kp<=512,0.0263,4
1024,n<=64,sr<=15%,kvB<=1k,kp<=8k,0.0506,4
1024,n<=64,sr<=15%,kvB<=1k,kp=0,0.0348,4
1024,n<=64,sr<=15%,kvB<=4k,kp<=1k,0.0347,4
1024,n<=64,sr<=15%,kvB<=4k,kp<=2k,0.0205,4
1024,n<=64,sr<=15%,kvB<=4k,kp<=4k,0.0004,4
1024,n<=64,sr<=15%,kvB<=4k,kp<=512,0.0396,4
1024,n<=64,sr<=15%,kvB<=4k,kp<=8k,0.0034,4
1024,n<=64,sr<=15%,kvB<=4k,kp=0,0.0373,4
1024,n<=64,sr<=40%,kvB<=16k,kp<=1k,0.0117,2
1024,n<=64,sr<=40%,kvB<=16k,kp<=2k,0.02,2
1024,n<=64,sr<=40%,kvB<=16k,kp<=4k,0.0282,2
1024,n<=64,sr<=40%,kvB<=16k,kp<=512,-0.0097,2
1024,n<=64,sr<=40%,kvB<=16k,kp<=8k,0.0177,2
1024,n<=64,sr<=40%,kvB<=16k,kp=0,0.0022,2
1024,n<=64,sr<=40%,kvB<=1k,kp<=1k,0.043,2
1024,n<=64,sr<=40%,kvB<=1k,kp<=2k,0.057,2
1024,n<=64,sr<=40%,kvB<=1k,kp<=4k,0.0904,2
1024,n<=64,sr<=40%,kvB<=1k,kp<=512,0.0416,2
1024,n<=64,sr<=40%,kvB<=1k,kp<=8k,0.0859,2
1024,n<=64,sr<=40%,kvB<=1k,kp=0,0.0299,2
1024,n<=64,sr<=40%,kvB<=4k,kp<=1k,0.0251,2
1024,n<=64,sr<=40%,kvB<=4k,kp<=2k,0.0115,2
1024,n<=64,sr<=40%,kvB<=4k,kp<=4k,-0.023,2
1024,n<=64,sr<=40%,kvB<=4k,kp<=512,0.0266,2
1024,n<=64,sr<=40%,kvB<=4k,kp<=8k,-0.0138,2
1024,n<=64,sr<=40%,kvB<=4k,kp=0,0.0222,2
1024,n<=64,sr<=5%,kvB<=16k,kp<=1k,0.0428,6
1024,n<=64,sr<=5%,kvB<=16k,kp<=2k,0.0468,6
1024,n<=64,sr<=5%,kvB<=16k,kp<=4k,0.0487,6
1024,n<=64,sr<=5%,kvB<=16k,kp<=512,0.0386,6
1024,n<=64,sr<=5%,kvB<=16k,kp<=8k,0.0358,6
1024,n<=64,sr<=5%,kvB<=16k,kp=0,0.0345,6
1024,n<=64,sr<=5%,kvB<=1k,kp<=1k,0.0057,6
1024,n<=64,sr<=5%,kvB<=1k,kp<=2k,0.0101,6
1024,n<=64,sr<=5%,kvB<=1k,kp<=4k,0.0155,6
1024,n<=64,sr<=5%,kvB<=1k,kp<=512,0.0066,6
1024,n<=64,sr<=5%,kvB<=1k,kp<=8k,0.0045,6
1024,n<=64,sr<=5%,kvB<=1k,kp=0,0.0142,6
1024,n<=64,sr<=5%,kvB<=4k,kp<=1k,0.0363,6
1024,n<=64,sr<=5%,kvB<=4k,kp<=2k,0.0294,6
1024,n<=64,sr<=5%,kvB<=4k,kp<=4k,0.0018,6
1024,n<=64,sr<=5%,kvB<=4k,kp<=512,0.0388,6
1024,n<=64,sr<=5%,kvB<=4k,kp<=8k,0.0052,6
1024,n<=64,sr<=5%,kvB<=4k,kp=0,0.0382,6
1024,n<=64,sr<=70%,kvB<=16k,kp<=1k,-0.0252,2
1024,n<=64,sr<=70%,kvB<=16k,kp<=2k,-0.0088,2
1024,n<=64,sr<=70%,kvB<=16k,kp<=4k,0.0164,2
1024,n<=64,sr<=70%,kvB<=16k,kp<=512,-0.0307,2
1024,n<=64,sr<=70%,kvB<=16k,kp<=8k,0.0146,2
1024,n<=64,sr<=70%,kvB<=16k,kp=0,-0.0353,2
1024,n<=64,sr<=70%,kvB<=1k,kp<=1k,0.0329,2
1024,n<=64,sr<=70%,kvB<=1k,kp<=2k,0.0957,2
1024,n<=64,sr<=70%,kvB<=1k,kp<=4k,0.0937,2
1024,n<=64,sr<=70%,kvB<=1k,kp<=512,0.0335,2
1024,n<=64,sr<=70%,kvB<=1k,kp<=8k,-0.0183,2
1024,n<=64,sr<=70%,kvB<=1k,kp=0,0.045,2
1024,n<=64,sr<=70%,kvB<=4k,kp<=1k,0.003,2
1024,n<=64,sr<=70%,kvB<=4k,kp<=2k,0.0,2
1024,n<=64,sr<=70%,kvB<=4k,kp<=4k,-0.006,2
1024,n<=64,sr<=70%,kvB<=4k,kp<=512,0.0008,2
1024,n<=64,sr<=70%,kvB<=4k,kp<=8k,0.0384,2
1024,n<=64,sr<=70%,kvB<=4k,kp=0,-0.0122,2
1024,n<=64,sr>70%,kvB<=16k,kp<=1k,-0.0992,4
1024,n<=64,sr>70%,kvB<=16k,kp<=2k,-0.055,4
1024,n<=64,sr>70%,kvB<=16k,kp<=4k,0.0149,4
1024,n<=64,sr>70%,kvB<=16k,kp<=512,-0.1263,4
1024,n<=64,sr>70%,kvB<=16k,kp<=8k,0.0069,4
1024,n<=64,sr>70%,kvB<=16k,kp=0,-0.1473,4
1024,n<=64,sr>70%,kvB<=1k,kp<=1k,0.1355,4
1024,n<=64,sr>70%,kvB<=1k,kp<=2k,0.3117,4
1024,n<=64,sr>70%,kvB<=1k,kp<=4k,0.3626,4
1024,n<=64,sr>70%,kvB<=1k,kp<=512,0.1327,4
1024,n<=64,sr>70%,kvB<=1k,kp<=8k,0.2345,4
1024,n<=64,sr>70%,kvB<=1k,kp=0,0.1291,4
1024,n<=64,sr>70%,kvB<=4k,kp<=1k,0.0133,4
1024,n<=64,sr>70%,kvB<=4k,kp<=2k,0.002,4
1024,n<=64,sr>70%,kvB<=4k,kp<=4k,0.0866,4
1024,n<=64,sr>70%,kvB<=4k,kp<=512,-0.0097,4
1024,n<=64,sr>70%,kvB<=4k,kp<=8k,-0.0636,4
1024,n<=64,sr>70%,kvB<=4k,kp=0,-0.0473,4
1024,n<=8,sr<=15%,kvB<=16k,kp<=1k,0.6673,2
1024,n<=8,sr<=15%,kvB<=16k,kp<=2k,0.6078,2
1024,n<=8,sr<=15%,kvB<=16k,kp<=4k,0.5701,2
1024,n<=8,sr<=15%,kvB<=16k,kp<=512,0.7324,2
1024,n<=8,sr<=15%,kvB<=16k,kp<=8k,0.4325,2
1024,n<=8,sr<=15%,kvB<=16k,kp=0,0.9015,2
1024,n<=8,sr<=15%,kvB<=1k,kp<=1k,0.0129,2
1024,n<=8,sr<=15%,kvB<=1k,kp<=2k,0.1346,2
1024,n<=8,sr<=15%,kvB<=1k,kp<=4k,0.028,2
1024,n<=8,sr<=15%,kvB<=1k,kp<=512,0.0387,2
1024,n<=8,sr<=15%,kvB<=1k,kp<=8k,-0.0019,2
1024,n<=8,sr<=15%,kvB<=1k,kp=0,0.1848,2
1024,n<=8,sr<=15%,kvB<=4k,kp<=1k,0.3963,2
1024,n<=8,sr<=15%,kvB<=4k,kp<=2k,0.2567,2
1024,n<=8,sr<=15%,kvB<=4k,kp<=4k,-0.0804,2
1024,n<=8,sr<=15%,kvB<=4k,kp<=512,0.4924,2
1024,n<=8,sr<=15%,kvB<=4k,kp<=8k,-0.0162,2
1024,n<=8,sr<=15%,kvB<=4k,kp=0,0.602,2
1024,n<=8,sr<=40%,kvB<=16k,kp<=1k,0.602,4
1024,n<=8,sr<=40%,kvB<=16k,kp<=2k,0.5017,4
1024,n<=8,sr<=40%,kvB<=16k,kp<=4k,0.5524,4
1024,n<=8,sr<=40%,kvB<=16k,kp<=512,0.7146,4
1024,n<=8,sr<=40%,kvB<=16k,kp<=8k,0.489,4
1024,n<=8,sr<=40%,kvB<=16k,kp=0,0.8571,4
1024,n<=8,sr<=40%,kvB<=1k,kp<=1k,-0.0489,4
1024,n<=8,sr<=40%,kvB<=1k,kp<=2k,-0.0212,4
1024,n<=8,sr<=40%,kvB<=1k,kp<=4k,-0.0671,4
1024,n<=8,sr<=40%,kvB<=1k,kp<=512,0.0422,4
1024,n<=8,sr<=40%,kvB<=1k,kp<=8k,0.2692,4
1024,n<=8,sr<=40%,kvB<=1k,kp=0,0.2391,4
1024,n<=8,sr<=40%,kvB<=4k,kp<=1k,0.407,4
1024,n<=8,sr<=40%,kvB<=4k,kp<=2k,0.2346,4
1024,n<=8,sr<=40%,kvB<=4k,kp<=4k,-0.3104,4
1024,n<=8,sr<=40%,kvB<=4k,kp<=512,0.467,4
1024,n<=8,sr<=40%,kvB<=4k,kp<=8k,0.0104,4
1024,n<=8,sr<=40%,kvB<=4k,kp=0,0.5398,4
1024,n<=8,sr<=70%,kvB<=16k,kp<=1k,0.4963,2
1024,n<=8,sr<=70%,kvB<=16k,kp<=2k,0.3877,2
1024,n<=8,sr<=70%,kvB<=16k,kp<=4k,0.4025,2
1024,n<=8,sr<=70%,kvB<=16k,kp<=512,0.6606,2
1024,n<=8,sr<=70%,kvB<=16k,kp<=8k,0.5587,2
1024,n<=8,sr<=70%,kvB<=16k,kp=0,0.863,2
1024,n<=8,sr<=70%,kvB<=1k,kp<=1k,0.0319,2
1024,n<=8,sr<=70%,kvB<=1k,kp<=2k,0.0162,2
1024,n<=8,sr<=70%,kvB<=1k,kp<=4k,-0.0823,2
1024,n<=8,sr<=70%,kvB<=1k,kp<=512,0.021,2
1024,n<=8,sr<=70%,kvB<=1k,kp<=8k,-0.2787,1
1024,n<=8,sr<=70%,kvB<=1k,kp=0,0.342,2
1024,n<=8,sr<=70%,kvB<=4k,kp<=1k,0.3328,2
1024,n<=8,sr<=70%,kvB<=4k,kp<=2k,0.2401,2
1024,n<=8,sr<=70%,kvB<=4k,kp<=4k,-0.658,2
1024,n<=8,sr<=70%,kvB<=4k,kp<=512,0.3825,2
1024,n<=8,sr<=70%,kvB<=4k,kp<=8k,-0.5069,2
1024,n<=8,sr<=70%,kvB<=4k,kp=0,0.4293,2
1024,n<=8,sr>70%,kvB<=16k,kp<=1k,0.1928,4
1024,n<=8,sr>70%,kvB<=16k,kp<=2k,0.1432,4
1024,n<=8,sr>70%,kvB<=16k,kp<=4k,-0.2401,4
1024,n<=8,sr>70%,kvB<=16k,kp<=512,0.604,4
1024,n<=8,sr>70%,kvB<=16k,kp<=8k,0.8056,4
1024,n<=8,sr>70%,kvB<=16k,kp=0,0.7961,4
1024,n<=8,sr>70%,kvB<=1k,kp<=1k,0.3087,4
1024,n<=8,sr>70%,kvB<=1k,kp<=2k,0.4526,4
1024,n<=8,sr>70%,kvB<=1k,kp<=4k,0.0802,4
1024,n<=8,sr>70%,kvB<=1k,kp<=512,-0.0126,4
1024,n<=8,sr>70%,kvB<=1k,kp<=8k,0.3505,3
1024,n<=8,sr>70%,kvB<=1k,kp=0,0.5353,4
1024,n<=8,sr>70%,kvB<=4k,kp<=1k,0.4359,4
1024,n<=8,sr>70%,kvB<=4k,kp<=2k,0.3416,4
1024,n<=8,sr>70%,kvB<=4k,kp<=4k,0.2841,4
1024,n<=8,sr>70%,kvB<=4k,kp<=512,-0.2825,4
1024,n<=8,sr>70%,kvB<=4k,kp<=8k,-0.0244,4
1024,n<=8,sr>70%,kvB<=4k,kp=0,0.1211,4
2048,n<=128,sr<=15%,kvB<=16k,kp<=1k,0.0108,4
2048,n<=128,sr<=15%,kvB<=16k,kp<=2k,0.0116,4
2048,n<=128,sr<=15%,kvB<=16k,kp<=4k,0.0088,4
2048,n<=128,sr<=15%,kvB<=16k,kp<=512,0.0112,4
2048,n<=128,sr<=15%,kvB<=16k,kp<=8k,-0.0053,4
2048,n<=128,sr<=15%,kvB<=16k,kp=0,0.0096,4
2048,n<=128,sr<=15%,kvB<=1k,kp<=1k,0.0413,4
2048,n<=128,sr<=15%,kvB<=1k,kp<=2k,0.0491,4
2048,n<=128,sr<=15%,kvB<=1k,kp<=4k,0.0688,4
2048,n<=128,sr<=15%,kvB<=1k,kp<=512,0.0421,4
2048,n<=128,sr<=15%,kvB<=1k,kp<=8k,0.0651,4
2048,n<=128,sr<=15%,kvB<=1k,kp=0,0.041,4
2048,n<=128,sr<=15%,kvB<=4k,kp<=1k,0.0043,4
2048,n<=128,sr<=15%,kvB<=4k,kp<=2k,0.005,4
2048,n<=128,sr<=15%,kvB<=4k,kp<=4k,0.001,4
2048,n<=128,sr<=15%,kvB<=4k,kp<=512,0.005,4
2048,n<=128,sr<=15%,kvB<=4k,kp<=8k,0.0047,4
2048,n<=128,sr<=15%,kvB<=4k,kp=0,0.006,4
2048,n<=128,sr<=40%,kvB<=16k,kp<=1k,0.0016,2
2048,n<=128,sr<=40%,kvB<=16k,kp<=2k,0.004,2
2048,n<=128,sr<=40%,kvB<=16k,kp<=4k,0.0137,2
2048,n<=128,sr<=40%,kvB<=16k,kp<=512,-0.0006,2
2048,n<=128,sr<=40%,kvB<=16k,kp<=8k,-0.002,2
2048,n<=128,sr<=40%,kvB<=16k,kp=0,-0.0022,2
2048,n<=128,sr<=40%,kvB<=1k,kp<=1k,0.0605,2
2048,n<=128,sr<=40%,kvB<=1k,kp<=2k,0.0811,2
2048,n<=128,sr<=40%,kvB<=1k,kp<=4k,0.1008,2
2048,n<=128,sr<=40%,kvB<=1k,kp<=512,0.0595,2
2048,n<=128,sr<=40%,kvB<=1k,kp<=8k,0.107,2
2048,n<=128,sr<=40%,kvB<=1k,kp=0,0.0716,2
2048,n<=128,sr<=40%,kvB<=4k,kp<=1k,0.0058,2
2048,n<=128,sr<=40%,kvB<=4k,kp<=2k,-0.0067,2
2048,n<=128,sr<=40%,kvB<=4k,kp<=4k,-0.0126,2
2048,n<=128,sr<=40%,kvB<=4k,kp<=512,0.0034,2
2048,n<=128,sr<=40%,kvB<=4k,kp<=8k,0.0221,2
2048,n<=128,sr<=40%,kvB<=4k,kp=0,0.0071,2
2048,n<=128,sr<=5%,kvB<=16k,kp<=1k,0.0136,8
2048,n<=128,sr<=5%,kvB<=16k,kp<=2k,0.0154,8
2048,n<=128,sr<=5%,kvB<=16k,kp<=4k,0.0138,8
2048,n<=128,sr<=5%,kvB<=16k,kp<=512,0.0138,8
2048,n<=128,sr<=5%,kvB<=16k,kp<=8k,0.0067,8
2048,n<=128,sr<=5%,kvB<=16k,kp=0,0.0129,8
2048,n<=128,sr<=5%,kvB<=1k,kp<=1k,0.003,8
2048,n<=128,sr<=5%,kvB<=1k,kp<=2k,0.0051,8
2048,n<=128,sr<=5%,kvB<=1k,kp<=4k,0.01,8
2048,n<=128,sr<=5%,kvB<=1k,kp<=512,0.004,8
2048,n<=128,sr<=5%,kvB<=1k,kp<=8k,0.0051,8
2048,n<=128,sr<=5%,kvB<=1k,kp=0,0.0035,8
2048,n<=128,sr<=5%,kvB<=4k,kp<=1k,0.0043,8
2048,n<=128,sr<=5%,kvB<=4k,kp<=2k,0.004,8
2048,n<=128,sr<=5%,kvB<=4k,kp<=4k,0.0051,8
2048,n<=128,sr<=5%,kvB<=4k,kp<=512,0.0051,8
2048,n<=128,sr<=5%,kvB<=4k,kp<=8k,0.0056,8
2048,n<=128,sr<=5%,kvB<=4k,kp=0,0.0057,8
2048,n<=128,sr<=70%,kvB<=16k,kp<=1k,-0.0119,2
2048,n<=128,sr<=70%,kvB<=16k,kp<=2k,-0.0126,2
2048,n<=128,sr<=70%,kvB<=16k,kp<=4k,-0.0232,2
2048,n<=128,sr<=70%,kvB<=16k,kp<=512,-0.0099,2
2048,n<=128,sr<=70%,kvB<=16k,kp<=8k,-0.0073,2
2048,n<=128,sr<=70%,kvB<=16k,kp=0,-0.0126,2
2048,n<=128,sr<=70%,kvB<=1k,kp<=1k,-0.0253,2
2048,n<=128,sr<=70%,kvB<=1k,kp<=2k,0.0202,2
2048,n<=128,sr<=70%,kvB<=1k,kp<=4k,0.0689,2
2048,n<=128,sr<=70%,kvB<=1k,kp<=512,0.0017,2
2048,n<=128,sr<=70%,kvB<=1k,kp<=8k,0.051,2
2048,n<=128,sr<=70%,kvB<=1k,kp=0,0.0659,2
2048,n<=128,sr<=70%,kvB<=4k,kp<=1k,-0.0009,2
2048,n<=128,sr<=70%,kvB<=4k,kp<=2k,-0.0163,2
2048,n<=128,sr<=70%,kvB<=4k,kp<=4k,-0.0362,2
2048,n<=128,sr<=70%,kvB<=4k,kp<=512,0.0062,2
2048,n<=128,sr<=70%,kvB<=4k,kp<=8k,-0.004,2
2048,n<=128,sr<=70%,kvB<=4k,kp=0,0.0034,2
2048,n<=128,sr>70%,kvB<=16k,kp<=1k,0.0033,4
2048,n<=128,sr>70%,kvB<=16k,kp<=2k,0.0123,4
2048,n<=128,sr>70%,kvB<=16k,kp<=4k,0.0173,4
2048,n<=128,sr>70%,kvB<=16k,kp<=512,-0.0038,4
2048,n<=128,sr>70%,kvB<=16k,kp<=8k,0.0077,4
2048,n<=128,sr>70%,kvB<=16k,kp=0,-0.0023,4
2048,n<=128,sr>70%,kvB<=1k,kp<=1k,0.1273,4
2048,n<=128,sr>70%,kvB<=1k,kp<=2k,0.1255,4
2048,n<=128,sr>70%,kvB<=1k,kp<=4k,0.2414,4
2048,n<=128,sr>70%,kvB<=1k,kp<=512,0.1503,4
2048,n<=128,sr>70%,kvB<=1k,kp<=8k,0.1934,4
2048,n<=128,sr>70%,kvB<=1k,kp=0,0.2038,4
2048,n<=128,sr>70%,kvB<=4k,kp<=1k,0.0011,4
2048,n<=128,sr>70%,kvB<=4k,kp<=2k,-0.0162,4
2048,n<=128,sr>70%,kvB<=4k,kp<=4k,-0.0967,4
2048,n<=128,sr>70%,kvB<=4k,kp<=512,0.0105,4
2048,n<=128,sr>70%,kvB<=4k,kp<=8k,-0.0282,4
2048,n<=128,sr>70%,kvB<=4k,kp=0,0.0168,4
2048,n<=16,sr<=15%,kvB<=16k,kp<=1k,0.1796,4
2048,n<=16,sr<=15%,kvB<=16k,kp<=2k,0.1763,4
2048,n<=16,sr<=15%,kvB<=16k,kp<=4k,0.1899,4
2048,n<=16,sr<=15%,kvB<=16k,kp<=512,0.1829,4
2048,n<=16,sr<=15%,kvB<=16k,kp<=8k,0.165,4
2048,n<=16,sr<=15%,kvB<=16k,kp=0,0.1902,4
2048,n<=16,sr<=15%,kvB<=1k,kp<=1k,0.0708,4
2048,n<=16,sr<=15%,kvB<=1k,kp<=2k,0.074,4
2048,n<=16,sr<=15%,kvB<=1k,kp<=4k,-0.0655,4
2048,n<=16,sr<=15%,kvB<=1k,kp<=512,0.0778,4
2048,n<=16,sr<=15%,kvB<=1k,kp<=8k,0.2485,4
2048,n<=16,sr<=15%,kvB<=1k,kp=0,0.0784,4
2048,n<=16,sr<=15%,kvB<=4k,kp<=1k,0.1486,4
2048,n<=16,sr<=15%,kvB<=4k,kp<=2k,0.0557,4
2048,n<=16,sr<=15%,kvB<=4k,kp<=4k,0.0017,4
2048,n<=16,sr<=15%,kvB<=4k,kp<=512,0.1667,4
2048,n<=16,sr<=15%,kvB<=4k,kp<=8k,-0.0092,4
2048,n<=16,sr<=15%,kvB<=4k,kp=0,0.1874,4
2048,n<=16,sr<=40%,kvB<=16k,kp<=1k,0.1323,4
2048,n<=16,sr<=40%,kvB<=16k,kp<=2k,0.146,4
2048,n<=16,sr<=40%,kvB<=16k,kp<=4k,0.1431,4
2048,n<=16,sr<=40%,kvB<=16k,kp<=512,0.1228,4
2048,n<=16,sr<=40%,kvB<=16k,kp<=8k,0.2036,4
2048,n<=16,sr<=40%,kvB<=16k,kp=0,0.1282,4
2048,n<=16,sr<=40%,kvB<=1k,kp<=1k,0.063,4
2048,n<=16,sr<=40%,kvB<=1k,kp<=2k,0.0501,4
2048,n<=16,sr<=40%,kvB<=1k,kp<=4k,0.0161,4
2048,n<=16,sr<=40%,kvB<=1k,kp<=512,0.0768,4
2048,n<=16,sr<=40%,kvB<=1k,kp<=8k,0.5132,4
2048,n<=16,sr<=40%,kvB<=1k,kp=0,0.1046,4
2048,n<=16,sr<=40%,kvB<=4k,kp<=1k,0.1827,4
2048,n<=16,sr<=40%,kvB<=4k,kp<=2k,0.0912,4
2048,n<=16,sr<=40%,kvB<=4k,kp<=4k,-0.0174,4
2048,n<=16,sr<=40%,kvB<=4k,kp<=512,0.1774,4
2048,n<=16,sr<=40%,kvB<=4k,kp<=8k,0.0648,4
2048,n<=16,sr<=40%,kvB<=4k,kp=0,0.1805,4
2048,n<=16,sr<=70%,kvB<=16k,kp<=1k,0.1195,2
2048,n<=16,sr<=70%,kvB<=16k,kp<=2k,0.1119,2
2048,n<=16,sr<=70%,kvB<=16k,kp<=4k,0.0731,2
2048,n<=16,sr<=70%,kvB<=16k,kp<=512,0.1168,2
2048,n<=16,sr<=70%,kvB<=16k,kp<=8k,0.1375,2
2048,n<=16,sr<=70%,kvB<=16k,kp=0,0.0942,2
2048,n<=16,sr<=70%,kvB<=1k,kp<=1k,0.0187,2
2048,n<=16,sr<=70%,kvB<=1k,kp<=2k,0.0121,2
2048,n<=16,sr<=70%,kvB<=1k,kp<=4k,0.0061,2
2048,n<=16,sr<=70%,kvB<=1k,kp<=512,0.1103,2
2048,n<=16,sr<=70%,kvB<=1k,kp<=8k,0.095,1
2048,n<=16,sr<=70%,kvB<=1k,kp=0,0.1108,2
2048,n<=16,sr<=70%,kvB<=4k,kp<=1k,0.1676,2
2048,n<=16,sr<=70%,kvB<=4k,kp<=2k,0.1539,2
2048,n<=16,sr<=70%,kvB<=4k,kp<=4k,-0.0827,2
2048,n<=16,sr<=70%,kvB<=4k,kp<=512,0.1491,2
2048,n<=16,sr<=70%,kvB<=4k,kp<=8k,0.0363,2
2048,n<=16,sr<=70%,kvB<=4k,kp=0,0.1006,2
2048,n<=16,sr>70%,kvB<=16k,kp<=1k,0.1724,4
2048,n<=16,sr>70%,kvB<=16k,kp<=2k,0.0693,4
2048,n<=16,sr>70%,kvB<=16k,kp<=4k,0.1213,4
2048,n<=16,sr>70%,kvB<=16k,kp<=512,0.2054,4
2048,n<=16,sr>70%,kvB<=16k,kp<=8k,0.2495,4
2048,n<=16,sr>70%,kvB<=16k,kp=0,0.3147,4
2048,n<=16,sr>70%,kvB<=1k,kp<=1k,0.273,4
2048,n<=16,sr>70%,kvB<=1k,kp<=2k,0.339,4
2048,n<=16,sr>70%,kvB<=1k,kp<=4k,0.3248,4
2048,n<=16,sr>70%,kvB<=1k,kp<=512,0.2699,4
2048,n<=16,sr>70%,kvB<=1k,kp<=8k,2.3015,2
2048,n<=16,sr>70%,kvB<=1k,kp=0,0.2069,4
2048,n<=16,sr>70%,kvB<=4k,kp<=1k,0.1909,4
2048,n<=16,sr>70%,kvB<=4k,kp<=2k,0.2005,4
2048,n<=16,sr>70%,kvB<=4k,kp<=4k,0.0182,4
2048,n<=16,sr>70%,kvB<=4k,kp<=512,0.0805,4
2048,n<=16,sr>70%,kvB<=4k,kp<=8k,0.8562,1
2048,n<=16,sr>70%,kvB<=4k,kp=0,0.1157,4
2048,n<=2,sr<=70%,kvB<=16k,kp<=1k,0.9167,2
2048,n<=2,sr<=70%,kvB<=16k,kp<=2k,0.8849,2
2048,n<=2,sr<=70%,kvB<=16k,kp<=4k,0.8651,2
2048,n<=2,sr<=70%,kvB<=16k,kp<=512,0.954,2
2048,n<=2,sr<=70%,kvB<=16k,kp<=8k,0.893,2
2048,n<=2,sr<=70%,kvB<=16k,kp=0,0.9653,2
2048,n<=2,sr<=70%,kvB<=1k,kp<=1k,0.6445,2
2048,n<=2,sr<=70%,kvB<=1k,kp<=2k,0.1481,2
2048,n<=2,sr<=70%,kvB<=1k,kp<=512,0.187,2
2048,n<=2,sr<=70%,kvB<=1k,kp<=8k,0.878,1
2048,n<=2,sr<=70%,kvB<=1k,kp=0,0.4505,2
2048,n<=2,sr<=70%,kvB<=4k,kp<=1k,0.7473,2
2048,n<=2,sr<=70%,kvB<=4k,kp<=2k,0.2644,2
2048,n<=2,sr<=70%,kvB<=4k,kp<=4k,0.4509,1
2048,n<=2,sr<=70%,kvB<=4k,kp<=512,0.7813,2
2048,n<=2,sr<=70%,kvB<=4k,kp<=8k,-0.2158,2
2048,n<=2,sr<=70%,kvB<=4k,kp=0,0.8292,2
2048,n<=32,sr<=15%,kvB<=16k,kp<=1k,0.0889,6
2048,n<=32,sr<=15%,kvB<=16k,kp<=2k,0.0857,6
2048,n<=32,sr<=15%,kvB<=16k,kp<=4k,0.0808,6
2048,n<=32,sr<=15%,kvB<=16k,kp<=512,0.0852,6
2048,n<=32,sr<=15%,kvB<=16k,kp<=8k,0.0807,6
2048,n<=32,sr<=15%,kvB<=16k,kp=0,0.0799,6
2048,n<=32,sr<=15%,kvB<=1k,kp<=1k,0.0706,6
2048,n<=32,sr<=15%,kvB<=1k,kp<=2k,0.0656,6
2048,n<=32,sr<=15%,kvB<=1k,kp<=4k,0.0502,6
2048,n<=32,sr<=15%,kvB<=1k,kp<=512,0.0747,6
2048,n<=32,sr<=15%,kvB<=1k,kp<=8k,0.031,6
2048,n<=32,sr<=15%,kvB<=1k,kp=0,0.0586,6
2048,n<=32,sr<=15%,kvB<=4k,kp<=1k,0.0801,6
2048,n<=32,sr<=15%,kvB<=4k,kp<=2k,0.0306,6
2048,n<=32,sr<=15%,kvB<=4k,kp<=4k,0.0004,6
2048,n<=32,sr<=15%,kvB<=4k,kp<=512,0.0877,6
2048,n<=32,sr<=15%,kvB<=4k,kp<=8k,0.0098,6
2048,n<=32,sr<=15%,kvB<=4k,kp=0,0.0744,6
2048,n<=32,sr<=40%,kvB<=16k,kp<=1k,0.0611,2
2048,n<=32,sr<=40%,kvB<=16k,kp<=2k,0.076,2
2048,n<=32,sr<=40%,kvB<=16k,kp<=4k,0.0787,2
2048,n<=32,sr<=40%,kvB<=16k,kp<=512,0.0634,2
2048,n<=32,sr<=40%,kvB<=16k,kp<=8k,0.0891,2
2048,n<=32,sr<=40%,kvB<=16k,kp=0,0.0556,2
2048,n<=32,sr<=40%,kvB<=1k,kp<=1k,0.0905,2
2048,n<=32,sr<=40%,kvB<=1k,kp<=2k,0.0732,2
2048,n<=32,sr<=40%,kvB<=1k,kp<=4k,0.0604,2
2048,n<=32,sr<=40%,kvB<=1k,kp<=512,0.1212,2
2048,n<=32,sr<=40%,kvB<=1k,kp<=8k,-0.0233,1
2048,n<=32,sr<=40%,kvB<=1k,kp=0,0.0946,2
2048,n<=32,sr<=40%,kvB<=4k,kp<=1k,0.0906,2
2048,n<=32,sr<=40%,kvB<=4k,kp<=2k,0.0736,2
2048,n<=32,sr<=40%,kvB<=4k,kp<=4k,-0.0312,2
2048,n<=32,sr<=40%,kvB<=4k,kp<=512,0.0932,2
2048,n<=32,sr<=40%,kvB<=4k,kp<=8k,-0.0488,2
2048,n<=32,sr<=40%,kvB<=4k,kp=0,0.069,2
2048,n<=32,sr<=5%,kvB<=16k,kp<=1k,0.0965,2
2048,n<=32,sr<=5%,kvB<=16k,kp<=2k,0.0889,2
2048,n<=32,sr<=5%,kvB<=16k,kp<=4k,0.0791,2
2048,n<=32,sr<=5%,kvB<=16k,kp<=512,0.0953,2
2048,n<=32,sr<=5%,kvB<=16k,kp<=8k,0.0722,2
2048,n<=32,sr<=5%,kvB<=16k,kp=0,0.0907,2
2048,n<=32,sr<=5%,kvB<=1k,kp<=1k,0.0013,2
2048,n<=32,sr<=5%,kvB<=1k,kp<=2k,0.0149,2
2048,n<=32,sr<=5%,kvB<=1k,kp<=4k,-0.0319,2
2048,n<=32,sr<=5%,kvB<=1k,kp<=512,0.0136,2
2048,n<=32,sr<=5%,kvB<=1k,kp<=8k,0.0447,1
2048,n<=32,sr<=5%,kvB<=1k,kp=0,0.0103,2
2048,n<=32,sr<=5%,kvB<=4k,kp<=1k,0.0665,2
2048,n<=32,sr<=5%,kvB<=4k,kp<=2k,0.0278,2
2048,n<=32,sr<=5%,kvB<=4k,kp<=4k,0.0122,2
2048,n<=32,sr<=5%,kvB<=4k,kp<=512,0.0807,2
2048,n<=32,sr<=5%,kvB<=4k,kp<=8k,0.0081,2
2048,n<=32,sr<=5%,kvB<=4k,kp=0,0.0789,2
2048,n<=32,sr<=70%,kvB<=16k,kp<=1k,0.0285,2
2048,n<=32,sr<=70%,kvB<=16k,kp<=2k,0.0351,2
2048,n<=32,sr<=70%,kvB<=16k,kp<=4k,0.0441,2
2048,n<=32,sr<=70%,kvB<=16k,kp<=512,0.0264,2
2048,n<=32,sr<=70%,kvB<=16k,kp<=8k,0.0939,2
2048,n<=32,sr<=70%,kvB<=16k,kp=0,0.0048,2
2048,n<=32,sr<=70%,kvB<=1k,kp<=1k,0.0488,2
2048,n<=32,sr<=70%,kvB<=1k,kp<=2k,0.0122,2
2048,n<=32,sr<=70%,kvB<=1k,kp<=4k,-0.0496,2
2048,n<=32,sr<=70%,kvB<=1k,kp<=512,0.0481,2
2048,n<=32,sr<=70%,kvB<=1k,kp<=8k,0.2554,2
2048,n<=32,sr<=70%,kvB<=1k,kp=0,0.0635,2
2048,n<=32,sr<=70%,kvB<=4k,kp<=1k,0.0704,2
2048,n<=32,sr<=70%,kvB<=4k,kp<=2k,0.1433,2
2048,n<=32,sr<=70%,kvB<=4k,kp<=4k,-0.0178,2
2048,n<=32,sr<=70%,kvB<=4k,kp<=512,0.0594,2
2048,n<=32,sr<=70%,kvB<=4k,kp<=8k,-0.0895,2
2048,n<=32,sr<=70%,kvB<=4k,kp=0,0.0671,2
2048,n<=32,sr>70%,kvB<=16k,kp<=1k,-0.0552,4
2048,n<=32,sr>70%,kvB<=16k,kp<=2k,0.0197,4
2048,n<=32,sr>70%,kvB<=16k,kp<=4k,0.0062,4
2048,n<=32,sr>70%,kvB<=16k,kp<=512,-0.0691,4
2048,n<=32,sr>70%,kvB<=16k,kp<=8k,0.2081,4
2048,n<=32,sr>70%,kvB<=16k,kp=0,-0.1581,4
2048,n<=32,sr>70%,kvB<=1k,kp<=1k,0.3296,4
2048,n<=32,sr>70%,kvB<=1k,kp<=2k,0.2403,4
2048,n<=32,sr>70%,kvB<=1k,kp<=4k,0.0645,4
2048,n<=32,sr>70%,kvB<=1k,kp<=512,0.3511,4
2048,n<=32,sr>70%,kvB<=1k,kp<=8k,0.5977,3
2048,n<=32,sr>70%,kvB<=1k,kp=0,0.2386,4
2048,n<=32,sr>70%,kvB<=4k,kp<=1k,-0.0029,4
2048,n<=32,sr>70%,kvB<=4k,kp<=2k,0.1456,4
2048,n<=32,sr>70%,kvB<=4k,kp<=4k,0.0832,4
2048,n<=32,sr>70%,kvB<=4k,kp<=512,0.0675,4
2048,n<=32,sr>70%,kvB<=4k,kp<=8k,-0.0455,4
2048,n<=32,sr>70%,kvB<=4k,kp=0,0.0252,4
2048,n<=4,sr<=40%,kvB<=16k,kp<=1k,0.7854,2
2048,n<=4,sr<=40%,kvB<=16k,kp<=2k,0.7511,2
2048,n<=4,sr<=40%,kvB<=16k,kp<=4k,0.7629,2
2048,n<=4,sr<=40%,kvB<=16k,kp<=512,0.8328,2
2048,n<=4,sr<=40%,kvB<=16k,kp<=8k,0.9091,2
2048,n<=4,sr<=40%,kvB<=16k,kp=0,0.9094,2
2048,n<=4,sr<=40%,kvB<=1k,kp<=1k,-0.0816,2
2048,n<=4,sr<=40%,kvB<=1k,kp<=2k,0.1318,2
2048,n<=4,sr<=40%,kvB<=1k,kp<=4k,-0.4775,1
2048,n<=4,sr<=40%,kvB<=1k,kp<=512,0.0984,2
2048,n<=4,sr<=40%,kvB<=1k,kp<=8k,-1.2923,2
2048,n<=4,sr<=40%,kvB<=1k,kp=0,0.0579,2
2048,n<=4,sr<=40%,kvB<=4k,kp<=1k,0.5195,2
2048,n<=4,sr<=40%,kvB<=4k,kp<=2k,0.1559,2
2048,n<=4,sr<=40%,kvB<=4k,kp<=4k,0.3055,2
2048,n<=4,sr<=40%,kvB<=4k,kp<=512,0.6224,2
2048,n<=4,sr<=40%,kvB<=4k,kp<=8k,-0.1821,2
2048,n<=4,sr<=40%,kvB<=4k,kp=0,0.678,2
2048,n<=4,sr<=70%,kvB<=16k,kp<=1k,0.7752,2
2048,n<=4,sr<=70%,kvB<=16k,kp<=2k,0.7329,2
2048,n<=4,sr<=70%,kvB<=16k,kp<=4k,0.7498,2
2048,n<=4,sr<=70%,kvB<=16k,kp<=512,0.8225,2
2048,n<=4,sr<=70%,kvB<=16k,kp<=8k,0.9396,2
2048,n<=4,sr<=70%,kvB<=16k,kp=0,0.8667,2
2048,n<=4,sr<=70%,kvB<=1k,kp<=1k,0.0988,2
2048,n<=4,sr<=70%,kvB<=1k,kp<=2k,0.2873,2
2048,n<=4,sr<=70%,kvB<=1k,kp<=4k,1.5291,1
2048,n<=4,sr<=70%,kvB<=1k,kp<=512,0.0691,2
2048,n<=4,sr<=70%,kvB<=1k,kp<=8k,1.0921,2
2048,n<=4,sr<=70%,kvB<=1k,kp=0,-0.1289,2
2048,n<=4,sr<=70%,kvB<=4k,kp<=1k,0.6564,2
2048,n<=4,sr<=70%,kvB<=4k,kp<=2k,0.3584,2
2048,n<=4,sr<=70%,kvB<=4k,kp<=4k,0.3338,2
2048,n<=4,sr<=70%,kvB<=4k,kp<=512,0.6622,2
2048,n<=4,sr<=70%,kvB<=4k,kp<=8k,0.26,1
2048,n<=4,sr<=70%,kvB<=4k,kp=0,0.7039,2
2048,n<=4,sr>70%,kvB<=16k,kp<=1k,0.7618,2
2048,n<=4,sr>70%,kvB<=16k,kp<=2k,0.6296,2
2048,n<=4,sr>70%,kvB<=16k,kp<=4k,0.7118,2
2048,n<=4,sr>70%,kvB<=16k,kp<=512,0.8204,2
2048,n<=4,sr>70%,kvB<=16k,kp<=8k,0.9936,2
2048,n<=4,sr>70%,kvB<=16k,kp=0,0.8218,2
2048,n<=4,sr>70%,kvB<=1k,kp<=1k,0.3297,2
2048,n<=4,sr>70%,kvB<=1k,kp<=2k,0.5634,2
2048,n<=4,sr>70%,kvB<=1k,kp<=4k,0.5087,1
2048,n<=4,sr>70%,kvB<=1k,kp<=512,0.1651,2
2048,n<=4,sr>70%,kvB<=1k,kp<=8k,-4.2509,1
2048,n<=4,sr>70%,kvB<=1k,kp=0,0.0901,2
2048,n<=4,sr>70%,kvB<=4k,kp<=1k,0.6731,2
2048,n<=4,sr>70%,kvB<=4k,kp<=2k,0.6487,2
2048,n<=4,sr>70%,kvB<=4k,kp<=4k,1.0428,2
2048,n<=4,sr>70%,kvB<=4k,kp<=512,0.6606,2
2048,n<=4,sr>70%,kvB<=4k,kp<=8k,0.9576,2
2048,n<=4,sr>70%,kvB<=4k,kp=0,0.6937,2
2048,n<=64,sr<=15%,kvB<=16k,kp<=1k,0.0409,4
2048,n<=64,sr<=15%,kvB<=16k,kp<=2k,0.0389,4
2048,n<=64,sr<=15%,kvB<=16k,kp<=4k,0.0373,4
2048,n<=64,sr<=15%,kvB<=16k,kp<=512,0.0413,4
2048,n<=64,sr<=15%,kvB<=16k,kp<=8k,0.0234,4
2048,n<=64,sr<=15%,kvB<=16k,kp=0,0.0406,4
2048,n<=64,sr<=15%,kvB<=1k,kp<=1k,0.0541,4
2048,n<=64,sr<=15%,kvB<=1k,kp<=2k,0.064,4
2048,n<=64,sr<=15%,kvB<=1k,kp<=4k,0.0619,4
2048,n<=64,sr<=15%,kvB<=1k,kp<=512,0.045,4
2048,n<=64,sr<=15%,kvB<=1k,kp<=8k,0.0622,4
2048,n<=64,sr<=15%,kvB<=1k,kp=0,0.0434,4
2048,n<=64,sr<=15%,kvB<=4k,kp<=1k,0.0234,4
2048,n<=64,sr<=15%,kvB<=4k,kp<=2k,0.0183,4
2048,n<=64,sr<=15%,kvB<=4k,kp<=4k,0.0022,4
2048,n<=64,sr<=15%,kvB<=4k,kp<=512,0.0328,4
2048,n<=64,sr<=15%,kvB<=4k,kp<=8k,0.002,4
2048,n<=64,sr<=15%,kvB<=4k,kp=0,0.0288,4
2048,n<=64,sr<=40%,kvB<=16k,kp<=1k,0.0223,2
2048,n<=64,sr<=40%,kvB<=16k,kp<=2k,0.0264,2
2048,n<=64,sr<=40%,kvB<=16k,kp<=4k,0.0246,2
2048,n<=64,sr<=40%,kvB<=16k,kp<=512,0.0176,2
2048,n<=64,sr<=40%,kvB<=16k,kp<=8k,0.0211,2
2048,n<=64,sr<=40%,kvB<=16k,kp=0,0.0128,2
2048,n<=64,sr<=40%,kvB<=1k,kp<=1k,0.0858,2
2048,n<=64,sr<=40%,kvB<=1k,kp<=2k,0.0971,2
2048,n<=64,sr<=40%,kvB<=1k,kp<=4k,0.1103,2
2048,n<=64,sr<=40%,kvB<=1k,kp<=512,0.0654,2
2048,n<=64,sr<=40%,kvB<=1k,kp<=8k,0.1072,2
2048,n<=64,sr<=40%,kvB<=1k,kp=0,0.0601,2
2048,n<=64,sr<=40%,kvB<=4k,kp<=1k,0.002,2
2048,n<=64,sr<=40%,kvB<=4k,kp<=2k,0.0105,2
2048,n<=64,sr<=40%,kvB<=4k,kp<=4k,-0.01,2
2048,n<=64,sr<=40%,kvB<=4k,kp<=512,0.0053,2
2048,n<=64,sr<=40%,kvB<=4k,kp<=8k,-0.0272,2
2048,n<=64,sr<=40%,kvB<=4k,kp=0,0.0113,2
2048,n<=64,sr<=5%,kvB<=16k,kp<=1k,0.0486,6
2048,n<=64,sr<=5%,kvB<=16k,kp<=2k,0.0424,6
2048,n<=64,sr<=5%,kvB<=16k,kp<=4k,0.0386,6
2048,n<=64,sr<=5%,kvB<=16k,kp<=512,0.0469,6
2048,n<=64,sr<=5%,kvB<=16k,kp<=8k,0.0316,6
2048,n<=64,sr<=5%,kvB<=16k,kp=0,0.0432,6
2048,n<=64,sr<=5%,kvB<=1k,kp<=1k,0.0162,6
2048,n<=64,sr<=5%,kvB<=1k,kp<=2k,0.0162,6
2048,n<=64,sr<=5%,kvB<=1k,kp<=4k,0.0178,6
2048,n<=64,sr<=5%,kvB<=1k,kp<=512,0.0135,6
2048,n<=64,sr<=5%,kvB<=1k,kp<=8k,0.0126,6
2048,n<=64,sr<=5%,kvB<=1k,kp=0,0.0068,6
2048,n<=64,sr<=5%,kvB<=4k,kp<=1k,0.0276,6
2048,n<=64,sr<=5%,kvB<=4k,kp<=2k,0.0169,6
2048,n<=64,sr<=5%,kvB<=4k,kp<=4k,0.005,6
2048,n<=64,sr<=5%,kvB<=4k,kp<=512,0.0313,6
2048,n<=64,sr<=5%,kvB<=4k,kp<=8k,0.0083,6
2048,n<=64,sr<=5%,kvB<=4k,kp=0,0.0309,6
2048,n<=64,sr<=70%,kvB<=16k,kp<=1k,-0.0056,2
2048,n<=64,sr<=70%,kvB<=16k,kp<=2k,-0.0001,2
2048,n<=64,sr<=70%,kvB<=16k,kp<=4k,0.0129,2
2048,n<=64,sr<=70%,kvB<=16k,kp<=512,-0.0143,2
2048,n<=64,sr<=70%,kvB<=16k,kp<=8k,0.0311,2
2048,n<=64,sr<=70%,kvB<=16k,kp=0,-0.0203,2
2048,n<=64,sr<=70%,kvB<=1k,kp<=1k,0.0405,2
2048,n<=64,sr<=70%,kvB<=1k,kp<=2k,0.0412,2
2048,n<=64,sr<=70%,kvB<=1k,kp<=4k,0.0525,2
2048,n<=64,sr<=70%,kvB<=1k,kp<=512,0.0693,2
2048,n<=64,sr<=70%,kvB<=1k,kp<=8k,0.0,2
2048,n<=64,sr<=70%,kvB<=1k,kp=0,0.081,2
2048,n<=64,sr<=70%,kvB<=4k,kp<=1k,0.0145,2
2048,n<=64,sr<=70%,kvB<=4k,kp<=2k,0.006,2
2048,n<=64,sr<=70%,kvB<=4k,kp<=4k,0.0607,2
2048,n<=64,sr<=70%,kvB<=4k,kp<=512,-0.0035,2
2048,n<=64,sr<=70%,kvB<=4k,kp<=8k,-0.0621,2
2048,n<=64,sr<=70%,kvB<=4k,kp=0,-0.0174,2
2048,n<=64,sr>70%,kvB<=16k,kp<=1k,-0.0491,4
2048,n<=64,sr>70%,kvB<=16k,kp<=2k,0.0071,4
2048,n<=64,sr>70%,kvB<=16k,kp<=4k,0.0492,4
2048,n<=64,sr>70%,kvB<=16k,kp<=512,-0.0661,4
2048,n<=64,sr>70%,kvB<=16k,kp<=8k,0.0386,4
2048,n<=64,sr>70%,kvB<=16k,kp=0,-0.0894,4
2048,n<=64,sr>70%,kvB<=1k,kp<=1k,0.2677,4
2048,n<=64,sr>70%,kvB<=1k,kp<=2k,0.2754,4
2048,n<=64,sr>70%,kvB<=1k,kp<=4k,0.2286,4
2048,n<=64,sr>70%,kvB<=1k,kp<=512,0.3157,4
2048,n<=64,sr>70%,kvB<=1k,kp<=8k,0.1928,4
2048,n<=64,sr>70%,kvB<=1k,kp=0,0.3622,4
2048,n<=64,sr>70%,kvB<=4k,kp<=1k,0.004,4
2048,n<=64,sr>70%,kvB<=4k,kp<=2k,-0.0079,4
2048,n<=64,sr>70%,kvB<=4k,kp<=4k,-0.0465,4
2048,n<=64,sr>70%,kvB<=4k,kp<=512,-0.0378,4
2048,n<=64,sr>70%,kvB<=4k,kp<=8k,0.125,4
2048,n<=64,sr>70%,kvB<=4k,kp=0,-0.0032,4
2048,n<=8,sr<=15%,kvB<=16k,kp<=1k,0.4665,2
2048,n<=8,sr<=15%,kvB<=16k,kp<=2k,0.4497,2
2048,n<=8,sr<=15%,kvB<=16k,kp<=4k,0.4487,2
2048,n<=8,sr<=15%,kvB<=16k,kp<=512,0.4632,2
2048,n<=8,sr<=15%,kvB<=16k,kp<=8k,0.4451,2
2048,n<=8,sr<=15%,kvB<=16k,kp=0,0.4908,2
2048,n<=8,sr<=15%,kvB<=1k,kp<=1k,0.0587,2
2048,n<=8,sr<=15%,kvB<=1k,kp<=2k,0.1234,2
2048,n<=8,sr<=15%,kvB<=1k,kp<=4k,0.5231,2
2048,n<=8,sr<=15%,kvB<=1k,kp<=512,0.0903,2
2048,n<=8,sr<=15%,kvB<=1k,kp<=8k,-0.8861,2
2048,n<=8,sr<=15%,kvB<=1k,kp=0,0.0864,2
2048,n<=8,sr<=15%,kvB<=4k,kp<=1k,0.3104,2
2048,n<=8,sr<=15%,kvB<=4k,kp<=2k,0.107,2
2048,n<=8,sr<=15%,kvB<=4k,kp<=4k,0.2229,2
2048,n<=8,sr<=15%,kvB<=4k,kp<=512,0.3897,2
2048,n<=8,sr<=15%,kvB<=4k,kp<=8k,0.0313,1
2048,n<=8,sr<=15%,kvB<=4k,kp=0,0.4361,2
2048,n<=8,sr<=40%,kvB<=16k,kp<=1k,0.414,4
2048,n<=8,sr<=40%,kvB<=16k,kp<=2k,0.4307,4
2048,n<=8,sr<=40%,kvB<=16k,kp<=4k,0.4599,4
2048,n<=8,sr<=40%,kvB<=16k,kp<=512,0.3884,4
2048,n<=8,sr<=40%,kvB<=16k,kp<=8k,0.5156,4
2048,n<=8,sr<=40%,kvB<=16k,kp=0,0.4099,4
2048,n<=8,sr<=40%,kvB<=1k,kp<=1k,-0.0094,4
2048,n<=8,sr<=40%,kvB<=1k,kp<=2k,0.075,4
2048,n<=8,sr<=40%,kvB<=1k,kp<=4k,0.5258,3
2048,n<=8,sr<=40%,kvB<=1k,kp<=512,0.0578,4
2048,n<=8,sr<=40%,kvB<=1k,kp<=8k,0.2117,3
2048,n<=8,sr<=40%,kvB<=1k,kp=0,0.1213,4
2048,n<=8,sr<=40%,kvB<=4k,kp<=1k,0.4358,4
2048,n<=8,sr<=40%,kvB<=4k,kp<=2k,0.2645,4
2048,n<=8,sr<=40%,kvB<=4k,kp<=4k,0.0758,4
2048,n<=8,sr<=40%,kvB<=4k,kp<=512,0.447,4
2048,n<=8,sr<=40%,kvB<=4k,kp<=8k,0.1099,2
2048,n<=8,sr<=40%,kvB<=4k,kp=0,0.4433,4
2048,n<=8,sr<=70%,kvB<=16k,kp<=1k,0.3026,2
2048,n<=8,sr<=70%,kvB<=16k,kp<=2k,0.3599,2
2048,n<=8,sr<=70%,kvB<=16k,kp<=4k,0.466,2
2048,n<=8,sr<=70%,kvB<=16k,kp<=512,0.269,2
2048,n<=8,sr<=70%,kvB<=16k,kp<=8k,0.519,2
2048,n<=8,sr<=70%,kvB<=16k,kp=0,0.2901,2
2048,n<=8,sr<=70%,kvB<=1k,kp<=1k,-0.1221,2
2048,n<=8,sr<=70%,kvB<=1k,kp<=2k,0.0593,2
2048,n<=8,sr<=70%,kvB<=1k,kp<=4k,-0.2685,2
2048,n<=8,sr<=70%,kvB<=1k,kp<=512,0.1338,2
2048,n<=8,sr<=70%,kvB<=1k,kp<=8k,1.1103,2
2048,n<=8,sr<=70%,kvB<=1k,kp=0,0.0423,2
2048,n<=8,sr<=70%,kvB<=4k,kp<=1k,0.4344,2
2048,n<=8,sr<=70%,kvB<=4k,kp<=2k,0.4042,2
2048,n<=8,sr<=70%,kvB<=4k,kp<=4k,0.1257,2
2048,n<=8,sr<=70%,kvB<=4k,kp<=512,0.4578,2
2048,n<=8,sr<=70%,kvB<=4k,kp<=8k,0.3055,2
2048,n<=8,sr<=70%,kvB<=4k,kp=0,0.4032,2
2048,n<=8,sr>70%,kvB<=16k,kp<=1k,0.1564,4
2048,n<=8,sr>70%,kvB<=16k,kp<=2k,0.2107,4
2048,n<=8,sr>70%,kvB<=16k,kp<=4k,0.4521,4
2048,n<=8,sr>70%,kvB<=16k,kp<=512,0.0859,4
2048,n<=8,sr>70%,kvB<=16k,kp<=8k,0.7423,4
2048,n<=8,sr>70%,kvB<=16k,kp=0,0.061,4
2048,n<=8,sr>70%,kvB<=1k,kp<=1k,-0.179,4
2048,n<=8,sr>70%,kvB<=1k,kp<=2k,0.4146,4
2048,n<=8,sr>70%,kvB<=1k,kp<=4k,1.1167,2
2048,n<=8,sr>70%,kvB<=1k,kp<=512,0.5421,4
2048,n<=8,sr>70%,kvB<=1k,kp<=8k,-1.6599,2
2048,n<=8,sr>70%,kvB<=1k,kp=0,0.1555,4
2048,n<=8,sr>70%,kvB<=4k,kp<=1k,0.3863,4
2048,n<=8,sr>70%,kvB<=4k,kp<=2k,0.5069,4
2048,n<=8,sr>70%,kvB<=4k,kp<=4k,0.3922,4
2048,n<=8,sr>70%,kvB<=4k,kp<=512,0.4734,4
2048,n<=8,sr>70%,kvB<=4k,kp<=8k,0.6158,2
2048,n<=8,sr>70%,kvB<=4k,kp=0,0.399,4
