pc,n_label,skew_rate_label,kv_big_label,kp_label,alpha,n_samples
0,n<=128,sr<=15%,kvB<=16k,kp=0,0.0094,4
0,n<=128,sr<=15%,kvB<=1k,kp=0,0.0114,4
0,n<=128,sr<=15%,kvB<=4k,kp=0,0.0067,4
0,n<=128,sr<=40%,kvB<=16k,kp=0,-0.0197,2
0,n<=128,sr<=40%,kvB<=1k,kp=0,0.0011,2
0,n<=128,sr<=40%,kvB<=4k,kp=0,-0.0191,2
0,n<=128,sr<=5%,kvB<=16k,kp=0,0.0116,8
0,n<=128,sr<=5%,kvB<=1k,kp=0,-0.0007,8
0,n<=128,sr<=5%,kvB<=4k,kp=0,0.0113,8
0,n<=128,sr<=70%,kvB<=16k,kp=0,-0.0467,2
0,n<=128,sr<=70%,kvB<=1k,kp=0,-0.0383,2
0,n<=128,sr<=70%,kvB<=4k,kp=0,-0.0507,2
0,n<=128,sr>70%,kvB<=16k,kp=0,-0.1459,4
0,n<=128,sr>70%,kvB<=1k,kp=0,-0.02,4
0,n<=128,sr>70%,kvB<=4k,kp=0,-0.1259,4
0,n<=16,sr<=15%,kvB<=16k,kp=0,0.0096,4
0,n<=16,sr<=15%,kvB<=1k,kp=0,0.0368,4
0,n<=16,sr<=15%,kvB<=4k,kp=0,-0.0147,4
0,n<=16,sr<=40%,kvB<=16k,kp=0,-0.0061,4
0,n<=16,sr<=40%,kvB<=1k,kp=0,0.098,4
0,n<=16,sr<=40%,kvB<=4k,kp=0,0.0019,4
0,n<=16,sr<=70%,kvB<=16k,kp=0,-0.0208,2
0,n<=16,sr<=70%,kvB<=1k,kp=0,0.0944,2
0,n<=16,sr<=70%,kvB<=4k,kp=0,-0.0431,2
0,n<=16,sr>70%,kvB<=16k,kp=0,0.0074,4
0,n<=16,sr>70%,kvB<=1k,kp=0,0.2362,4
0,n<=16,sr>70%,kvB<=4k,kp=0,-0.0175,4
0,n<=2,sr<=70%,kvB<=16k,kp=0,-0.0618,2
0,n<=2,sr<=70%,kvB<=1k,kp=0,0.2095,2
0,n<=2,sr<=70%,kvB<=4k,kp=0,0.132,2
0,n<=256,sr<=15%,kvB<=16k,kp=0,-0.0037,4
0,n<=256,sr<=15%,kvB<=1k,kp=0,0.0105,4
0,n<=256,sr<=15%,kvB<=4k,kp=0,-0.0012,4
0,n<=256,sr<=40%,kvB<=16k,kp=0,-0.0065,2
0,n<=256,sr<=40%,kvB<=1k,kp=0,0.0152,2
0,n<=256,sr<=40%,kvB<=4k,kp=0,-0.0067,2
0,n<=256,sr<=5%,kvB<=16k,kp=0,-0.002,8
0,n<=256,sr<=5%,kvB<=1k,kp=0,0.0008,8
0,n<=256,sr<=5%,kvB<=4k,kp=0,-0.0003,8
0,n<=256,sr<=70%,kvB<=16k,kp=0,-0.0157,2
0,n<=256,sr<=70%,kvB<=1k,kp=0,-0.0115,2
0,n<=256,sr<=70%,kvB<=4k,kp=0,-0.0145,2
0,n<=256,sr>70%,kvB<=16k,kp=0,-0.0425,4
0,n<=256,sr>70%,kvB<=1k,kp=0,0.0106,4
0,n<=256,sr>70%,kvB<=4k,kp=0,-0.0229,4
0,n<=32,sr<=15%,kvB<=16k,kp=0,0.0021,6
0,n<=32,sr<=15%,kvB<=1k,kp=0,0.1286,6
0,n<=32,sr<=15%,kvB<=4k,kp=0,-0.0072,6
0,n<=32,sr<=40%,kvB<=16k,kp=0,-0.0114,2
0,n<=32,sr<=40%,kvB<=1k,kp=0,0.1427,2
0,n<=32,sr<=40%,kvB<=4k,kp=0,-0.0046,2
0,n<=32,sr<=5%,kvB<=16k,kp=0,0.0015,2
0,n<=32,sr<=5%,kvB<=1k,kp=0,0.0833,2
0,n<=32,sr<=5%,kvB<=4k,kp=0,-0.0016,2
0,n<=32,sr<=70%,kvB<=16k,kp=0,-0.0261,2
0,n<=32,sr<=70%,kvB<=1k,kp=0,0.0659,2
0,n<=32,sr<=70%,kvB<=4k,kp=0,-0.0164,2
0,n<=32,sr>70%,kvB<=16k,kp=0,0.0045,4
0,n<=32,sr>70%,kvB<=1k,kp=0,0.3763,4
0,n<=32,sr>70%,kvB<=4k,kp=0,0.0161,4
0,n<=4,sr<=40%,kvB<=16k,kp=0,0.0249,2
0,n<=4,sr<=40%,kvB<=1k,kp=0,0.1018,4
0,n<=4,sr<=40%,kvB<=4k,kp=0,0.0366,3
0,n<=4,sr<=70%,kvB<=16k,kp=0,0.0247,2
0,n<=4,sr<=70%,kvB<=1k,kp=0,0.1934,2
0,n<=4,sr<=70%,kvB<=4k,kp=0,-0.1823,2
0,n<=4,sr>70%,kvB<=16k,kp=0,0.4226,2
0,n<=4,sr>70%,kvB<=1k,kp=0,0.2522,2
0,n<=4,sr>70%,kvB<=4k,kp=0,0.2653,2
0,n<=64,sr<=15%,kvB<=16k,kp=0,0.0243,4
0,n<=64,sr<=15%,kvB<=1k,kp=0,0.0281,4
0,n<=64,sr<=15%,kvB<=4k,kp=0,0.0187,4
0,n<=64,sr<=40%,kvB<=16k,kp=0,-0.0172,2
0,n<=64,sr<=40%,kvB<=1k,kp=0,0.0002,2
0,n<=64,sr<=40%,kvB<=4k,kp=0,-0.0345,2
0,n<=64,sr<=5%,kvB<=16k,kp=0,0.056,6
0,n<=64,sr<=5%,kvB<=1k,kp=0,0.0381,6
0,n<=64,sr<=5%,kvB<=4k,kp=0,0.0537,6
0,n<=64,sr<=70%,kvB<=16k,kp=0,-0.1172,2
0,n<=64,sr<=70%,kvB<=1k,kp=0,-0.1289,2
0,n<=64,sr<=70%,kvB<=4k,kp=0,-0.1265,2
0,n<=64,sr>70%,kvB<=16k,kp=0,-0.3646,4
0,n<=64,sr>70%,kvB<=1k,kp=0,-0.2734,4
0,n<=64,sr>70%,kvB<=4k,kp=0,-0.3701,4
0,n<=8,sr<=15%,kvB<=16k,kp=0,0.0551,2
0,n<=8,sr<=15%,kvB<=1k,kp=0,0.0231,2
0,n<=8,sr<=15%,kvB<=4k,kp=0,0.0263,2
0,n<=8,sr<=40%,kvB<=16k,kp=0,0.0221,4
0,n<=8,sr<=40%,kvB<=1k,kp=0,0.0822,4
0,n<=8,sr<=40%,kvB<=4k,kp=0,0.0014,4
0,n<=8,sr<=70%,kvB<=16k,kp=0,-0.0034,2
0,n<=8,sr<=70%,kvB<=1k,kp=0,-0.0064,2
0,n<=8,sr<=70%,kvB<=4k,kp=0,-0.0402,2
0,n<=8,sr>70%,kvB<=16k,kp=0,0.041,4
0,n<=8,sr>70%,kvB<=1k,kp=0,0.0322,4
0,n<=8,sr>70%,kvB<=4k,kp=0,0.1588,4
16,n<=128,sr<=15%,kvB<=16k,kp<=1k,0.0022,4
16,n<=128,sr<=15%,kvB<=16k,kp<=2k,0.0022,4
16,n<=128,sr<=15%,kvB<=16k,kp<=4k,0.0018,4
16,n<=128,sr<=15%,kvB<=16k,kp<=512,0.0023,4
16,n<=128,sr<=15%,kvB<=16k,kp<=8k,0.0018,4
16,n<=128,sr<=15%,kvB<=16k,kp=0,0.0023,4
16,n<=128,sr<=15%,kvB<=1k,kp<=1k,0.001,4
16,n<=128,sr<=15%,kvB<=1k,kp<=2k,-0.0021,4
16,n<=128,sr<=15%,kvB<=1k,kp<=4k,-0.0003,4
16,n<=128,sr<=15%,kvB<=1k,kp<=512,0.0019,4
16,n<=128,sr<=15%,kvB<=1k,kp<=8k,0.0021,4
16,n<=128,sr<=15%,kvB<=1k,kp=0,0.0022,4
16,n<=128,sr<=15%,kvB<=4k,kp<=1k,0.0024,4
16,n<=128,sr<=15%,kvB<=4k,kp<=2k,0.0018,4
16,n<=128,sr<=15%,kvB<=4k,kp<=4k,0.0004,4
16,n<=128,sr<=15%,kvB<=4k,kp<=512,0.0022,4
16,n<=128,sr<=15%,kvB<=4k,kp<=8k,-0.0009,4
16,n<=128,sr<=15%,kvB<=4k,kp=0,0.002,4
16,n<=128,sr<=40%,kvB<=16k,kp<=1k,0.0011,2
16,n<=128,sr<=40%,kvB<=16k,kp<=2k,0.001,2
16,n<=128,sr<=40%,kvB<=16k,kp<=4k,0.0005,2
16,n<=128,sr<=40%,kvB<=16k,kp<=512,0.0009,2
16,n<=128,sr<=40%,kvB<=16k,kp<=8k,0.0006,2
16,n<=128,sr<=40%,kvB<=16k,kp=0,0.0009,2
16,n<=128,sr<=40%,kvB<=1k,kp<=1k,0.0001,2
16,n<=128,sr<=40%,kvB<=1k,kp<=2k,-0.0001,2
16,n<=128,sr<=40%,kvB<=1k,kp<=4k,-0.0049,2
16,n<=128,sr<=40%,kvB<=1k,kp<=512,0.0021,2
16,n<=128,sr<=40%,kvB<=1k,kp<=8k,0.0006,2
16,n<=128,sr<=40%,kvB<=1k,kp=0,0.0012,2
16,n<=128,sr<=40%,kvB<=4k,kp<=1k,0.0004,2
16,n<=128,sr<=40%,kvB<=4k,kp<=2k,0.0004,2
16,n<=128,sr<=40%,kvB<=4k,kp<=4k,-0.0001,2
16,n<=128,sr<=40%,kvB<=4k,kp<=512,0.0005,2
16,n<=128,sr<=40%,kvB<=4k,kp<=8k,-0.0008,2
16,n<=128,sr<=40%,kvB<=4k,kp=0,0.0005,2
16,n<=128,sr<=5%,kvB<=16k,kp<=1k,0.0035,8
16,n<=128,sr<=5%,kvB<=16k,kp<=2k,0.0035,8
16,n<=128,sr<=5%,kvB<=16k,kp<=4k,0.0035,8
16,n<=128,sr<=5%,kvB<=16k,kp<=512,0.0036,8
16,n<=128,sr<=5%,kvB<=16k,kp<=8k,0.003,8
16,n<=128,sr<=5%,kvB<=16k,kp=0,0.0036,8
16,n<=128,sr<=5%,kvB<=1k,kp<=1k,-0.0006,8
16,n<=128,sr<=5%,kvB<=1k,kp<=2k,-0.0009,8
16,n<=128,sr<=5%,kvB<=1k,kp<=4k,-0.0021,8
16,n<=128,sr<=5%,kvB<=1k,kp<=512,0.0007,8
16,n<=128,sr<=5%,kvB<=1k,kp<=8k,0.0003,8
16,n<=128,sr<=5%,kvB<=1k,kp=0,0.0001,8
16,n<=128,sr<=5%,kvB<=4k,kp<=1k,0.0033,8
16,n<=128,sr<=5%,kvB<=4k,kp<=2k,0.003,8
16,n<=128,sr<=5%,kvB<=4k,kp<=4k,0.0007,8
16,n<=128,sr<=5%,kvB<=4k,kp<=512,0.003,8
16,n<=128,sr<=5%,kvB<=4k,kp<=8k,0.0004,8
16,n<=128,sr<=5%,kvB<=4k,kp=0,0.0034,8
16,n<=128,sr<=70%,kvB<=16k,kp<=1k,-0.0005,2
16,n<=128,sr<=70%,kvB<=16k,kp<=2k,-0.0013,2
16,n<=128,sr<=70%,kvB<=16k,kp<=4k,-0.0016,2
16,n<=128,sr<=70%,kvB<=16k,kp<=512,-0.0038,2
16,n<=128,sr<=70%,kvB<=16k,kp<=8k,-0.0022,2
16,n<=128,sr<=70%,kvB<=16k,kp=0,-0.0006,2
16,n<=128,sr<=70%,kvB<=1k,kp<=1k,-0.0019,2
16,n<=128,sr<=70%,kvB<=1k,kp<=2k,0.0006,2
16,n<=128,sr<=70%,kvB<=1k,kp<=4k,0.0025,2
16,n<=128,sr<=70%,kvB<=1k,kp<=512,-0.0021,2
16,n<=128,sr<=70%,kvB<=1k,kp<=8k,0.0,2
16,n<=128,sr<=70%,kvB<=1k,kp=0,-0.0004,2
16,n<=128,sr<=70%,kvB<=4k,kp<=1k,-0.0018,2
16,n<=128,sr<=70%,kvB<=4k,kp<=2k,-0.0014,2
16,n<=128,sr<=70%,kvB<=4k,kp<=4k,-0.0006,2
16,n<=128,sr<=70%,kvB<=4k,kp<=512,-0.0015,2
16,n<=128,sr<=70%,kvB<=4k,kp<=8k,0.0061,2
16,n<=128,sr<=70%,kvB<=4k,kp=0,-0.0008,2
16,n<=128,sr>70%,kvB<=16k,kp<=1k,0.0061,4
16,n<=128,sr>70%,kvB<=16k,kp<=2k,0.0058,4
16,n<=128,sr>70%,kvB<=16k,kp<=4k,0.0013,4
16,n<=128,sr>70%,kvB<=16k,kp<=512,0.0074,4
16,n<=128,sr>70%,kvB<=16k,kp<=8k,0.0003,4
16,n<=128,sr>70%,kvB<=16k,kp=0,0.0081,4
16,n<=128,sr>70%,kvB<=1k,kp<=1k,0.0043,4
16,n<=128,sr>70%,kvB<=1k,kp<=2k,0.0081,4
16,n<=128,sr>70%,kvB<=1k,kp<=4k,-0.0017,4
16,n<=128,sr>70%,kvB<=1k,kp<=512,0.0048,4
16,n<=128,sr>70%,kvB<=1k,kp<=8k,0.003,4
16,n<=128,sr>70%,kvB<=1k,kp=0,0.0076,4
16,n<=128,sr>70%,kvB<=4k,kp<=1k,0.0035,4
16,n<=128,sr>70%,kvB<=4k,kp<=2k,0.004,4
16,n<=128,sr>70%,kvB<=4k,kp<=4k,0.0034,4
16,n<=128,sr>70%,kvB<=4k,kp<=512,0.0053,4
16,n<=128,sr>70%,kvB<=4k,kp<=8k,0.004,4
16,n<=128,sr>70%,kvB<=4k,kp=0,0.0056,4
16,n<=16,sr<=15%,kvB<=16k,kp<=1k,0.0843,4
16,n<=16,sr<=15%,kvB<=16k,kp<=2k,0.0875,4
16,n<=16,sr<=15%,kvB<=16k,kp<=4k,0.0382,4
16,n<=16,sr<=15%,kvB<=16k,kp<=512,0.0818,4
16,n<=16,sr<=15%,kvB<=16k,kp<=8k,0.0186,4
16,n<=16,sr<=15%,kvB<=16k,kp=0,0.0738,4
16,n<=16,sr<=15%,kvB<=1k,kp<=1k,0.0739,4
16,n<=16,sr<=15%,kvB<=1k,kp<=2k,0.0448,4
16,n<=16,sr<=15%,kvB<=1k,kp<=4k,0.0836,4
16,n<=16,sr<=15%,kvB<=1k,kp<=512,0.1274,4
16,n<=16,sr<=15%,kvB<=1k,kp<=8k,0.0782,4
16,n<=16,sr<=15%,kvB<=1k,kp=0,0.1467,4
16,n<=16,sr<=15%,kvB<=4k,kp<=1k,0.1017,4
16,n<=16,sr<=15%,kvB<=4k,kp<=2k,0.0738,4
16,n<=16,sr<=15%,kvB<=4k,kp<=4k,0.0255,4
16,n<=16,sr<=15%,kvB<=4k,kp<=512,0.0913,4
16,n<=16,sr<=15%,kvB<=4k,kp<=8k,0.0235,4
16,n<=16,sr<=15%,kvB<=4k,kp=0,0.101,4
16,n<=16,sr<=40%,kvB<=16k,kp<=1k,0.1323,4
16,n<=16,sr<=40%,kvB<=16k,kp<=2k,0.0909,4
16,n<=16,sr<=40%,kvB<=16k,kp<=4k,0.0314,4
16,n<=16,sr<=40%,kvB<=16k,kp<=512,0.1298,4
16,n<=16,sr<=40%,kvB<=16k,kp<=8k,0.0278,4
16,n<=16,sr<=40%,kvB<=16k,kp=0,0.121,4
16,n<=16,sr<=40%,kvB<=1k,kp<=1k,0.0644,4
16,n<=16,sr<=40%,kvB<=1k,kp<=2k,0.0351,4
16,n<=16,sr<=40%,kvB<=1k,kp<=4k,0.081,4
16,n<=16,sr<=40%,kvB<=1k,kp<=512,0.1272,4
16,n<=16,sr<=40%,kvB<=1k,kp<=8k,0.0773,4
16,n<=16,sr<=40%,kvB<=1k,kp=0,0.1348,4
16,n<=16,sr<=40%,kvB<=4k,kp<=1k,0.0994,4
16,n<=16,sr<=40%,kvB<=4k,kp<=2k,0.1082,4
16,n<=16,sr<=40%,kvB<=4k,kp<=4k,0.0983,4
16,n<=16,sr<=40%,kvB<=4k,kp<=512,0.1545,4
16,n<=16,sr<=40%,kvB<=4k,kp<=8k,0.1077,4
16,n<=16,sr<=40%,kvB<=4k,kp=0,0.1149,4
16,n<=16,sr<=70%,kvB<=16k,kp<=1k,0.3049,2
16,n<=16,sr<=70%,kvB<=16k,kp<=2k,0.2617,2
16,n<=16,sr<=70%,kvB<=16k,kp<=4k,0.241,2
16,n<=16,sr<=70%,kvB<=16k,kp<=512,0.3369,2
16,n<=16,sr<=70%,kvB<=16k,kp<=8k,0.3552,2
16,n<=16,sr<=70%,kvB<=16k,kp=0,0.5013,2
16,n<=16,sr<=70%,kvB<=1k,kp<=1k,0.0007,2
16,n<=16,sr<=70%,kvB<=1k,kp<=2k,0.0382,2
16,n<=16,sr<=70%,kvB<=1k,kp<=4k,0.029,2
16,n<=16,sr<=70%,kvB<=1k,kp<=512,0.0786,2
16,n<=16,sr<=70%,kvB<=1k,kp<=8k,0.0926,2
16,n<=16,sr<=70%,kvB<=1k,kp=0,0.0458,2
16,n<=16,sr<=70%,kvB<=4k,kp<=1k,0.3589,2
16,n<=16,sr<=70%,kvB<=4k,kp<=2k,0.5426,2
16,n<=16,sr<=70%,kvB<=4k,kp<=4k,0.4859,2
16,n<=16,sr<=70%,kvB<=4k,kp<=512,0.4262,2
16,n<=16,sr<=70%,kvB<=4k,kp<=8k,0.8052,2
16,n<=16,sr<=70%,kvB<=4k,kp=0,0.4008,2
16,n<=16,sr>70%,kvB<=16k,kp<=1k,0.8585,4
16,n<=16,sr>70%,kvB<=16k,kp<=2k,0.7503,4
16,n<=16,sr>70%,kvB<=16k,kp<=4k,0.8085,4
16,n<=16,sr>70%,kvB<=16k,kp<=512,1.1373,4
16,n<=16,sr>70%,kvB<=16k,kp<=8k,0.9883,3
16,n<=16,sr>70%,kvB<=16k,kp=0,1.8823,4
16,n<=16,sr>70%,kvB<=1k,kp<=1k,0.2599,4
16,n<=16,sr>70%,kvB<=1k,kp<=2k,0.6076,4
16,n<=16,sr>70%,kvB<=1k,kp<=4k,0.2007,4
16,n<=16,sr>70%,kvB<=1k,kp<=512,0.3344,4
16,n<=16,sr>70%,kvB<=1k,kp<=8k,0.4516,4
16,n<=16,sr>70%,kvB<=1k,kp=0,0.1619,4
16,n<=16,sr>70%,kvB<=4k,kp<=1k,1.2194,4
16,n<=16,sr>70%,kvB<=4k,kp<=2k,2.207,4
16,n<=16,sr>70%,kvB<=4k,kp<=4k,4.7313,4
16,n<=16,sr>70%,kvB<=4k,kp<=512,1.5405,4
16,n<=16,sr>70%,kvB<=4k,kp<=8k,2.4971,2
16,n<=16,sr>70%,kvB<=4k,kp=0,1.9344,4
16,n<=2,sr<=70%,kvB<=16k,kp<=1k,0.9868,2
16,n<=2,sr<=70%,kvB<=16k,kp<=2k,0.8679,2
16,n<=2,sr<=70%,kvB<=16k,kp<=4k,0.8282,2
16,n<=2,sr<=70%,kvB<=16k,kp<=512,0.9925,2
16,n<=2,sr<=70%,kvB<=16k,kp<=8k,0.0708,2
16,n<=2,sr<=70%,kvB<=16k,kp=0,0.9958,2
16,n<=2,sr<=70%,kvB<=1k,kp<=1k,-0.8821,2
16,n<=2,sr<=70%,kvB<=1k,kp<=2k,-0.8602,2
16,n<=2,sr<=70%,kvB<=1k,kp<=4k,-0.8494,2
16,n<=2,sr<=70%,kvB<=1k,kp<=512,0.0173,2
16,n<=2,sr<=70%,kvB<=1k,kp<=8k,-0.7542,2
16,n<=2,sr<=70%,kvB<=1k,kp=0,0.9722,2
16,n<=2,sr<=70%,kvB<=4k,kp<=1k,0.8198,2
16,n<=2,sr<=70%,kvB<=4k,kp<=2k,-0.0181,2
16,n<=2,sr<=70%,kvB<=4k,kp<=4k,-0.9718,2
16,n<=2,sr<=70%,kvB<=4k,kp<=512,0.9771,2
16,n<=2,sr<=70%,kvB<=4k,kp<=8k,-1.057,2
16,n<=2,sr<=70%,kvB<=4k,kp=0,0.9846,2
16,n<=32,sr<=15%,kvB<=16k,kp<=1k,0.0519,6
16,n<=32,sr<=15%,kvB<=16k,kp<=2k,0.0523,6
16,n<=32,sr<=15%,kvB<=16k,kp<=4k,0.0353,6
16,n<=32,sr<=15%,kvB<=16k,kp<=512,0.0643,6
16,n<=32,sr<=15%,kvB<=16k,kp<=8k,0.0369,6
16,n<=32,sr<=15%,kvB<=16k,kp=0,0.0582,6
16,n<=32,sr<=15%,kvB<=1k,kp<=1k,0.0438,6
16,n<=32,sr<=15%,kvB<=1k,kp<=2k,0.0367,6
16,n<=32,sr<=15%,kvB<=1k,kp<=4k,0.0512,6
16,n<=32,sr<=15%,kvB<=1k,kp<=512,0.0593,6
16,n<=32,sr<=15%,kvB<=1k,kp<=8k,0.0684,6
16,n<=32,sr<=15%,kvB<=1k,kp=0,0.0995,6
16,n<=32,sr<=15%,kvB<=4k,kp<=1k,0.0834,6
16,n<=32,sr<=15%,kvB<=4k,kp<=2k,0.0614,6
16,n<=32,sr<=15%,kvB<=4k,kp<=4k,0.0896,6
16,n<=32,sr<=15%,kvB<=4k,kp<=512,0.0697,6
16,n<=32,sr<=15%,kvB<=4k,kp<=8k,0.0894,6
16,n<=32,sr<=15%,kvB<=4k,kp=0,0.1139,6
16,n<=32,sr<=40%,kvB<=16k,kp<=1k,0.1001,2
16,n<=32,sr<=40%,kvB<=16k,kp<=2k,0.0945,2
16,n<=32,sr<=40%,kvB<=16k,kp<=4k,0.0945,2
16,n<=32,sr<=40%,kvB<=16k,kp<=512,0.1254,2
16,n<=32,sr<=40%,kvB<=16k,kp<=8k,0.1034,2
16,n<=32,sr<=40%,kvB<=16k,kp=0,0.1353,2
16,n<=32,sr<=40%,kvB<=1k,kp<=1k,0.102,2
16,n<=32,sr<=40%,kvB<=1k,kp<=2k,0.2082,2
16,n<=32,sr<=40%,kvB<=1k,kp<=4k,0.2732,2
16,n<=32,sr<=40%,kvB<=1k,kp<=512,0.1025,2
16,n<=32,sr<=40%,kvB<=1k,kp<=8k,0.2487,2
16,n<=32,sr<=40%,kvB<=1k,kp=0,0.1405,2
16,n<=32,sr<=40%,kvB<=4k,kp<=1k,0.2178,2
16,n<=32,sr<=40%,kvB<=4k,kp<=2k,0.251,2
16,n<=32,sr<=40%,kvB<=4k,kp<=4k,0.2302,2
16,n<=32,sr<=40%,kvB<=4k,kp<=512,0.1857,2
16,n<=32,sr<=40%,kvB<=4k,kp<=8k,0.2313,2
16,n<=32,sr<=40%,kvB<=4k,kp=0,0.3342,2
16,n<=32,sr<=5%,kvB<=16k,kp<=1k,0.0379,2
16,n<=32,sr<=5%,kvB<=16k,kp<=2k,0.0345,2
16,n<=32,sr<=5%,kvB<=16k,kp<=4k,0.0273,2
16,n<=32,sr<=5%,kvB<=16k,kp<=512,0.0429,2
16,n<=32,sr<=5%,kvB<=16k,kp<=8k,0.0145,2
16,n<=32,sr<=5%,kvB<=16k,kp=0,0.0517,2
16,n<=32,sr<=5%,kvB<=1k,kp<=1k,0.0169,2
16,n<=32,sr<=5%,kvB<=1k,kp<=2k,0.0126,2
16,n<=32,sr<=5%,kvB<=1k,kp<=4k,0.0265,2
16,n<=32,sr<=5%,kvB<=1k,kp<=512,0.0374,2
16,n<=32,sr<=5%,kvB<=1k,kp<=8k,0.0067,2
16,n<=32,sr<=5%,kvB<=1k,kp=0,0.0591,2
16,n<=32,sr<=5%,kvB<=4k,kp<=1k,0.044,2
16,n<=32,sr<=5%,kvB<=4k,kp<=2k,0.0328,2
16,n<=32,sr<=5%,kvB<=4k,kp<=4k,0.0128,2
16,n<=32,sr<=5%,kvB<=4k,kp<=512,0.0377,2
16,n<=32,sr<=5%,kvB<=4k,kp<=8k,0.0349,2
16,n<=32,sr<=5%,kvB<=4k,kp=0,0.0676,2
16,n<=32,sr<=70%,kvB<=16k,kp<=1k,0.2319,2
16,n<=32,sr<=70%,kvB<=16k,kp<=2k,0.1849,2
16,n<=32,sr<=70%,kvB<=16k,kp<=4k,0.1913,2
16,n<=32,sr<=70%,kvB<=16k,kp<=512,0.2239,2
16,n<=32,sr<=70%,kvB<=16k,kp<=8k,0.2056,2
16,n<=32,sr<=70%,kvB<=16k,kp=0,0.3083,2
16,n<=32,sr<=70%,kvB<=1k,kp<=1k,0.4837,2
16,n<=32,sr<=70%,kvB<=1k,kp<=2k,0.6452,2
16,n<=32,sr<=70%,kvB<=1k,kp<=4k,0.6784,2
16,n<=32,sr<=70%,kvB<=1k,kp<=512,0.5293,2
16,n<=32,sr<=70%,kvB<=1k,kp<=8k,0.6317,2
16,n<=32,sr<=70%,kvB<=1k,kp=0,0.7654,2
16,n<=32,sr<=70%,kvB<=4k,kp<=1k,0.2879,2
16,n<=32,sr<=70%,kvB<=4k,kp<=2k,0.405,2
16,n<=32,sr<=70%,kvB<=4k,kp<=4k,0.3451,2
16,n<=32,sr<=70%,kvB<=4k,kp<=512,0.3558,2
16,n<=32,sr<=70%,kvB<=4k,kp<=8k,0.3761,2
16,n<=32,sr<=70%,kvB<=4k,kp=0,0.5475,2
16,n<=32,sr>70%,kvB<=16k,kp<=1k,0.46,4
16,n<=32,sr>70%,kvB<=16k,kp<=2k,0.4518,4
16,n<=32,sr>70%,kvB<=16k,kp<=4k,0.4865,4
16,n<=32,sr>70%,kvB<=16k,kp<=512,0.5754,4
16,n<=32,sr>70%,kvB<=16k,kp<=8k,0.5142,4
16,n<=32,sr>70%,kvB<=16k,kp=0,0.7061,4
16,n<=32,sr>70%,kvB<=1k,kp<=1k,1.6801,4
16,n<=32,sr>70%,kvB<=1k,kp<=2k,1.2936,4
16,n<=32,sr>70%,kvB<=1k,kp<=4k,1.5512,4
16,n<=32,sr>70%,kvB<=1k,kp<=512,1.4321,4
16,n<=32,sr>70%,kvB<=1k,kp<=8k,1.6219,4
16,n<=32,sr>70%,kvB<=1k,kp=0,2.0122,4
16,n<=32,sr>70%,kvB<=4k,kp<=1k,0.7186,4
16,n<=32,sr>70%,kvB<=4k,kp<=2k,0.8722,4
16,n<=32,sr>70%,kvB<=4k,kp<=4k,0.9562,4
16,n<=32,sr>70%,kvB<=4k,kp<=512,0.7891,4
16,n<=32,sr>70%,kvB<=4k,kp<=8k,0.8717,3
16,n<=32,sr>70%,kvB<=4k,kp=0,1.1591,4
16,n<=4,sr<=40%,kvB<=16k,kp<=1k,0.3743,2
16,n<=4,sr<=40%,kvB<=16k,kp<=2k,0.4544,2
16,n<=4,sr<=40%,kvB<=16k,kp<=4k,0.5231,2
16,n<=4,sr<=40%,kvB<=16k,kp<=512,0.333,2
16,n<=4,sr<=40%,kvB<=16k,kp<=8k,0.4884,2
16,n<=4,sr<=40%,kvB<=16k,kp=0,0.3205,2
16,n<=4,sr<=40%,kvB<=1k,kp<=1k,-0.1618,2
16,n<=4,sr<=40%,kvB<=1k,kp<=2k,-0.1898,2
16,n<=4,sr<=40%,kvB<=1k,kp<=4k,-0.1364,2
16,n<=4,sr<=40%,kvB<=1k,kp<=512,0.6697,2
16,n<=4,sr<=40%,kvB<=1k,kp<=8k,-0.1672,2
16,n<=4,sr<=40%,kvB<=1k,kp=0,0.5126,5
16,n<=4,sr<=40%,kvB<=4k,kp<=1k,0.5384,2
16,n<=4,sr<=40%,kvB<=4k,kp<=2k,0.4865,2
16,n<=4,sr<=40%,kvB<=4k,kp<=4k,-0.5046,2
16,n<=4,sr<=40%,kvB<=4k,kp<=512,0.4646,2
16,n<=4,sr<=40%,kvB<=4k,kp<=8k,-0.296,2
16,n<=4,sr<=40%,kvB<=4k,kp=0,0.3426,3
16,n<=4,sr<=70%,kvB<=16k,kp<=1k,0.2711,2
16,n<=4,sr<=70%,kvB<=16k,kp<=2k,0.3113,2
16,n<=4,sr<=70%,kvB<=16k,kp<=4k,0.3922,2
16,n<=4,sr<=70%,kvB<=16k,kp<=512,0.1605,2
16,n<=4,sr<=70%,kvB<=16k,kp<=8k,0.6844,2
16,n<=4,sr<=70%,kvB<=16k,kp=0,0.0135,2
16,n<=4,sr<=70%,kvB<=1k,kp<=1k,-0.5481,2
16,n<=4,sr<=70%,kvB<=1k,kp<=2k,-0.6478,2
16,n<=4,sr<=70%,kvB<=1k,kp<=4k,-0.5169,2
16,n<=4,sr<=70%,kvB<=1k,kp<=512,0.9212,2
16,n<=4,sr<=70%,kvB<=1k,kp<=8k,-0.3802,2
16,n<=4,sr<=70%,kvB<=1k,kp=0,0.5655,4
16,n<=4,sr<=70%,kvB<=4k,kp<=1k,0.4301,2
16,n<=4,sr<=70%,kvB<=4k,kp<=2k,0.6709,2
16,n<=4,sr<=70%,kvB<=4k,kp<=4k,-0.3667,2
16,n<=4,sr<=70%,kvB<=4k,kp<=512,0.3238,2
16,n<=4,sr<=70%,kvB<=4k,kp<=8k,-0.3869,2
16,n<=4,sr<=70%,kvB<=4k,kp=0,0.1619,2
16,n<=4,sr>70%,kvB<=16k,kp<=1k,1.0255,2
16,n<=4,sr>70%,kvB<=16k,kp<=2k,0.9987,2
16,n<=4,sr>70%,kvB<=16k,kp<=4k,0.9975,2
16,n<=4,sr>70%,kvB<=16k,kp<=512,1.0224,2
16,n<=4,sr>70%,kvB<=16k,kp<=8k,1.0334,2
16,n<=4,sr>70%,kvB<=16k,kp=0,1.01,2
16,n<=4,sr>70%,kvB<=1k,kp<=1k,0.5025,2
16,n<=4,sr>70%,kvB<=1k,kp<=2k,-1.135,2
16,n<=4,sr>70%,kvB<=1k,kp<=4k,-0.8891,2
16,n<=4,sr>70%,kvB<=1k,kp<=512,0.9073,2
16,n<=4,sr>70%,kvB<=1k,kp<=8k,-0.7137,2
16,n<=4,sr>70%,kvB<=1k,kp=0,0.9336,2
16,n<=4,sr>70%,kvB<=4k,kp<=1k,0.8866,2
16,n<=4,sr>70%,kvB<=4k,kp<=2k,0.8623,2
16,n<=4,sr>70%,kvB<=4k,kp<=4k,-0.3862,2
16,n<=4,sr>70%,kvB<=4k,kp<=512,0.8901,2
16,n<=4,sr>70%,kvB<=4k,kp<=8k,-0.9295,2
16,n<=4,sr>70%,kvB<=4k,kp=0,0.8918,2
16,n<=64,sr<=15%,kvB<=16k,kp<=1k,0.0142,4
16,n<=64,sr<=15%,kvB<=16k,kp<=2k,0.0144,4
16,n<=64,sr<=15%,kvB<=16k,kp<=4k,0.0135,4
16,n<=64,sr<=15%,kvB<=16k,kp<=512,0.0149,4
16,n<=64,sr<=15%,kvB<=16k,kp<=8k,0.0138,4
16,n<=64,sr<=15%,kvB<=16k,kp=0,0.0182,4
16,n<=64,sr<=15%,kvB<=1k,kp<=1k,0.01,4
16,n<=64,sr<=15%,kvB<=1k,kp<=2k,0.0075,4
16,n<=64,sr<=15%,kvB<=1k,kp<=4k,0.0109,4
16,n<=64,sr<=15%,kvB<=1k,kp<=512,0.0174,4
16,n<=64,sr<=15%,kvB<=1k,kp<=8k,0.0012,4
16,n<=64,sr<=15%,kvB<=1k,kp=0,0.022,4
16,n<=64,sr<=15%,kvB<=4k,kp<=1k,0.02,4
16,n<=64,sr<=15%,kvB<=4k,kp<=2k,0.0142,4
16,n<=64,sr<=15%,kvB<=4k,kp<=4k,0.0102,4
16,n<=64,sr<=15%,kvB<=4k,kp<=512,0.0165,4
16,n<=64,sr<=15%,kvB<=4k,kp<=8k,0.01,4
16,n<=64,sr<=15%,kvB<=4k,kp=0,0.0239,4
16,n<=64,sr<=40%,kvB<=16k,kp<=1k,0.0104,2
16,n<=64,sr<=40%,kvB<=16k,kp<=2k,0.0113,2
16,n<=64,sr<=40%,kvB<=16k,kp<=4k,0.0085,2
16,n<=64,sr<=40%,kvB<=16k,kp<=512,0.0117,2
16,n<=64,sr<=40%,kvB<=16k,kp<=8k,0.0097,2
16,n<=64,sr<=40%,kvB<=16k,kp=0,0.0123,2
16,n<=64,sr<=40%,kvB<=1k,kp<=1k,-0.0116,2
16,n<=64,sr<=40%,kvB<=1k,kp<=2k,-0.0137,2
16,n<=64,sr<=40%,kvB<=1k,kp<=4k,-0.0202,2
16,n<=64,sr<=40%,kvB<=1k,kp<=512,0.0056,2
16,n<=64,sr<=40%,kvB<=1k,kp<=8k,0.0122,2
16,n<=64,sr<=40%,kvB<=1k,kp=0,0.0128,2
16,n<=64,sr<=40%,kvB<=4k,kp<=1k,0.0173,2
16,n<=64,sr<=40%,kvB<=4k,kp<=2k,0.0211,2
16,n<=64,sr<=40%,kvB<=4k,kp<=4k,0.0135,2
16,n<=64,sr<=40%,kvB<=4k,kp<=512,0.0169,2
16,n<=64,sr<=40%,kvB<=4k,kp<=8k,0.0085,2
16,n<=64,sr<=40%,kvB<=4k,kp=0,0.0273,2
16,n<=64,sr<=5%,kvB<=16k,kp<=1k,0.0129,6
16,n<=64,sr<=5%,kvB<=16k,kp<=2k,0.0133,6
16,n<=64,sr<=5%,kvB<=16k,kp<=4k,0.0135,6
16,n<=64,sr<=5%,kvB<=16k,kp<=512,0.013,6
16,n<=64,sr<=5%,kvB<=16k,kp<=8k,0.0103,6
16,n<=64,sr<=5%,kvB<=16k,kp=0,0.0133,6
16,n<=64,sr<=5%,kvB<=1k,kp<=1k,0.0055,6
16,n<=64,sr<=5%,kvB<=1k,kp<=2k,0.0025,6
16,n<=64,sr<=5%,kvB<=1k,kp<=4k,0.0003,6
16,n<=64,sr<=5%,kvB<=1k,kp<=512,0.0114,6
16,n<=64,sr<=5%,kvB<=1k,kp<=8k,0.0019,6
16,n<=64,sr<=5%,kvB<=1k,kp=0,0.0083,6
16,n<=64,sr<=5%,kvB<=4k,kp<=1k,0.0157,6
16,n<=64,sr<=5%,kvB<=4k,kp<=2k,0.0123,6
16,n<=64,sr<=5%,kvB<=4k,kp<=4k,0.0056,6
16,n<=64,sr<=5%,kvB<=4k,kp<=512,0.0133,6
16,n<=64,sr<=5%,kvB<=4k,kp<=8k,0.0052,6
16,n<=64,sr<=5%,kvB<=4k,kp=0,0.0172,6
16,n<=64,sr<=70%,kvB<=16k,kp<=1k,0.014,2
16,n<=64,sr<=70%,kvB<=16k,kp<=2k,0.0154,2
16,n<=64,sr<=70%,kvB<=16k,kp<=4k,0.0125,2
16,n<=64,sr<=70%,kvB<=16k,kp<=512,0.0129,2
16,n<=64,sr<=70%,kvB<=16k,kp<=8k,0.0187,2
16,n<=64,sr<=70%,kvB<=16k,kp=0,0.0217,2
16,n<=64,sr<=70%,kvB<=1k,kp<=1k,0.0313,2
16,n<=64,sr<=70%,kvB<=1k,kp<=2k,0.06,2
16,n<=64,sr<=70%,kvB<=1k,kp<=4k,0.0489,2
16,n<=64,sr<=70%,kvB<=1k,kp<=512,0.0581,2
16,n<=64,sr<=70%,kvB<=1k,kp<=8k,0.0283,2
16,n<=64,sr<=70%,kvB<=1k,kp=0,0.0542,2
16,n<=64,sr<=70%,kvB<=4k,kp<=1k,0.029,2
16,n<=64,sr<=70%,kvB<=4k,kp<=2k,0.0363,2
16,n<=64,sr<=70%,kvB<=4k,kp<=4k,0.0298,2
16,n<=64,sr<=70%,kvB<=4k,kp<=512,0.0324,2
16,n<=64,sr<=70%,kvB<=4k,kp<=8k,0.0305,2
16,n<=64,sr<=70%,kvB<=4k,kp=0,0.0444,2
16,n<=64,sr>70%,kvB<=16k,kp<=1k,0.0648,4
16,n<=64,sr>70%,kvB<=16k,kp<=2k,0.0558,4
16,n<=64,sr>70%,kvB<=16k,kp<=4k,0.0611,4
16,n<=64,sr>70%,kvB<=16k,kp<=512,0.0587,4
16,n<=64,sr>70%,kvB<=16k,kp<=8k,0.0568,4
16,n<=64,sr>70%,kvB<=16k,kp=0,0.0678,4
16,n<=64,sr>70%,kvB<=1k,kp<=1k,0.2154,4
16,n<=64,sr>70%,kvB<=1k,kp<=2k,0.183,4
16,n<=64,sr>70%,kvB<=1k,kp<=4k,0.1515,4
16,n<=64,sr>70%,kvB<=1k,kp<=512,0.1808,4
16,n<=64,sr>70%,kvB<=1k,kp<=8k,0.1591,4
16,n<=64,sr>70%,kvB<=1k,kp=0,0.2709,4
16,n<=64,sr>70%,kvB<=4k,kp<=1k,0.0914,4
16,n<=64,sr>70%,kvB<=4k,kp<=2k,0.1085,4
16,n<=64,sr>70%,kvB<=4k,kp<=4k,0.1046,4
16,n<=64,sr>70%,kvB<=4k,kp<=512,0.0871,4
16,n<=64,sr>70%,kvB<=4k,kp<=8k,0.0997,4
16,n<=64,sr>70%,kvB<=4k,kp=0,0.1448,4
16,n<=8,sr<=15%,kvB<=16k,kp<=1k,0.1339,2
16,n<=8,sr<=15%,kvB<=16k,kp<=2k,0.1211,2
16,n<=8,sr<=15%,kvB<=16k,kp<=4k,0.1308,2
16,n<=8,sr<=15%,kvB<=16k,kp<=512,0.1378,2
16,n<=8,sr<=15%,kvB<=16k,kp<=8k,0.1331,2
16,n<=8,sr<=15%,kvB<=16k,kp=0,0.1421,2
16,n<=8,sr<=15%,kvB<=1k,kp<=1k,0.1088,2
16,n<=8,sr<=15%,kvB<=1k,kp<=2k,0.1499,2
16,n<=8,sr<=15%,kvB<=1k,kp<=4k,0.154,2
16,n<=8,sr<=15%,kvB<=1k,kp<=512,0.2096,2
16,n<=8,sr<=15%,kvB<=1k,kp<=8k,0.1492,2
16,n<=8,sr<=15%,kvB<=1k,kp=0,0.2285,5
16,n<=8,sr<=15%,kvB<=4k,kp<=1k,0.1565,2
16,n<=8,sr<=15%,kvB<=4k,kp<=2k,0.1596,2
16,n<=8,sr<=15%,kvB<=4k,kp<=4k,0.012,2
16,n<=8,sr<=15%,kvB<=4k,kp<=512,0.1504,2
16,n<=8,sr<=15%,kvB<=4k,kp<=8k,0.0741,2
16,n<=8,sr<=15%,kvB<=4k,kp=0,0.1557,3
16,n<=8,sr<=40%,kvB<=16k,kp<=1k,0.1009,4
16,n<=8,sr<=40%,kvB<=16k,kp<=2k,0.0869,4
16,n<=8,sr<=40%,kvB<=16k,kp<=4k,0.0704,4
16,n<=8,sr<=40%,kvB<=16k,kp<=512,0.1087,4
16,n<=8,sr<=40%,kvB<=16k,kp<=8k,0.1546,4
16,n<=8,sr<=40%,kvB<=16k,kp=0,0.1079,4
16,n<=8,sr<=40%,kvB<=1k,kp<=1k,0.0371,4
16,n<=8,sr<=40%,kvB<=1k,kp<=2k,0.168,4
16,n<=8,sr<=40%,kvB<=1k,kp<=4k,0.1944,4
16,n<=8,sr<=40%,kvB<=1k,kp<=512,0.2006,4
16,n<=8,sr<=40%,kvB<=1k,kp<=8k,0.1718,4
16,n<=8,sr<=40%,kvB<=1k,kp=0,0.1681,4
16,n<=8,sr<=40%,kvB<=4k,kp<=1k,0.1189,4
16,n<=8,sr<=40%,kvB<=4k,kp<=2k,0.1489,4
16,n<=8,sr<=40%,kvB<=4k,kp<=4k,-0.0117,4
16,n<=8,sr<=40%,kvB<=4k,kp<=512,0.1066,4
16,n<=8,sr<=40%,kvB<=4k,kp<=8k,0.1475,4
16,n<=8,sr<=40%,kvB<=4k,kp=0,0.0927,4
16,n<=8,sr<=70%,kvB<=16k,kp<=1k,0.115,2
16,n<=8,sr<=70%,kvB<=16k,kp<=2k,0.0719,2
16,n<=8,sr<=70%,kvB<=16k,kp<=4k,-0.0228,2
16,n<=8,sr<=70%,kvB<=16k,kp<=512,0.1061,2
16,n<=8,sr<=70%,kvB<=16k,kp<=8k,0.1297,2
16,n<=8,sr<=70%,kvB<=16k,kp=0,0.0442,2
16,n<=8,sr<=70%,kvB<=1k,kp<=1k,0.0224,2
16,n<=8,sr<=70%,kvB<=1k,kp<=2k,0.1251,2
16,n<=8,sr<=70%,kvB<=1k,kp<=4k,0.2643,2
16,n<=8,sr<=70%,kvB<=1k,kp<=512,0.1434,2
16,n<=8,sr<=70%,kvB<=1k,kp<=8k,0.2676,2
16,n<=8,sr<=70%,kvB<=1k,kp=0,0.0708,2
16,n<=8,sr<=70%,kvB<=4k,kp<=1k,0.0669,2
16,n<=8,sr<=70%,kvB<=4k,kp<=2k,0.188,2
16,n<=8,sr<=70%,kvB<=4k,kp<=4k,0.0433,2
16,n<=8,sr<=70%,kvB<=4k,kp<=512,-0.0027,2
16,n<=8,sr<=70%,kvB<=4k,kp<=8k,0.0537,2
16,n<=8,sr<=70%,kvB<=4k,kp=0,0.0183,2
16,n<=8,sr>70%,kvB<=16k,kp<=1k,0.2288,4
16,n<=8,sr>70%,kvB<=16k,kp<=2k,0.1109,4
16,n<=8,sr>70%,kvB<=16k,kp<=4k,-0.0846,4
16,n<=8,sr>70%,kvB<=16k,kp<=512,0.2207,4
16,n<=8,sr>70%,kvB<=16k,kp<=8k,0.4559,4
16,n<=8,sr>70%,kvB<=16k,kp=0,-0.1357,4
16,n<=8,sr>70%,kvB<=1k,kp<=1k,0.1713,4
16,n<=8,sr>70%,kvB<=1k,kp<=2k,0.5513,4
16,n<=8,sr>70%,kvB<=1k,kp<=4k,0.7019,4
16,n<=8,sr>70%,kvB<=1k,kp<=512,0.2212,4
16,n<=8,sr>70%,kvB<=1k,kp<=8k,0.6161,4
16,n<=8,sr>70%,kvB<=1k,kp=0,-0.0984,4
16,n<=8,sr>70%,kvB<=4k,kp<=1k,-0.1495,4
16,n<=8,sr>70%,kvB<=4k,kp<=2k,0.1667,4
16,n<=8,sr>70%,kvB<=4k,kp<=4k,0.138,4
16,n<=8,sr>70%,kvB<=4k,kp<=512,-0.0657,4
16,n<=8,sr>70%,kvB<=4k,kp<=8k,0.7401,4
16,n<=8,sr>70%,kvB<=4k,kp=0,-0.3804,4
32,n<=128,sr<=15%,kvB<=16k,kp<=1k,0.0023,4
32,n<=128,sr<=15%,kvB<=16k,kp<=2k,0.0023,4
32,n<=128,sr<=15%,kvB<=16k,kp<=4k,0.0021,4
32,n<=128,sr<=15%,kvB<=16k,kp<=512,0.0023,4
32,n<=128,sr<=15%,kvB<=16k,kp<=8k,0.0018,4
32,n<=128,sr<=15%,kvB<=16k,kp=0,0.0025,4
32,n<=128,sr<=15%,kvB<=1k,kp<=1k,0.0025,4
32,n<=128,sr<=15%,kvB<=1k,kp<=2k,0.0002,4
32,n<=128,sr<=15%,kvB<=1k,kp<=4k,-0.0023,4
32,n<=128,sr<=15%,kvB<=1k,kp<=512,0.0022,4
32,n<=128,sr<=15%,kvB<=1k,kp<=8k,0.0015,4
32,n<=128,sr<=15%,kvB<=1k,kp=0,0.003,4
32,n<=128,sr<=15%,kvB<=4k,kp<=1k,0.0025,4
32,n<=128,sr<=15%,kvB<=4k,kp<=2k,0.0021,4
32,n<=128,sr<=15%,kvB<=4k,kp<=4k,-0.0004,4
32,n<=128,sr<=15%,kvB<=4k,kp<=512,0.0023,4
32,n<=128,sr<=15%,kvB<=4k,kp<=8k,-0.0005,4
32,n<=128,sr<=15%,kvB<=4k,kp=0,0.0023,4
32,n<=128,sr<=40%,kvB<=16k,kp<=1k,0.0008,2
32,n<=128,sr<=40%,kvB<=16k,kp<=2k,0.0027,2
32,n<=128,sr<=40%,kvB<=16k,kp<=4k,0.0002,2
32,n<=128,sr<=40%,kvB<=16k,kp<=512,0.0004,2
32,n<=128,sr<=40%,kvB<=16k,kp<=8k,0.0003,2
32,n<=128,sr<=40%,kvB<=16k,kp=0,0.001,2
32,n<=128,sr<=40%,kvB<=1k,kp<=1k,0.0004,2
32,n<=128,sr<=40%,kvB<=1k,kp<=2k,0.0003,2
32,n<=128,sr<=40%,kvB<=1k,kp<=4k,0.0009,2
32,n<=128,sr<=40%,kvB<=1k,kp<=512,0.001,2
32,n<=128,sr<=40%,kvB<=1k,kp<=8k,0.0009,2
32,n<=128,sr<=40%,kvB<=1k,kp=0,0.0008,2
32,n<=128,sr<=40%,kvB<=4k,kp<=1k,-0.0002,2
32,n<=128,sr<=40%,kvB<=4k,kp<=2k,-0.0,2
32,n<=128,sr<=40%,kvB<=4k,kp<=4k,-0.0001,2
32,n<=128,sr<=40%,kvB<=4k,kp<=512,-0.0002,2
32,n<=128,sr<=40%,kvB<=4k,kp<=8k,-0.0003,2
32,n<=128,sr<=40%,kvB<=4k,kp=0,0.0002,2
32,n<=128,sr<=5%,kvB<=16k,kp<=1k,0.0034,8
32,n<=128,sr<=5%,kvB<=16k,kp<=2k,0.0034,8
32,n<=128,sr<=5%,kvB<=16k,kp<=4k,0.0032,8
32,n<=128,sr<=5%,kvB<=16k,kp<=512,0.0035,8
32,n<=128,sr<=5%,kvB<=16k,kp<=8k,0.0028,8
32,n<=128,sr<=5%,kvB<=16k,kp=0,0.0036,8
32,n<=128,sr<=5%,kvB<=1k,kp<=1k,0.0006,8
32,n<=128,sr<=5%,kvB<=1k,kp<=2k,-0.0007,8
32,n<=128,sr<=5%,kvB<=1k,kp<=4k,-0.0009,8
32,n<=128,sr<=5%,kvB<=1k,kp<=512,-0.0001,8
32,n<=128,sr<=5%,kvB<=1k,kp<=8k,-0.0008,8
32,n<=128,sr<=5%,kvB<=1k,kp=0,0.001,8
32,n<=128,sr<=5%,kvB<=4k,kp<=1k,0.0033,8
32,n<=128,sr<=5%,kvB<=4k,kp<=2k,0.003,8
32,n<=128,sr<=5%,kvB<=4k,kp<=4k,0.0006,8
32,n<=128,sr<=5%,kvB<=4k,kp<=512,0.0035,8
32,n<=128,sr<=5%,kvB<=4k,kp<=8k,0.0003,8
32,n<=128,sr<=5%,kvB<=4k,kp=0,0.0036,8
32,n<=128,sr<=70%,kvB<=16k,kp<=1k,-0.001,2
32,n<=128,sr<=70%,kvB<=16k,kp<=2k,-0.0008,2
32,n<=128,sr<=70%,kvB<=16k,kp<=4k,-0.0018,2
32,n<=128,sr<=70%,kvB<=16k,kp<=512,-0.0011,2
32,n<=128,sr<=70%,kvB<=16k,kp<=8k,-0.0024,2
32,n<=128,sr<=70%,kvB<=16k,kp=0,-0.0001,2
32,n<=128,sr<=70%,kvB<=1k,kp<=1k,-0.001,2
32,n<=128,sr<=70%,kvB<=1k,kp<=2k,0.0027,2
32,n<=128,sr<=70%,kvB<=1k,kp<=4k,0.0005,2
32,n<=128,sr<=70%,kvB<=1k,kp<=512,-0.0024,2
32,n<=128,sr<=70%,kvB<=1k,kp<=8k,0.0058,2
32,n<=128,sr<=70%,kvB<=1k,kp=0,0.0015,2
32,n<=128,sr<=70%,kvB<=4k,kp<=1k,-0.0021,2
32,n<=128,sr<=70%,kvB<=4k,kp<=2k,0.0124,2
32,n<=128,sr<=70%,kvB<=4k,kp<=4k,0.0002,2
32,n<=128,sr<=70%,kvB<=4k,kp<=512,-0.0012,2
32,n<=128,sr<=70%,kvB<=4k,kp<=8k,0.0052,2
32,n<=128,sr<=70%,kvB<=4k,kp=0,-0.0011,2
32,n<=128,sr>70%,kvB<=16k,kp<=1k,0.0062,4
32,n<=128,sr>70%,kvB<=16k,kp<=2k,0.0065,4
32,n<=128,sr>70%,kvB<=16k,kp<=4k,0.0034,4
32,n<=128,sr>70%,kvB<=16k,kp<=512,0.0069,4
32,n<=128,sr>70%,kvB<=16k,kp<=8k,0.0006,4
32,n<=128,sr>70%,kvB<=16k,kp=0,0.0068,4
32,n<=128,sr>70%,kvB<=1k,kp<=1k,0.0087,4
32,n<=128,sr>70%,kvB<=1k,kp<=2k,0.0059,4
32,n<=128,sr>70%,kvB<=1k,kp<=4k,0.005,4
32,n<=128,sr>70%,kvB<=1k,kp<=512,0.0059,4
32,n<=128,sr>70%,kvB<=1k,kp<=8k,0.0049,4
32,n<=128,sr>70%,kvB<=1k,kp=0,0.008,4
32,n<=128,sr>70%,kvB<=4k,kp<=1k,0.007,4
32,n<=128,sr>70%,kvB<=4k,kp<=2k,0.0052,4
32,n<=128,sr>70%,kvB<=4k,kp<=4k,0.008,4
32,n<=128,sr>70%,kvB<=4k,kp<=512,0.006,4
32,n<=128,sr>70%,kvB<=4k,kp<=8k,0.0021,4
32,n<=128,sr>70%,kvB<=4k,kp=0,0.0046,4
32,n<=16,sr<=15%,kvB<=16k,kp<=1k,0.0844,4
32,n<=16,sr<=15%,kvB<=16k,kp<=2k,0.0961,4
32,n<=16,sr<=15%,kvB<=16k,kp<=4k,0.0437,4
32,n<=16,sr<=15%,kvB<=16k,kp<=512,0.1001,4
32,n<=16,sr<=15%,kvB<=16k,kp<=8k,0.0102,4
32,n<=16,sr<=15%,kvB<=16k,kp=0,0.0875,4
32,n<=16,sr<=15%,kvB<=1k,kp<=1k,0.0767,4
32,n<=16,sr<=15%,kvB<=1k,kp<=2k,0.0411,4
32,n<=16,sr<=15%,kvB<=1k,kp<=4k,0.0851,4
32,n<=16,sr<=15%,kvB<=1k,kp<=512,0.1287,4
32,n<=16,sr<=15%,kvB<=1k,kp<=8k,0.0762,4
32,n<=16,sr<=15%,kvB<=1k,kp=0,0.148,4
32,n<=16,sr<=15%,kvB<=4k,kp<=1k,0.1016,4
32,n<=16,sr<=15%,kvB<=4k,kp<=2k,0.0716,4
32,n<=16,sr<=15%,kvB<=4k,kp<=4k,0.0284,4
32,n<=16,sr<=15%,kvB<=4k,kp<=512,0.0887,4
32,n<=16,sr<=15%,kvB<=4k,kp<=8k,0.0214,4
32,n<=16,sr<=15%,kvB<=4k,kp=0,0.0999,4
32,n<=16,sr<=40%,kvB<=16k,kp<=1k,0.1252,4
32,n<=16,sr<=40%,kvB<=16k,kp<=2k,0.0992,4
32,n<=16,sr<=40%,kvB<=16k,kp<=4k,0.0501,4
32,n<=16,sr<=40%,kvB<=16k,kp<=512,0.1341,4
32,n<=16,sr<=40%,kvB<=16k,kp<=8k,0.029,4
32,n<=16,sr<=40%,kvB<=16k,kp=0,0.141,4
32,n<=16,sr<=40%,kvB<=1k,kp<=1k,0.0553,4
32,n<=16,sr<=40%,kvB<=1k,kp<=2k,0.0321,4
32,n<=16,sr<=40%,kvB<=1k,kp<=4k,0.0727,4
32,n<=16,sr<=40%,kvB<=1k,kp<=512,0.123,4
32,n<=16,sr<=40%,kvB<=1k,kp<=8k,0.0741,4
32,n<=16,sr<=40%,kvB<=1k,kp=0,0.134,4
32,n<=16,sr<=40%,kvB<=4k,kp<=1k,0.1085,4
32,n<=16,sr<=40%,kvB<=4k,kp<=2k,0.1072,4
32,n<=16,sr<=40%,kvB<=4k,kp<=4k,0.0952,4
32,n<=16,sr<=40%,kvB<=4k,kp<=512,0.1455,4
32,n<=16,sr<=40%,kvB<=4k,kp<=8k,0.0776,4
32,n<=16,sr<=40%,kvB<=4k,kp=0,0.1108,4
32,n<=16,sr<=70%,kvB<=16k,kp<=1k,0.298,2
32,n<=16,sr<=70%,kvB<=16k,kp<=2k,0.2664,2
32,n<=16,sr<=70%,kvB<=16k,kp<=4k,0.2572,2
32,n<=16,sr<=70%,kvB<=16k,kp<=512,0.3568,2
32,n<=16,sr<=70%,kvB<=16k,kp<=8k,0.2889,2
32,n<=16,sr<=70%,kvB<=16k,kp=0,0.4952,2
32,n<=16,sr<=70%,kvB<=1k,kp<=1k,0.0067,2
32,n<=16,sr<=70%,kvB<=1k,kp<=2k,0.006,2
32,n<=16,sr<=70%,kvB<=1k,kp<=4k,0.0269,2
32,n<=16,sr<=70%,kvB<=1k,kp<=512,0.0691,2
32,n<=16,sr<=70%,kvB<=1k,kp<=8k,0.1219,2
32,n<=16,sr<=70%,kvB<=1k,kp=0,0.043,2
32,n<=16,sr<=70%,kvB<=4k,kp<=1k,0.3504,2
32,n<=16,sr<=70%,kvB<=4k,kp<=2k,0.5456,2
32,n<=16,sr<=70%,kvB<=4k,kp<=4k,0.5414,2
32,n<=16,sr<=70%,kvB<=4k,kp<=512,0.3291,2
32,n<=16,sr<=70%,kvB<=4k,kp<=8k,0.8726,2
32,n<=16,sr<=70%,kvB<=4k,kp=0,0.458,2
32,n<=16,sr>70%,kvB<=16k,kp<=1k,0.9593,4
32,n<=16,sr>70%,kvB<=16k,kp<=2k,0.7856,4
32,n<=16,sr>70%,kvB<=16k,kp<=4k,0.953,4
32,n<=16,sr>70%,kvB<=16k,kp<=512,1.332,4
32,n<=16,sr>70%,kvB<=16k,kp<=8k,1.2355,4
32,n<=16,sr>70%,kvB<=16k,kp=0,1.7961,4
32,n<=16,sr>70%,kvB<=1k,kp<=1k,0.2499,4
32,n<=16,sr>70%,kvB<=1k,kp<=2k,0.5875,4
32,n<=16,sr>70%,kvB<=1k,kp<=4k,0.2366,4
32,n<=16,sr>70%,kvB<=1k,kp<=512,0.3448,4
32,n<=16,sr>70%,kvB<=1k,kp<=8k,0.505,4
32,n<=16,sr>70%,kvB<=1k,kp=0,0.1518,4
32,n<=16,sr>70%,kvB<=4k,kp<=1k,1.4017,4
32,n<=16,sr>70%,kvB<=4k,kp<=2k,1.8682,4
32,n<=16,sr>70%,kvB<=4k,kp<=4k,5.3086,4
32,n<=16,sr>70%,kvB<=4k,kp<=512,1.7557,4
32,n<=16,sr>70%,kvB<=4k,kp<=8k,3.1965,3
32,n<=16,sr>70%,kvB<=4k,kp=0,1.9923,4
32,n<=2,sr<=70%,kvB<=16k,kp<=1k,0.9893,2
32,n<=2,sr<=70%,kvB<=16k,kp<=2k,0.8785,2
32,n<=2,sr<=70%,kvB<=16k,kp<=4k,0.8357,2
32,n<=2,sr<=70%,kvB<=16k,kp<=512,0.9899,2
32,n<=2,sr<=70%,kvB<=16k,kp<=8k,0.0563,2
32,n<=2,sr<=70%,kvB<=16k,kp=0,0.9913,2
32,n<=2,sr<=70%,kvB<=1k,kp<=1k,-0.8651,2
32,n<=2,sr<=70%,kvB<=1k,kp<=2k,-0.8289,2
32,n<=2,sr<=70%,kvB<=1k,kp<=4k,-0.853,2
32,n<=2,sr<=70%,kvB<=1k,kp<=512,-0.004,2
32,n<=2,sr<=70%,kvB<=1k,kp<=8k,-0.6783,2
32,n<=2,sr<=70%,kvB<=1k,kp=0,0.9555,2
32,n<=2,sr<=70%,kvB<=4k,kp<=1k,0.8322,2
32,n<=2,sr<=70%,kvB<=4k,kp<=2k,-0.0421,2
32,n<=2,sr<=70%,kvB<=4k,kp<=4k,-1.0777,2
32,n<=2,sr<=70%,kvB<=4k,kp<=512,0.9777,2
32,n<=2,sr<=70%,kvB<=4k,kp<=8k,-1.0976,2
32,n<=2,sr<=70%,kvB<=4k,kp=0,0.9888,2
32,n<=32,sr<=15%,kvB<=16k,kp<=1k,0.0522,6
32,n<=32,sr<=15%,kvB<=16k,kp<=2k,0.045,6
32,n<=32,sr<=15%,kvB<=16k,kp<=4k,0.0348,6
32,n<=32,sr<=15%,kvB<=16k,kp<=512,0.0554,6
32,n<=32,sr<=15%,kvB<=16k,kp<=8k,0.0361,6
32,n<=32,sr<=15%,kvB<=16k,kp=0,0.0713,6
32,n<=32,sr<=15%,kvB<=1k,kp<=1k,0.0448,6
32,n<=32,sr<=15%,kvB<=1k,kp<=2k,0.0377,6
32,n<=32,sr<=15%,kvB<=1k,kp<=4k,0.0555,6
32,n<=32,sr<=15%,kvB<=1k,kp<=512,0.06,6
32,n<=32,sr<=15%,kvB<=1k,kp<=8k,0.07,6
32,n<=32,sr<=15%,kvB<=1k,kp=0,0.1007,6
32,n<=32,sr<=15%,kvB<=4k,kp<=1k,0.0867,6
32,n<=32,sr<=15%,kvB<=4k,kp<=2k,0.0605,6
32,n<=32,sr<=15%,kvB<=4k,kp<=4k,0.089,6
32,n<=32,sr<=15%,kvB<=4k,kp<=512,0.0783,6
32,n<=32,sr<=15%,kvB<=4k,kp<=8k,0.0898,6
32,n<=32,sr<=15%,kvB<=4k,kp=0,0.1202,6
32,n<=32,sr<=40%,kvB<=16k,kp<=1k,0.0861,2
32,n<=32,sr<=40%,kvB<=16k,kp<=2k,0.0921,2
32,n<=32,sr<=40%,kvB<=16k,kp<=4k,0.1,2
32,n<=32,sr<=40%,kvB<=16k,kp<=512,0.1106,2
32,n<=32,sr<=40%,kvB<=16k,kp<=8k,0.0828,2
32,n<=32,sr<=40%,kvB<=16k,kp=0,0.1511,2
32,n<=32,sr<=40%,kvB<=1k,kp<=1k,0.1159,2
32,n<=32,sr<=40%,kvB<=1k,kp<=2k,0.1856,2
32,n<=32,sr<=40%,kvB<=1k,kp<=4k,0.2781,2
32,n<=32,sr<=40%,kvB<=1k,kp<=512,0.1139,2
32,n<=32,sr<=40%,kvB<=1k,kp<=8k,0.269,2
32,n<=32,sr<=40%,kvB<=1k,kp=0,0.1442,2
32,n<=32,sr<=40%,kvB<=4k,kp<=1k,0.2164,2
32,n<=32,sr<=40%,kvB<=4k,kp<=2k,0.2528,2
32,n<=32,sr<=40%,kvB<=4k,kp<=4k,0.2274,2
32,n<=32,sr<=40%,kvB<=4k,kp<=512,0.1917,2
32,n<=32,sr<=40%,kvB<=4k,kp<=8k,0.2117,2
32,n<=32,sr<=40%,kvB<=4k,kp=0,0.3316,2
32,n<=32,sr<=5%,kvB<=16k,kp<=1k,0.0285,2
32,n<=32,sr<=5%,kvB<=16k,kp<=2k,0.0305,2
32,n<=32,sr<=5%,kvB<=16k,kp<=4k,0.0419,2
32,n<=32,sr<=5%,kvB<=16k,kp<=512,0.0401,2
32,n<=32,sr<=5%,kvB<=16k,kp<=8k,0.0206,2
32,n<=32,sr<=5%,kvB<=16k,kp=0,0.0506,2
32,n<=32,sr<=5%,kvB<=1k,kp<=1k,0.0171,2
32,n<=32,sr<=5%,kvB<=1k,kp<=2k,0.0122,2
32,n<=32,sr<=5%,kvB<=1k,kp<=4k,0.0259,2
32,n<=32,sr<=5%,kvB<=1k,kp<=512,0.0356,2
32,n<=32,sr<=5%,kvB<=1k,kp<=8k,0.0135,2
32,n<=32,sr<=5%,kvB<=1k,kp=0,0.0596,2
32,n<=32,sr<=5%,kvB<=4k,kp<=1k,0.0456,2
32,n<=32,sr<=5%,kvB<=4k,kp<=2k,0.0215,2
32,n<=32,sr<=5%,kvB<=4k,kp<=4k,0.0114,2
32,n<=32,sr<=5%,kvB<=4k,kp<=512,0.0425,2
32,n<=32,sr<=5%,kvB<=4k,kp<=8k,0.0412,2
32,n<=32,sr<=5%,kvB<=4k,kp=0,0.0679,2
32,n<=32,sr<=70%,kvB<=16k,kp<=1k,0.2138,2
32,n<=32,sr<=70%,kvB<=16k,kp<=2k,0.1973,2
32,n<=32,sr<=70%,kvB<=16k,kp<=4k,0.2196,2
32,n<=32,sr<=70%,kvB<=16k,kp<=512,0.2499,2
32,n<=32,sr<=70%,kvB<=16k,kp<=8k,0.2386,2
32,n<=32,sr<=70%,kvB<=16k,kp=0,0.317,2
32,n<=32,sr<=70%,kvB<=1k,kp<=1k,0.5,2
32,n<=32,sr<=70%,kvB<=1k,kp<=2k,0.6501,2
32,n<=32,sr<=70%,kvB<=1k,kp<=4k,0.6875,2
32,n<=32,sr<=70%,kvB<=1k,kp<=512,0.5323,2
32,n<=32,sr<=70%,kvB<=1k,kp<=8k,0.6379,2
32,n<=32,sr<=70%,kvB<=1k,kp=0,0.7458,2
32,n<=32,sr<=70%,kvB<=4k,kp<=1k,0.3185,2
32,n<=32,sr<=70%,kvB<=4k,kp<=2k,0.3858,2
32,n<=32,sr<=70%,kvB<=4k,kp<=4k,0.3004,2
32,n<=32,sr<=70%,kvB<=4k,kp<=512,0.403,2
32,n<=32,sr<=70%,kvB<=4k,kp<=8k,0.3579,2
32,n<=32,sr<=70%,kvB<=4k,kp=0,0.591,2
32,n<=32,sr>70%,kvB<=16k,kp<=1k,0.4842,4
32,n<=32,sr>70%,kvB<=16k,kp<=2k,0.4775,4
32,n<=32,sr>70%,kvB<=16k,kp<=4k,0.4453,4
32,n<=32,sr>70%,kvB<=16k,kp<=512,0.5454,4
32,n<=32,sr>70%,kvB<=16k,kp<=8k,0.4884,4
32,n<=32,sr>70%,kvB<=16k,kp=0,0.68,4
32,n<=32,sr>70%,kvB<=1k,kp<=1k,1.6727,4
32,n<=32,sr>70%,kvB<=1k,kp<=2k,1.3395,4
32,n<=32,sr>70%,kvB<=1k,kp<=4k,1.5318,4
32,n<=32,sr>70%,kvB<=1k,kp<=512,1.5439,4
32,n<=32,sr>70%,kvB<=1k,kp<=8k,1.5567,4
32,n<=32,sr>70%,kvB<=1k,kp=0,1.8632,4
32,n<=32,sr>70%,kvB<=4k,kp<=1k,0.7562,4
32,n<=32,sr>70%,kvB<=4k,kp<=2k,0.8352,3
32,n<=32,sr>70%,kvB<=4k,kp<=4k,1.0044,4
32,n<=32,sr>70%,kvB<=4k,kp<=512,0.9237,4
32,n<=32,sr>70%,kvB<=4k,kp<=8k,0.9193,4
32,n<=32,sr>70%,kvB<=4k,kp=0,1.4318,4
32,n<=4,sr<=40%,kvB<=16k,kp<=1k,0.378,2
32,n<=4,sr<=40%,kvB<=16k,kp<=2k,0.4536,2
32,n<=4,sr<=40%,kvB<=16k,kp<=4k,0.5227,2
32,n<=4,sr<=40%,kvB<=16k,kp<=512,0.3304,2
32,n<=4,sr<=40%,kvB<=16k,kp<=8k,0.4893,2
32,n<=4,sr<=40%,kvB<=16k,kp=0,0.3199,2
32,n<=4,sr<=40%,kvB<=1k,kp<=1k,-0.1681,2
32,n<=4,sr<=40%,kvB<=1k,kp<=2k,-0.1972,2
32,n<=4,sr<=40%,kvB<=1k,kp<=4k,-0.1254,2
32,n<=4,sr<=40%,kvB<=1k,kp<=512,0.6664,2
32,n<=4,sr<=40%,kvB<=1k,kp<=8k,-0.0727,2
32,n<=4,sr<=40%,kvB<=1k,kp=0,0.5373,2
32,n<=4,sr<=40%,kvB<=4k,kp<=1k,0.5385,2
32,n<=4,sr<=40%,kvB<=4k,kp<=2k,0.4842,2
32,n<=4,sr<=40%,kvB<=4k,kp<=4k,-0.483,2
32,n<=4,sr<=40%,kvB<=4k,kp<=512,0.4673,2
32,n<=4,sr<=40%,kvB<=4k,kp<=8k,-0.2943,2
32,n<=4,sr<=40%,kvB<=4k,kp=0,0.3314,2
32,n<=4,sr<=70%,kvB<=16k,kp<=1k,0.2718,2
32,n<=4,sr<=70%,kvB<=16k,kp<=2k,0.3096,2
32,n<=4,sr<=70%,kvB<=16k,kp<=4k,0.3939,2
32,n<=4,sr<=70%,kvB<=16k,kp<=512,0.1505,2
32,n<=4,sr<=70%,kvB<=16k,kp<=8k,0.6862,2
32,n<=4,sr<=70%,kvB<=16k,kp=0,0.0128,2
32,n<=4,sr<=70%,kvB<=1k,kp<=1k,-0.5837,2
32,n<=4,sr<=70%,kvB<=1k,kp<=2k,-0.6184,2
32,n<=4,sr<=70%,kvB<=1k,kp<=4k,-0.4774,2
32,n<=4,sr<=70%,kvB<=1k,kp<=512,0.9113,2
32,n<=4,sr<=70%,kvB<=1k,kp<=8k,-0.4011,2
32,n<=4,sr<=70%,kvB<=1k,kp=0,0.5535,2
32,n<=4,sr<=70%,kvB<=4k,kp<=1k,0.4347,2
32,n<=4,sr<=70%,kvB<=4k,kp<=2k,0.6741,2
32,n<=4,sr<=70%,kvB<=4k,kp<=4k,-0.4261,2
32,n<=4,sr<=70%,kvB<=4k,kp<=512,0.3303,2
32,n<=4,sr<=70%,kvB<=4k,kp<=8k,-0.3757,2
32,n<=4,sr<=70%,kvB<=4k,kp=0,0.1747,2
32,n<=4,sr>70%,kvB<=16k,kp<=1k,1.0327,2
32,n<=4,sr>70%,kvB<=16k,kp<=2k,1.0006,2
32,n<=4,sr>70%,kvB<=16k,kp<=4k,0.993,2
32,n<=4,sr>70%,kvB<=16k,kp<=512,1.0207,2
32,n<=4,sr>70%,kvB<=16k,kp<=8k,1.0214,2
32,n<=4,sr>70%,kvB<=16k,kp=0,1.0017,2
32,n<=4,sr>70%,kvB<=1k,kp<=1k,0.3595,2
32,n<=4,sr>70%,kvB<=1k,kp<=2k,-0.9621,2
32,n<=4,sr>70%,kvB<=1k,kp<=4k,-0.7285,2
32,n<=4,sr>70%,kvB<=1k,kp<=512,0.9193,2
32,n<=4,sr>70%,kvB<=1k,kp<=8k,-0.912,2
32,n<=4,sr>70%,kvB<=1k,kp=0,0.9424,2
32,n<=4,sr>70%,kvB<=4k,kp<=1k,0.8779,2
32,n<=4,sr>70%,kvB<=4k,kp<=2k,0.8705,2
32,n<=4,sr>70%,kvB<=4k,kp<=4k,-0.5277,2
32,n<=4,sr>70%,kvB<=4k,kp<=512,0.8896,2
32,n<=4,sr>70%,kvB<=4k,kp<=8k,-0.9038,2
32,n<=4,sr>70%,kvB<=4k,kp=0,0.9028,2
32,n<=64,sr<=15%,kvB<=16k,kp<=1k,0.0142,4
32,n<=64,sr<=15%,kvB<=16k,kp<=2k,0.0142,4
32,n<=64,sr<=15%,kvB<=16k,kp<=4k,0.0146,4
32,n<=64,sr<=15%,kvB<=16k,kp<=512,0.0139,4
32,n<=64,sr<=15%,kvB<=16k,kp<=8k,0.0126,4
32,n<=64,sr<=15%,kvB<=16k,kp=0,0.018,4
32,n<=64,sr<=15%,kvB<=1k,kp<=1k,0.0113,4
32,n<=64,sr<=15%,kvB<=1k,kp<=2k,0.009,4
32,n<=64,sr<=15%,kvB<=1k,kp<=4k,0.0073,4
32,n<=64,sr<=15%,kvB<=1k,kp<=512,0.0179,4
32,n<=64,sr<=15%,kvB<=1k,kp<=8k,0.0071,4
32,n<=64,sr<=15%,kvB<=1k,kp=0,0.0204,4
32,n<=64,sr<=15%,kvB<=4k,kp<=1k,0.0205,4
32,n<=64,sr<=15%,kvB<=4k,kp<=2k,0.0158,4
32,n<=64,sr<=15%,kvB<=4k,kp<=4k,0.01,4
32,n<=64,sr<=15%,kvB<=4k,kp<=512,0.0173,4
32,n<=64,sr<=15%,kvB<=4k,kp<=8k,0.0103,4
32,n<=64,sr<=15%,kvB<=4k,kp=0,0.024,4
32,n<=64,sr<=40%,kvB<=16k,kp<=1k,0.008,2
32,n<=64,sr<=40%,kvB<=16k,kp<=2k,0.0088,2
32,n<=64,sr<=40%,kvB<=16k,kp<=4k,0.0098,2
32,n<=64,sr<=40%,kvB<=16k,kp<=512,0.0089,2
32,n<=64,sr<=40%,kvB<=16k,kp<=8k,0.0065,2
32,n<=64,sr<=40%,kvB<=16k,kp=0,0.0114,2
32,n<=64,sr<=40%,kvB<=1k,kp<=1k,-0.0007,2
32,n<=64,sr<=40%,kvB<=1k,kp<=2k,-0.007,2
32,n<=64,sr<=40%,kvB<=1k,kp<=4k,0.0002,2
32,n<=64,sr<=40%,kvB<=1k,kp<=512,0.0065,2
32,n<=64,sr<=40%,kvB<=1k,kp<=8k,-0.0073,2
32,n<=64,sr<=40%,kvB<=1k,kp=0,0.0061,2
32,n<=64,sr<=40%,kvB<=4k,kp<=1k,0.0169,2
32,n<=64,sr<=40%,kvB<=4k,kp<=2k,0.0238,2
32,n<=64,sr<=40%,kvB<=4k,kp<=4k,0.0134,2
32,n<=64,sr<=40%,kvB<=4k,kp<=512,0.0148,2
32,n<=64,sr<=40%,kvB<=4k,kp<=8k,0.0084,2
32,n<=64,sr<=40%,kvB<=4k,kp=0,0.0272,2
32,n<=64,sr<=5%,kvB<=16k,kp<=1k,0.012,6
32,n<=64,sr<=5%,kvB<=16k,kp<=2k,0.0122,6
32,n<=64,sr<=5%,kvB<=16k,kp<=4k,0.0122,6
32,n<=64,sr<=5%,kvB<=16k,kp<=512,0.0118,6
32,n<=64,sr<=5%,kvB<=16k,kp<=8k,0.0097,6
32,n<=64,sr<=5%,kvB<=16k,kp=0,0.013,6
32,n<=64,sr<=5%,kvB<=1k,kp<=1k,0.0043,6
32,n<=64,sr<=5%,kvB<=1k,kp<=2k,0.0019,6
32,n<=64,sr<=5%,kvB<=1k,kp<=4k,0.001,6
32,n<=64,sr<=5%,kvB<=1k,kp<=512,0.0122,6
32,n<=64,sr<=5%,kvB<=1k,kp<=8k,-0.0012,6
32,n<=64,sr<=5%,kvB<=1k,kp=0,0.0111,6
32,n<=64,sr<=5%,kvB<=4k,kp<=1k,0.0155,6
32,n<=64,sr<=5%,kvB<=4k,kp<=2k,0.012,6
32,n<=64,sr<=5%,kvB<=4k,kp<=4k,0.0059,6
32,n<=64,sr<=5%,kvB<=4k,kp<=512,0.0136,6
32,n<=64,sr<=5%,kvB<=4k,kp<=8k,0.0046,6
32,n<=64,sr<=5%,kvB<=4k,kp=0,0.0164,6
32,n<=64,sr<=70%,kvB<=16k,kp<=1k,0.0119,2
32,n<=64,sr<=70%,kvB<=16k,kp<=2k,0.0099,2
32,n<=64,sr<=70%,kvB<=16k,kp<=4k,0.0133,2
32,n<=64,sr<=70%,kvB<=16k,kp<=512,0.0078,2
32,n<=64,sr<=70%,kvB<=16k,kp<=8k,0.0138,2
32,n<=64,sr<=70%,kvB<=16k,kp=0,0.012,2
32,n<=64,sr<=70%,kvB<=1k,kp<=1k,0.032,2
32,n<=64,sr<=70%,kvB<=1k,kp<=2k,0.0517,2
32,n<=64,sr<=70%,kvB<=1k,kp<=4k,0.0306,2
32,n<=64,sr<=70%,kvB<=1k,kp<=512,0.0646,2
32,n<=64,sr<=70%,kvB<=1k,kp<=8k,0.021,2
32,n<=64,sr<=70%,kvB<=1k,kp=0,0.0696,2
32,n<=64,sr<=70%,kvB<=4k,kp<=1k,0.0347,2
32,n<=64,sr<=70%,kvB<=4k,kp<=2k,0.0323,2
32,n<=64,sr<=70%,kvB<=4k,kp<=4k,0.0307,2
32,n<=64,sr<=70%,kvB<=4k,kp<=512,0.0357,2
32,n<=64,sr<=70%,kvB<=4k,kp<=8k,0.038,2
32,n<=64,sr<=70%,kvB<=4k,kp=0,0.0524,2
32,n<=64,sr>70%,kvB<=16k,kp<=1k,0.0557,4
32,n<=64,sr>70%,kvB<=16k,kp<=2k,0.0503,4
32,n<=64,sr>70%,kvB<=16k,kp<=4k,0.0532,4
32,n<=64,sr>70%,kvB<=16k,kp<=512,0.0473,4
32,n<=64,sr>70%,kvB<=16k,kp<=8k,0.0512,4
32,n<=64,sr>70%,kvB<=16k,kp=0,0.0777,4
32,n<=64,sr>70%,kvB<=1k,kp<=1k,0.2343,4
32,n<=64,sr>70%,kvB<=1k,kp<=2k,0.1985,4
32,n<=64,sr>70%,kvB<=1k,kp<=4k,0.1414,4
32,n<=64,sr>70%,kvB<=1k,kp<=512,0.2117,4
32,n<=64,sr>70%,kvB<=1k,kp<=8k,0.1769,4
32,n<=64,sr>70%,kvB<=1k,kp=0,0.2392,4
32,n<=64,sr>70%,kvB<=4k,kp<=1k,0.1059,4
32,n<=64,sr>70%,kvB<=4k,kp<=2k,0.1056,4
32,n<=64,sr>70%,kvB<=4k,kp<=4k,0.0968,4
32,n<=64,sr>70%,kvB<=4k,kp<=512,0.1108,4
32,n<=64,sr>70%,kvB<=4k,kp<=8k,0.1024,4
32,n<=64,sr>70%,kvB<=4k,kp=0,0.132,4
32,n<=8,sr<=15%,kvB<=16k,kp<=1k,0.1311,2
32,n<=8,sr<=15%,kvB<=16k,kp<=2k,0.1209,2
32,n<=8,sr<=15%,kvB<=16k,kp<=4k,0.1243,2
32,n<=8,sr<=15%,kvB<=16k,kp<=512,0.1377,2
32,n<=8,sr<=15%,kvB<=16k,kp<=8k,0.1348,2
32,n<=8,sr<=15%,kvB<=16k,kp=0,0.1423,2
32,n<=8,sr<=15%,kvB<=1k,kp<=1k,0.117,2
32,n<=8,sr<=15%,kvB<=1k,kp<=2k,0.1544,2
32,n<=8,sr<=15%,kvB<=1k,kp<=4k,0.16,2
32,n<=8,sr<=15%,kvB<=1k,kp<=512,0.2107,2
32,n<=8,sr<=15%,kvB<=1k,kp<=8k,0.1425,2
32,n<=8,sr<=15%,kvB<=1k,kp=0,0.2255,2
32,n<=8,sr<=15%,kvB<=4k,kp<=1k,0.1591,2
32,n<=8,sr<=15%,kvB<=4k,kp<=2k,0.1566,2
32,n<=8,sr<=15%,kvB<=4k,kp<=4k,0.0111,2
32,n<=8,sr<=15%,kvB<=4k,kp<=512,0.1512,2
32,n<=8,sr<=15%,kvB<=4k,kp<=8k,0.0758,2
32,n<=8,sr<=15%,kvB<=4k,kp=0,0.1446,2
32,n<=8,sr<=40%,kvB<=16k,kp<=1k,0.0975,4
32,n<=8,sr<=40%,kvB<=16k,kp<=2k,0.087,4
32,n<=8,sr<=40%,kvB<=16k,kp<=4k,0.0684,4
32,n<=8,sr<=40%,kvB<=16k,kp<=512,0.1066,4
32,n<=8,sr<=40%,kvB<=16k,kp<=8k,0.16,4
32,n<=8,sr<=40%,kvB<=16k,kp=0,0.1091,4
32,n<=8,sr<=40%,kvB<=1k,kp<=1k,0.0338,4
32,n<=8,sr<=40%,kvB<=1k,kp<=2k,0.1678,4
32,n<=8,sr<=40%,kvB<=1k,kp<=4k,0.1867,4
32,n<=8,sr<=40%,kvB<=1k,kp<=512,0.1938,4
32,n<=8,sr<=40%,kvB<=1k,kp<=8k,0.1608,4
32,n<=8,sr<=40%,kvB<=1k,kp=0,0.1643,4
32,n<=8,sr<=40%,kvB<=4k,kp<=1k,0.1212,4
32,n<=8,sr<=40%,kvB<=4k,kp<=2k,0.1488,4
32,n<=8,sr<=40%,kvB<=4k,kp<=4k,-0.0115,4
32,n<=8,sr<=40%,kvB<=4k,kp<=512,0.1051,4
32,n<=8,sr<=40%,kvB<=4k,kp<=8k,0.1524,4
32,n<=8,sr<=40%,kvB<=4k,kp=0,0.0917,4
32,n<=8,sr<=70%,kvB<=16k,kp<=1k,0.0972,2
32,n<=8,sr<=70%,kvB<=16k,kp<=2k,0.043,2
32,n<=8,sr<=70%,kvB<=16k,kp<=4k,-0.0396,2
32,n<=8,sr<=70%,kvB<=16k,kp<=512,0.1193,2
32,n<=8,sr<=70%,kvB<=16k,kp<=8k,0.1233,2
32,n<=8,sr<=70%,kvB<=16k,kp=0,0.0442,2
32,n<=8,sr<=70%,kvB<=1k,kp<=1k,0.0282,2
32,n<=8,sr<=70%,kvB<=1k,kp<=2k,0.1473,2
32,n<=8,sr<=70%,kvB<=1k,kp<=4k,0.2699,2
32,n<=8,sr<=70%,kvB<=1k,kp<=512,0.1443,2
32,n<=8,sr<=70%,kvB<=1k,kp<=8k,0.2273,2
32,n<=8,sr<=70%,kvB<=1k,kp=0,0.0675,2
32,n<=8,sr<=70%,kvB<=4k,kp<=1k,0.0686,2
32,n<=8,sr<=70%,kvB<=4k,kp<=2k,0.1926,2
32,n<=8,sr<=70%,kvB<=4k,kp<=4k,0.0276,2
32,n<=8,sr<=70%,kvB<=4k,kp<=512,0.0023,2
32,n<=8,sr<=70%,kvB<=4k,kp<=8k,0.0601,2
32,n<=8,sr<=70%,kvB<=4k,kp=0,0.0178,2
32,n<=8,sr>70%,kvB<=16k,kp<=1k,0.2163,4
32,n<=8,sr>70%,kvB<=16k,kp<=2k,0.2793,4
32,n<=8,sr>70%,kvB<=16k,kp<=4k,-0.102,4
32,n<=8,sr>70%,kvB<=16k,kp<=512,0.2122,4
32,n<=8,sr>70%,kvB<=16k,kp<=8k,0.4093,4
32,n<=8,sr>70%,kvB<=16k,kp=0,-0.0429,4
32,n<=8,sr>70%,kvB<=1k,kp<=1k,0.1596,4
32,n<=8,sr>70%,kvB<=1k,kp<=2k,0.5347,4
32,n<=8,sr>70%,kvB<=1k,kp<=4k,0.7256,4
32,n<=8,sr>70%,kvB<=1k,kp<=512,0.2094,4
32,n<=8,sr>70%,kvB<=1k,kp<=8k,0.6558,4
32,n<=8,sr>70%,kvB<=1k,kp=0,-0.0901,4
32,n<=8,sr>70%,kvB<=4k,kp<=1k,-0.1532,4
32,n<=8,sr>70%,kvB<=4k,kp<=2k,0.2327,4
32,n<=8,sr>70%,kvB<=4k,kp<=4k,0.166,4
32,n<=8,sr>70%,kvB<=4k,kp<=512,-0.0879,4
32,n<=8,sr>70%,kvB<=4k,kp<=8k,0.7455,4
32,n<=8,sr>70%,kvB<=4k,kp=0,-0.3624,4
64,n<=128,sr<=15%,kvB<=16k,kp<=1k,0.0025,4
64,n<=128,sr<=15%,kvB<=16k,kp<=2k,0.0023,4
64,n<=128,sr<=15%,kvB<=16k,kp<=4k,0.0021,4
64,n<=128,sr<=15%,kvB<=16k,kp<=512,0.0024,4
64,n<=128,sr<=15%,kvB<=16k,kp<=8k,0.0018,4
64,n<=128,sr<=15%,kvB<=16k,kp=0,0.0023,4
64,n<=128,sr<=15%,kvB<=1k,kp<=1k,0.0011,4
64,n<=128,sr<=15%,kvB<=1k,kp<=2k,-0.0006,4
64,n<=128,sr<=15%,kvB<=1k,kp<=4k,0.0001,4
64,n<=128,sr<=15%,kvB<=1k,kp<=512,0.0029,4
64,n<=128,sr<=15%,kvB<=1k,kp<=8k,-0.0005,4
64,n<=128,sr<=15%,kvB<=1k,kp=0,0.0024,4
64,n<=128,sr<=15%,kvB<=4k,kp<=1k,0.0021,4
64,n<=128,sr<=15%,kvB<=4k,kp<=2k,0.0016,4
64,n<=128,sr<=15%,kvB<=4k,kp<=4k,0.0001,4
64,n<=128,sr<=15%,kvB<=4k,kp<=512,0.0022,4
64,n<=128,sr<=15%,kvB<=4k,kp<=8k,-0.0005,4
64,n<=128,sr<=15%,kvB<=4k,kp=0,0.0022,4
64,n<=128,sr<=40%,kvB<=16k,kp<=1k,0.0005,2
64,n<=128,sr<=40%,kvB<=16k,kp<=2k,0.0008,2
64,n<=128,sr<=40%,kvB<=16k,kp<=4k,0.0005,2
64,n<=128,sr<=40%,kvB<=16k,kp<=512,0.0008,2
64,n<=128,sr<=40%,kvB<=16k,kp<=8k,0.0008,2
64,n<=128,sr<=40%,kvB<=16k,kp=0,0.0006,2
64,n<=128,sr<=40%,kvB<=1k,kp<=1k,0.0009,2
64,n<=128,sr<=40%,kvB<=1k,kp<=2k,0.0014,2
64,n<=128,sr<=40%,kvB<=1k,kp<=4k,-0.0013,2
64,n<=128,sr<=40%,kvB<=1k,kp<=512,0.0012,2
64,n<=128,sr<=40%,kvB<=1k,kp<=8k,0.0061,2
64,n<=128,sr<=40%,kvB<=1k,kp=0,0.002,2
64,n<=128,sr<=40%,kvB<=4k,kp<=1k,0.0006,2
64,n<=128,sr<=40%,kvB<=4k,kp<=2k,-0.0,2
64,n<=128,sr<=40%,kvB<=4k,kp<=4k,-0.0007,2
64,n<=128,sr<=40%,kvB<=4k,kp<=512,0.0003,2
64,n<=128,sr<=40%,kvB<=4k,kp<=8k,-0.001,2
64,n<=128,sr<=40%,kvB<=4k,kp=0,-0.0001,2
64,n<=128,sr<=5%,kvB<=16k,kp<=1k,0.0034,8
64,n<=128,sr<=5%,kvB<=16k,kp<=2k,0.0034,8
64,n<=128,sr<=5%,kvB<=16k,kp<=4k,0.0031,8
64,n<=128,sr<=5%,kvB<=16k,kp<=512,0.0034,8
64,n<=128,sr<=5%,kvB<=16k,kp<=8k,0.0029,8
64,n<=128,sr<=5%,kvB<=16k,kp=0,0.0035,8
64,n<=128,sr<=5%,kvB<=1k,kp<=1k,-0.0001,8
64,n<=128,sr<=5%,kvB<=1k,kp<=2k,-0.0002,8
64,n<=128,sr<=5%,kvB<=1k,kp<=4k,-0.0015,8
64,n<=128,sr<=5%,kvB<=1k,kp<=512,0.0008,8
64,n<=128,sr<=5%,kvB<=1k,kp<=8k,-0.0021,8
64,n<=128,sr<=5%,kvB<=1k,kp=0,0.0005,8
64,n<=128,sr<=5%,kvB<=4k,kp<=1k,0.0035,8
64,n<=128,sr<=5%,kvB<=4k,kp<=2k,0.003,8
64,n<=128,sr<=5%,kvB<=4k,kp<=4k,0.0005,8
64,n<=128,sr<=5%,kvB<=4k,kp<=512,0.0033,8
64,n<=128,sr<=5%,kvB<=4k,kp<=8k,0.0001,8
64,n<=128,sr<=5%,kvB<=4k,kp=0,0.0033,8
64,n<=128,sr<=70%,kvB<=16k,kp<=1k,-0.0006,2
64,n<=128,sr<=70%,kvB<=16k,kp<=2k,-0.0009,2
64,n<=128,sr<=70%,kvB<=16k,kp<=4k,-0.0016,2
64,n<=128,sr<=70%,kvB<=16k,kp<=512,-0.0004,2
64,n<=128,sr<=70%,kvB<=16k,kp<=8k,-0.0023,2
64,n<=128,sr<=70%,kvB<=16k,kp=0,-0.0006,2
64,n<=128,sr<=70%,kvB<=1k,kp<=1k,-0.0035,2
64,n<=128,sr<=70%,kvB<=1k,kp<=2k,-0.0014,2
64,n<=128,sr<=70%,kvB<=1k,kp<=4k,0.0029,2
64,n<=128,sr<=70%,kvB<=1k,kp<=512,-0.001,2
64,n<=128,sr<=70%,kvB<=1k,kp<=8k,0.0039,2
64,n<=128,sr<=70%,kvB<=1k,kp=0,-0.0005,2
64,n<=128,sr<=70%,kvB<=4k,kp<=1k,-0.0009,2
64,n<=128,sr<=70%,kvB<=4k,kp<=2k,-0.0018,2
64,n<=128,sr<=70%,kvB<=4k,kp<=4k,-0.0004,2
64,n<=128,sr<=70%,kvB<=4k,kp<=512,-0.0007,2
64,n<=128,sr<=70%,kvB<=4k,kp<=8k,0.0063,2
64,n<=128,sr<=70%,kvB<=4k,kp=0,-0.0008,2
64,n<=128,sr>70%,kvB<=16k,kp<=1k,0.0079,4
64,n<=128,sr>70%,kvB<=16k,kp<=2k,0.0066,4
64,n<=128,sr>70%,kvB<=16k,kp<=4k,0.0048,4
64,n<=128,sr>70%,kvB<=16k,kp<=512,0.0061,4
64,n<=128,sr>70%,kvB<=16k,kp<=8k,0.0009,4
64,n<=128,sr>70%,kvB<=16k,kp=0,0.0091,4
64,n<=128,sr>70%,kvB<=1k,kp<=1k,0.0116,4
64,n<=128,sr>70%,kvB<=1k,kp<=2k,0.0036,4
64,n<=128,sr>70%,kvB<=1k,kp<=4k,0.0089,4
64,n<=128,sr>70%,kvB<=1k,kp<=512,0.0068,4
64,n<=128,sr>70%,kvB<=1k,kp<=8k,0.0038,4
64,n<=128,sr>70%,kvB<=1k,kp=0,0.0091,4
64,n<=128,sr>70%,kvB<=4k,kp<=1k,0.0042,4
64,n<=128,sr>70%,kvB<=4k,kp<=2k,0.0046,4
64,n<=128,sr>70%,kvB<=4k,kp<=4k,0.005,4
64,n<=128,sr>70%,kvB<=4k,kp<=512,0.0052,4
64,n<=128,sr>70%,kvB<=4k,kp<=8k,0.0027,4
64,n<=128,sr>70%,kvB<=4k,kp=0,0.0064,4
64,n<=16,sr<=15%,kvB<=16k,kp<=1k,0.0868,4
64,n<=16,sr<=15%,kvB<=16k,kp<=2k,0.093,4
64,n<=16,sr<=15%,kvB<=16k,kp<=4k,0.0298,4
64,n<=16,sr<=15%,kvB<=16k,kp<=512,0.0841,4
64,n<=16,sr<=15%,kvB<=16k,kp<=8k,0.0097,4
64,n<=16,sr<=15%,kvB<=16k,kp=0,0.0823,4
64,n<=16,sr<=15%,kvB<=1k,kp<=1k,0.0727,4
64,n<=16,sr<=15%,kvB<=1k,kp<=2k,0.0417,4
64,n<=16,sr<=15%,kvB<=1k,kp<=4k,0.0824,4
64,n<=16,sr<=15%,kvB<=1k,kp<=512,0.1262,4
64,n<=16,sr<=15%,kvB<=1k,kp<=8k,0.0727,4
64,n<=16,sr<=15%,kvB<=1k,kp=0,0.1457,4
64,n<=16,sr<=15%,kvB<=4k,kp<=1k,0.1005,4
64,n<=16,sr<=15%,kvB<=4k,kp<=2k,0.0773,4
64,n<=16,sr<=15%,kvB<=4k,kp<=4k,0.021,4
64,n<=16,sr<=15%,kvB<=4k,kp<=512,0.0942,4
64,n<=16,sr<=15%,kvB<=4k,kp<=8k,0.0202,4
64,n<=16,sr<=15%,kvB<=4k,kp=0,0.0996,4
64,n<=16,sr<=40%,kvB<=16k,kp<=1k,0.148,4
64,n<=16,sr<=40%,kvB<=16k,kp<=2k,0.0952,4
64,n<=16,sr<=40%,kvB<=16k,kp<=4k,0.0556,4
64,n<=16,sr<=40%,kvB<=16k,kp<=512,0.1425,4
64,n<=16,sr<=40%,kvB<=16k,kp<=8k,0.0358,4
64,n<=16,sr<=40%,kvB<=16k,kp=0,0.1363,4
64,n<=16,sr<=40%,kvB<=1k,kp<=1k,0.0535,4
64,n<=16,sr<=40%,kvB<=1k,kp<=2k,0.0321,4
64,n<=16,sr<=40%,kvB<=1k,kp<=4k,0.0742,4
64,n<=16,sr<=40%,kvB<=1k,kp<=512,0.1234,4
64,n<=16,sr<=40%,kvB<=1k,kp<=8k,0.0743,4
64,n<=16,sr<=40%,kvB<=1k,kp=0,0.1365,4
64,n<=16,sr<=40%,kvB<=4k,kp<=1k,0.1242,4
64,n<=16,sr<=40%,kvB<=4k,kp<=2k,0.1038,4
64,n<=16,sr<=40%,kvB<=4k,kp<=4k,0.1048,4
64,n<=16,sr<=40%,kvB<=4k,kp<=512,0.1461,4
64,n<=16,sr<=40%,kvB<=4k,kp<=8k,0.0879,4
64,n<=16,sr<=40%,kvB<=4k,kp=0,0.1143,4
64,n<=16,sr<=70%,kvB<=16k,kp<=1k,0.2949,2
64,n<=16,sr<=70%,kvB<=16k,kp<=2k,0.2826,2
64,n<=16,sr<=70%,kvB<=16k,kp<=4k,0.2549,2
64,n<=16,sr<=70%,kvB<=16k,kp<=512,0.3483,2
64,n<=16,sr<=70%,kvB<=16k,kp<=8k,0.3073,2
64,n<=16,sr<=70%,kvB<=16k,kp=0,0.4362,2
64,n<=16,sr<=70%,kvB<=1k,kp<=1k,0.0049,2
64,n<=16,sr<=70%,kvB<=1k,kp<=2k,0.0128,2
64,n<=16,sr<=70%,kvB<=1k,kp<=4k,0.0522,2
64,n<=16,sr<=70%,kvB<=1k,kp<=512,0.0718,2
64,n<=16,sr<=70%,kvB<=1k,kp<=8k,0.0824,2
64,n<=16,sr<=70%,kvB<=1k,kp=0,0.0397,2
64,n<=16,sr<=70%,kvB<=4k,kp<=1k,0.4259,2
64,n<=16,sr<=70%,kvB<=4k,kp<=2k,0.5869,2
64,n<=16,sr<=70%,kvB<=4k,kp<=4k,0.739,2
64,n<=16,sr<=70%,kvB<=4k,kp<=512,0.3241,2
64,n<=16,sr<=70%,kvB<=4k,kp<=8k,0.8701,2
64,n<=16,sr<=70%,kvB<=4k,kp=0,0.3839,2
64,n<=16,sr>70%,kvB<=16k,kp<=1k,0.9164,4
64,n<=16,sr>70%,kvB<=16k,kp<=2k,0.7769,4
64,n<=16,sr>70%,kvB<=16k,kp<=4k,0.9327,4
64,n<=16,sr>70%,kvB<=16k,kp<=512,1.2212,4
64,n<=16,sr>70%,kvB<=16k,kp<=8k,1.2428,4
64,n<=16,sr>70%,kvB<=16k,kp=0,1.4865,4
64,n<=16,sr>70%,kvB<=1k,kp<=1k,0.275,4
64,n<=16,sr>70%,kvB<=1k,kp<=2k,0.528,4
64,n<=16,sr>70%,kvB<=1k,kp<=4k,0.1712,4
64,n<=16,sr>70%,kvB<=1k,kp<=512,0.3591,4
64,n<=16,sr>70%,kvB<=1k,kp<=8k,0.5185,4
64,n<=16,sr>70%,kvB<=1k,kp=0,0.1473,4
64,n<=16,sr>70%,kvB<=4k,kp<=1k,1.4092,4
64,n<=16,sr>70%,kvB<=4k,kp<=2k,2.3813,4
64,n<=16,sr>70%,kvB<=4k,kp<=4k,5.6564,4
64,n<=16,sr>70%,kvB<=4k,kp<=512,1.5593,4
64,n<=16,sr>70%,kvB<=4k,kp<=8k,2.3103,2
64,n<=16,sr>70%,kvB<=4k,kp=0,2.0815,4
64,n<=2,sr<=70%,kvB<=16k,kp<=1k,0.9917,2
64,n<=2,sr<=70%,kvB<=16k,kp<=2k,0.8777,2
64,n<=2,sr<=70%,kvB<=16k,kp<=4k,0.8294,2
64,n<=2,sr<=70%,kvB<=16k,kp<=512,0.9911,2
64,n<=2,sr<=70%,kvB<=16k,kp<=8k,0.0468,2
64,n<=2,sr<=70%,kvB<=16k,kp=0,0.9893,2
64,n<=2,sr<=70%,kvB<=1k,kp<=1k,-0.8781,2
64,n<=2,sr<=70%,kvB<=1k,kp<=2k,-0.9165,2
64,n<=2,sr<=70%,kvB<=1k,kp<=4k,-0.8426,2
64,n<=2,sr<=70%,kvB<=1k,kp<=512,-0.0164,2
64,n<=2,sr<=70%,kvB<=1k,kp<=8k,-0.6929,2
64,n<=2,sr<=70%,kvB<=1k,kp=0,0.9572,2
64,n<=2,sr<=70%,kvB<=4k,kp<=1k,0.7541,2
64,n<=2,sr<=70%,kvB<=4k,kp<=2k,-0.0406,2
64,n<=2,sr<=70%,kvB<=4k,kp<=4k,-0.9822,2
64,n<=2,sr<=70%,kvB<=4k,kp<=512,0.9618,2
64,n<=2,sr<=70%,kvB<=4k,kp<=8k,-1.0592,2
64,n<=2,sr<=70%,kvB<=4k,kp=0,0.9811,2
64,n<=32,sr<=15%,kvB<=16k,kp<=1k,0.0547,6
64,n<=32,sr<=15%,kvB<=16k,kp<=2k,0.0464,6
64,n<=32,sr<=15%,kvB<=16k,kp<=4k,0.0332,6
64,n<=32,sr<=15%,kvB<=16k,kp<=512,0.057,6
64,n<=32,sr<=15%,kvB<=16k,kp<=8k,0.0372,6
64,n<=32,sr<=15%,kvB<=16k,kp=0,0.0643,6
64,n<=32,sr<=15%,kvB<=1k,kp<=1k,0.0448,6
64,n<=32,sr<=15%,kvB<=1k,kp<=2k,0.0396,6
64,n<=32,sr<=15%,kvB<=1k,kp<=4k,0.0542,6
64,n<=32,sr<=15%,kvB<=1k,kp<=512,0.0594,6
64,n<=32,sr<=15%,kvB<=1k,kp<=8k,0.0708,6
64,n<=32,sr<=15%,kvB<=1k,kp=0,0.0979,6
64,n<=32,sr<=15%,kvB<=4k,kp<=1k,0.0886,6
64,n<=32,sr<=15%,kvB<=4k,kp<=2k,0.0676,6
64,n<=32,sr<=15%,kvB<=4k,kp<=4k,0.0932,6
64,n<=32,sr<=15%,kvB<=4k,kp<=512,0.0708,6
64,n<=32,sr<=15%,kvB<=4k,kp<=8k,0.0921,6
64,n<=32,sr<=15%,kvB<=4k,kp=0,0.1213,6
64,n<=32,sr<=40%,kvB<=16k,kp<=1k,0.097,2
64,n<=32,sr<=40%,kvB<=16k,kp<=2k,0.0949,2
64,n<=32,sr<=40%,kvB<=16k,kp<=4k,0.105,2
64,n<=32,sr<=40%,kvB<=16k,kp<=512,0.1123,2
64,n<=32,sr<=40%,kvB<=16k,kp<=8k,0.093,2
64,n<=32,sr<=40%,kvB<=16k,kp=0,0.1453,2
64,n<=32,sr<=40%,kvB<=1k,kp<=1k,0.1164,2
64,n<=32,sr<=40%,kvB<=1k,kp<=2k,0.2072,2
64,n<=32,sr<=40%,kvB<=1k,kp<=4k,0.2573,2
64,n<=32,sr<=40%,kvB<=1k,kp<=512,0.1121,2
64,n<=32,sr<=40%,kvB<=1k,kp<=8k,0.2524,2
64,n<=32,sr<=40%,kvB<=1k,kp=0,0.1438,2
64,n<=32,sr<=40%,kvB<=4k,kp<=1k,0.2151,2
64,n<=32,sr<=40%,kvB<=4k,kp<=2k,0.2378,2
64,n<=32,sr<=40%,kvB<=4k,kp<=4k,0.2465,2
64,n<=32,sr<=40%,kvB<=4k,kp<=512,0.1928,2
64,n<=32,sr<=40%,kvB<=4k,kp<=8k,0.2194,2
64,n<=32,sr<=40%,kvB<=4k,kp=0,0.3146,2
64,n<=32,sr<=5%,kvB<=16k,kp<=1k,0.03,2
64,n<=32,sr<=5%,kvB<=16k,kp<=2k,0.035,2
64,n<=32,sr<=5%,kvB<=16k,kp<=4k,0.0369,2
64,n<=32,sr<=5%,kvB<=16k,kp<=512,0.0411,2
64,n<=32,sr<=5%,kvB<=16k,kp<=8k,0.0159,2
64,n<=32,sr<=5%,kvB<=16k,kp=0,0.0506,2
64,n<=32,sr<=5%,kvB<=1k,kp<=1k,0.0172,2
64,n<=32,sr<=5%,kvB<=1k,kp<=2k,0.0126,2
64,n<=32,sr<=5%,kvB<=1k,kp<=4k,0.0264,2
64,n<=32,sr<=5%,kvB<=1k,kp<=512,0.0357,2
64,n<=32,sr<=5%,kvB<=1k,kp<=8k,0.0101,2
64,n<=32,sr<=5%,kvB<=1k,kp=0,0.0589,2
64,n<=32,sr<=5%,kvB<=4k,kp<=1k,0.0458,2
64,n<=32,sr<=5%,kvB<=4k,kp<=2k,0.0326,2
64,n<=32,sr<=5%,kvB<=4k,kp<=4k,0.0052,2
64,n<=32,sr<=5%,kvB<=4k,kp<=512,0.0296,2
64,n<=32,sr<=5%,kvB<=4k,kp<=8k,0.0518,2
64,n<=32,sr<=5%,kvB<=4k,kp=0,0.0698,2
64,n<=32,sr<=70%,kvB<=16k,kp<=1k,0.1783,2
64,n<=32,sr<=70%,kvB<=16k,kp<=2k,0.218,2
64,n<=32,sr<=70%,kvB<=16k,kp<=4k,0.219,2
64,n<=32,sr<=70%,kvB<=16k,kp<=512,0.257,2
64,n<=32,sr<=70%,kvB<=16k,kp<=8k,0.2252,2
64,n<=32,sr<=70%,kvB<=16k,kp=0,0.2823,2
64,n<=32,sr<=70%,kvB<=1k,kp<=1k,0.4967,2
64,n<=32,sr<=70%,kvB<=1k,kp<=2k,0.7234,2
64,n<=32,sr<=70%,kvB<=1k,kp<=4k,0.645,2
64,n<=32,sr<=70%,kvB<=1k,kp<=512,0.5777,2
64,n<=32,sr<=70%,kvB<=1k,kp<=8k,0.6673,2
64,n<=32,sr<=70%,kvB<=1k,kp=0,0.7389,2
64,n<=32,sr<=70%,kvB<=4k,kp<=1k,0.3205,2
64,n<=32,sr<=70%,kvB<=4k,kp<=2k,0.3965,2
64,n<=32,sr<=70%,kvB<=4k,kp<=4k,0.3508,2
64,n<=32,sr<=70%,kvB<=4k,kp<=512,0.3541,2
64,n<=32,sr<=70%,kvB<=4k,kp<=8k,0.3761,2
64,n<=32,sr<=70%,kvB<=4k,kp=0,0.5911,2
64,n<=32,sr>70%,kvB<=16k,kp<=1k,0.42,4
64,n<=32,sr>70%,kvB<=16k,kp<=2k,0.4311,4
64,n<=32,sr>70%,kvB<=16k,kp<=4k,0.4534,4
64,n<=32,sr>70%,kvB<=16k,kp<=512,0.5778,4
64,n<=32,sr>70%,kvB<=16k,kp<=8k,0.5536,4
64,n<=32,sr>70%,kvB<=16k,kp=0,0.7068,4
64,n<=32,sr>70%,kvB<=1k,kp<=1k,1.691,4
64,n<=32,sr>70%,kvB<=1k,kp<=2k,1.4143,4
64,n<=32,sr>70%,kvB<=1k,kp<=4k,1.7428,4
64,n<=32,sr>70%,kvB<=1k,kp<=512,1.483,4
64,n<=32,sr>70%,kvB<=1k,kp<=8k,1.5912,4
64,n<=32,sr>70%,kvB<=1k,kp=0,1.9247,4
64,n<=32,sr>70%,kvB<=4k,kp<=1k,0.6998,4
64,n<=32,sr>70%,kvB<=4k,kp<=2k,0.7926,4
64,n<=32,sr>70%,kvB<=4k,kp<=4k,1.0644,4
64,n<=32,sr>70%,kvB<=4k,kp<=512,0.8299,4
64,n<=32,sr>70%,kvB<=4k,kp<=8k,0.9235,4
64,n<=32,sr>70%,kvB<=4k,kp=0,1.472,4
64,n<=4,sr<=40%,kvB<=16k,kp<=1k,0.3741,2
64,n<=4,sr<=40%,kvB<=16k,kp<=2k,0.4562,2
64,n<=4,sr<=40%,kvB<=16k,kp<=4k,0.5223,2
64,n<=4,sr<=40%,kvB<=16k,kp<=512,0.3321,2
64,n<=4,sr<=40%,kvB<=16k,kp<=8k,0.4845,2
64,n<=4,sr<=40%,kvB<=16k,kp=0,0.3241,2
64,n<=4,sr<=40%,kvB<=1k,kp<=1k,-0.1871,2
64,n<=4,sr<=40%,kvB<=1k,kp<=2k,-0.1658,2
64,n<=4,sr<=40%,kvB<=1k,kp<=4k,-0.1147,2
64,n<=4,sr<=40%,kvB<=1k,kp<=512,0.6527,2
64,n<=4,sr<=40%,kvB<=1k,kp<=8k,-0.091,2
64,n<=4,sr<=40%,kvB<=1k,kp=0,0.5347,2
64,n<=4,sr<=40%,kvB<=4k,kp<=1k,0.5385,2
64,n<=4,sr<=40%,kvB<=4k,kp<=2k,0.4838,2
64,n<=4,sr<=40%,kvB<=4k,kp<=4k,-0.4753,2
64,n<=4,sr<=40%,kvB<=4k,kp<=512,0.4692,2
64,n<=4,sr<=40%,kvB<=4k,kp<=8k,-0.306,2
64,n<=4,sr<=40%,kvB<=4k,kp=0,0.3328,2
64,n<=4,sr<=70%,kvB<=16k,kp<=1k,0.2776,2
64,n<=4,sr<=70%,kvB<=16k,kp<=2k,0.3089,2
64,n<=4,sr<=70%,kvB<=16k,kp<=4k,0.3923,2
64,n<=4,sr<=70%,kvB<=16k,kp<=512,0.1809,2
64,n<=4,sr<=70%,kvB<=16k,kp<=8k,0.6871,2
64,n<=4,sr<=70%,kvB<=16k,kp=0,0.015,2
64,n<=4,sr<=70%,kvB<=1k,kp<=1k,-0.7416,2
64,n<=4,sr<=70%,kvB<=1k,kp<=2k,-0.6166,2
64,n<=4,sr<=70%,kvB<=1k,kp<=4k,-0.5071,2
64,n<=4,sr<=70%,kvB<=1k,kp<=512,0.8994,2
64,n<=4,sr<=70%,kvB<=1k,kp<=8k,-0.4161,2
64,n<=4,sr<=70%,kvB<=1k,kp=0,0.5501,2
64,n<=4,sr<=70%,kvB<=4k,kp<=1k,0.425,2
64,n<=4,sr<=70%,kvB<=4k,kp<=2k,0.6798,2
64,n<=4,sr<=70%,kvB<=4k,kp<=4k,-0.407,2
64,n<=4,sr<=70%,kvB<=4k,kp<=512,0.3325,2
64,n<=4,sr<=70%,kvB<=4k,kp<=8k,-0.382,2
64,n<=4,sr<=70%,kvB<=4k,kp=0,0.1869,2
64,n<=4,sr>70%,kvB<=16k,kp<=1k,1.0328,2
64,n<=4,sr>70%,kvB<=16k,kp<=2k,1.004,2
64,n<=4,sr>70%,kvB<=16k,kp<=4k,0.9886,2
64,n<=4,sr>70%,kvB<=16k,kp<=512,1.0221,2
64,n<=4,sr>70%,kvB<=16k,kp<=8k,1.0119,2
64,n<=4,sr>70%,kvB<=16k,kp=0,1.009,2
64,n<=4,sr>70%,kvB<=1k,kp<=1k,0.4293,2
64,n<=4,sr>70%,kvB<=1k,kp<=2k,-0.9714,2
64,n<=4,sr>70%,kvB<=1k,kp<=4k,-0.6202,2
64,n<=4,sr>70%,kvB<=1k,kp<=512,0.9056,2
64,n<=4,sr>70%,kvB<=1k,kp<=8k,-0.4115,2
64,n<=4,sr>70%,kvB<=1k,kp=0,0.922,2
64,n<=4,sr>70%,kvB<=4k,kp<=1k,0.8783,2
64,n<=4,sr>70%,kvB<=4k,kp<=2k,0.8899,2
64,n<=4,sr>70%,kvB<=4k,kp<=4k,-0.5881,2
64,n<=4,sr>70%,kvB<=4k,kp<=512,0.8929,2
64,n<=4,sr>70%,kvB<=4k,kp<=8k,-0.926,2
64,n<=4,sr>70%,kvB<=4k,kp=0,0.9204,2
64,n<=64,sr<=15%,kvB<=16k,kp<=1k,0.0143,4
64,n<=64,sr<=15%,kvB<=16k,kp<=2k,0.013,4
64,n<=64,sr<=15%,kvB<=16k,kp<=4k,0.012,4
64,n<=64,sr<=15%,kvB<=16k,kp<=512,0.0133,4
64,n<=64,sr<=15%,kvB<=16k,kp<=8k,0.0123,4
64,n<=64,sr<=15%,kvB<=16k,kp=0,0.0177,4
64,n<=64,sr<=15%,kvB<=1k,kp<=1k,0.0105,4
64,n<=64,sr<=15%,kvB<=1k,kp<=2k,0.0071,4
64,n<=64,sr<=15%,kvB<=1k,kp<=4k,0.0096,4
64,n<=64,sr<=15%,kvB<=1k,kp<=512,0.0162,4
64,n<=64,sr<=15%,kvB<=1k,kp<=8k,0.0106,4
64,n<=64,sr<=15%,kvB<=1k,kp=0,0.0205,4
64,n<=64,sr<=15%,kvB<=4k,kp<=1k,0.0216,4
64,n<=64,sr<=15%,kvB<=4k,kp<=2k,0.0145,4
64,n<=64,sr<=15%,kvB<=4k,kp<=4k,0.0103,4
64,n<=64,sr<=15%,kvB<=4k,kp<=512,0.0169,4
64,n<=64,sr<=15%,kvB<=4k,kp<=8k,0.0093,4
64,n<=64,sr<=15%,kvB<=4k,kp=0,0.026,4
64,n<=64,sr<=40%,kvB<=16k,kp<=1k,0.0091,2
64,n<=64,sr<=40%,kvB<=16k,kp<=2k,0.0075,2
64,n<=64,sr<=40%,kvB<=16k,kp<=4k,0.0107,2
64,n<=64,sr<=40%,kvB<=16k,kp<=512,0.0058,2
64,n<=64,sr<=40%,kvB<=16k,kp<=8k,0.007,2
64,n<=64,sr<=40%,kvB<=16k,kp=0,0.0163,2
64,n<=64,sr<=40%,kvB<=1k,kp<=1k,-0.007,2
64,n<=64,sr<=40%,kvB<=1k,kp<=2k,-0.01,2
64,n<=64,sr<=40%,kvB<=1k,kp<=4k,-0.0079,2
64,n<=64,sr<=40%,kvB<=1k,kp<=512,0.0081,2
64,n<=64,sr<=40%,kvB<=1k,kp<=8k,0.007,2
64,n<=64,sr<=40%,kvB<=1k,kp=0,0.0108,2
64,n<=64,sr<=40%,kvB<=4k,kp<=1k,0.0164,2
64,n<=64,sr<=40%,kvB<=4k,kp<=2k,0.0195,2
64,n<=64,sr<=40%,kvB<=4k,kp<=4k,0.0101,2
64,n<=64,sr<=40%,kvB<=4k,kp<=512,0.0171,2
64,n<=64,sr<=40%,kvB<=4k,kp<=8k,0.0085,2
64,n<=64,sr<=40%,kvB<=4k,kp=0,0.0268,2
64,n<=64,sr<=5%,kvB<=16k,kp<=1k,0.0121,6
64,n<=64,sr<=5%,kvB<=16k,kp<=2k,0.0121,6
64,n<=64,sr<=5%,kvB<=16k,kp<=4k,0.0122,6
64,n<=64,sr<=5%,kvB<=16k,kp<=512,0.011,6
64,n<=64,sr<=5%,kvB<=16k,kp<=8k,0.0094,6
64,n<=64,sr<=5%,kvB<=16k,kp=0,0.0122,6
64,n<=64,sr<=5%,kvB<=1k,kp<=1k,0.0026,6
64,n<=64,sr<=5%,kvB<=1k,kp<=2k,0.0019,6
64,n<=64,sr<=5%,kvB<=1k,kp<=4k,0.001,6
64,n<=64,sr<=5%,kvB<=1k,kp<=512,0.0104,6
64,n<=64,sr<=5%,kvB<=1k,kp<=8k,0.0,6
64,n<=64,sr<=5%,kvB<=1k,kp=0,0.0153,6
64,n<=64,sr<=5%,kvB<=4k,kp<=1k,0.0158,6
64,n<=64,sr<=5%,kvB<=4k,kp<=2k,0.0124,6
64,n<=64,sr<=5%,kvB<=4k,kp<=4k,0.0052,6
64,n<=64,sr<=5%,kvB<=4k,kp<=512,0.0131,6
64,n<=64,sr<=5%,kvB<=4k,kp<=8k,0.0049,6
64,n<=64,sr<=5%,kvB<=4k,kp=0,0.0169,6
64,n<=64,sr<=70%,kvB<=16k,kp<=1k,0.0096,2
64,n<=64,sr<=70%,kvB<=16k,kp<=2k,0.0098,2
64,n<=64,sr<=70%,kvB<=16k,kp<=4k,0.0156,2
64,n<=64,sr<=70%,kvB<=16k,kp<=512,0.0089,2
64,n<=64,sr<=70%,kvB<=16k,kp<=8k,0.0106,2
64,n<=64,sr<=70%,kvB<=16k,kp=0,0.0107,2
64,n<=64,sr<=70%,kvB<=1k,kp<=1k,0.0308,2
64,n<=64,sr<=70%,kvB<=1k,kp<=2k,0.0474,2
64,n<=64,sr<=70%,kvB<=1k,kp<=4k,0.0237,2
64,n<=64,sr<=70%,kvB<=1k,kp<=512,0.0697,2
64,n<=64,sr<=70%,kvB<=1k,kp<=8k,0.0211,2
64,n<=64,sr<=70%,kvB<=1k,kp=0,0.0758,2
64,n<=64,sr<=70%,kvB<=4k,kp<=1k,0.0353,2
64,n<=64,sr<=70%,kvB<=4k,kp<=2k,0.0327,2
64,n<=64,sr<=70%,kvB<=4k,kp<=4k,0.0335,2
64,n<=64,sr<=70%,kvB<=4k,kp<=512,0.0299,2
64,n<=64,sr<=70%,kvB<=4k,kp<=8k,0.0283,2
64,n<=64,sr<=70%,kvB<=4k,kp=0,0.0435,2
64,n<=64,sr>70%,kvB<=16k,kp<=1k,0.0472,4
64,n<=64,sr>70%,kvB<=16k,kp<=2k,0.0442,4
64,n<=64,sr>70%,kvB<=16k,kp<=4k,0.0667,4
64,n<=64,sr>70%,kvB<=16k,kp<=512,0.0396,4
64,n<=64,sr>70%,kvB<=16k,kp<=8k,0.0496,4
64,n<=64,sr>70%,kvB<=16k,kp=0,0.0537,4
64,n<=64,sr>70%,kvB<=1k,kp<=1k,0.2105,4
64,n<=64,sr>70%,kvB<=1k,kp<=2k,0.1861,4
64,n<=64,sr>70%,kvB<=1k,kp<=4k,0.1499,4
64,n<=64,sr>70%,kvB<=1k,kp<=512,0.2199,4
64,n<=64,sr>70%,kvB<=1k,kp<=8k,0.1212,4
64,n<=64,sr>70%,kvB<=1k,kp=0,0.2773,4
64,n<=64,sr>70%,kvB<=4k,kp<=1k,0.0918,4
64,n<=64,sr>70%,kvB<=4k,kp<=2k,0.1115,4
64,n<=64,sr>70%,kvB<=4k,kp<=4k,0.0971,4
64,n<=64,sr>70%,kvB<=4k,kp<=512,0.0975,4
64,n<=64,sr>70%,kvB<=4k,kp<=8k,0.0919,4
64,n<=64,sr>70%,kvB<=4k,kp=0,0.1143,4
64,n<=8,sr<=15%,kvB<=16k,kp<=1k,0.1381,2
64,n<=8,sr<=15%,kvB<=16k,kp<=2k,0.1245,2
64,n<=8,sr<=15%,kvB<=16k,kp<=4k,0.1281,2
64,n<=8,sr<=15%,kvB<=16k,kp<=512,0.1422,2
64,n<=8,sr<=15%,kvB<=16k,kp<=8k,0.1347,2
64,n<=8,sr<=15%,kvB<=16k,kp=0,0.1428,2
64,n<=8,sr<=15%,kvB<=1k,kp<=1k,0.1133,2
64,n<=8,sr<=15%,kvB<=1k,kp<=2k,0.1466,2
64,n<=8,sr<=15%,kvB<=1k,kp<=4k,0.148,2
64,n<=8,sr<=15%,kvB<=1k,kp<=512,0.2085,2
64,n<=8,sr<=15%,kvB<=1k,kp<=8k,0.1557,2
64,n<=8,sr<=15%,kvB<=1k,kp=0,0.226,2
64,n<=8,sr<=15%,kvB<=4k,kp<=1k,0.1579,2
64,n<=8,sr<=15%,kvB<=4k,kp<=2k,0.1614,2
64,n<=8,sr<=15%,kvB<=4k,kp<=4k,0.0139,2
64,n<=8,sr<=15%,kvB<=4k,kp<=512,0.1514,2
64,n<=8,sr<=15%,kvB<=4k,kp<=8k,0.0746,2
64,n<=8,sr<=15%,kvB<=4k,kp=0,0.1474,2
64,n<=8,sr<=40%,kvB<=16k,kp<=1k,0.1047,4
64,n<=8,sr<=40%,kvB<=16k,kp<=2k,0.0898,4
64,n<=8,sr<=40%,kvB<=16k,kp<=4k,0.0774,4
64,n<=8,sr<=40%,kvB<=16k,kp<=512,0.1094,4
64,n<=8,sr<=40%,kvB<=16k,kp<=8k,0.1462,4
64,n<=8,sr<=40%,kvB<=16k,kp=0,0.1098,4
64,n<=8,sr<=40%,kvB<=1k,kp<=1k,0.0314,4
64,n<=8,sr<=40%,kvB<=1k,kp<=2k,0.1627,4
64,n<=8,sr<=40%,kvB<=1k,kp<=4k,0.1821,4
64,n<=8,sr<=40%,kvB<=1k,kp<=512,0.1853,4
64,n<=8,sr<=40%,kvB<=1k,kp<=8k,0.1762,4
64,n<=8,sr<=40%,kvB<=1k,kp=0,0.1673,4
64,n<=8,sr<=40%,kvB<=4k,kp<=1k,0.1167,4
64,n<=8,sr<=40%,kvB<=4k,kp<=2k,0.1486,4
64,n<=8,sr<=40%,kvB<=4k,kp<=4k,-0.0101,4
64,n<=8,sr<=40%,kvB<=4k,kp<=512,0.104,4
64,n<=8,sr<=40%,kvB<=4k,kp<=8k,0.1492,4
64,n<=8,sr<=40%,kvB<=4k,kp=0,0.0945,4
64,n<=8,sr<=70%,kvB<=16k,kp<=1k,0.1222,2
64,n<=8,sr<=70%,kvB<=16k,kp<=2k,0.0726,2
64,n<=8,sr<=70%,kvB<=16k,kp<=4k,-0.0104,2
64,n<=8,sr<=70%,kvB<=16k,kp<=512,0.131,2
64,n<=8,sr<=70%,kvB<=16k,kp<=8k,0.1307,2
64,n<=8,sr<=70%,kvB<=16k,kp=0,0.0452,2
64,n<=8,sr<=70%,kvB<=1k,kp<=1k,0.0224,2
64,n<=8,sr<=70%,kvB<=1k,kp<=2k,0.1738,2
64,n<=8,sr<=70%,kvB<=1k,kp<=4k,0.2463,2
64,n<=8,sr<=70%,kvB<=1k,kp<=512,0.1446,2
64,n<=8,sr<=70%,kvB<=1k,kp<=8k,0.2009,2
64,n<=8,sr<=70%,kvB<=1k,kp=0,0.0666,2
64,n<=8,sr<=70%,kvB<=4k,kp<=1k,0.0567,2
64,n<=8,sr<=70%,kvB<=4k,kp<=2k,0.1909,2
64,n<=8,sr<=70%,kvB<=4k,kp<=4k,0.0286,2
64,n<=8,sr<=70%,kvB<=4k,kp<=512,-0.0131,2
64,n<=8,sr<=70%,kvB<=4k,kp<=8k,0.0632,2
64,n<=8,sr<=70%,kvB<=4k,kp=0,0.0154,2
64,n<=8,sr>70%,kvB<=16k,kp<=1k,0.2838,4
64,n<=8,sr>70%,kvB<=16k,kp<=2k,0.1355,4
64,n<=8,sr>70%,kvB<=16k,kp<=4k,-0.0654,4
64,n<=8,sr>70%,kvB<=16k,kp<=512,0.2653,4
64,n<=8,sr>70%,kvB<=16k,kp<=8k,0.4732,4
64,n<=8,sr>70%,kvB<=16k,kp=0,-0.1419,4
64,n<=8,sr>70%,kvB<=1k,kp<=1k,0.1154,4
64,n<=8,sr>70%,kvB<=1k,kp<=2k,0.5587,4
64,n<=8,sr>70%,kvB<=1k,kp<=4k,0.7318,4
64,n<=8,sr>70%,kvB<=1k,kp<=512,0.222,4
64,n<=8,sr>70%,kvB<=1k,kp<=8k,0.6873,4
64,n<=8,sr>70%,kvB<=1k,kp=0,-0.0711,4
64,n<=8,sr>70%,kvB<=4k,kp<=1k,-0.1235,4
64,n<=8,sr>70%,kvB<=4k,kp<=2k,0.2263,4
64,n<=8,sr>70%,kvB<=4k,kp<=4k,0.1743,4
64,n<=8,sr>70%,kvB<=4k,kp<=512,-0.1066,4
64,n<=8,sr>70%,kvB<=4k,kp<=8k,0.7793,4
64,n<=8,sr>70%,kvB<=4k,kp=0,-0.3399,4
128,n<=128,sr<=15%,kvB<=16k,kp<=1k,0.0021,4
128,n<=128,sr<=15%,kvB<=16k,kp<=2k,0.0022,4
128,n<=128,sr<=15%,kvB<=16k,kp<=4k,0.0022,4
128,n<=128,sr<=15%,kvB<=16k,kp<=512,0.0023,4
128,n<=128,sr<=15%,kvB<=16k,kp<=8k,0.0016,4
128,n<=128,sr<=15%,kvB<=16k,kp=0,0.0023,4
128,n<=128,sr<=15%,kvB<=1k,kp<=1k,0.0016,4
128,n<=128,sr<=15%,kvB<=1k,kp<=2k,0.0003,4
128,n<=128,sr<=15%,kvB<=1k,kp<=4k,-0.0006,4
128,n<=128,sr<=15%,kvB<=1k,kp<=512,0.0027,4
128,n<=128,sr<=15%,kvB<=1k,kp<=8k,0.0037,4
128,n<=128,sr<=15%,kvB<=1k,kp=0,0.0024,4
128,n<=128,sr<=15%,kvB<=4k,kp<=1k,0.0023,4
128,n<=128,sr<=15%,kvB<=4k,kp<=2k,0.0019,4
128,n<=128,sr<=15%,kvB<=4k,kp<=4k,0.0,4
128,n<=128,sr<=15%,kvB<=4k,kp<=512,0.0023,4
128,n<=128,sr<=15%,kvB<=4k,kp<=8k,-0.0003,4
128,n<=128,sr<=15%,kvB<=4k,kp=0,0.0026,4
128,n<=128,sr<=40%,kvB<=16k,kp<=1k,0.0006,2
128,n<=128,sr<=40%,kvB<=16k,kp<=2k,0.0003,2
128,n<=128,sr<=40%,kvB<=16k,kp<=4k,0.0002,2
128,n<=128,sr<=40%,kvB<=16k,kp<=512,0.0006,2
128,n<=128,sr<=40%,kvB<=16k,kp<=8k,0.0003,2
128,n<=128,sr<=40%,kvB<=16k,kp=0,0.0009,2
128,n<=128,sr<=40%,kvB<=1k,kp<=1k,0.0024,2
128,n<=128,sr<=40%,kvB<=1k,kp<=2k,0.0014,2
128,n<=128,sr<=40%,kvB<=1k,kp<=4k,0.0022,2
128,n<=128,sr<=40%,kvB<=1k,kp<=512,0.0029,2
128,n<=128,sr<=40%,kvB<=1k,kp<=8k,0.0123,2
128,n<=128,sr<=40%,kvB<=1k,kp=0,0.0027,2
128,n<=128,sr<=40%,kvB<=4k,kp<=1k,-0.0001,2
128,n<=128,sr<=40%,kvB<=4k,kp<=2k,-0.0001,2
128,n<=128,sr<=40%,kvB<=4k,kp<=4k,-0.0,2
128,n<=128,sr<=40%,kvB<=4k,kp<=512,0.0,2
128,n<=128,sr<=40%,kvB<=4k,kp<=8k,-0.0018,2
128,n<=128,sr<=40%,kvB<=4k,kp=0,0.0001,2
128,n<=128,sr<=5%,kvB<=16k,kp<=1k,0.0033,8
128,n<=128,sr<=5%,kvB<=16k,kp<=2k,0.0034,8
128,n<=128,sr<=5%,kvB<=16k,kp<=4k,0.0035,8
128,n<=128,sr<=5%,kvB<=16k,kp<=512,0.0035,8
128,n<=128,sr<=5%,kvB<=16k,kp<=8k,0.003,8
128,n<=128,sr<=5%,kvB<=16k,kp=0,0.0036,8
128,n<=128,sr<=5%,kvB<=1k,kp<=1k,-0.0005,8
128,n<=128,sr<=5%,kvB<=1k,kp<=2k,-0.0013,8
128,n<=128,sr<=5%,kvB<=1k,kp<=4k,-0.0023,8
128,n<=128,sr<=5%,kvB<=1k,kp<=512,-0.0005,8
128,n<=128,sr<=5%,kvB<=1k,kp<=8k,-0.0001,8
128,n<=128,sr<=5%,kvB<=1k,kp=0,0.0001,8
128,n<=128,sr<=5%,kvB<=4k,kp<=1k,0.0031,8
128,n<=128,sr<=5%,kvB<=4k,kp<=2k,0.0028,8
128,n<=128,sr<=5%,kvB<=4k,kp<=4k,0.0005,8
128,n<=128,sr<=5%,kvB<=4k,kp<=512,0.0032,8
128,n<=128,sr<=5%,kvB<=4k,kp<=8k,-0.0002,8
128,n<=128,sr<=5%,kvB<=4k,kp=0,0.0034,8
128,n<=128,sr<=70%,kvB<=16k,kp<=1k,-0.0016,2
128,n<=128,sr<=70%,kvB<=16k,kp<=2k,-0.0017,2
128,n<=128,sr<=70%,kvB<=16k,kp<=4k,-0.0015,2
128,n<=128,sr<=70%,kvB<=16k,kp<=512,-0.0012,2
128,n<=128,sr<=70%,kvB<=16k,kp<=8k,-0.001,2
128,n<=128,sr<=70%,kvB<=16k,kp=0,-0.0005,2
128,n<=128,sr<=70%,kvB<=1k,kp<=1k,-0.0005,2
128,n<=128,sr<=70%,kvB<=1k,kp<=2k,0.0035,2
128,n<=128,sr<=70%,kvB<=1k,kp<=4k,0.0096,2
128,n<=128,sr<=70%,kvB<=1k,kp<=512,0.0001,2
128,n<=128,sr<=70%,kvB<=1k,kp<=8k,0.0112,2
128,n<=128,sr<=70%,kvB<=1k,kp=0,-0.0014,2
128,n<=128,sr<=70%,kvB<=4k,kp<=1k,-0.0007,2
128,n<=128,sr<=70%,kvB<=4k,kp<=2k,-0.0011,2
128,n<=128,sr<=70%,kvB<=4k,kp<=4k,-0.0029,2
128,n<=128,sr<=70%,kvB<=4k,kp<=512,-0.0008,2
128,n<=128,sr<=70%,kvB<=4k,kp<=8k,0.0051,2
128,n<=128,sr<=70%,kvB<=4k,kp=0,-0.0011,2
128,n<=128,sr>70%,kvB<=16k,kp<=1k,0.005,4
128,n<=128,sr>70%,kvB<=16k,kp<=2k,0.0041,4
128,n<=128,sr>70%,kvB<=16k,kp<=4k,0.0027,4
128,n<=128,sr>70%,kvB<=16k,kp<=512,0.0062,4
128,n<=128,sr>70%,kvB<=16k,kp<=8k,0.0028,4
128,n<=128,sr>70%,kvB<=16k,kp=0,0.0074,4
128,n<=128,sr>70%,kvB<=1k,kp<=1k,0.0086,4
128,n<=128,sr>70%,kvB<=1k,kp<=2k,0.0094,4
128,n<=128,sr>70%,kvB<=1k,kp<=4k,0.0061,4
128,n<=128,sr>70%,kvB<=1k,kp<=512,0.0033,4
128,n<=128,sr>70%,kvB<=1k,kp<=8k,0.0157,4
128,n<=128,sr>70%,kvB<=1k,kp=0,0.0069,4
128,n<=128,sr>70%,kvB<=4k,kp<=1k,0.0059,4
128,n<=128,sr>70%,kvB<=4k,kp<=2k,0.0059,4
128,n<=128,sr>70%,kvB<=4k,kp<=4k,0.0055,4
128,n<=128,sr>70%,kvB<=4k,kp<=512,0.0033,4
128,n<=128,sr>70%,kvB<=4k,kp<=8k,0.0045,4
128,n<=128,sr>70%,kvB<=4k,kp=0,0.0076,4
128,n<=16,sr<=15%,kvB<=16k,kp<=1k,0.0725,4
128,n<=16,sr<=15%,kvB<=16k,kp<=2k,0.0618,4
128,n<=16,sr<=15%,kvB<=16k,kp<=4k,0.0094,4
128,n<=16,sr<=15%,kvB<=16k,kp<=512,0.0953,4
128,n<=16,sr<=15%,kvB<=16k,kp<=8k,-0.0137,4
128,n<=16,sr<=15%,kvB<=16k,kp=0,0.0902,4
128,n<=16,sr<=15%,kvB<=1k,kp<=1k,0.0672,4
128,n<=16,sr<=15%,kvB<=1k,kp<=2k,0.0717,4
128,n<=16,sr<=15%,kvB<=1k,kp<=4k,0.0923,4
128,n<=16,sr<=15%,kvB<=1k,kp<=512,0.1304,4
128,n<=16,sr<=15%,kvB<=1k,kp<=8k,0.0989,4
128,n<=16,sr<=15%,kvB<=1k,kp=0,0.1615,4
128,n<=16,sr<=15%,kvB<=4k,kp<=1k,0.0906,4
128,n<=16,sr<=15%,kvB<=4k,kp<=2k,0.0351,4
128,n<=16,sr<=15%,kvB<=4k,kp<=4k,0.0858,4
128,n<=16,sr<=15%,kvB<=4k,kp<=512,0.0953,4
128,n<=16,sr<=15%,kvB<=4k,kp<=8k,0.0479,4
128,n<=16,sr<=15%,kvB<=4k,kp=0,0.1095,4
128,n<=16,sr<=40%,kvB<=16k,kp<=1k,0.0892,4
128,n<=16,sr<=40%,kvB<=16k,kp<=2k,0.0343,4
128,n<=16,sr<=40%,kvB<=16k,kp<=4k,-0.0256,4
128,n<=16,sr<=40%,kvB<=16k,kp<=512,0.1044,4
128,n<=16,sr<=40%,kvB<=16k,kp<=8k,-0.0307,4
128,n<=16,sr<=40%,kvB<=16k,kp=0,0.1206,4
128,n<=16,sr<=40%,kvB<=1k,kp<=1k,0.046,4
128,n<=16,sr<=40%,kvB<=1k,kp<=2k,0.0598,4
128,n<=16,sr<=40%,kvB<=1k,kp<=4k,0.1088,4
128,n<=16,sr<=40%,kvB<=1k,kp<=512,0.1488,4
128,n<=16,sr<=40%,kvB<=1k,kp<=8k,0.1108,4
128,n<=16,sr<=40%,kvB<=1k,kp=0,0.1569,4
128,n<=16,sr<=40%,kvB<=4k,kp<=1k,0.1025,4
128,n<=16,sr<=40%,kvB<=4k,kp<=2k,0.0877,4
128,n<=16,sr<=40%,kvB<=4k,kp<=4k,0.1112,4
128,n<=16,sr<=40%,kvB<=4k,kp<=512,0.0738,4
128,n<=16,sr<=40%,kvB<=4k,kp<=8k,0.1562,4
128,n<=16,sr<=40%,kvB<=4k,kp=0,0.1723,4
128,n<=16,sr<=70%,kvB<=16k,kp<=1k,0.1643,2
128,n<=16,sr<=70%,kvB<=16k,kp<=2k,0.1454,2
128,n<=16,sr<=70%,kvB<=16k,kp<=4k,0.1346,2
128,n<=16,sr<=70%,kvB<=16k,kp<=512,0.2061,2
128,n<=16,sr<=70%,kvB<=16k,kp<=8k,0.2024,2
128,n<=16,sr<=70%,kvB<=16k,kp=0,0.4406,2
128,n<=16,sr<=70%,kvB<=1k,kp<=1k,-0.0109,2
128,n<=16,sr<=70%,kvB<=1k,kp<=2k,0.0754,2
128,n<=16,sr<=70%,kvB<=1k,kp<=4k,0.1385,2
128,n<=16,sr<=70%,kvB<=1k,kp<=512,0.1235,2
128,n<=16,sr<=70%,kvB<=1k,kp<=8k,0.1679,2
128,n<=16,sr<=70%,kvB<=1k,kp=0,0.0815,2
128,n<=16,sr<=70%,kvB<=4k,kp<=1k,0.2499,2
128,n<=16,sr<=70%,kvB<=4k,kp<=2k,0.4114,2
128,n<=16,sr<=70%,kvB<=4k,kp<=4k,0.623,2
128,n<=16,sr<=70%,kvB<=4k,kp<=512,0.2027,2
128,n<=16,sr<=70%,kvB<=4k,kp<=8k,0.6582,2
128,n<=16,sr<=70%,kvB<=4k,kp=0,0.4699,2
128,n<=16,sr>70%,kvB<=16k,kp<=1k,0.5095,4
128,n<=16,sr>70%,kvB<=16k,kp<=2k,0.4121,4
128,n<=16,sr>70%,kvB<=16k,kp<=4k,0.4134,4
128,n<=16,sr>70%,kvB<=16k,kp<=512,0.8813,4
128,n<=16,sr>70%,kvB<=16k,kp<=8k,0.624,3
128,n<=16,sr>70%,kvB<=16k,kp=0,1.9333,4
128,n<=16,sr>70%,kvB<=1k,kp<=1k,0.5137,4
128,n<=16,sr>70%,kvB<=1k,kp<=2k,0.4021,4
128,n<=16,sr>70%,kvB<=1k,kp<=4k,0.4604,4
128,n<=16,sr>70%,kvB<=1k,kp<=512,0.5307,4
128,n<=16,sr>70%,kvB<=1k,kp<=8k,0.6241,4
128,n<=16,sr>70%,kvB<=1k,kp=0,0.301,4
128,n<=16,sr>70%,kvB<=4k,kp<=1k,0.5534,4
128,n<=16,sr>70%,kvB<=4k,kp<=2k,1.268,4
128,n<=16,sr>70%,kvB<=4k,kp<=4k,5.4025,3
128,n<=16,sr>70%,kvB<=4k,kp<=512,0.9744,4
128,n<=16,sr>70%,kvB<=4k,kp<=8k,2.4365,3
128,n<=16,sr>70%,kvB<=4k,kp=0,1.9204,4
128,n<=2,sr<=70%,kvB<=16k,kp<=1k,0.9023,2
128,n<=2,sr<=70%,kvB<=16k,kp<=2k,0.7832,2
128,n<=2,sr<=70%,kvB<=16k,kp<=4k,0.3451,2
128,n<=2,sr<=70%,kvB<=16k,kp<=512,0.9623,2
128,n<=2,sr<=70%,kvB<=16k,kp<=8k,0.3675,2
128,n<=2,sr<=70%,kvB<=16k,kp=0,0.9932,2
128,n<=2,sr<=70%,kvB<=1k,kp<=1k,0.7752,2
128,n<=2,sr<=70%,kvB<=1k,kp<=2k,0.7107,2
128,n<=2,sr<=70%,kvB<=1k,kp<=4k,0.7025,2
128,n<=2,sr<=70%,kvB<=1k,kp<=512,0.4048,2
128,n<=2,sr<=70%,kvB<=1k,kp<=8k,0.6243,2
128,n<=2,sr<=70%,kvB<=1k,kp=0,0.7288,2
128,n<=2,sr<=70%,kvB<=4k,kp<=1k,0.2766,2
128,n<=2,sr<=70%,kvB<=4k,kp<=2k,0.3586,2
128,n<=2,sr<=70%,kvB<=4k,kp<=4k,0.8482,2
128,n<=2,sr<=70%,kvB<=4k,kp<=512,0.6221,2
128,n<=2,sr<=70%,kvB<=4k,kp<=8k,0.8244,2
128,n<=2,sr<=70%,kvB<=4k,kp=0,0.9681,2
128,n<=32,sr<=15%,kvB<=16k,kp<=1k,0.0483,6
128,n<=32,sr<=15%,kvB<=16k,kp<=2k,0.0375,6
128,n<=32,sr<=15%,kvB<=16k,kp<=4k,0.0242,6
128,n<=32,sr<=15%,kvB<=16k,kp<=512,0.0438,6
128,n<=32,sr<=15%,kvB<=16k,kp<=8k,0.0223,6
128,n<=32,sr<=15%,kvB<=16k,kp=0,0.0659,6
128,n<=32,sr<=15%,kvB<=1k,kp<=1k,0.0341,6
128,n<=32,sr<=15%,kvB<=1k,kp<=2k,0.0168,6
128,n<=32,sr<=15%,kvB<=1k,kp<=4k,0.0434,6
128,n<=32,sr<=15%,kvB<=1k,kp<=512,0.0607,6
128,n<=32,sr<=15%,kvB<=1k,kp<=8k,0.0399,6
128,n<=32,sr<=15%,kvB<=1k,kp=0,0.082,6
128,n<=32,sr<=15%,kvB<=4k,kp<=1k,0.0627,6
128,n<=32,sr<=15%,kvB<=4k,kp<=2k,0.0552,6
128,n<=32,sr<=15%,kvB<=4k,kp<=4k,0.0829,6
128,n<=32,sr<=15%,kvB<=4k,kp<=512,0.0733,6
128,n<=32,sr<=15%,kvB<=4k,kp<=8k,0.0732,6
128,n<=32,sr<=15%,kvB<=4k,kp=0,0.1309,6
128,n<=32,sr<=40%,kvB<=16k,kp<=1k,0.0744,2
128,n<=32,sr<=40%,kvB<=16k,kp<=2k,0.0642,2
128,n<=32,sr<=40%,kvB<=16k,kp<=4k,0.0791,2
128,n<=32,sr<=40%,kvB<=16k,kp<=512,0.0777,2
128,n<=32,sr<=40%,kvB<=16k,kp<=8k,0.0629,2
128,n<=32,sr<=40%,kvB<=16k,kp=0,0.1412,2
128,n<=32,sr<=40%,kvB<=1k,kp<=1k,0.1658,2
128,n<=32,sr<=40%,kvB<=1k,kp<=2k,0.2237,2
128,n<=32,sr<=40%,kvB<=1k,kp<=4k,0.2351,2
128,n<=32,sr<=40%,kvB<=1k,kp<=512,0.1522,2
128,n<=32,sr<=40%,kvB<=1k,kp<=8k,0.1395,2
128,n<=32,sr<=40%,kvB<=1k,kp=0,0.148,2
128,n<=32,sr<=40%,kvB<=4k,kp<=1k,0.1736,2
128,n<=32,sr<=40%,kvB<=4k,kp<=2k,0.24,2
128,n<=32,sr<=40%,kvB<=4k,kp<=4k,0.2257,2
128,n<=32,sr<=40%,kvB<=4k,kp<=512,0.1257,2
128,n<=32,sr<=40%,kvB<=4k,kp<=8k,0.1808,2
128,n<=32,sr<=40%,kvB<=4k,kp=0,0.309,2
128,n<=32,sr<=5%,kvB<=16k,kp<=1k,0.0341,2
128,n<=32,sr<=5%,kvB<=16k,kp<=2k,0.0311,2
128,n<=32,sr<=5%,kvB<=16k,kp<=4k,0.0297,2
128,n<=32,sr<=5%,kvB<=16k,kp<=512,0.027,2
128,n<=32,sr<=5%,kvB<=16k,kp<=8k,0.0104,2
128,n<=32,sr<=5%,kvB<=16k,kp=0,0.0466,2
128,n<=32,sr<=5%,kvB<=1k,kp<=1k,0.0097,2
128,n<=32,sr<=5%,kvB<=1k,kp<=2k,-0.007,2
128,n<=32,sr<=5%,kvB<=1k,kp<=4k,-0.0049,2
128,n<=32,sr<=5%,kvB<=1k,kp<=512,0.0385,2
128,n<=32,sr<=5%,kvB<=1k,kp<=8k,0.0019,2
128,n<=32,sr<=5%,kvB<=1k,kp=0,0.0558,2
128,n<=32,sr<=5%,kvB<=4k,kp<=1k,0.0401,2
128,n<=32,sr<=5%,kvB<=4k,kp<=2k,0.0413,2
128,n<=32,sr<=5%,kvB<=4k,kp<=4k,0.0142,2
128,n<=32,sr<=5%,kvB<=4k,kp<=512,0.0499,2
128,n<=32,sr<=5%,kvB<=4k,kp<=8k,0.0478,2
128,n<=32,sr<=5%,kvB<=4k,kp=0,0.0693,2
128,n<=32,sr<=70%,kvB<=16k,kp<=1k,0.1344,2
128,n<=32,sr<=70%,kvB<=16k,kp<=2k,0.1282,2
128,n<=32,sr<=70%,kvB<=16k,kp<=4k,0.1332,2
128,n<=32,sr<=70%,kvB<=16k,kp<=512,0.141,2
128,n<=32,sr<=70%,kvB<=16k,kp<=8k,0.1632,2
128,n<=32,sr<=70%,kvB<=16k,kp=0,0.2803,2
128,n<=32,sr<=70%,kvB<=1k,kp<=1k,0.7336,2
128,n<=32,sr<=70%,kvB<=1k,kp<=2k,0.6971,2
128,n<=32,sr<=70%,kvB<=1k,kp<=4k,0.2675,2
128,n<=32,sr<=70%,kvB<=1k,kp<=512,0.539,2
128,n<=32,sr<=70%,kvB<=1k,kp<=8k,0.2874,2
128,n<=32,sr<=70%,kvB<=1k,kp=0,0.6028,2
128,n<=32,sr<=70%,kvB<=4k,kp<=1k,0.2451,2
128,n<=32,sr<=70%,kvB<=4k,kp<=2k,0.3254,2
128,n<=32,sr<=70%,kvB<=4k,kp<=4k,0.2994,2
128,n<=32,sr<=70%,kvB<=4k,kp<=512,0.2125,2
128,n<=32,sr<=70%,kvB<=4k,kp<=8k,0.3006,2
128,n<=32,sr<=70%,kvB<=4k,kp=0,0.6099,2
128,n<=32,sr>70%,kvB<=16k,kp<=1k,0.3167,4
128,n<=32,sr>70%,kvB<=16k,kp<=2k,0.3114,4
128,n<=32,sr>70%,kvB<=16k,kp<=4k,0.3632,4
128,n<=32,sr>70%,kvB<=16k,kp<=512,0.3163,4
128,n<=32,sr>70%,kvB<=16k,kp<=8k,0.3909,4
128,n<=32,sr>70%,kvB<=16k,kp=0,0.6149,4
128,n<=32,sr>70%,kvB<=1k,kp<=1k,1.2439,4
128,n<=32,sr>70%,kvB<=1k,kp<=2k,1.8393,4
128,n<=32,sr>70%,kvB<=1k,kp<=4k,1.1572,4
128,n<=32,sr>70%,kvB<=1k,kp<=512,1.3451,4
128,n<=32,sr>70%,kvB<=1k,kp<=8k,0.5758,4
128,n<=32,sr>70%,kvB<=1k,kp=0,1.6463,4
128,n<=32,sr>70%,kvB<=4k,kp<=1k,0.5136,4
128,n<=32,sr>70%,kvB<=4k,kp<=2k,0.7022,4
128,n<=32,sr>70%,kvB<=4k,kp<=4k,0.7405,4
128,n<=32,sr>70%,kvB<=4k,kp<=512,0.5593,4
128,n<=32,sr>70%,kvB<=4k,kp<=8k,0.5383,3
128,n<=32,sr>70%,kvB<=4k,kp=0,1.3374,4
128,n<=4,sr<=40%,kvB<=16k,kp<=1k,0.2967,2
128,n<=4,sr<=40%,kvB<=16k,kp<=2k,0.3017,2
128,n<=4,sr<=40%,kvB<=16k,kp<=4k,0.2999,2
128,n<=4,sr<=40%,kvB<=16k,kp<=512,0.3297,2
128,n<=4,sr<=40%,kvB<=16k,kp<=8k,0.272,2
128,n<=4,sr<=40%,kvB<=16k,kp=0,0.3248,2
128,n<=4,sr<=40%,kvB<=1k,kp<=1k,0.0349,2
128,n<=4,sr<=40%,kvB<=1k,kp<=2k,0.1798,2
128,n<=4,sr<=40%,kvB<=1k,kp<=4k,0.0709,2
128,n<=4,sr<=40%,kvB<=1k,kp<=512,0.2557,2
128,n<=4,sr<=40%,kvB<=1k,kp<=8k,0.0598,2
128,n<=4,sr<=40%,kvB<=1k,kp=0,0.4377,2
128,n<=4,sr<=40%,kvB<=4k,kp<=1k,0.3004,2
128,n<=4,sr<=40%,kvB<=4k,kp<=2k,0.2373,2
128,n<=4,sr<=40%,kvB<=4k,kp<=4k,0.0218,2
128,n<=4,sr<=40%,kvB<=4k,kp<=512,0.3298,2
128,n<=4,sr<=40%,kvB<=4k,kp<=8k,-0.1039,2
128,n<=4,sr<=40%,kvB<=4k,kp=0,0.3267,2
128,n<=4,sr<=70%,kvB<=16k,kp<=1k,0.1608,2
128,n<=4,sr<=70%,kvB<=16k,kp<=2k,0.1482,2
128,n<=4,sr<=70%,kvB<=16k,kp<=4k,0.2878,2
128,n<=4,sr<=70%,kvB<=16k,kp<=512,0.2411,2
128,n<=4,sr<=70%,kvB<=16k,kp<=8k,0.2139,2
128,n<=4,sr<=70%,kvB<=16k,kp=0,0.0436,2
128,n<=4,sr<=70%,kvB<=1k,kp<=1k,-0.0216,2
128,n<=4,sr<=70%,kvB<=1k,kp<=2k,0.0164,2
128,n<=4,sr<=70%,kvB<=1k,kp<=4k,-0.0648,2
128,n<=4,sr<=70%,kvB<=1k,kp<=512,0.0621,2
128,n<=4,sr<=70%,kvB<=1k,kp<=8k,-0.0701,2
128,n<=4,sr<=70%,kvB<=1k,kp=0,0.4291,2
128,n<=4,sr<=70%,kvB<=4k,kp<=1k,0.3093,2
128,n<=4,sr<=70%,kvB<=4k,kp<=2k,0.188,2
128,n<=4,sr<=70%,kvB<=4k,kp<=4k,0.0102,2
128,n<=4,sr<=70%,kvB<=4k,kp<=512,0.2868,2
128,n<=4,sr<=70%,kvB<=4k,kp<=8k,-0.0201,2
128,n<=4,sr<=70%,kvB<=4k,kp=0,0.2528,2
128,n<=4,sr>70%,kvB<=16k,kp<=1k,0.812,2
128,n<=4,sr>70%,kvB<=16k,kp<=2k,0.5266,2
128,n<=4,sr>70%,kvB<=16k,kp<=4k,0.1167,2
128,n<=4,sr>70%,kvB<=16k,kp<=512,1.0596,2
128,n<=4,sr>70%,kvB<=16k,kp<=8k,-0.5976,2
128,n<=4,sr>70%,kvB<=16k,kp=0,1.0173,2
128,n<=4,sr>70%,kvB<=1k,kp<=1k,-0.3099,2
128,n<=4,sr>70%,kvB<=1k,kp<=2k,0.2116,2
128,n<=4,sr>70%,kvB<=1k,kp<=4k,-0.0182,2
128,n<=4,sr>70%,kvB<=1k,kp<=512,0.1718,2
128,n<=4,sr>70%,kvB<=1k,kp<=8k,-0.0633,2
128,n<=4,sr>70%,kvB<=1k,kp=0,0.4738,2
128,n<=4,sr>70%,kvB<=4k,kp<=1k,0.0576,2
128,n<=4,sr>70%,kvB<=4k,kp<=2k,-0.4625,2
128,n<=4,sr>70%,kvB<=4k,kp<=4k,-0.9054,2
128,n<=4,sr>70%,kvB<=4k,kp<=512,0.5065,2
128,n<=4,sr>70%,kvB<=4k,kp<=8k,-0.2031,2
128,n<=4,sr>70%,kvB<=4k,kp=0,0.8732,2
128,n<=64,sr<=15%,kvB<=16k,kp<=1k,0.011,4
128,n<=64,sr<=15%,kvB<=16k,kp<=2k,0.0113,4
128,n<=64,sr<=15%,kvB<=16k,kp<=4k,0.0101,4
128,n<=64,sr<=15%,kvB<=16k,kp<=512,0.0105,4
128,n<=64,sr<=15%,kvB<=16k,kp<=8k,0.0123,4
128,n<=64,sr<=15%,kvB<=16k,kp=0,0.0153,4
128,n<=64,sr<=15%,kvB<=1k,kp<=1k,0.0047,4
128,n<=64,sr<=15%,kvB<=1k,kp<=2k,0.0039,4
128,n<=64,sr<=15%,kvB<=1k,kp<=4k,0.001,4
128,n<=64,sr<=15%,kvB<=1k,kp<=512,0.0142,4
128,n<=64,sr<=15%,kvB<=1k,kp<=8k,0.0004,4
128,n<=64,sr<=15%,kvB<=1k,kp=0,0.013,4
128,n<=64,sr<=15%,kvB<=4k,kp<=1k,0.0165,4
128,n<=64,sr<=15%,kvB<=4k,kp<=2k,0.0105,4
128,n<=64,sr<=15%,kvB<=4k,kp<=4k,0.0057,4
128,n<=64,sr<=15%,kvB<=4k,kp<=512,0.0132,4
128,n<=64,sr<=15%,kvB<=4k,kp<=8k,0.0035,4
128,n<=64,sr<=15%,kvB<=4k,kp=0,0.0216,4
128,n<=64,sr<=40%,kvB<=16k,kp<=1k,0.0004,2
128,n<=64,sr<=40%,kvB<=16k,kp<=2k,0.0036,2
128,n<=64,sr<=40%,kvB<=16k,kp<=4k,0.0039,2
128,n<=64,sr<=40%,kvB<=16k,kp<=512,0.0036,2
128,n<=64,sr<=40%,kvB<=16k,kp<=8k,0.0015,2
128,n<=64,sr<=40%,kvB<=16k,kp=0,0.006,2
128,n<=64,sr<=40%,kvB<=1k,kp<=1k,-0.0101,2
128,n<=64,sr<=40%,kvB<=1k,kp<=2k,-0.0219,2
128,n<=64,sr<=40%,kvB<=1k,kp<=4k,-0.0158,2
128,n<=64,sr<=40%,kvB<=1k,kp<=512,-0.0042,2
128,n<=64,sr<=40%,kvB<=1k,kp<=8k,-0.0077,2
128,n<=64,sr<=40%,kvB<=1k,kp=0,-0.0061,2
128,n<=64,sr<=40%,kvB<=4k,kp<=1k,0.01,2
128,n<=64,sr<=40%,kvB<=4k,kp<=2k,0.0148,2
128,n<=64,sr<=40%,kvB<=4k,kp<=4k,0.0069,2
128,n<=64,sr<=40%,kvB<=4k,kp<=512,0.0079,2
128,n<=64,sr<=40%,kvB<=4k,kp<=8k,-0.0013,2
128,n<=64,sr<=40%,kvB<=4k,kp=0,0.0239,2
128,n<=64,sr<=5%,kvB<=16k,kp<=1k,0.0108,6
128,n<=64,sr<=5%,kvB<=16k,kp<=2k,0.012,6
128,n<=64,sr<=5%,kvB<=16k,kp<=4k,0.0106,6
128,n<=64,sr<=5%,kvB<=16k,kp<=512,0.011,6
128,n<=64,sr<=5%,kvB<=16k,kp<=8k,0.0094,6
128,n<=64,sr<=5%,kvB<=16k,kp=0,0.0116,6
128,n<=64,sr<=5%,kvB<=1k,kp<=1k,0.0028,6
128,n<=64,sr<=5%,kvB<=1k,kp<=2k,-0.0,6
128,n<=64,sr<=5%,kvB<=1k,kp<=4k,0.0004,6
128,n<=64,sr<=5%,kvB<=1k,kp<=512,0.0084,6
128,n<=64,sr<=5%,kvB<=1k,kp<=8k,0.0014,6
128,n<=64,sr<=5%,kvB<=1k,kp=0,0.0081,6
128,n<=64,sr<=5%,kvB<=4k,kp<=1k,0.0137,6
128,n<=64,sr<=5%,kvB<=4k,kp<=2k,0.0109,6
128,n<=64,sr<=5%,kvB<=4k,kp<=4k,0.0032,6
128,n<=64,sr<=5%,kvB<=4k,kp<=512,0.0112,6
128,n<=64,sr<=5%,kvB<=4k,kp<=8k,0.0049,6
128,n<=64,sr<=5%,kvB<=4k,kp=0,0.015,6
128,n<=64,sr<=70%,kvB<=16k,kp<=1k,0.0042,2
128,n<=64,sr<=70%,kvB<=16k,kp<=2k,0.0061,2
128,n<=64,sr<=70%,kvB<=16k,kp<=4k,0.0006,2
128,n<=64,sr<=70%,kvB<=16k,kp<=512,-0.0001,2
128,n<=64,sr<=70%,kvB<=16k,kp<=8k,0.0024,2
128,n<=64,sr<=70%,kvB<=16k,kp=0,0.0104,2
128,n<=64,sr<=70%,kvB<=1k,kp<=1k,0.0133,2
128,n<=64,sr<=70%,kvB<=1k,kp<=2k,0.0107,2
128,n<=64,sr<=70%,kvB<=1k,kp<=4k,-0.0032,2
128,n<=64,sr<=70%,kvB<=1k,kp<=512,0.0331,2
128,n<=64,sr<=70%,kvB<=1k,kp<=8k,0.0051,2
128,n<=64,sr<=70%,kvB<=1k,kp=0,0.0446,2
128,n<=64,sr<=70%,kvB<=4k,kp<=1k,0.0198,2
128,n<=64,sr<=70%,kvB<=4k,kp<=2k,0.0248,2
128,n<=64,sr<=70%,kvB<=4k,kp<=4k,0.0185,2
128,n<=64,sr<=70%,kvB<=4k,kp<=512,0.0144,2
128,n<=64,sr<=70%,kvB<=4k,kp<=8k,0.0197,2
128,n<=64,sr<=70%,kvB<=4k,kp=0,0.0389,2
128,n<=64,sr>70%,kvB<=16k,kp<=1k,0.029,4
128,n<=64,sr>70%,kvB<=16k,kp<=2k,0.0341,4
128,n<=64,sr>70%,kvB<=16k,kp<=4k,0.0254,4
128,n<=64,sr>70%,kvB<=16k,kp<=512,0.0334,4
128,n<=64,sr>70%,kvB<=16k,kp<=8k,0.0323,4
128,n<=64,sr>70%,kvB<=16k,kp=0,0.0651,4
128,n<=64,sr>70%,kvB<=1k,kp<=1k,0.1575,4
128,n<=64,sr>70%,kvB<=1k,kp<=2k,0.1218,4
128,n<=64,sr>70%,kvB<=1k,kp<=4k,0.0524,4
128,n<=64,sr>70%,kvB<=1k,kp<=512,0.1174,4
128,n<=64,sr>70%,kvB<=1k,kp<=8k,0.0791,4
128,n<=64,sr>70%,kvB<=1k,kp=0,0.1702,4
128,n<=64,sr>70%,kvB<=4k,kp<=1k,0.0464,4
128,n<=64,sr>70%,kvB<=4k,kp<=2k,0.0545,4
128,n<=64,sr>70%,kvB<=4k,kp<=4k,0.0539,4
128,n<=64,sr>70%,kvB<=4k,kp<=512,0.0497,4
128,n<=64,sr>70%,kvB<=4k,kp<=8k,0.0584,4
128,n<=64,sr>70%,kvB<=4k,kp=0,0.1022,4
128,n<=8,sr<=15%,kvB<=16k,kp<=1k,0.1426,2
128,n<=8,sr<=15%,kvB<=16k,kp<=2k,0.1449,2
128,n<=8,sr<=15%,kvB<=16k,kp<=4k,0.1782,2
128,n<=8,sr<=15%,kvB<=16k,kp<=512,0.1355,2
128,n<=8,sr<=15%,kvB<=16k,kp<=8k,0.1808,2
128,n<=8,sr<=15%,kvB<=16k,kp=0,0.1445,2
128,n<=8,sr<=15%,kvB<=1k,kp<=1k,0.0933,2
128,n<=8,sr<=15%,kvB<=1k,kp<=2k,0.1191,2
128,n<=8,sr<=15%,kvB<=1k,kp<=4k,0.0748,2
128,n<=8,sr<=15%,kvB<=1k,kp<=512,0.2233,2
128,n<=8,sr<=15%,kvB<=1k,kp<=8k,0.0521,2
128,n<=8,sr<=15%,kvB<=1k,kp=0,0.2785,2
128,n<=8,sr<=15%,kvB<=4k,kp<=1k,0.222,2
128,n<=8,sr<=15%,kvB<=4k,kp<=2k,0.1815,2
128,n<=8,sr<=15%,kvB<=4k,kp<=4k,0.0265,2
128,n<=8,sr<=15%,kvB<=4k,kp<=512,0.2077,2
128,n<=8,sr<=15%,kvB<=4k,kp<=8k,0.0192,2
128,n<=8,sr<=15%,kvB<=4k,kp=0,0.1631,2
128,n<=8,sr<=40%,kvB<=16k,kp<=1k,0.1696,4
128,n<=8,sr<=40%,kvB<=16k,kp<=2k,0.1408,4
128,n<=8,sr<=40%,kvB<=16k,kp<=4k,0.1366,4
128,n<=8,sr<=40%,kvB<=16k,kp<=512,0.132,4
128,n<=8,sr<=40%,kvB<=16k,kp<=8k,0.1351,4
128,n<=8,sr<=40%,kvB<=16k,kp=0,0.111,4
128,n<=8,sr<=40%,kvB<=1k,kp<=1k,0.0363,4
128,n<=8,sr<=40%,kvB<=1k,kp<=2k,0.0572,4
128,n<=8,sr<=40%,kvB<=1k,kp<=4k,0.0995,4
128,n<=8,sr<=40%,kvB<=1k,kp<=512,0.2848,4
128,n<=8,sr<=40%,kvB<=1k,kp<=8k,0.0527,4
128,n<=8,sr<=40%,kvB<=1k,kp=0,0.227,4
128,n<=8,sr<=40%,kvB<=4k,kp<=1k,0.203,4
128,n<=8,sr<=40%,kvB<=4k,kp<=2k,0.1978,4
128,n<=8,sr<=40%,kvB<=4k,kp<=4k,-0.0397,4
128,n<=8,sr<=40%,kvB<=4k,kp<=512,0.1555,4
128,n<=8,sr<=40%,kvB<=4k,kp<=8k,-0.0073,4
128,n<=8,sr<=40%,kvB<=4k,kp=0,0.1074,4
128,n<=8,sr<=70%,kvB<=16k,kp<=1k,0.2578,2
128,n<=8,sr<=70%,kvB<=16k,kp<=2k,0.1519,2
128,n<=8,sr<=70%,kvB<=16k,kp<=4k,0.0886,2
128,n<=8,sr<=70%,kvB<=16k,kp<=512,0.1878,2
128,n<=8,sr<=70%,kvB<=16k,kp<=8k,0.2122,2
128,n<=8,sr<=70%,kvB<=16k,kp=0,0.049,2
128,n<=8,sr<=70%,kvB<=1k,kp<=1k,0.0813,2
128,n<=8,sr<=70%,kvB<=1k,kp<=2k,0.0589,2
128,n<=8,sr<=70%,kvB<=1k,kp<=4k,0.0719,2
128,n<=8,sr<=70%,kvB<=1k,kp<=512,0.2671,2
128,n<=8,sr<=70%,kvB<=1k,kp<=8k,-0.0108,2
128,n<=8,sr<=70%,kvB<=1k,kp=0,0.1392,2
128,n<=8,sr<=70%,kvB<=4k,kp<=1k,0.2291,2
128,n<=8,sr<=70%,kvB<=4k,kp<=2k,0.2536,2
128,n<=8,sr<=70%,kvB<=4k,kp<=4k,0.076,2
128,n<=8,sr<=70%,kvB<=4k,kp<=512,0.0879,2
128,n<=8,sr<=70%,kvB<=4k,kp<=8k,0.1655,2
128,n<=8,sr<=70%,kvB<=4k,kp=0,0.0239,2
128,n<=8,sr>70%,kvB<=16k,kp<=1k,0.5004,4
128,n<=8,sr>70%,kvB<=16k,kp<=2k,0.3452,4
128,n<=8,sr>70%,kvB<=16k,kp<=4k,0.1517,4
128,n<=8,sr>70%,kvB<=16k,kp<=512,0.4476,4
128,n<=8,sr>70%,kvB<=16k,kp<=8k,0.9884,4
128,n<=8,sr>70%,kvB<=16k,kp=0,-0.0405,4
128,n<=8,sr>70%,kvB<=1k,kp<=1k,0.4872,4
128,n<=8,sr>70%,kvB<=1k,kp<=2k,-0.1328,4
128,n<=8,sr>70%,kvB<=1k,kp<=4k,0.1079,4
128,n<=8,sr>70%,kvB<=1k,kp<=512,0.5143,4
128,n<=8,sr>70%,kvB<=1k,kp<=8k,0.0305,4
128,n<=8,sr>70%,kvB<=1k,kp=0,0.0697,4
128,n<=8,sr>70%,kvB<=4k,kp<=1k,0.1211,4
128,n<=8,sr>70%,kvB<=4k,kp<=2k,0.5601,4
128,n<=8,sr>70%,kvB<=4k,kp<=4k,0.5241,4
128,n<=8,sr>70%,kvB<=4k,kp<=512,0.0837,4
128,n<=8,sr>70%,kvB<=4k,kp<=8k,-0.1603,4
128,n<=8,sr>70%,kvB<=4k,kp=0,-0.2603,4
256,n<=128,sr<=15%,kvB<=16k,kp<=1k,0.002,4
256,n<=128,sr<=15%,kvB<=16k,kp<=2k,0.002,4
256,n<=128,sr<=15%,kvB<=16k,kp<=4k,0.0023,4
256,n<=128,sr<=15%,kvB<=16k,kp<=512,0.0021,4
256,n<=128,sr<=15%,kvB<=16k,kp<=8k,0.0031,4
256,n<=128,sr<=15%,kvB<=16k,kp=0,0.0024,4
256,n<=128,sr<=15%,kvB<=1k,kp<=1k,0.0028,4
256,n<=128,sr<=15%,kvB<=1k,kp<=2k,0.0036,4
256,n<=128,sr<=15%,kvB<=1k,kp<=4k,0.0099,4
256,n<=128,sr<=15%,kvB<=1k,kp<=512,0.0034,4
256,n<=128,sr<=15%,kvB<=1k,kp<=8k,0.0139,4
256,n<=128,sr<=15%,kvB<=1k,kp=0,0.0031,4
256,n<=128,sr<=15%,kvB<=4k,kp<=1k,0.002,4
256,n<=128,sr<=15%,kvB<=4k,kp<=2k,0.003,4
256,n<=128,sr<=15%,kvB<=4k,kp<=4k,0.0009,4
256,n<=128,sr<=15%,kvB<=4k,kp<=512,0.0024,4
256,n<=128,sr<=15%,kvB<=4k,kp<=8k,0.0005,4
256,n<=128,sr<=15%,kvB<=4k,kp=0,0.0022,4
256,n<=128,sr<=40%,kvB<=16k,kp<=1k,0.0003,2
256,n<=128,sr<=40%,kvB<=16k,kp<=2k,0.0,2
256,n<=128,sr<=40%,kvB<=16k,kp<=4k,-0.0002,2
256,n<=128,sr<=40%,kvB<=16k,kp<=512,0.0007,2
256,n<=128,sr<=40%,kvB<=16k,kp<=8k,-0.0011,2
256,n<=128,sr<=40%,kvB<=16k,kp=0,0.0008,2
256,n<=128,sr<=40%,kvB<=1k,kp<=1k,0.0067,2
256,n<=128,sr<=40%,kvB<=1k,kp<=2k,0.0081,2
256,n<=128,sr<=40%,kvB<=1k,kp<=4k,0.0194,2
256,n<=128,sr<=40%,kvB<=1k,kp<=512,0.0069,2
256,n<=128,sr<=40%,kvB<=1k,kp<=8k,0.0329,2
256,n<=128,sr<=40%,kvB<=1k,kp=0,0.006,2
256,n<=128,sr<=40%,kvB<=4k,kp<=1k,0.0006,2
256,n<=128,sr<=40%,kvB<=4k,kp<=2k,-0.0001,2
256,n<=128,sr<=40%,kvB<=4k,kp<=4k,0.0001,2
256,n<=128,sr<=40%,kvB<=4k,kp<=512,0.0014,2
256,n<=128,sr<=40%,kvB<=4k,kp<=8k,0.0003,2
256,n<=128,sr<=40%,kvB<=4k,kp=0,0.0009,2
256,n<=128,sr<=5%,kvB<=16k,kp<=1k,0.0035,8
256,n<=128,sr<=5%,kvB<=16k,kp<=2k,0.0033,8
256,n<=128,sr<=5%,kvB<=16k,kp<=4k,0.0033,8
256,n<=128,sr<=5%,kvB<=16k,kp<=512,0.0033,8
256,n<=128,sr<=5%,kvB<=16k,kp<=8k,0.0028,8
256,n<=128,sr<=5%,kvB<=16k,kp=0,0.004,8
256,n<=128,sr<=5%,kvB<=1k,kp<=1k,-0.0007,8
256,n<=128,sr<=5%,kvB<=1k,kp<=2k,0.0002,8
256,n<=128,sr<=5%,kvB<=1k,kp<=4k,0.0015,8
256,n<=128,sr<=5%,kvB<=1k,kp<=512,-0.001,8
256,n<=128,sr<=5%,kvB<=1k,kp<=8k,0.0028,8
256,n<=128,sr<=5%,kvB<=1k,kp=0,-0.0005,8
256,n<=128,sr<=5%,kvB<=4k,kp<=1k,0.003,8
256,n<=128,sr<=5%,kvB<=4k,kp<=2k,0.0025,8
256,n<=128,sr<=5%,kvB<=4k,kp<=4k,0.0003,8
256,n<=128,sr<=5%,kvB<=4k,kp<=512,0.0027,8
256,n<=128,sr<=5%,kvB<=4k,kp<=8k,0.0002,8
256,n<=128,sr<=5%,kvB<=4k,kp=0,0.0031,8
256,n<=128,sr<=70%,kvB<=16k,kp<=1k,-0.001,2
256,n<=128,sr<=70%,kvB<=16k,kp<=2k,-0.0023,2
256,n<=128,sr<=70%,kvB<=16k,kp<=4k,-0.0023,2
256,n<=128,sr<=70%,kvB<=16k,kp<=512,-0.0011,2
256,n<=128,sr<=70%,kvB<=16k,kp<=8k,-0.0048,2
256,n<=128,sr<=70%,kvB<=16k,kp=0,-0.001,2
256,n<=128,sr<=70%,kvB<=1k,kp<=1k,0.009,2
256,n<=128,sr<=70%,kvB<=1k,kp<=2k,0.0124,2
256,n<=128,sr<=70%,kvB<=1k,kp<=4k,0.023,2
256,n<=128,sr<=70%,kvB<=1k,kp<=512,0.0059,2
256,n<=128,sr<=70%,kvB<=1k,kp<=8k,0.0323,2
256,n<=128,sr<=70%,kvB<=1k,kp=0,0.0076,2
256,n<=128,sr<=70%,kvB<=4k,kp<=1k,-0.0007,2
256,n<=128,sr<=70%,kvB<=4k,kp<=2k,-0.004,2
256,n<=128,sr<=70%,kvB<=4k,kp<=4k,-0.0019,2
256,n<=128,sr<=70%,kvB<=4k,kp<=512,-0.0006,2
256,n<=128,sr<=70%,kvB<=4k,kp<=8k,0.0054,2
256,n<=128,sr<=70%,kvB<=4k,kp=0,0.0002,2
256,n<=128,sr>70%,kvB<=16k,kp<=1k,0.006,4
256,n<=128,sr>70%,kvB<=16k,kp<=2k,0.004,4
256,n<=128,sr>70%,kvB<=16k,kp<=4k,-0.0,4
256,n<=128,sr>70%,kvB<=16k,kp<=512,0.0029,4
256,n<=128,sr>70%,kvB<=16k,kp<=8k,0.0073,4
256,n<=128,sr>70%,kvB<=16k,kp=0,0.0065,4
256,n<=128,sr>70%,kvB<=1k,kp<=1k,0.0059,4
256,n<=128,sr>70%,kvB<=1k,kp<=2k,0.0109,4
256,n<=128,sr>70%,kvB<=1k,kp<=4k,0.0085,4
256,n<=128,sr>70%,kvB<=1k,kp<=512,0.0051,4
256,n<=128,sr>70%,kvB<=1k,kp<=8k,0.0253,4
256,n<=128,sr>70%,kvB<=1k,kp=0,0.0096,4
256,n<=128,sr>70%,kvB<=4k,kp<=1k,0.0065,4
256,n<=128,sr>70%,kvB<=4k,kp<=2k,0.0047,4
256,n<=128,sr>70%,kvB<=4k,kp<=4k,0.0094,4
256,n<=128,sr>70%,kvB<=4k,kp<=512,0.0065,4
256,n<=128,sr>70%,kvB<=4k,kp<=8k,0.0035,4
256,n<=128,sr>70%,kvB<=4k,kp=0,0.0046,4
256,n<=16,sr<=15%,kvB<=16k,kp<=1k,0.0784,4
256,n<=16,sr<=15%,kvB<=16k,kp<=2k,0.0332,4
256,n<=16,sr<=15%,kvB<=16k,kp<=4k,-0.0507,4
256,n<=16,sr<=15%,kvB<=16k,kp<=512,0.0763,4
256,n<=16,sr<=15%,kvB<=16k,kp<=8k,-0.0081,4
256,n<=16,sr<=15%,kvB<=16k,kp=0,0.0861,4
256,n<=16,sr<=15%,kvB<=1k,kp<=1k,0.0613,4
256,n<=16,sr<=15%,kvB<=1k,kp<=2k,0.0726,4
256,n<=16,sr<=15%,kvB<=1k,kp<=4k,0.0852,4
256,n<=16,sr<=15%,kvB<=1k,kp<=512,0.1056,4
256,n<=16,sr<=15%,kvB<=1k,kp<=8k,0.0578,4
256,n<=16,sr<=15%,kvB<=1k,kp=0,0.1614,4
256,n<=16,sr<=15%,kvB<=4k,kp<=1k,0.0818,4
256,n<=16,sr<=15%,kvB<=4k,kp<=2k,0.0086,4
256,n<=16,sr<=15%,kvB<=4k,kp<=4k,0.0602,4
256,n<=16,sr<=15%,kvB<=4k,kp<=512,0.072,4
256,n<=16,sr<=15%,kvB<=4k,kp<=8k,0.041,4
256,n<=16,sr<=15%,kvB<=4k,kp=0,0.1348,4
256,n<=16,sr<=40%,kvB<=16k,kp<=1k,0.0937,4
256,n<=16,sr<=40%,kvB<=16k,kp<=2k,0.0248,4
256,n<=16,sr<=40%,kvB<=16k,kp<=4k,-0.0534,4
256,n<=16,sr<=40%,kvB<=16k,kp<=512,0.109,4
256,n<=16,sr<=40%,kvB<=16k,kp<=8k,0.0713,4
256,n<=16,sr<=40%,kvB<=16k,kp=0,0.1485,4
256,n<=16,sr<=40%,kvB<=1k,kp<=1k,0.0808,4
256,n<=16,sr<=40%,kvB<=1k,kp<=2k,0.071,4
256,n<=16,sr<=40%,kvB<=1k,kp<=4k,0.0836,4
256,n<=16,sr<=40%,kvB<=1k,kp<=512,0.1093,4
256,n<=16,sr<=40%,kvB<=1k,kp<=8k,0.0734,4
256,n<=16,sr<=40%,kvB<=1k,kp=0,0.1556,4
256,n<=16,sr<=40%,kvB<=4k,kp<=1k,0.0652,4
256,n<=16,sr<=40%,kvB<=4k,kp<=2k,0.119,4
256,n<=16,sr<=40%,kvB<=4k,kp<=4k,0.0961,4
256,n<=16,sr<=40%,kvB<=4k,kp<=512,0.0322,4
256,n<=16,sr<=40%,kvB<=4k,kp<=8k,0.1102,4
256,n<=16,sr<=40%,kvB<=4k,kp=0,0.2316,4
256,n<=16,sr<=70%,kvB<=16k,kp<=1k,0.2107,2
256,n<=16,sr<=70%,kvB<=16k,kp<=2k,0.0586,2
256,n<=16,sr<=70%,kvB<=16k,kp<=4k,-0.0056,2
256,n<=16,sr<=70%,kvB<=16k,kp<=512,0.243,2
256,n<=16,sr<=70%,kvB<=16k,kp<=8k,0.1036,2
256,n<=16,sr<=70%,kvB<=16k,kp=0,0.5177,2
256,n<=16,sr<=70%,kvB<=1k,kp<=1k,0.0409,2
256,n<=16,sr<=70%,kvB<=1k,kp<=2k,0.0257,2
256,n<=16,sr<=70%,kvB<=1k,kp<=4k,0.0327,2
256,n<=16,sr<=70%,kvB<=1k,kp<=512,0.0936,2
256,n<=16,sr<=70%,kvB<=1k,kp<=8k,-0.0051,2
256,n<=16,sr<=70%,kvB<=1k,kp=0,0.0983,2
256,n<=16,sr<=70%,kvB<=4k,kp<=1k,0.1253,2
256,n<=16,sr<=70%,kvB<=4k,kp<=2k,0.3919,2
256,n<=16,sr<=70%,kvB<=4k,kp<=4k,0.7345,2
256,n<=16,sr<=70%,kvB<=4k,kp<=512,-0.0116,2
256,n<=16,sr<=70%,kvB<=4k,kp<=8k,0.5739,2
256,n<=16,sr<=70%,kvB<=4k,kp=0,0.5093,2
256,n<=16,sr>70%,kvB<=16k,kp<=1k,0.6771,4
256,n<=16,sr>70%,kvB<=16k,kp<=2k,0.5363,4
256,n<=16,sr>70%,kvB<=16k,kp<=4k,0.2248,4
256,n<=16,sr>70%,kvB<=16k,kp<=512,0.5778,4
256,n<=16,sr>70%,kvB<=16k,kp<=8k,0.4957,3
256,n<=16,sr>70%,kvB<=16k,kp=0,1.6164,4
256,n<=16,sr>70%,kvB<=1k,kp<=1k,0.4926,4
256,n<=16,sr>70%,kvB<=1k,kp<=2k,0.5546,4
256,n<=16,sr>70%,kvB<=1k,kp<=4k,0.2846,4
256,n<=16,sr>70%,kvB<=1k,kp<=512,0.4374,4
256,n<=16,sr>70%,kvB<=1k,kp<=8k,0.3392,4
256,n<=16,sr>70%,kvB<=1k,kp=0,0.4392,4
256,n<=16,sr>70%,kvB<=4k,kp<=1k,0.3924,4
256,n<=16,sr>70%,kvB<=4k,kp<=2k,0.5129,4
256,n<=16,sr>70%,kvB<=4k,kp<=4k,3.7929,3
256,n<=16,sr>70%,kvB<=4k,kp<=512,0.6658,4
256,n<=16,sr>70%,kvB<=4k,kp<=8k,1.381,4
256,n<=16,sr>70%,kvB<=4k,kp=0,1.6752,4
256,n<=2,sr<=70%,kvB<=16k,kp<=1k,0.8853,2
256,n<=2,sr<=70%,kvB<=16k,kp<=2k,0.5568,2
256,n<=2,sr<=70%,kvB<=16k,kp<=4k,0.5206,2
256,n<=2,sr<=70%,kvB<=16k,kp<=512,0.9705,2
256,n<=2,sr<=70%,kvB<=16k,kp<=8k,0.6063,2
256,n<=2,sr<=70%,kvB<=16k,kp=0,0.9763,2
256,n<=2,sr<=70%,kvB<=1k,kp<=1k,-0.6063,2
256,n<=2,sr<=70%,kvB<=1k,kp<=2k,-0.6166,2
256,n<=2,sr<=70%,kvB<=1k,kp<=4k,-0.7464,2
256,n<=2,sr<=70%,kvB<=1k,kp<=512,0.2272,2
256,n<=2,sr<=70%,kvB<=1k,kp<=8k,-0.7369,2
256,n<=2,sr<=70%,kvB<=1k,kp=0,0.5698,2
256,n<=2,sr<=70%,kvB<=4k,kp<=1k,0.5208,2
256,n<=2,sr<=70%,kvB<=4k,kp<=2k,0.4173,2
256,n<=2,sr<=70%,kvB<=4k,kp<=4k,-0.8727,2
256,n<=2,sr<=70%,kvB<=4k,kp<=512,0.5117,2
256,n<=2,sr<=70%,kvB<=4k,kp<=8k,-0.7474,2
256,n<=2,sr<=70%,kvB<=4k,kp=0,0.8907,2
256,n<=32,sr<=15%,kvB<=16k,kp<=1k,0.0321,6
256,n<=32,sr<=15%,kvB<=16k,kp<=2k,0.0213,6
256,n<=32,sr<=15%,kvB<=16k,kp<=4k,0.0063,6
256,n<=32,sr<=15%,kvB<=16k,kp<=512,0.0286,6
256,n<=32,sr<=15%,kvB<=16k,kp<=8k,0.0152,6
256,n<=32,sr<=15%,kvB<=16k,kp=0,0.0699,6
256,n<=32,sr<=15%,kvB<=1k,kp<=1k,0.0507,6
256,n<=32,sr<=15%,kvB<=1k,kp<=2k,0.0439,6
256,n<=32,sr<=15%,kvB<=1k,kp<=4k,0.0302,6
256,n<=32,sr<=15%,kvB<=1k,kp<=512,0.0506,6
256,n<=32,sr<=15%,kvB<=1k,kp<=8k,0.0438,6
256,n<=32,sr<=15%,kvB<=1k,kp=0,0.0646,6
256,n<=32,sr<=15%,kvB<=4k,kp<=1k,0.0488,6
256,n<=32,sr<=15%,kvB<=4k,kp<=2k,0.0491,6
256,n<=32,sr<=15%,kvB<=4k,kp<=4k,0.0911,6
256,n<=32,sr<=15%,kvB<=4k,kp<=512,0.0378,6
256,n<=32,sr<=15%,kvB<=4k,kp<=8k,0.0273,6
256,n<=32,sr<=15%,kvB<=4k,kp=0,0.1127,6
256,n<=32,sr<=40%,kvB<=16k,kp<=1k,0.043,2
256,n<=32,sr<=40%,kvB<=16k,kp<=2k,0.0428,2
256,n<=32,sr<=40%,kvB<=16k,kp<=4k,0.0559,2
256,n<=32,sr<=40%,kvB<=16k,kp<=512,0.0501,2
256,n<=32,sr<=40%,kvB<=16k,kp<=8k,0.0443,2
256,n<=32,sr<=40%,kvB<=16k,kp=0,0.1316,2
256,n<=32,sr<=40%,kvB<=1k,kp<=1k,0.1267,2
256,n<=32,sr<=40%,kvB<=1k,kp<=2k,0.1005,2
256,n<=32,sr<=40%,kvB<=1k,kp<=4k,0.0347,2
256,n<=32,sr<=40%,kvB<=1k,kp<=512,0.0905,2
256,n<=32,sr<=40%,kvB<=1k,kp<=8k,0.0594,2
256,n<=32,sr<=40%,kvB<=1k,kp=0,0.0537,2
256,n<=32,sr<=40%,kvB<=4k,kp<=1k,0.1112,2
256,n<=32,sr<=40%,kvB<=4k,kp<=2k,0.2266,2
256,n<=32,sr<=40%,kvB<=4k,kp<=4k,0.1784,2
256,n<=32,sr<=40%,kvB<=4k,kp<=512,0.0703,2
256,n<=32,sr<=40%,kvB<=4k,kp<=8k,0.0745,2
256,n<=32,sr<=40%,kvB<=4k,kp=0,0.2514,2
256,n<=32,sr<=5%,kvB<=16k,kp<=1k,0.0296,2
256,n<=32,sr<=5%,kvB<=16k,kp<=2k,0.0227,2
256,n<=32,sr<=5%,kvB<=16k,kp<=4k,0.0198,2
256,n<=32,sr<=5%,kvB<=16k,kp<=512,0.0257,2
256,n<=32,sr<=5%,kvB<=16k,kp<=8k,0.0079,2
256,n<=32,sr<=5%,kvB<=16k,kp=0,0.0326,2
256,n<=32,sr<=5%,kvB<=1k,kp<=1k,0.0167,2
256,n<=32,sr<=5%,kvB<=1k,kp<=2k,0.0116,2
256,n<=32,sr<=5%,kvB<=1k,kp<=4k,0.012,2
256,n<=32,sr<=5%,kvB<=1k,kp<=512,0.0272,2
256,n<=32,sr<=5%,kvB<=1k,kp<=8k,0.0072,2
256,n<=32,sr<=5%,kvB<=1k,kp=0,0.0394,2
256,n<=32,sr<=5%,kvB<=4k,kp<=1k,0.0399,2
256,n<=32,sr<=5%,kvB<=4k,kp<=2k,0.0128,2
256,n<=32,sr<=5%,kvB<=4k,kp<=4k,0.0199,2
256,n<=32,sr<=5%,kvB<=4k,kp<=512,0.0259,2
256,n<=32,sr<=5%,kvB<=4k,kp<=8k,0.0192,2
256,n<=32,sr<=5%,kvB<=4k,kp=0,0.0528,2
256,n<=32,sr<=70%,kvB<=16k,kp<=1k,0.1036,2
256,n<=32,sr<=70%,kvB<=16k,kp<=2k,0.0856,2
256,n<=32,sr<=70%,kvB<=16k,kp<=4k,0.0712,2
256,n<=32,sr<=70%,kvB<=16k,kp<=512,0.0925,2
256,n<=32,sr<=70%,kvB<=16k,kp<=8k,0.1019,2
256,n<=32,sr<=70%,kvB<=16k,kp=0,0.2887,2
256,n<=32,sr<=70%,kvB<=1k,kp<=1k,0.1789,2
256,n<=32,sr<=70%,kvB<=1k,kp<=2k,0.3948,2
256,n<=32,sr<=70%,kvB<=1k,kp<=4k,0.0893,2
256,n<=32,sr<=70%,kvB<=1k,kp<=512,0.4235,2
256,n<=32,sr<=70%,kvB<=1k,kp<=8k,0.0426,2
256,n<=32,sr<=70%,kvB<=1k,kp=0,0.28,2
256,n<=32,sr<=70%,kvB<=4k,kp<=1k,0.1467,2
256,n<=32,sr<=70%,kvB<=4k,kp<=2k,0.2193,2
256,n<=32,sr<=70%,kvB<=4k,kp<=4k,0.1553,2
256,n<=32,sr<=70%,kvB<=4k,kp<=512,0.1114,2
256,n<=32,sr<=70%,kvB<=4k,kp<=8k,0.3153,2
256,n<=32,sr<=70%,kvB<=4k,kp=0,0.5209,2
256,n<=32,sr>70%,kvB<=16k,kp<=1k,0.1695,4
256,n<=32,sr>70%,kvB<=16k,kp<=2k,0.1686,4
256,n<=32,sr>70%,kvB<=16k,kp<=4k,0.2019,4
256,n<=32,sr>70%,kvB<=16k,kp<=512,0.1605,4
256,n<=32,sr>70%,kvB<=16k,kp<=8k,0.2122,4
256,n<=32,sr>70%,kvB<=16k,kp=0,0.6524,4
256,n<=32,sr>70%,kvB<=1k,kp<=1k,1.3193,4
256,n<=32,sr>70%,kvB<=1k,kp<=2k,1.3047,3
256,n<=32,sr>70%,kvB<=1k,kp<=4k,0.5737,4
256,n<=32,sr>70%,kvB<=1k,kp<=512,0.9642,4
256,n<=32,sr>70%,kvB<=1k,kp<=8k,0.3358,4
256,n<=32,sr>70%,kvB<=1k,kp=0,0.678,4
256,n<=32,sr>70%,kvB<=4k,kp<=1k,0.2658,4
256,n<=32,sr>70%,kvB<=4k,kp<=2k,0.5604,4
256,n<=32,sr>70%,kvB<=4k,kp<=4k,0.6253,4
256,n<=32,sr>70%,kvB<=4k,kp<=512,0.2287,4
256,n<=32,sr>70%,kvB<=4k,kp<=8k,0.4322,4
256,n<=32,sr>70%,kvB<=4k,kp=0,1.3883,4
256,n<=4,sr<=40%,kvB<=16k,kp<=1k,0.2975,2
256,n<=4,sr<=40%,kvB<=16k,kp<=2k,0.3129,2
256,n<=4,sr<=40%,kvB<=16k,kp<=4k,0.3133,2
256,n<=4,sr<=40%,kvB<=16k,kp<=512,0.34,2
256,n<=4,sr<=40%,kvB<=16k,kp<=8k,0.1654,2
256,n<=4,sr<=40%,kvB<=16k,kp=0,0.3306,2
256,n<=4,sr<=40%,kvB<=1k,kp<=1k,0.0642,2
256,n<=4,sr<=40%,kvB<=1k,kp<=2k,0.0308,2
256,n<=4,sr<=40%,kvB<=1k,kp<=4k,0.1388,2
256,n<=4,sr<=40%,kvB<=1k,kp<=512,0.3075,2
256,n<=4,sr<=40%,kvB<=1k,kp<=8k,0.3484,2
256,n<=4,sr<=40%,kvB<=1k,kp=0,0.48,2
256,n<=4,sr<=40%,kvB<=4k,kp<=1k,0.3644,2
256,n<=4,sr<=40%,kvB<=4k,kp<=2k,0.1756,2
256,n<=4,sr<=40%,kvB<=4k,kp<=4k,-0.0859,2
256,n<=4,sr<=40%,kvB<=4k,kp<=512,0.3611,2
256,n<=4,sr<=40%,kvB<=4k,kp<=8k,-0.1584,2
256,n<=4,sr<=40%,kvB<=4k,kp=0,0.3735,2
256,n<=4,sr<=70%,kvB<=16k,kp<=1k,0.2173,2
256,n<=4,sr<=70%,kvB<=16k,kp<=2k,0.3144,2
256,n<=4,sr<=70%,kvB<=16k,kp<=4k,0.2775,2
256,n<=4,sr<=70%,kvB<=16k,kp<=512,0.2623,2
256,n<=4,sr<=70%,kvB<=16k,kp<=8k,0.1521,2
256,n<=4,sr<=70%,kvB<=16k,kp=0,0.1948,2
256,n<=4,sr<=70%,kvB<=1k,kp<=1k,-0.0599,2
256,n<=4,sr<=70%,kvB<=1k,kp<=2k,-0.1205,2
256,n<=4,sr<=70%,kvB<=1k,kp<=4k,0.1832,2
256,n<=4,sr<=70%,kvB<=1k,kp<=512,0.1315,2
256,n<=4,sr<=70%,kvB<=1k,kp<=8k,0.5484,2
256,n<=4,sr<=70%,kvB<=1k,kp=0,0.3997,2
256,n<=4,sr<=70%,kvB<=4k,kp<=1k,0.3239,2
256,n<=4,sr<=70%,kvB<=4k,kp<=2k,0.159,2
256,n<=4,sr<=70%,kvB<=4k,kp<=4k,0.0073,2
256,n<=4,sr<=70%,kvB<=4k,kp<=512,0.4221,2
256,n<=4,sr<=70%,kvB<=4k,kp<=8k,-0.0889,2
256,n<=4,sr<=70%,kvB<=4k,kp=0,0.3351,2
256,n<=4,sr>70%,kvB<=16k,kp<=1k,0.7041,2
256,n<=4,sr>70%,kvB<=16k,kp<=2k,0.566,2
256,n<=4,sr>70%,kvB<=16k,kp<=4k,0.2273,2
256,n<=4,sr>70%,kvB<=16k,kp<=512,0.9528,2
256,n<=4,sr>70%,kvB<=16k,kp<=8k,-0.0668,2
256,n<=4,sr>70%,kvB<=16k,kp=0,1.0231,2
256,n<=4,sr>70%,kvB<=1k,kp<=1k,0.0087,2
256,n<=4,sr>70%,kvB<=1k,kp<=2k,-0.383,2
256,n<=4,sr>70%,kvB<=1k,kp<=4k,-0.1065,2
256,n<=4,sr>70%,kvB<=1k,kp<=512,0.2889,2
256,n<=4,sr>70%,kvB<=1k,kp<=8k,0.8085,2
256,n<=4,sr>70%,kvB<=1k,kp=0,0.4892,2
256,n<=4,sr>70%,kvB<=4k,kp<=1k,0.2093,2
256,n<=4,sr>70%,kvB<=4k,kp<=2k,0.056,2
256,n<=4,sr>70%,kvB<=4k,kp<=4k,-0.3288,2
256,n<=4,sr>70%,kvB<=4k,kp<=512,0.4014,2
256,n<=4,sr>70%,kvB<=4k,kp<=8k,-0.5803,2
256,n<=4,sr>70%,kvB<=4k,kp=0,0.7318,2
256,n<=64,sr<=15%,kvB<=16k,kp<=1k,0.0082,4
256,n<=64,sr<=15%,kvB<=16k,kp<=2k,0.0089,4
256,n<=64,sr<=15%,kvB<=16k,kp<=4k,0.0079,4
256,n<=64,sr<=15%,kvB<=16k,kp<=512,0.0078,4
256,n<=64,sr<=15%,kvB<=16k,kp<=8k,0.0079,4
256,n<=64,sr<=15%,kvB<=16k,kp=0,0.0121,4
256,n<=64,sr<=15%,kvB<=1k,kp<=1k,0.0029,4
256,n<=64,sr<=15%,kvB<=1k,kp<=2k,0.0034,4
256,n<=64,sr<=15%,kvB<=1k,kp<=4k,0.0037,4
256,n<=64,sr<=15%,kvB<=1k,kp<=512,0.006,4
256,n<=64,sr<=15%,kvB<=1k,kp<=8k,0.0099,4
256,n<=64,sr<=15%,kvB<=1k,kp=0,0.0084,4
256,n<=64,sr<=15%,kvB<=4k,kp<=1k,0.0114,4
256,n<=64,sr<=15%,kvB<=4k,kp<=2k,0.007,4
256,n<=64,sr<=15%,kvB<=4k,kp<=4k,0.0004,4
256,n<=64,sr<=15%,kvB<=4k,kp<=512,0.0084,4
256,n<=64,sr<=15%,kvB<=4k,kp<=8k,-0.0034,4
256,n<=64,sr<=15%,kvB<=4k,kp=0,0.0082,4
256,n<=64,sr<=40%,kvB<=16k,kp<=1k,0.0002,2
256,n<=64,sr<=40%,kvB<=16k,kp<=2k,0.0003,2
256,n<=64,sr<=40%,kvB<=16k,kp<=4k,-0.0002,2
256,n<=64,sr<=40%,kvB<=16k,kp<=512,0.0004,2
256,n<=64,sr<=40%,kvB<=16k,kp<=8k,-0.0009,2
256,n<=64,sr<=40%,kvB<=16k,kp=0,0.0025,2
256,n<=64,sr<=40%,kvB<=1k,kp<=1k,-0.0139,2
256,n<=64,sr<=40%,kvB<=1k,kp<=2k,-0.0108,2
256,n<=64,sr<=40%,kvB<=1k,kp<=4k,0.0071,2
256,n<=64,sr<=40%,kvB<=1k,kp<=512,-0.0048,2
256,n<=64,sr<=40%,kvB<=1k,kp<=8k,0.0276,2
256,n<=64,sr<=40%,kvB<=1k,kp=0,-0.0125,2
256,n<=64,sr<=40%,kvB<=4k,kp<=1k,0.0038,2
256,n<=64,sr<=40%,kvB<=4k,kp<=2k,0.0069,2
256,n<=64,sr<=40%,kvB<=4k,kp<=4k,-0.0014,2
256,n<=64,sr<=40%,kvB<=4k,kp<=512,0.0023,2
256,n<=64,sr<=40%,kvB<=4k,kp<=8k,-0.0083,2
256,n<=64,sr<=40%,kvB<=4k,kp=0,0.008,2
256,n<=64,sr<=5%,kvB<=16k,kp<=1k,0.0096,6
256,n<=64,sr<=5%,kvB<=16k,kp<=2k,0.0102,6
256,n<=64,sr<=5%,kvB<=16k,kp<=4k,0.011,6
256,n<=64,sr<=5%,kvB<=16k,kp<=512,0.0101,6
256,n<=64,sr<=5%,kvB<=16k,kp<=8k,0.0088,6
256,n<=64,sr<=5%,kvB<=16k,kp=0,0.0117,6
256,n<=64,sr<=5%,kvB<=1k,kp<=1k,-0.0,6
256,n<=64,sr<=5%,kvB<=1k,kp<=2k,0.0018,6
256,n<=64,sr<=5%,kvB<=1k,kp<=4k,0.0009,6
256,n<=64,sr<=5%,kvB<=1k,kp<=512,0.004,6
256,n<=64,sr<=5%,kvB<=1k,kp<=8k,0.0043,6
256,n<=64,sr<=5%,kvB<=1k,kp=0,0.0071,6
256,n<=64,sr<=5%,kvB<=4k,kp<=1k,0.0103,6
256,n<=64,sr<=5%,kvB<=4k,kp<=2k,0.0079,6
256,n<=64,sr<=5%,kvB<=4k,kp<=4k,0.0017,6
256,n<=64,sr<=5%,kvB<=4k,kp<=512,0.0089,6
256,n<=64,sr<=5%,kvB<=4k,kp<=8k,0.0007,6
256,n<=64,sr<=5%,kvB<=4k,kp=0,0.0097,6
256,n<=64,sr<=70%,kvB<=16k,kp<=1k,-0.0013,2
256,n<=64,sr<=70%,kvB<=16k,kp<=2k,-0.006,2
256,n<=64,sr<=70%,kvB<=16k,kp<=4k,-0.0041,2
256,n<=64,sr<=70%,kvB<=16k,kp<=512,-0.0012,2
256,n<=64,sr<=70%,kvB<=16k,kp<=8k,-0.0028,2
256,n<=64,sr<=70%,kvB<=16k,kp=0,-0.0001,2
256,n<=64,sr<=70%,kvB<=1k,kp<=1k,-0.0032,2
256,n<=64,sr<=70%,kvB<=1k,kp<=2k,-0.0069,2
256,n<=64,sr<=70%,kvB<=1k,kp<=4k,0.0048,2
256,n<=64,sr<=70%,kvB<=1k,kp<=512,0.0096,2
256,n<=64,sr<=70%,kvB<=1k,kp<=8k,0.017,2
256,n<=64,sr<=70%,kvB<=1k,kp=0,-0.0045,2
256,n<=64,sr<=70%,kvB<=4k,kp<=1k,0.0046,2
256,n<=64,sr<=70%,kvB<=4k,kp<=2k,0.0043,2
256,n<=64,sr<=70%,kvB<=4k,kp<=4k,0.0007,2
256,n<=64,sr<=70%,kvB<=4k,kp<=512,0.0006,2
256,n<=64,sr<=70%,kvB<=4k,kp<=8k,-0.0049,2
256,n<=64,sr<=70%,kvB<=4k,kp=0,0.0237,2
256,n<=64,sr>70%,kvB<=16k,kp<=1k,0.0126,4
256,n<=64,sr>70%,kvB<=16k,kp<=2k,0.0139,4
256,n<=64,sr>70%,kvB<=16k,kp<=4k,0.0135,4
256,n<=64,sr>70%,kvB<=16k,kp<=512,0.018,4
256,n<=64,sr>70%,kvB<=16k,kp<=8k,0.0292,4
256,n<=64,sr>70%,kvB<=16k,kp=0,0.044,4
256,n<=64,sr>70%,kvB<=1k,kp<=1k,0.0527,4
256,n<=64,sr>70%,kvB<=1k,kp<=2k,0.0139,4
256,n<=64,sr>70%,kvB<=1k,kp<=4k,0.0174,4
256,n<=64,sr>70%,kvB<=1k,kp<=512,0.0351,4
256,n<=64,sr>70%,kvB<=1k,kp<=8k,0.0766,4
256,n<=64,sr>70%,kvB<=1k,kp=0,0.0225,4
256,n<=64,sr>70%,kvB<=4k,kp<=1k,0.0145,4
256,n<=64,sr>70%,kvB<=4k,kp<=2k,0.0189,4
256,n<=64,sr>70%,kvB<=4k,kp<=4k,0.0336,4
256,n<=64,sr>70%,kvB<=4k,kp<=512,0.0175,4
256,n<=64,sr>70%,kvB<=4k,kp<=8k,0.0196,4
256,n<=64,sr>70%,kvB<=4k,kp=0,0.0618,4
256,n<=8,sr<=15%,kvB<=16k,kp<=1k,0.1586,2
256,n<=8,sr<=15%,kvB<=16k,kp<=2k,0.1208,2
256,n<=8,sr<=15%,kvB<=16k,kp<=4k,0.094,2
256,n<=8,sr<=15%,kvB<=16k,kp<=512,0.162,2
256,n<=8,sr<=15%,kvB<=16k,kp<=8k,0.0899,2
256,n<=8,sr<=15%,kvB<=16k,kp=0,0.1463,2
256,n<=8,sr<=15%,kvB<=1k,kp<=1k,0.0892,2
256,n<=8,sr<=15%,kvB<=1k,kp<=2k,0.1422,2
256,n<=8,sr<=15%,kvB<=1k,kp<=4k,0.1171,2
256,n<=8,sr<=15%,kvB<=1k,kp<=512,0.1986,2
256,n<=8,sr<=15%,kvB<=1k,kp<=8k,0.1214,2
256,n<=8,sr<=15%,kvB<=1k,kp=0,0.2948,2
256,n<=8,sr<=15%,kvB<=4k,kp<=1k,0.2151,2
256,n<=8,sr<=15%,kvB<=4k,kp<=2k,0.1508,2
256,n<=8,sr<=15%,kvB<=4k,kp<=4k,0.0283,2
256,n<=8,sr<=15%,kvB<=4k,kp<=512,0.1659,2
256,n<=8,sr<=15%,kvB<=4k,kp<=8k,0.0558,2
256,n<=8,sr<=15%,kvB<=4k,kp=0,0.1958,2
256,n<=8,sr<=40%,kvB<=16k,kp<=1k,0.1784,4
256,n<=8,sr<=40%,kvB<=16k,kp<=2k,0.087,4
256,n<=8,sr<=40%,kvB<=16k,kp<=4k,0.0544,4
256,n<=8,sr<=40%,kvB<=16k,kp<=512,0.1632,4
256,n<=8,sr<=40%,kvB<=16k,kp<=8k,0.1891,4
256,n<=8,sr<=40%,kvB<=16k,kp=0,0.1197,4
256,n<=8,sr<=40%,kvB<=1k,kp<=1k,0.0928,4
256,n<=8,sr<=40%,kvB<=1k,kp<=2k,0.1438,4
256,n<=8,sr<=40%,kvB<=1k,kp<=4k,0.1244,4
256,n<=8,sr<=40%,kvB<=1k,kp<=512,0.2025,4
256,n<=8,sr<=40%,kvB<=1k,kp<=8k,0.1104,4
256,n<=8,sr<=40%,kvB<=1k,kp=0,0.2786,4
256,n<=8,sr<=40%,kvB<=4k,kp<=1k,0.1719,4
256,n<=8,sr<=40%,kvB<=4k,kp<=2k,0.1861,4
256,n<=8,sr<=40%,kvB<=4k,kp<=4k,0.0695,4
256,n<=8,sr<=40%,kvB<=4k,kp<=512,0.1731,4
256,n<=8,sr<=40%,kvB<=4k,kp<=8k,0.0941,4
256,n<=8,sr<=40%,kvB<=4k,kp=0,0.1634,4
256,n<=8,sr<=70%,kvB<=16k,kp<=1k,0.2525,2
256,n<=8,sr<=70%,kvB<=16k,kp<=2k,0.0591,2
256,n<=8,sr<=70%,kvB<=16k,kp<=4k,-0.1126,2
256,n<=8,sr<=70%,kvB<=16k,kp<=512,0.237,2
256,n<=8,sr<=70%,kvB<=16k,kp<=8k,0.3247,2
256,n<=8,sr<=70%,kvB<=16k,kp=0,0.1386,2
256,n<=8,sr<=70%,kvB<=1k,kp<=1k,0.0418,2
256,n<=8,sr<=70%,kvB<=1k,kp<=2k,0.0624,2
256,n<=8,sr<=70%,kvB<=1k,kp<=4k,0.1598,2
256,n<=8,sr<=70%,kvB<=1k,kp<=512,0.205,2
256,n<=8,sr<=70%,kvB<=1k,kp<=8k,0.1543,2
256,n<=8,sr<=70%,kvB<=1k,kp=0,0.225,2
256,n<=8,sr<=70%,kvB<=4k,kp<=1k,0.1032,2
256,n<=8,sr<=70%,kvB<=4k,kp<=2k,0.2129,2
256,n<=8,sr<=70%,kvB<=4k,kp<=4k,0.0592,2
256,n<=8,sr<=70%,kvB<=4k,kp<=512,0.1454,2
256,n<=8,sr<=70%,kvB<=4k,kp<=8k,0.199,2
256,n<=8,sr<=70%,kvB<=4k,kp=0,0.1002,2
256,n<=8,sr>70%,kvB<=16k,kp<=1k,0.3907,4
256,n<=8,sr>70%,kvB<=16k,kp<=2k,0.1785,4
256,n<=8,sr>70%,kvB<=16k,kp<=4k,-0.2131,3
256,n<=8,sr>70%,kvB<=16k,kp<=512,0.5432,4
256,n<=8,sr>70%,kvB<=16k,kp<=8k,0.4938,3
256,n<=8,sr>70%,kvB<=16k,kp=0,0.2468,4
256,n<=8,sr>70%,kvB<=1k,kp<=1k,0.2758,4
256,n<=8,sr>70%,kvB<=1k,kp<=2k,0.4801,4
256,n<=8,sr>70%,kvB<=1k,kp<=4k,0.4666,4
256,n<=8,sr>70%,kvB<=1k,kp<=512,0.3236,4
256,n<=8,sr>70%,kvB<=1k,kp<=8k,0.6152,4
256,n<=8,sr>70%,kvB<=1k,kp=0,0.3607,4
256,n<=8,sr>70%,kvB<=4k,kp<=1k,0.0791,4
256,n<=8,sr>70%,kvB<=4k,kp<=2k,-0.496,4
256,n<=8,sr>70%,kvB<=4k,kp<=4k,0.0898,4
256,n<=8,sr>70%,kvB<=4k,kp<=512,0.0236,4
256,n<=8,sr>70%,kvB<=4k,kp<=8k,0.7372,4
256,n<=8,sr>70%,kvB<=4k,kp=0,-0.0173,4
512,n<=128,sr<=15%,kvB<=16k,kp<=1k,0.0026,4
512,n<=128,sr<=15%,kvB<=16k,kp<=2k,0.0025,4
512,n<=128,sr<=15%,kvB<=16k,kp<=4k,0.0025,4
512,n<=128,sr<=15%,kvB<=16k,kp<=512,0.0025,4
512,n<=128,sr<=15%,kvB<=16k,kp<=8k,-0.0007,4
512,n<=128,sr<=15%,kvB<=16k,kp=0,0.0022,4
512,n<=128,sr<=15%,kvB<=1k,kp<=1k,0.0093,4
512,n<=128,sr<=15%,kvB<=1k,kp<=2k,0.0106,4
512,n<=128,sr<=15%,kvB<=1k,kp<=4k,0.0185,4
512,n<=128,sr<=15%,kvB<=1k,kp<=512,0.0089,4
512,n<=128,sr<=15%,kvB<=1k,kp<=8k,0.0359,4
512,n<=128,sr<=15%,kvB<=1k,kp=0,0.0068,4
512,n<=128,sr<=15%,kvB<=4k,kp<=1k,0.0022,4
512,n<=128,sr<=15%,kvB<=4k,kp<=2k,0.002,4
512,n<=128,sr<=15%,kvB<=4k,kp<=4k,0.0032,4
512,n<=128,sr<=15%,kvB<=4k,kp<=512,0.0026,4
512,n<=128,sr<=15%,kvB<=4k,kp<=8k,0.0007,4
512,n<=128,sr<=15%,kvB<=4k,kp=0,0.0021,4
512,n<=128,sr<=40%,kvB<=16k,kp<=1k,-0.0,2
512,n<=128,sr<=40%,kvB<=16k,kp<=2k,-0.0009,2
512,n<=128,sr<=40%,kvB<=16k,kp<=4k,-0.0012,2
512,n<=128,sr<=40%,kvB<=16k,kp<=512,0.0006,2
512,n<=128,sr<=40%,kvB<=16k,kp<=8k,-0.0027,2
512,n<=128,sr<=40%,kvB<=16k,kp=0,0.0005,2
512,n<=128,sr<=40%,kvB<=1k,kp<=1k,0.0277,2
512,n<=128,sr<=40%,kvB<=1k,kp<=2k,0.0372,2
512,n<=128,sr<=40%,kvB<=1k,kp<=4k,0.0453,2
512,n<=128,sr<=40%,kvB<=1k,kp<=512,0.0276,2
512,n<=128,sr<=40%,kvB<=1k,kp<=8k,0.0822,2
512,n<=128,sr<=40%,kvB<=1k,kp=0,0.023,2
512,n<=128,sr<=40%,kvB<=4k,kp<=1k,0.0021,2
512,n<=128,sr<=40%,kvB<=4k,kp<=2k,-0.0019,2
512,n<=128,sr<=40%,kvB<=4k,kp<=4k,0.0009,2
512,n<=128,sr<=40%,kvB<=4k,kp<=512,0.0007,2
512,n<=128,sr<=40%,kvB<=4k,kp<=8k,-0.0004,2
512,n<=128,sr<=40%,kvB<=4k,kp=0,0.0004,2
512,n<=128,sr<=5%,kvB<=16k,kp<=1k,0.0033,8
512,n<=128,sr<=5%,kvB<=16k,kp<=2k,0.0034,8
512,n<=128,sr<=5%,kvB<=16k,kp<=4k,0.003,8
512,n<=128,sr<=5%,kvB<=16k,kp<=512,0.0034,8
512,n<=128,sr<=5%,kvB<=16k,kp<=8k,0.0022,8
512,n<=128,sr<=5%,kvB<=16k,kp=0,0.0035,8
512,n<=128,sr<=5%,kvB<=1k,kp<=1k,0.0018,8
512,n<=128,sr<=5%,kvB<=1k,kp<=2k,0.0021,8
512,n<=128,sr<=5%,kvB<=1k,kp<=4k,0.0035,8
512,n<=128,sr<=5%,kvB<=1k,kp<=512,-0.0002,8
512,n<=128,sr<=5%,kvB<=1k,kp<=8k,0.0036,8
512,n<=128,sr<=5%,kvB<=1k,kp=0,-0.0003,8
512,n<=128,sr<=5%,kvB<=4k,kp<=1k,0.0019,8
512,n<=128,sr<=5%,kvB<=4k,kp<=2k,0.0015,8
512,n<=128,sr<=5%,kvB<=4k,kp<=4k,0.0018,8
512,n<=128,sr<=5%,kvB<=4k,kp<=512,0.0024,8
512,n<=128,sr<=5%,kvB<=4k,kp<=8k,-0.0019,8
512,n<=128,sr<=5%,kvB<=4k,kp=0,0.0024,8
512,n<=128,sr<=70%,kvB<=16k,kp<=1k,-0.0024,2
512,n<=128,sr<=70%,kvB<=16k,kp<=2k,-0.0025,2
512,n<=128,sr<=70%,kvB<=16k,kp<=4k,-0.0061,2
512,n<=128,sr<=70%,kvB<=16k,kp<=512,-0.0015,2
512,n<=128,sr<=70%,kvB<=16k,kp<=8k,-0.0121,2
512,n<=128,sr<=70%,kvB<=16k,kp=0,-0.0005,2
512,n<=128,sr<=70%,kvB<=1k,kp<=1k,0.0311,2
512,n<=128,sr<=70%,kvB<=1k,kp<=2k,0.0343,2
512,n<=128,sr<=70%,kvB<=1k,kp<=4k,0.063,2
512,n<=128,sr<=70%,kvB<=1k,kp<=512,0.0232,2
512,n<=128,sr<=70%,kvB<=1k,kp<=8k,0.0702,2
512,n<=128,sr<=70%,kvB<=1k,kp=0,0.026,2
512,n<=128,sr<=70%,kvB<=4k,kp<=1k,-0.0042,2
512,n<=128,sr<=70%,kvB<=4k,kp<=2k,-0.0102,2
512,n<=128,sr<=70%,kvB<=4k,kp<=4k,-0.0132,2
512,n<=128,sr<=70%,kvB<=4k,kp<=512,-0.0026,2
512,n<=128,sr<=70%,kvB<=4k,kp<=8k,-0.0182,2
512,n<=128,sr<=70%,kvB<=4k,kp=0,-0.0024,2
512,n<=128,sr>70%,kvB<=16k,kp<=1k,0.0061,4
512,n<=128,sr>70%,kvB<=16k,kp<=2k,0.0051,4
512,n<=128,sr>70%,kvB<=16k,kp<=4k,0.0067,4
512,n<=128,sr>70%,kvB<=16k,kp<=512,0.007,4
512,n<=128,sr>70%,kvB<=16k,kp<=8k,0.0205,4
512,n<=128,sr>70%,kvB<=16k,kp=0,0.0072,4
512,n<=128,sr>70%,kvB<=1k,kp<=1k,0.0035,4
512,n<=128,sr>70%,kvB<=1k,kp<=2k,0.016,4
512,n<=128,sr>70%,kvB<=1k,kp<=4k,0.0417,4
512,n<=128,sr>70%,kvB<=1k,kp<=512,0.0083,4
512,n<=128,sr>70%,kvB<=1k,kp<=8k,0.1007,4
512,n<=128,sr>70%,kvB<=1k,kp=0,0.0045,4
512,n<=128,sr>70%,kvB<=4k,kp<=1k,0.0043,4
512,n<=128,sr>70%,kvB<=4k,kp<=2k,0.0163,4
512,n<=128,sr>70%,kvB<=4k,kp<=4k,0.0022,4
512,n<=128,sr>70%,kvB<=4k,kp<=512,0.0064,4
512,n<=128,sr>70%,kvB<=4k,kp<=8k,-0.014,4
512,n<=128,sr>70%,kvB<=4k,kp=0,0.0031,4
512,n<=16,sr<=15%,kvB<=16k,kp<=1k,0.0593,4
512,n<=16,sr<=15%,kvB<=16k,kp<=2k,0.0139,4
512,n<=16,sr<=15%,kvB<=16k,kp<=4k,-0.0537,4
512,n<=16,sr<=15%,kvB<=16k,kp<=512,0.0562,4
512,n<=16,sr<=15%,kvB<=16k,kp<=8k,0.0186,4
512,n<=16,sr<=15%,kvB<=16k,kp=0,0.0799,4
512,n<=16,sr<=15%,kvB<=1k,kp<=1k,0.067,4
512,n<=16,sr<=15%,kvB<=1k,kp<=2k,0.0773,4
512,n<=16,sr<=15%,kvB<=1k,kp<=4k,0.0657,4
512,n<=16,sr<=15%,kvB<=1k,kp<=512,0.0644,4
512,n<=16,sr<=15%,kvB<=1k,kp<=8k,0.0734,4
512,n<=16,sr<=15%,kvB<=1k,kp=0,0.1186,4
512,n<=16,sr<=15%,kvB<=4k,kp<=1k,0.0581,4
512,n<=16,sr<=15%,kvB<=4k,kp<=2k,0.0203,4
512,n<=16,sr<=15%,kvB<=4k,kp<=4k,0.0024,4
512,n<=16,sr<=15%,kvB<=4k,kp<=512,0.0534,4
512,n<=16,sr<=15%,kvB<=4k,kp<=8k,0.0049,4
512,n<=16,sr<=15%,kvB<=4k,kp=0,0.0976,4
512,n<=16,sr<=40%,kvB<=16k,kp<=1k,0.0404,4
512,n<=16,sr<=40%,kvB<=16k,kp<=2k,-0.0052,4
512,n<=16,sr<=40%,kvB<=16k,kp<=4k,0.0068,4
512,n<=16,sr<=40%,kvB<=16k,kp<=512,0.0767,4
512,n<=16,sr<=40%,kvB<=16k,kp<=8k,0.1423,4
512,n<=16,sr<=40%,kvB<=16k,kp=0,0.1277,4
512,n<=16,sr<=40%,kvB<=1k,kp<=1k,0.0745,4
512,n<=16,sr<=40%,kvB<=1k,kp<=2k,0.072,4
512,n<=16,sr<=40%,kvB<=1k,kp<=4k,0.0524,4
512,n<=16,sr<=40%,kvB<=1k,kp<=512,0.0664,4
512,n<=16,sr<=40%,kvB<=1k,kp<=8k,0.0476,4
512,n<=16,sr<=40%,kvB<=1k,kp=0,0.1138,4
512,n<=16,sr<=40%,kvB<=4k,kp<=1k,0.0003,4
512,n<=16,sr<=40%,kvB<=4k,kp<=2k,0.0974,4
512,n<=16,sr<=40%,kvB<=4k,kp<=4k,0.0802,4
512,n<=16,sr<=40%,kvB<=4k,kp<=512,0.0727,4
512,n<=16,sr<=40%,kvB<=4k,kp<=8k,0.0485,4
512,n<=16,sr<=40%,kvB<=4k,kp=0,0.1303,4
512,n<=16,sr<=70%,kvB<=16k,kp<=1k,0.0785,2
512,n<=16,sr<=70%,kvB<=16k,kp<=2k,0.0457,2
512,n<=16,sr<=70%,kvB<=16k,kp<=4k,-0.014,2
512,n<=16,sr<=70%,kvB<=16k,kp<=512,0.1597,2
512,n<=16,sr<=70%,kvB<=16k,kp<=8k,0.1293,2
512,n<=16,sr<=70%,kvB<=16k,kp=0,0.2674,2
512,n<=16,sr<=70%,kvB<=1k,kp<=1k,0.0373,2
512,n<=16,sr<=70%,kvB<=1k,kp<=2k,0.0527,2
512,n<=16,sr<=70%,kvB<=1k,kp<=4k,0.0565,2
512,n<=16,sr<=70%,kvB<=1k,kp<=512,0.0381,2
512,n<=16,sr<=70%,kvB<=1k,kp<=8k,0.033,2
512,n<=16,sr<=70%,kvB<=1k,kp=0,0.0749,2
512,n<=16,sr<=70%,kvB<=4k,kp<=1k,0.0673,2
512,n<=16,sr<=70%,kvB<=4k,kp<=2k,0.1993,2
512,n<=16,sr<=70%,kvB<=4k,kp<=4k,0.401,2
512,n<=16,sr<=70%,kvB<=4k,kp<=512,-0.0327,2
512,n<=16,sr<=70%,kvB<=4k,kp<=8k,0.1712,2
512,n<=16,sr<=70%,kvB<=4k,kp=0,0.1504,2
512,n<=16,sr>70%,kvB<=16k,kp<=1k,0.1485,4
512,n<=16,sr>70%,kvB<=16k,kp<=2k,0.1066,4
512,n<=16,sr>70%,kvB<=16k,kp<=4k,0.0713,4
512,n<=16,sr>70%,kvB<=16k,kp<=512,0.473,4
512,n<=16,sr>70%,kvB<=16k,kp<=8k,0.3568,4
512,n<=16,sr>70%,kvB<=16k,kp=0,0.7012,4
512,n<=16,sr>70%,kvB<=1k,kp<=1k,0.0529,4
512,n<=16,sr>70%,kvB<=1k,kp<=2k,0.2977,4
512,n<=16,sr>70%,kvB<=1k,kp<=4k,0.2081,4
512,n<=16,sr>70%,kvB<=1k,kp<=512,0.2628,4
512,n<=16,sr>70%,kvB<=1k,kp<=8k,0.1828,4
512,n<=16,sr>70%,kvB<=1k,kp=0,0.2896,4
512,n<=16,sr>70%,kvB<=4k,kp<=1k,-0.1632,4
512,n<=16,sr>70%,kvB<=4k,kp<=2k,0.044,3
512,n<=16,sr>70%,kvB<=4k,kp<=4k,1.5099,4
512,n<=16,sr>70%,kvB<=4k,kp<=512,0.2172,4
512,n<=16,sr>70%,kvB<=4k,kp<=8k,0.8831,4
512,n<=16,sr>70%,kvB<=4k,kp=0,0.954,4
512,n<=2,sr<=70%,kvB<=16k,kp<=1k,0.5883,2
512,n<=2,sr<=70%,kvB<=16k,kp<=2k,0.4567,2
512,n<=2,sr<=70%,kvB<=16k,kp<=4k,0.5815,2
512,n<=2,sr<=70%,kvB<=16k,kp<=512,0.8061,2
512,n<=2,sr<=70%,kvB<=16k,kp<=8k,0.6346,2
512,n<=2,sr<=70%,kvB<=16k,kp=0,0.9547,2
512,n<=2,sr<=70%,kvB<=1k,kp<=1k,0.4003,2
512,n<=2,sr<=70%,kvB<=1k,kp<=2k,0.0399,2
512,n<=2,sr<=70%,kvB<=1k,kp<=4k,1.4796,1
512,n<=2,sr<=70%,kvB<=1k,kp<=512,0.4264,2
512,n<=2,sr<=70%,kvB<=1k,kp<=8k,1.1924,1
512,n<=2,sr<=70%,kvB<=1k,kp=0,0.5552,2
512,n<=2,sr<=70%,kvB<=4k,kp<=1k,0.6674,2
512,n<=2,sr<=70%,kvB<=4k,kp<=2k,0.6087,2
512,n<=2,sr<=70%,kvB<=4k,kp<=4k,0.1753,1
512,n<=2,sr<=70%,kvB<=4k,kp<=512,0.5685,2
512,n<=2,sr<=70%,kvB<=4k,kp<=8k,0.1111,1
512,n<=2,sr<=70%,kvB<=4k,kp=0,0.6034,2
512,n<=32,sr<=15%,kvB<=16k,kp<=1k,0.0278,6
512,n<=32,sr<=15%,kvB<=16k,kp<=2k,0.0192,6
512,n<=32,sr<=15%,kvB<=16k,kp<=4k,-0.0014,6
512,n<=32,sr<=15%,kvB<=16k,kp<=512,0.0254,6
512,n<=32,sr<=15%,kvB<=16k,kp<=8k,0.0044,6
512,n<=32,sr<=15%,kvB<=16k,kp=0,0.0376,6
512,n<=32,sr<=15%,kvB<=1k,kp<=1k,0.0437,6
512,n<=32,sr<=15%,kvB<=1k,kp<=2k,0.0369,6
512,n<=32,sr<=15%,kvB<=1k,kp<=4k,0.0482,6
512,n<=32,sr<=15%,kvB<=1k,kp<=512,0.035,6
512,n<=32,sr<=15%,kvB<=1k,kp<=8k,0.0497,6
512,n<=32,sr<=15%,kvB<=1k,kp=0,0.0499,6
512,n<=32,sr<=15%,kvB<=4k,kp<=1k,0.0516,6
512,n<=32,sr<=15%,kvB<=4k,kp<=2k,0.0322,6
512,n<=32,sr<=15%,kvB<=4k,kp<=4k,0.0137,6
512,n<=32,sr<=15%,kvB<=4k,kp<=512,0.0005,6
512,n<=32,sr<=15%,kvB<=4k,kp<=8k,0.0332,6
512,n<=32,sr<=15%,kvB<=4k,kp=0,0.0393,6
512,n<=32,sr<=40%,kvB<=16k,kp<=1k,0.0226,2
512,n<=32,sr<=40%,kvB<=16k,kp<=2k,0.0133,2
512,n<=32,sr<=40%,kvB<=16k,kp<=4k,0.0387,2
512,n<=32,sr<=40%,kvB<=16k,kp<=512,0.0269,2
512,n<=32,sr<=40%,kvB<=16k,kp<=8k,0.0391,2
512,n<=32,sr<=40%,kvB<=16k,kp=0,0.0658,2
512,n<=32,sr<=40%,kvB<=1k,kp<=1k,0.0373,2
512,n<=32,sr<=40%,kvB<=1k,kp<=2k,0.0704,2
512,n<=32,sr<=40%,kvB<=1k,kp<=4k,0.0732,2
512,n<=32,sr<=40%,kvB<=1k,kp<=512,0.0173,2
512,n<=32,sr<=40%,kvB<=1k,kp<=8k,0.0742,2
512,n<=32,sr<=40%,kvB<=1k,kp=0,0.0123,2
512,n<=32,sr<=40%,kvB<=4k,kp<=1k,0.0305,2
512,n<=32,sr<=40%,kvB<=4k,kp<=2k,0.1784,2
512,n<=32,sr<=40%,kvB<=4k,kp<=4k,0.1214,2
512,n<=32,sr<=40%,kvB<=4k,kp<=512,0.0347,2
512,n<=32,sr<=40%,kvB<=4k,kp<=8k,0.0441,2
512,n<=32,sr<=40%,kvB<=4k,kp=0,0.0917,2
512,n<=32,sr<=5%,kvB<=16k,kp<=1k,0.025,2
512,n<=32,sr<=5%,kvB<=16k,kp<=2k,0.0201,2
512,n<=32,sr<=5%,kvB<=16k,kp<=4k,0.004,2
512,n<=32,sr<=5%,kvB<=16k,kp<=512,0.0263,2
512,n<=32,sr<=5%,kvB<=16k,kp<=8k,0.0049,2
512,n<=32,sr<=5%,kvB<=16k,kp=0,0.0295,2
512,n<=32,sr<=5%,kvB<=1k,kp<=1k,0.0107,2
512,n<=32,sr<=5%,kvB<=1k,kp<=2k,0.0091,2
512,n<=32,sr<=5%,kvB<=1k,kp<=4k,0.0118,2
512,n<=32,sr<=5%,kvB<=1k,kp<=512,0.0138,2
512,n<=32,sr<=5%,kvB<=1k,kp<=8k,0.0087,2
512,n<=32,sr<=5%,kvB<=1k,kp=0,0.028,2
512,n<=32,sr<=5%,kvB<=4k,kp<=1k,0.0173,2
512,n<=32,sr<=5%,kvB<=4k,kp<=2k,0.0239,2
512,n<=32,sr<=5%,kvB<=4k,kp<=4k,0.0041,2
512,n<=32,sr<=5%,kvB<=4k,kp<=512,-0.0012,2
512,n<=32,sr<=5%,kvB<=4k,kp<=8k,0.0039,2
512,n<=32,sr<=5%,kvB<=4k,kp=0,0.0374,2
512,n<=32,sr<=70%,kvB<=16k,kp<=1k,0.0386,2
512,n<=32,sr<=70%,kvB<=16k,kp<=2k,0.0398,2
512,n<=32,sr<=70%,kvB<=16k,kp<=4k,0.0247,2
512,n<=32,sr<=70%,kvB<=16k,kp<=512,0.0479,2
512,n<=32,sr<=70%,kvB<=16k,kp<=8k,0.0398,2
512,n<=32,sr<=70%,kvB<=16k,kp=0,0.1458,2
512,n<=32,sr<=70%,kvB<=1k,kp<=1k,0.0495,2
512,n<=32,sr<=70%,kvB<=1k,kp<=2k,0.0173,2
512,n<=32,sr<=70%,kvB<=1k,kp<=4k,0.0328,2
512,n<=32,sr<=70%,kvB<=1k,kp<=512,0.2126,2
512,n<=32,sr<=70%,kvB<=1k,kp<=8k,0.0387,2
512,n<=32,sr<=70%,kvB<=1k,kp=0,0.1151,2
512,n<=32,sr<=70%,kvB<=4k,kp<=1k,0.0905,2
512,n<=32,sr<=70%,kvB<=4k,kp<=2k,0.1274,2
512,n<=32,sr<=70%,kvB<=4k,kp<=4k,0.0437,2
512,n<=32,sr<=70%,kvB<=4k,kp<=512,0.029,2
512,n<=32,sr<=70%,kvB<=4k,kp<=8k,0.1192,2
512,n<=32,sr<=70%,kvB<=4k,kp=0,0.1486,2
512,n<=32,sr>70%,kvB<=16k,kp<=1k,0.0485,4
512,n<=32,sr>70%,kvB<=16k,kp<=2k,0.0703,4
512,n<=32,sr>70%,kvB<=16k,kp<=4k,0.0726,4
512,n<=32,sr>70%,kvB<=16k,kp<=512,0.0834,4
512,n<=32,sr>70%,kvB<=16k,kp<=8k,0.0707,4
512,n<=32,sr>70%,kvB<=16k,kp=0,0.3014,4
512,n<=32,sr>70%,kvB<=1k,kp<=1k,0.5196,4
512,n<=32,sr>70%,kvB<=1k,kp<=2k,0.419,4
512,n<=32,sr>70%,kvB<=1k,kp<=4k,0.1284,4
512,n<=32,sr>70%,kvB<=1k,kp<=512,0.5963,4
512,n<=32,sr>70%,kvB<=1k,kp<=8k,0.1614,4
512,n<=32,sr>70%,kvB<=1k,kp=0,0.1588,4
512,n<=32,sr>70%,kvB<=4k,kp<=1k,0.0925,4
512,n<=32,sr>70%,kvB<=4k,kp<=2k,0.3266,4
512,n<=32,sr>70%,kvB<=4k,kp<=4k,0.7373,4
512,n<=32,sr>70%,kvB<=4k,kp<=512,0.0649,4
512,n<=32,sr>70%,kvB<=4k,kp<=8k,0.2754,4
512,n<=32,sr>70%,kvB<=4k,kp=0,0.3802,4
512,n<=4,sr<=40%,kvB<=16k,kp<=1k,0.3104,2
512,n<=4,sr<=40%,kvB<=16k,kp<=2k,0.3404,2
512,n<=4,sr<=40%,kvB<=16k,kp<=4k,0.4527,2
512,n<=4,sr<=40%,kvB<=16k,kp<=512,0.3414,2
512,n<=4,sr<=40%,kvB<=16k,kp<=8k,0.4416,2
512,n<=4,sr<=40%,kvB<=16k,kp=0,0.362,2
512,n<=4,sr<=40%,kvB<=1k,kp<=1k,0.0817,2
512,n<=4,sr<=40%,kvB<=1k,kp<=2k,0.1092,2
512,n<=4,sr<=40%,kvB<=1k,kp<=4k,-0.1523,1
512,n<=4,sr<=40%,kvB<=1k,kp<=512,0.1414,2
512,n<=4,sr<=40%,kvB<=1k,kp<=8k,0.1699,2
512,n<=4,sr<=40%,kvB<=1k,kp=0,0.4075,2
512,n<=4,sr<=40%,kvB<=4k,kp<=1k,0.4015,2
512,n<=4,sr<=40%,kvB<=4k,kp<=2k,0.2877,2
512,n<=4,sr<=40%,kvB<=4k,kp<=4k,-0.0763,2
512,n<=4,sr<=40%,kvB<=4k,kp<=512,0.4063,2
512,n<=4,sr<=40%,kvB<=4k,kp<=8k,-0.004,2
512,n<=4,sr<=40%,kvB<=4k,kp=0,0.3968,2
512,n<=4,sr<=70%,kvB<=16k,kp<=1k,0.3146,2
512,n<=4,sr<=70%,kvB<=16k,kp<=2k,0.3593,2
512,n<=4,sr<=70%,kvB<=16k,kp<=4k,0.4562,2
512,n<=4,sr<=70%,kvB<=16k,kp<=512,0.3513,2
512,n<=4,sr<=70%,kvB<=16k,kp<=8k,0.2521,2
512,n<=4,sr<=70%,kvB<=16k,kp=0,0.3654,2
512,n<=4,sr<=70%,kvB<=1k,kp<=1k,-0.0276,2
512,n<=4,sr<=70%,kvB<=1k,kp<=2k,-0.0506,2
512,n<=4,sr<=70%,kvB<=1k,kp<=4k,-0.0603,2
512,n<=4,sr<=70%,kvB<=1k,kp<=512,0.1765,2
512,n<=4,sr<=70%,kvB<=1k,kp<=8k,65.6772,1
512,n<=4,sr<=70%,kvB<=1k,kp=0,0.3593,2
512,n<=4,sr<=70%,kvB<=4k,kp<=1k,0.3808,2
512,n<=4,sr<=70%,kvB<=4k,kp<=2k,0.3316,2
512,n<=4,sr<=70%,kvB<=4k,kp<=4k,-0.2606,2
512,n<=4,sr<=70%,kvB<=4k,kp<=512,0.3881,2
512,n<=4,sr<=70%,kvB<=4k,kp<=8k,0.0414,2
512,n<=4,sr<=70%,kvB<=4k,kp=0,0.4488,2
512,n<=4,sr>70%,kvB<=16k,kp<=1k,0.608,2
512,n<=4,sr>70%,kvB<=16k,kp<=2k,0.375,2
512,n<=4,sr>70%,kvB<=16k,kp<=4k,0.8503,2
512,n<=4,sr>70%,kvB<=16k,kp<=512,0.769,2
512,n<=4,sr>70%,kvB<=16k,kp<=8k,0.9208,2
512,n<=4,sr>70%,kvB<=16k,kp=0,1.0422,2
512,n<=4,sr>70%,kvB<=1k,kp<=1k,0.3567,2
512,n<=4,sr>70%,kvB<=1k,kp<=2k,-0.2426,2
512,n<=4,sr>70%,kvB<=1k,kp<=4k,0.6326,1
512,n<=4,sr>70%,kvB<=1k,kp<=512,0.3121,2
512,n<=4,sr>70%,kvB<=1k,kp<=8k,-0.2188,2
512,n<=4,sr>70%,kvB<=1k,kp=0,0.4506,2
512,n<=4,sr>70%,kvB<=4k,kp<=1k,0.4104,2
512,n<=4,sr>70%,kvB<=4k,kp<=2k,0.4977,2
512,n<=4,sr>70%,kvB<=4k,kp<=4k,0.1539,2
512,n<=4,sr>70%,kvB<=4k,kp<=512,0.3528,2
512,n<=4,sr>70%,kvB<=4k,kp<=8k,-1.0489,2
512,n<=4,sr>70%,kvB<=4k,kp=0,0.5218,2
512,n<=64,sr<=15%,kvB<=16k,kp<=1k,0.0081,4
512,n<=64,sr<=15%,kvB<=16k,kp<=2k,0.0092,4
512,n<=64,sr<=15%,kvB<=16k,kp<=4k,0.0084,4
512,n<=64,sr<=15%,kvB<=16k,kp<=512,0.0078,4
512,n<=64,sr<=15%,kvB<=16k,kp<=8k,0.0072,4
512,n<=64,sr<=15%,kvB<=16k,kp=0,0.0067,4
512,n<=64,sr<=15%,kvB<=1k,kp<=1k,0.0062,4
512,n<=64,sr<=15%,kvB<=1k,kp<=2k,0.0135,4
512,n<=64,sr<=15%,kvB<=1k,kp<=4k,0.0321,4
512,n<=64,sr<=15%,kvB<=1k,kp<=512,0.0123,4
512,n<=64,sr<=15%,kvB<=1k,kp<=8k,0.0408,4
512,n<=64,sr<=15%,kvB<=1k,kp=0,0.0087,4
512,n<=64,sr<=15%,kvB<=4k,kp<=1k,0.0097,4
512,n<=64,sr<=15%,kvB<=4k,kp<=2k,0.0082,4
512,n<=64,sr<=15%,kvB<=4k,kp<=4k,-0.0191,4
512,n<=64,sr<=15%,kvB<=4k,kp<=512,0.0088,4
512,n<=64,sr<=15%,kvB<=4k,kp<=8k,-0.0058,4
512,n<=64,sr<=15%,kvB<=4k,kp=0,0.0076,4
512,n<=64,sr<=40%,kvB<=16k,kp<=1k,0.0008,2
512,n<=64,sr<=40%,kvB<=16k,kp<=2k,0.0026,2
512,n<=64,sr<=40%,kvB<=16k,kp<=4k,0.002,2
512,n<=64,sr<=40%,kvB<=16k,kp<=512,0.0006,2
512,n<=64,sr<=40%,kvB<=16k,kp<=8k,0.0022,2
512,n<=64,sr<=40%,kvB<=16k,kp=0,-0.0027,2
512,n<=64,sr<=40%,kvB<=1k,kp<=1k,0.0242,2
512,n<=64,sr<=40%,kvB<=1k,kp<=2k,0.0176,2
512,n<=64,sr<=40%,kvB<=1k,kp<=4k,0.036,2
512,n<=64,sr<=40%,kvB<=1k,kp<=512,0.0191,2
512,n<=64,sr<=40%,kvB<=1k,kp<=8k,0.0624,2
512,n<=64,sr<=40%,kvB<=1k,kp=0,0.0046,2
512,n<=64,sr<=40%,kvB<=4k,kp<=1k,0.0073,2
512,n<=64,sr<=40%,kvB<=4k,kp<=2k,0.0022,2
512,n<=64,sr<=40%,kvB<=4k,kp<=4k,-0.0009,2
512,n<=64,sr<=40%,kvB<=4k,kp<=512,0.005,2
512,n<=64,sr<=40%,kvB<=4k,kp<=8k,-0.012,2
512,n<=64,sr<=40%,kvB<=4k,kp=0,-0.0003,2
512,n<=64,sr<=5%,kvB<=16k,kp<=1k,0.0093,6
512,n<=64,sr<=5%,kvB<=16k,kp<=2k,0.009,6
512,n<=64,sr<=5%,kvB<=16k,kp<=4k,0.0097,6
512,n<=64,sr<=5%,kvB<=16k,kp<=512,0.0095,6
512,n<=64,sr<=5%,kvB<=16k,kp<=8k,0.0178,6
512,n<=64,sr<=5%,kvB<=16k,kp=0,0.0094,6
512,n<=64,sr<=5%,kvB<=1k,kp<=1k,0.0047,6
512,n<=64,sr<=5%,kvB<=1k,kp<=2k,0.0067,6
512,n<=64,sr<=5%,kvB<=1k,kp<=4k,0.0078,6
512,n<=64,sr<=5%,kvB<=1k,kp<=512,0.0115,6
512,n<=64,sr<=5%,kvB<=1k,kp<=8k,0.01,6
512,n<=64,sr<=5%,kvB<=1k,kp=0,0.0033,6
512,n<=64,sr<=5%,kvB<=4k,kp<=1k,0.0082,6
512,n<=64,sr<=5%,kvB<=4k,kp<=2k,0.0125,6
512,n<=64,sr<=5%,kvB<=4k,kp<=4k,-0.0051,6
512,n<=64,sr<=5%,kvB<=4k,kp<=512,0.008,6
512,n<=64,sr<=5%,kvB<=4k,kp<=8k,0.0014,6
512,n<=64,sr<=5%,kvB<=4k,kp=0,0.0086,6
512,n<=64,sr<=70%,kvB<=16k,kp<=1k,-0.0021,2
512,n<=64,sr<=70%,kvB<=16k,kp<=2k,0.0007,2
512,n<=64,sr<=70%,kvB<=16k,kp<=4k,-0.0102,2
512,n<=64,sr<=70%,kvB<=16k,kp<=512,-0.001,2
512,n<=64,sr<=70%,kvB<=16k,kp<=8k,-0.0001,2
512,n<=64,sr<=70%,kvB<=16k,kp=0,-0.0039,2
512,n<=64,sr<=70%,kvB<=1k,kp<=1k,0.0237,2
512,n<=64,sr<=70%,kvB<=1k,kp<=2k,0.0422,2
512,n<=64,sr<=70%,kvB<=1k,kp<=4k,0.023,2
512,n<=64,sr<=70%,kvB<=1k,kp<=512,0.0104,2
512,n<=64,sr<=70%,kvB<=1k,kp<=8k,0.1161,2
512,n<=64,sr<=70%,kvB<=1k,kp=0,0.0021,2
512,n<=64,sr<=70%,kvB<=4k,kp<=1k,-0.0065,2
512,n<=64,sr<=70%,kvB<=4k,kp<=2k,-0.0051,2
512,n<=64,sr<=70%,kvB<=4k,kp<=4k,-0.0305,2
512,n<=64,sr<=70%,kvB<=4k,kp<=512,-0.0036,2
512,n<=64,sr<=70%,kvB<=4k,kp<=8k,-0.0736,2
512,n<=64,sr<=70%,kvB<=4k,kp=0,-0.0049,2
512,n<=64,sr>70%,kvB<=16k,kp<=1k,0.0133,4
512,n<=64,sr>70%,kvB<=16k,kp<=2k,0.0087,4
512,n<=64,sr>70%,kvB<=16k,kp<=4k,0.0065,4
512,n<=64,sr>70%,kvB<=16k,kp<=512,0.0103,4
512,n<=64,sr>70%,kvB<=16k,kp<=8k,0.0053,4
512,n<=64,sr>70%,kvB<=16k,kp=0,0.005,4
512,n<=64,sr>70%,kvB<=1k,kp<=1k,0.0303,4
512,n<=64,sr>70%,kvB<=1k,kp<=2k,0.0823,4
512,n<=64,sr>70%,kvB<=1k,kp<=4k,0.1103,4
512,n<=64,sr>70%,kvB<=1k,kp<=512,0.0054,4
512,n<=64,sr>70%,kvB<=1k,kp<=8k,0.2161,4
512,n<=64,sr>70%,kvB<=1k,kp=0,0.0034,4
512,n<=64,sr>70%,kvB<=4k,kp<=1k,0.0043,4
512,n<=64,sr>70%,kvB<=4k,kp<=2k,0.0081,4
512,n<=64,sr>70%,kvB<=4k,kp<=4k,0.0009,4
512,n<=64,sr>70%,kvB<=4k,kp<=512,0.0033,4
512,n<=64,sr>70%,kvB<=4k,kp<=8k,0.0269,4
512,n<=64,sr>70%,kvB<=4k,kp=0,0.001,4
512,n<=8,sr<=15%,kvB<=16k,kp<=1k,0.1297,2
512,n<=8,sr<=15%,kvB<=16k,kp<=2k,0.08,2
512,n<=8,sr<=15%,kvB<=16k,kp<=4k,0.0717,2
512,n<=8,sr<=15%,kvB<=16k,kp<=512,0.155,2
512,n<=8,sr<=15%,kvB<=16k,kp<=8k,0.093,2
512,n<=8,sr<=15%,kvB<=16k,kp=0,0.1567,2
512,n<=8,sr<=15%,kvB<=1k,kp<=1k,0.0905,2
512,n<=8,sr<=15%,kvB<=1k,kp<=2k,0.0803,2
512,n<=8,sr<=15%,kvB<=1k,kp<=4k,0.0677,2
512,n<=8,sr<=15%,kvB<=1k,kp<=512,0.1157,2
512,n<=8,sr<=15%,kvB<=1k,kp<=8k,-0.4396,2
512,n<=8,sr<=15%,kvB<=1k,kp=0,0.2634,2
512,n<=8,sr<=15%,kvB<=4k,kp<=1k,0.1624,2
512,n<=8,sr<=15%,kvB<=4k,kp<=2k,0.1303,2
512,n<=8,sr<=15%,kvB<=4k,kp<=4k,-0.0273,2
512,n<=8,sr<=15%,kvB<=4k,kp<=512,0.1653,2
512,n<=8,sr<=15%,kvB<=4k,kp<=8k,-0.0075,2
512,n<=8,sr<=15%,kvB<=4k,kp=0,0.1715,2
512,n<=8,sr<=40%,kvB<=16k,kp<=1k,0.1175,4
512,n<=8,sr<=40%,kvB<=16k,kp<=2k,0.0738,4
512,n<=8,sr<=40%,kvB<=16k,kp<=4k,0.0647,4
512,n<=8,sr<=40%,kvB<=16k,kp<=512,0.1478,4
512,n<=8,sr<=40%,kvB<=16k,kp<=8k,0.215,4
512,n<=8,sr<=40%,kvB<=16k,kp=0,0.1428,4
512,n<=8,sr<=40%,kvB<=1k,kp<=1k,0.0906,4
512,n<=8,sr<=40%,kvB<=1k,kp<=2k,0.0718,4
512,n<=8,sr<=40%,kvB<=1k,kp<=4k,0.0337,4
512,n<=8,sr<=40%,kvB<=1k,kp<=512,0.1366,4
512,n<=8,sr<=40%,kvB<=1k,kp<=8k,0.2773,3
512,n<=8,sr<=40%,kvB<=1k,kp=0,0.2639,4
512,n<=8,sr<=40%,kvB<=4k,kp<=1k,0.1616,4
512,n<=8,sr<=40%,kvB<=4k,kp<=2k,0.1438,4
512,n<=8,sr<=40%,kvB<=4k,kp<=4k,0.0274,4
512,n<=8,sr<=40%,kvB<=4k,kp<=512,0.1547,4
512,n<=8,sr<=40%,kvB<=4k,kp<=8k,0.0141,4
512,n<=8,sr<=40%,kvB<=4k,kp=0,0.1722,4
512,n<=8,sr<=70%,kvB<=16k,kp<=1k,0.1302,2
512,n<=8,sr<=70%,kvB<=16k,kp<=2k,0.0104,2
512,n<=8,sr<=70%,kvB<=16k,kp<=4k,-0.3367,2
512,n<=8,sr<=70%,kvB<=16k,kp<=512,0.1689,2
512,n<=8,sr<=70%,kvB<=16k,kp<=8k,0.2961,2
512,n<=8,sr<=70%,kvB<=16k,kp=0,0.1597,2
512,n<=8,sr<=70%,kvB<=1k,kp<=1k,0.0156,2
512,n<=8,sr<=70%,kvB<=1k,kp<=2k,0.0507,2
512,n<=8,sr<=70%,kvB<=1k,kp<=4k,-0.0953,2
512,n<=8,sr<=70%,kvB<=1k,kp<=512,0.1324,2
512,n<=8,sr<=70%,kvB<=1k,kp<=8k,0.208,2
512,n<=8,sr<=70%,kvB<=1k,kp=0,0.2186,2
512,n<=8,sr<=70%,kvB<=4k,kp<=1k,0.1575,2
512,n<=8,sr<=70%,kvB<=4k,kp<=2k,0.2019,2
512,n<=8,sr<=70%,kvB<=4k,kp<=4k,-0.016,2
512,n<=8,sr<=70%,kvB<=4k,kp<=512,0.2509,2
512,n<=8,sr<=70%,kvB<=4k,kp<=8k,-0.1399,2
512,n<=8,sr<=70%,kvB<=4k,kp=0,0.1933,2
512,n<=8,sr>70%,kvB<=16k,kp<=1k,0.3585,4
512,n<=8,sr>70%,kvB<=16k,kp<=2k,0.287,4
512,n<=8,sr>70%,kvB<=16k,kp<=4k,-0.3149,2
512,n<=8,sr>70%,kvB<=16k,kp<=512,0.5485,4
512,n<=8,sr>70%,kvB<=16k,kp<=8k,0.9615,4
512,n<=8,sr>70%,kvB<=16k,kp=0,0.3364,4
512,n<=8,sr>70%,kvB<=1k,kp<=1k,0.1855,4
512,n<=8,sr>70%,kvB<=1k,kp<=2k,0.3039,4
512,n<=8,sr>70%,kvB<=1k,kp<=4k,0.2416,4
512,n<=8,sr>70%,kvB<=1k,kp<=512,0.3196,4
512,n<=8,sr>70%,kvB<=1k,kp<=8k,-0.0994,2
512,n<=8,sr>70%,kvB<=1k,kp=0,0.3773,4
512,n<=8,sr>70%,kvB<=4k,kp<=1k,-0.2143,4
512,n<=8,sr>70%,kvB<=4k,kp<=2k,0.1702,4
512,n<=8,sr>70%,kvB<=4k,kp<=4k,-0.1709,4
512,n<=8,sr>70%,kvB<=4k,kp<=512,0.2178,4
512,n<=8,sr>70%,kvB<=4k,kp<=8k,0.5537,4
512,n<=8,sr>70%,kvB<=4k,kp=0,0.0622,4
1024,n<=128,sr<=15%,kvB<=16k,kp<=1k,0.0031,4
1024,n<=128,sr<=15%,kvB<=16k,kp<=2k,0.0029,4
1024,n<=128,sr<=15%,kvB<=16k,kp<=4k,0.0019,4
1024,n<=128,sr<=15%,kvB<=16k,kp<=512,0.003,4
1024,n<=128,sr<=15%,kvB<=16k,kp<=8k,-0.0016,4
1024,n<=128,sr<=15%,kvB<=16k,kp=0,0.0028,4
1024,n<=128,sr<=15%,kvB<=1k,kp<=1k,0.0346,4
1024,n<=128,sr<=15%,kvB<=1k,kp<=2k,0.035,4
1024,n<=128,sr<=15%,kvB<=1k,kp<=4k,0.0408,4
1024,n<=128,sr<=15%,kvB<=1k,kp<=512,0.0248,4
1024,n<=128,sr<=15%,kvB<=1k,kp<=8k,0.0537,4
1024,n<=128,sr<=15%,kvB<=1k,kp=0,0.0225,4
1024,n<=128,sr<=15%,kvB<=4k,kp<=1k,0.0023,4
1024,n<=128,sr<=15%,kvB<=4k,kp<=2k,0.0035,4
1024,n<=128,sr<=15%,kvB<=4k,kp<=4k,-0.0054,4
1024,n<=128,sr<=15%,kvB<=4k,kp<=512,0.0036,4
1024,n<=128,sr<=15%,kvB<=4k,kp<=8k,-0.0012,4
1024,n<=128,sr<=15%,kvB<=4k,kp=0,0.0023,4
1024,n<=128,sr<=40%,kvB<=16k,kp<=1k,0.0,2
1024,n<=128,sr<=40%,kvB<=16k,kp<=2k,-0.0004,2
1024,n<=128,sr<=40%,kvB<=16k,kp<=4k,0.0001,2
1024,n<=128,sr<=40%,kvB<=16k,kp<=512,0.0004,2
1024,n<=128,sr<=40%,kvB<=16k,kp<=8k,0.004,2
1024,n<=128,sr<=40%,kvB<=16k,kp=0,0.0007,2
1024,n<=128,sr<=40%,kvB<=1k,kp<=1k,0.0604,2
1024,n<=128,sr<=40%,kvB<=1k,kp<=2k,0.0879,2
1024,n<=128,sr<=40%,kvB<=1k,kp<=4k,0.0857,2
1024,n<=128,sr<=40%,kvB<=1k,kp<=512,0.0528,2
1024,n<=128,sr<=40%,kvB<=1k,kp<=8k,0.0873,2
1024,n<=128,sr<=40%,kvB<=1k,kp=0,0.056,2
1024,n<=128,sr<=40%,kvB<=4k,kp<=1k,0.0031,2
1024,n<=128,sr<=40%,kvB<=4k,kp<=2k,0.0014,2
1024,n<=128,sr<=40%,kvB<=4k,kp<=4k,0.0037,2
1024,n<=128,sr<=40%,kvB<=4k,kp<=512,0.0035,2
1024,n<=128,sr<=40%,kvB<=4k,kp<=8k,0.0019,2
1024,n<=128,sr<=40%,kvB<=4k,kp=0,0.0017,2
1024,n<=128,sr<=5%,kvB<=16k,kp<=1k,0.0034,8
1024,n<=128,sr<=5%,kvB<=16k,kp<=2k,0.0029,8
1024,n<=128,sr<=5%,kvB<=16k,kp<=4k,0.0029,8
1024,n<=128,sr<=5%,kvB<=16k,kp<=512,0.0035,8
1024,n<=128,sr<=5%,kvB<=16k,kp<=8k,0.0035,8
1024,n<=128,sr<=5%,kvB<=16k,kp=0,0.0034,8
1024,n<=128,sr<=5%,kvB<=1k,kp<=1k,0.0044,8
1024,n<=128,sr<=5%,kvB<=1k,kp<=2k,0.0035,8
1024,n<=128,sr<=5%,kvB<=1k,kp<=4k,0.0041,8
1024,n<=128,sr<=5%,kvB<=1k,kp<=512,0.0025,8
1024,n<=128,sr<=5%,kvB<=1k,kp<=8k,0.0071,8
1024,n<=128,sr<=5%,kvB<=1k,kp=0,0.0027,8
1024,n<=128,sr<=5%,kvB<=4k,kp<=1k,0.0011,8
1024,n<=128,sr<=5%,kvB<=4k,kp<=2k,0.003,8
1024,n<=128,sr<=5%,kvB<=4k,kp<=4k,-0.0005,8
1024,n<=128,sr<=5%,kvB<=4k,kp<=512,0.0022,8
1024,n<=128,sr<=5%,kvB<=4k,kp<=8k,0.0012,8
1024,n<=128,sr<=5%,kvB<=4k,kp=0,0.0018,8
1024,n<=128,sr<=70%,kvB<=16k,kp<=1k,-0.0013,2
1024,n<=128,sr<=70%,kvB<=16k,kp<=2k,-0.0052,2
1024,n<=128,sr<=70%,kvB<=16k,kp<=4k,-0.0133,2
1024,n<=128,sr<=70%,kvB<=16k,kp<=512,-0.0027,2
1024,n<=128,sr<=70%,kvB<=16k,kp<=8k,-0.0256,2
1024,n<=128,sr<=70%,kvB<=16k,kp=0,-0.0016,2
1024,n<=128,sr<=70%,kvB<=1k,kp<=1k,0.0787,2
1024,n<=128,sr<=70%,kvB<=1k,kp<=2k,0.089,2
1024,n<=128,sr<=70%,kvB<=1k,kp<=4k,0.0631,2
1024,n<=128,sr<=70%,kvB<=1k,kp<=512,0.0754,2
1024,n<=128,sr<=70%,kvB<=1k,kp<=8k,0.0804,2
1024,n<=128,sr<=70%,kvB<=1k,kp=0,0.0827,2
1024,n<=128,sr<=70%,kvB<=4k,kp<=1k,-0.0085,2
1024,n<=128,sr<=70%,kvB<=4k,kp<=2k,-0.0212,2
1024,n<=128,sr<=70%,kvB<=4k,kp<=4k,-0.0442,2
1024,n<=128,sr<=70%,kvB<=4k,kp<=512,-0.008,2
1024,n<=128,sr<=70%,kvB<=4k,kp<=8k,-0.0898,2
1024,n<=128,sr<=70%,kvB<=4k,kp=0,-0.0036,2
1024,n<=128,sr>70%,kvB<=16k,kp<=1k,0.0076,4
1024,n<=128,sr>70%,kvB<=16k,kp<=2k,0.0111,4
1024,n<=128,sr>70%,kvB<=16k,kp<=4k,0.0009,4
1024,n<=128,sr>70%,kvB<=16k,kp<=512,0.0061,4
1024,n<=128,sr>70%,kvB<=16k,kp<=8k,-0.0204,4
1024,n<=128,sr>70%,kvB<=16k,kp=0,0.0062,4
1024,n<=128,sr>70%,kvB<=1k,kp<=1k,0.0505,4
1024,n<=128,sr>70%,kvB<=1k,kp<=2k,0.0393,4
1024,n<=128,sr>70%,kvB<=1k,kp<=4k,0.1759,4
1024,n<=128,sr>70%,kvB<=1k,kp<=512,0.0437,4
1024,n<=128,sr>70%,kvB<=1k,kp<=8k,0.2844,4
1024,n<=128,sr>70%,kvB<=1k,kp=0,0.0525,4
1024,n<=128,sr>70%,kvB<=4k,kp<=1k,-0.0015,4
1024,n<=128,sr>70%,kvB<=4k,kp<=2k,-0.0168,4
1024,n<=128,sr>70%,kvB<=4k,kp<=4k,-0.0328,4
1024,n<=128,sr>70%,kvB<=4k,kp<=512,0.0082,4
1024,n<=128,sr>70%,kvB<=4k,kp<=8k,-0.0225,4
1024,n<=128,sr>70%,kvB<=4k,kp=0,0.0068,4
1024,n<=16,sr<=15%,kvB<=16k,kp<=1k,0.0387,4
1024,n<=16,sr<=15%,kvB<=16k,kp<=2k,0.0396,4
1024,n<=16,sr<=15%,kvB<=16k,kp<=4k,0.0226,4
1024,n<=16,sr<=15%,kvB<=16k,kp<=512,0.0452,4
1024,n<=16,sr<=15%,kvB<=16k,kp<=8k,0.0529,4
1024,n<=16,sr<=15%,kvB<=16k,kp=0,0.0424,4
1024,n<=16,sr<=15%,kvB<=1k,kp<=1k,0.0888,4
1024,n<=16,sr<=15%,kvB<=1k,kp<=2k,0.1011,4
1024,n<=16,sr<=15%,kvB<=1k,kp<=4k,0.0585,4
1024,n<=16,sr<=15%,kvB<=1k,kp<=512,0.0649,4
1024,n<=16,sr<=15%,kvB<=1k,kp<=8k,0.0994,4
1024,n<=16,sr<=15%,kvB<=1k,kp=0,0.0546,4
1024,n<=16,sr<=15%,kvB<=4k,kp<=1k,0.0495,4
1024,n<=16,sr<=15%,kvB<=4k,kp<=2k,0.0305,4
1024,n<=16,sr<=15%,kvB<=4k,kp<=4k,0.0053,4
1024,n<=16,sr<=15%,kvB<=4k,kp<=512,0.0476,4
1024,n<=16,sr<=15%,kvB<=4k,kp<=8k,0.0251,4
1024,n<=16,sr<=15%,kvB<=4k,kp=0,0.0451,4
1024,n<=16,sr<=40%,kvB<=16k,kp<=1k,0.0342,4
1024,n<=16,sr<=40%,kvB<=16k,kp<=2k,0.0031,4
1024,n<=16,sr<=40%,kvB<=16k,kp<=4k,0.0031,4
1024,n<=16,sr<=40%,kvB<=16k,kp<=512,0.0273,4
1024,n<=16,sr<=40%,kvB<=16k,kp<=8k,0.0878,4
1024,n<=16,sr<=40%,kvB<=16k,kp=0,0.0385,4
1024,n<=16,sr<=40%,kvB<=1k,kp<=1k,0.0808,4
1024,n<=16,sr<=40%,kvB<=1k,kp<=2k,0.1007,4
1024,n<=16,sr<=40%,kvB<=1k,kp<=4k,0.0791,4
1024,n<=16,sr<=40%,kvB<=1k,kp<=512,0.0733,4
1024,n<=16,sr<=40%,kvB<=1k,kp<=8k,0.0563,4
1024,n<=16,sr<=40%,kvB<=1k,kp=0,0.067,4
1024,n<=16,sr<=40%,kvB<=4k,kp<=1k,0.039,4
1024,n<=16,sr<=40%,kvB<=4k,kp<=2k,0.0288,4
1024,n<=16,sr<=40%,kvB<=4k,kp<=4k,0.0064,4
1024,n<=16,sr<=40%,kvB<=4k,kp<=512,0.0174,4
1024,n<=16,sr<=40%,kvB<=4k,kp<=8k,-0.0072,4
1024,n<=16,sr<=40%,kvB<=4k,kp=0,0.02,4
1024,n<=16,sr<=70%,kvB<=16k,kp<=1k,0.0187,2
1024,n<=16,sr<=70%,kvB<=16k,kp<=2k,0.0261,2
1024,n<=16,sr<=70%,kvB<=16k,kp<=4k,-0.0086,2
1024,n<=16,sr<=70%,kvB<=16k,kp<=512,0.0309,2
1024,n<=16,sr<=70%,kvB<=16k,kp<=8k,-0.0165,2
1024,n<=16,sr<=70%,kvB<=16k,kp=0,0.0688,2
1024,n<=16,sr<=70%,kvB<=1k,kp<=1k,0.0924,2
1024,n<=16,sr<=70%,kvB<=1k,kp<=2k,0.107,2
1024,n<=16,sr<=70%,kvB<=1k,kp<=4k,0.0904,2
1024,n<=16,sr<=70%,kvB<=1k,kp<=512,0.0291,2
1024,n<=16,sr<=70%,kvB<=1k,kp<=8k,0.0179,2
1024,n<=16,sr<=70%,kvB<=1k,kp=0,0.0323,2
1024,n<=16,sr<=70%,kvB<=4k,kp<=1k,0.001,2
1024,n<=16,sr<=70%,kvB<=4k,kp<=2k,0.1278,2
1024,n<=16,sr<=70%,kvB<=4k,kp<=4k,0.0138,2
1024,n<=16,sr<=70%,kvB<=4k,kp<=512,0.0664,2
1024,n<=16,sr<=70%,kvB<=4k,kp<=8k,0.0403,2
1024,n<=16,sr<=70%,kvB<=4k,kp=0,-0.0179,2
1024,n<=16,sr>70%,kvB<=16k,kp<=1k,0.0256,4
1024,n<=16,sr>70%,kvB<=16k,kp<=2k,0.0547,4
1024,n<=16,sr>70%,kvB<=16k,kp<=4k,-0.0078,4
1024,n<=16,sr>70%,kvB<=16k,kp<=512,-0.0141,4
1024,n<=16,sr>70%,kvB<=16k,kp<=8k,0.2663,4
1024,n<=16,sr>70%,kvB<=16k,kp=0,0.2179,4
1024,n<=16,sr>70%,kvB<=1k,kp<=1k,0.2045,4
1024,n<=16,sr>70%,kvB<=1k,kp<=2k,0.3442,4
1024,n<=16,sr>70%,kvB<=1k,kp<=4k,0.3971,4
1024,n<=16,sr>70%,kvB<=1k,kp<=512,0.1615,4
1024,n<=16,sr>70%,kvB<=1k,kp<=8k,0.4124,4
1024,n<=16,sr>70%,kvB<=1k,kp=0,0.1496,4
1024,n<=16,sr>70%,kvB<=4k,kp<=1k,-0.0043,4
1024,n<=16,sr>70%,kvB<=4k,kp<=2k,-0.0877,4
1024,n<=16,sr>70%,kvB<=4k,kp<=4k,0.7103,4
1024,n<=16,sr>70%,kvB<=4k,kp<=512,-0.206,4
1024,n<=16,sr>70%,kvB<=4k,kp<=8k,0.204,4
1024,n<=16,sr>70%,kvB<=4k,kp=0,-0.0052,4
1024,n<=2,sr<=70%,kvB<=16k,kp<=1k,0.5041,2
1024,n<=2,sr<=70%,kvB<=16k,kp<=2k,0.5778,2
1024,n<=2,sr<=70%,kvB<=16k,kp<=4k,0.5405,2
1024,n<=2,sr<=70%,kvB<=16k,kp<=512,0.4667,2
1024,n<=2,sr<=70%,kvB<=16k,kp<=8k,0.6482,2
1024,n<=2,sr<=70%,kvB<=16k,kp=0,0.709,2
1024,n<=2,sr<=70%,kvB<=1k,kp<=1k,0.0636,2
1024,n<=2,sr<=70%,kvB<=1k,kp<=2k,0.3384,2
1024,n<=2,sr<=70%,kvB<=1k,kp<=4k,0.7105,2
1024,n<=2,sr<=70%,kvB<=1k,kp<=512,-0.1209,2
1024,n<=2,sr<=70%,kvB<=1k,kp<=8k,3.1753,1
1024,n<=2,sr<=70%,kvB<=1k,kp=0,0.2586,2
1024,n<=2,sr<=70%,kvB<=4k,kp<=1k,0.545,2
1024,n<=2,sr<=70%,kvB<=4k,kp<=2k,0.5638,2
1024,n<=2,sr<=70%,kvB<=4k,kp<=4k,0.357,2
1024,n<=2,sr<=70%,kvB<=4k,kp<=512,0.5303,2
1024,n<=2,sr<=70%,kvB<=4k,kp<=8k,1.268,2
1024,n<=2,sr<=70%,kvB<=4k,kp=0,0.5653,2
1024,n<=32,sr<=15%,kvB<=16k,kp<=1k,0.022,6
1024,n<=32,sr<=15%,kvB<=16k,kp<=2k,0.0164,6
1024,n<=32,sr<=15%,kvB<=16k,kp<=4k,0.0035,6
1024,n<=32,sr<=15%,kvB<=16k,kp<=512,0.0202,6
1024,n<=32,sr<=15%,kvB<=16k,kp<=8k,0.0217,6
1024,n<=32,sr<=15%,kvB<=16k,kp=0,0.0227,6
1024,n<=32,sr<=15%,kvB<=1k,kp<=1k,0.047,6
1024,n<=32,sr<=15%,kvB<=1k,kp<=2k,0.0597,6
1024,n<=32,sr<=15%,kvB<=1k,kp<=4k,0.0884,6
1024,n<=32,sr<=15%,kvB<=1k,kp<=512,0.0371,6
1024,n<=32,sr<=15%,kvB<=1k,kp<=8k,0.0966,6
1024,n<=32,sr<=15%,kvB<=1k,kp=0,0.0366,6
1024,n<=32,sr<=15%,kvB<=4k,kp<=1k,0.0166,6
1024,n<=32,sr<=15%,kvB<=4k,kp<=2k,0.0162,6
1024,n<=32,sr<=15%,kvB<=4k,kp<=4k,0.0283,6
1024,n<=32,sr<=15%,kvB<=4k,kp<=512,0.012,6
1024,n<=32,sr<=15%,kvB<=4k,kp<=8k,0.0043,6
1024,n<=32,sr<=15%,kvB<=4k,kp=0,0.0073,6
1024,n<=32,sr<=40%,kvB<=16k,kp<=1k,0.0081,2
1024,n<=32,sr<=40%,kvB<=16k,kp<=2k,0.0037,2
1024,n<=32,sr<=40%,kvB<=16k,kp<=4k,0.018,2
1024,n<=32,sr<=40%,kvB<=16k,kp<=512,0.0072,2
1024,n<=32,sr<=40%,kvB<=16k,kp<=8k,0.0423,2
1024,n<=32,sr<=40%,kvB<=16k,kp=0,0.0153,2
1024,n<=32,sr<=40%,kvB<=1k,kp<=1k,0.0746,2
1024,n<=32,sr<=40%,kvB<=1k,kp<=2k,0.0967,2
1024,n<=32,sr<=40%,kvB<=1k,kp<=4k,0.1485,2
1024,n<=32,sr<=40%,kvB<=1k,kp<=512,0.0626,2
1024,n<=32,sr<=40%,kvB<=1k,kp<=8k,0.1234,2
1024,n<=32,sr<=40%,kvB<=1k,kp=0,0.0434,2
1024,n<=32,sr<=40%,kvB<=4k,kp<=1k,-0.0012,2
1024,n<=32,sr<=40%,kvB<=4k,kp<=2k,0.0703,2
1024,n<=32,sr<=40%,kvB<=4k,kp<=4k,0.0419,2
1024,n<=32,sr<=40%,kvB<=4k,kp<=512,0.0095,2
1024,n<=32,sr<=40%,kvB<=4k,kp<=8k,-0.0744,2
1024,n<=32,sr<=40%,kvB<=4k,kp=0,0.0044,2
1024,n<=32,sr<=5%,kvB<=16k,kp<=1k,0.0292,2
1024,n<=32,sr<=5%,kvB<=16k,kp<=2k,0.0237,2
1024,n<=32,sr<=5%,kvB<=16k,kp<=4k,0.0091,2
1024,n<=32,sr<=5%,kvB<=16k,kp<=512,0.025,2
1024,n<=32,sr<=5%,kvB<=16k,kp<=8k,0.0184,2
1024,n<=32,sr<=5%,kvB<=16k,kp=0,0.0262,2
1024,n<=32,sr<=5%,kvB<=1k,kp<=1k,0.0121,2
1024,n<=32,sr<=5%,kvB<=1k,kp<=2k,0.0417,2
1024,n<=32,sr<=5%,kvB<=1k,kp<=4k,0.0046,2
1024,n<=32,sr<=5%,kvB<=1k,kp<=512,0.0099,2
1024,n<=32,sr<=5%,kvB<=1k,kp<=8k,0.0839,2
1024,n<=32,sr<=5%,kvB<=1k,kp=0,0.0111,2
1024,n<=32,sr<=5%,kvB<=4k,kp<=1k,0.0175,2
1024,n<=32,sr<=5%,kvB<=4k,kp<=2k,0.013,2
1024,n<=32,sr<=5%,kvB<=4k,kp<=4k,0.0177,2
1024,n<=32,sr<=5%,kvB<=4k,kp<=512,0.018,2
1024,n<=32,sr<=5%,kvB<=4k,kp<=8k,0.0128,2
1024,n<=32,sr<=5%,kvB<=4k,kp=0,0.017,2
1024,n<=32,sr<=70%,kvB<=16k,kp<=1k,0.002,2
1024,n<=32,sr<=70%,kvB<=16k,kp<=2k,0.009,2
1024,n<=32,sr<=70%,kvB<=16k,kp<=4k,0.0333,2
1024,n<=32,sr<=70%,kvB<=16k,kp<=512,-0.0005,2
1024,n<=32,sr<=70%,kvB<=16k,kp<=8k,0.0104,2
1024,n<=32,sr<=70%,kvB<=16k,kp=0,0.0103,2
1024,n<=32,sr<=70%,kvB<=1k,kp<=1k,0.0442,2
1024,n<=32,sr<=70%,kvB<=1k,kp<=2k,0.0451,2
1024,n<=32,sr<=70%,kvB<=1k,kp<=4k,0.0204,2
1024,n<=32,sr<=70%,kvB<=1k,kp<=512,0.0487,2
1024,n<=32,sr<=70%,kvB<=1k,kp<=8k,0.1724,2
1024,n<=32,sr<=70%,kvB<=1k,kp=0,0.0092,2
1024,n<=32,sr<=70%,kvB<=4k,kp<=1k,0.0174,2
1024,n<=32,sr<=70%,kvB<=4k,kp<=2k,0.0175,2
1024,n<=32,sr<=70%,kvB<=4k,kp<=4k,0.0032,2
1024,n<=32,sr<=70%,kvB<=4k,kp<=512,-0.0106,2
1024,n<=32,sr<=70%,kvB<=4k,kp<=8k,0.0503,2
1024,n<=32,sr<=70%,kvB<=4k,kp=0,0.0082,2
1024,n<=32,sr>70%,kvB<=16k,kp<=1k,-0.0306,4
1024,n<=32,sr>70%,kvB<=16k,kp<=2k,-0.0125,4
1024,n<=32,sr>70%,kvB<=16k,kp<=4k,0.013,4
1024,n<=32,sr>70%,kvB<=16k,kp<=512,-0.0115,4
1024,n<=32,sr>70%,kvB<=16k,kp<=8k,0.0359,4
1024,n<=32,sr>70%,kvB<=16k,kp=0,0.0206,4
1024,n<=32,sr>70%,kvB<=1k,kp<=1k,0.0409,4
1024,n<=32,sr>70%,kvB<=1k,kp<=2k,0.2363,4
1024,n<=32,sr>70%,kvB<=1k,kp<=4k,0.3012,4
1024,n<=32,sr>70%,kvB<=1k,kp<=512,0.0193,4
1024,n<=32,sr>70%,kvB<=1k,kp<=8k,0.3205,4
1024,n<=32,sr>70%,kvB<=1k,kp=0,0.0518,4
1024,n<=32,sr>70%,kvB<=4k,kp<=1k,-0.0169,4
1024,n<=32,sr>70%,kvB<=4k,kp<=2k,0.0551,4
1024,n<=32,sr>70%,kvB<=4k,kp<=4k,0.2085,4
1024,n<=32,sr>70%,kvB<=4k,kp<=512,-0.0047,4
1024,n<=32,sr>70%,kvB<=4k,kp<=8k,0.1717,4
1024,n<=32,sr>70%,kvB<=4k,kp=0,0.0235,4
1024,n<=4,sr<=40%,kvB<=16k,kp<=1k,0.2811,2
1024,n<=4,sr<=40%,kvB<=16k,kp<=2k,0.3183,2
1024,n<=4,sr<=40%,kvB<=16k,kp<=4k,0.3336,2
1024,n<=4,sr<=40%,kvB<=16k,kp<=512,0.2507,2
1024,n<=4,sr<=40%,kvB<=16k,kp<=8k,0.4271,2
1024,n<=4,sr<=40%,kvB<=16k,kp=0,0.2927,2
1024,n<=4,sr<=40%,kvB<=1k,kp<=1k,0.1242,2
1024,n<=4,sr<=40%,kvB<=1k,kp<=2k,0.1287,2
1024,n<=4,sr<=40%,kvB<=1k,kp<=4k,-0.4496,1
1024,n<=4,sr<=40%,kvB<=1k,kp<=512,0.0858,2
1024,n<=4,sr<=40%,kvB<=1k,kp<=8k,0.2146,2
1024,n<=4,sr<=40%,kvB<=1k,kp=0,0.2153,2
1024,n<=4,sr<=40%,kvB<=4k,kp<=1k,0.3078,2
1024,n<=4,sr<=40%,kvB<=4k,kp<=2k,0.1751,2
1024,n<=4,sr<=40%,kvB<=4k,kp<=4k,-0.1362,2
1024,n<=4,sr<=40%,kvB<=4k,kp<=512,0.3317,2
1024,n<=4,sr<=40%,kvB<=4k,kp<=8k,-0.008,2
1024,n<=4,sr<=40%,kvB<=4k,kp=0,0.3219,2
1024,n<=4,sr<=70%,kvB<=16k,kp<=1k,0.3157,2
1024,n<=4,sr<=70%,kvB<=16k,kp<=2k,0.2867,2
1024,n<=4,sr<=70%,kvB<=16k,kp<=4k,0.3358,2
1024,n<=4,sr<=70%,kvB<=16k,kp<=512,0.2455,2
1024,n<=4,sr<=70%,kvB<=16k,kp<=8k,0.5227,2
1024,n<=4,sr<=70%,kvB<=16k,kp=0,0.2998,2
1024,n<=4,sr<=70%,kvB<=1k,kp<=1k,0.161,2
1024,n<=4,sr<=70%,kvB<=1k,kp<=2k,0.1496,2
1024,n<=4,sr<=70%,kvB<=1k,kp<=4k,0.6116,2
1024,n<=4,sr<=70%,kvB<=1k,kp<=512,0.0646,2
1024,n<=4,sr<=70%,kvB<=1k,kp<=8k,0.2605,2
1024,n<=4,sr<=70%,kvB<=1k,kp=0,0.1548,2
1024,n<=4,sr<=70%,kvB<=4k,kp<=1k,0.345,2
1024,n<=4,sr<=70%,kvB<=4k,kp<=2k,0.3071,2
1024,n<=4,sr<=70%,kvB<=4k,kp<=4k,-0.1147,2
1024,n<=4,sr<=70%,kvB<=4k,kp<=512,0.3349,2
1024,n<=4,sr<=70%,kvB<=4k,kp<=8k,0.0782,2
1024,n<=4,sr<=70%,kvB<=4k,kp=0,0.3203,2
1024,n<=4,sr>70%,kvB<=16k,kp<=1k,0.3151,2
1024,n<=4,sr>70%,kvB<=16k,kp<=2k,0.2438,2
1024,n<=4,sr>70%,kvB<=16k,kp<=4k,0.2991,2
1024,n<=4,sr>70%,kvB<=16k,kp<=512,0.4113,2
1024,n<=4,sr>70%,kvB<=16k,kp<=8k,0.6514,2
1024,n<=4,sr>70%,kvB<=16k,kp=0,0.6446,2
1024,n<=4,sr>70%,kvB<=1k,kp<=1k,0.3158,2
1024,n<=4,sr>70%,kvB<=1k,kp<=2k,-0.4444,2
1024,n<=4,sr>70%,kvB<=1k,kp<=4k,-0.3172,1
1024,n<=4,sr>70%,kvB<=1k,kp<=512,0.2253,2
1024,n<=4,sr>70%,kvB<=1k,kp=0,0.4354,2
1024,n<=4,sr>70%,kvB<=4k,kp<=1k,0.342,2
1024,n<=4,sr>70%,kvB<=4k,kp<=2k,0.378,2
1024,n<=4,sr>70%,kvB<=4k,kp<=4k,0.1722,2
1024,n<=4,sr>70%,kvB<=4k,kp<=512,0.3402,2
1024,n<=4,sr>70%,kvB<=4k,kp<=8k,-0.4271,2
1024,n<=4,sr>70%,kvB<=4k,kp=0,0.2866,2
1024,n<=64,sr<=15%,kvB<=16k,kp<=1k,0.0124,4
1024,n<=64,sr<=15%,kvB<=16k,kp<=2k,0.0149,4
1024,n<=64,sr<=15%,kvB<=16k,kp<=4k,0.0123,4
1024,n<=64,sr<=15%,kvB<=16k,kp<=512,0.0114,4
1024,n<=64,sr<=15%,kvB<=16k,kp<=8k,-0.0052,4
1024,n<=64,sr<=15%,kvB<=16k,kp=0,0.0107,4
1024,n<=64,sr<=15%,kvB<=1k,kp<=1k,0.0348,4
1024,n<=64,sr<=15%,kvB<=1k,kp<=2k,0.0392,4
1024,n<=64,sr<=15%,kvB<=1k,kp<=4k,0.0532,4
1024,n<=64,sr<=15%,kvB<=1k,kp<=512,0.0308,4
1024,n<=64,sr<=15%,kvB<=1k,kp<=8k,0.0669,4
1024,n<=64,sr<=15%,kvB<=1k,kp=0,0.0219,4
1024,n<=64,sr<=15%,kvB<=4k,kp<=1k,0.0145,4
1024,n<=64,sr<=15%,kvB<=4k,kp<=2k,-0.0042,4
1024,n<=64,sr<=15%,kvB<=4k,kp<=4k,-0.0003,4
1024,n<=64,sr<=15%,kvB<=4k,kp<=512,0.0139,4
1024,n<=64,sr<=15%,kvB<=4k,kp<=8k,0.0159,4
1024,n<=64,sr<=15%,kvB<=4k,kp=0,0.0116,4
1024,n<=64,sr<=40%,kvB<=16k,kp<=1k,0.0022,2
1024,n<=64,sr<=40%,kvB<=16k,kp<=2k,0.0047,2
1024,n<=64,sr<=40%,kvB<=16k,kp<=4k,0.0141,2
1024,n<=64,sr<=40%,kvB<=16k,kp<=512,0.0026,2
1024,n<=64,sr<=40%,kvB<=16k,kp<=8k,-0.0061,2
1024,n<=64,sr<=40%,kvB<=16k,kp=0,0.0027,2
1024,n<=64,sr<=40%,kvB<=1k,kp<=1k,0.054,2
1024,n<=64,sr<=40%,kvB<=1k,kp<=2k,0.0597,2
1024,n<=64,sr<=40%,kvB<=1k,kp<=4k,0.0751,2
1024,n<=64,sr<=40%,kvB<=1k,kp<=512,0.0406,2
1024,n<=64,sr<=40%,kvB<=1k,kp<=8k,0.1193,2
1024,n<=64,sr<=40%,kvB<=1k,kp=0,0.0229,2
1024,n<=64,sr<=40%,kvB<=4k,kp<=1k,0.009,2
1024,n<=64,sr<=40%,kvB<=4k,kp<=2k,-0.0055,2
1024,n<=64,sr<=40%,kvB<=4k,kp<=4k,-0.0351,2
1024,n<=64,sr<=40%,kvB<=4k,kp<=512,0.0076,2
1024,n<=64,sr<=40%,kvB<=4k,kp<=8k,0.0241,2
1024,n<=64,sr<=40%,kvB<=4k,kp=0,0.0043,2
1024,n<=64,sr<=5%,kvB<=16k,kp<=1k,0.0125,6
1024,n<=64,sr<=5%,kvB<=16k,kp<=2k,0.0158,6
1024,n<=64,sr<=5%,kvB<=16k,kp<=4k,0.0161,6
1024,n<=64,sr<=5%,kvB<=16k,kp<=512,0.0119,6
1024,n<=64,sr<=5%,kvB<=16k,kp<=8k,0.0045,6
1024,n<=64,sr<=5%,kvB<=16k,kp=0,0.0105,6
1024,n<=64,sr<=5%,kvB<=1k,kp<=1k,0.0086,6
1024,n<=64,sr<=5%,kvB<=1k,kp<=2k,0.0103,6
1024,n<=64,sr<=5%,kvB<=1k,kp<=4k,0.0127,6
1024,n<=64,sr<=5%,kvB<=1k,kp<=512,0.0071,6
1024,n<=64,sr<=5%,kvB<=1k,kp<=8k,0.0076,6
1024,n<=64,sr<=5%,kvB<=1k,kp=0,0.0082,6
1024,n<=64,sr<=5%,kvB<=4k,kp<=1k,0.0121,6
1024,n<=64,sr<=5%,kvB<=4k,kp<=2k,0.003,6
1024,n<=64,sr<=5%,kvB<=4k,kp<=4k,0.0014,6
1024,n<=64,sr<=5%,kvB<=4k,kp<=512,0.0113,6
1024,n<=64,sr<=5%,kvB<=4k,kp<=8k,0.0089,6
1024,n<=64,sr<=5%,kvB<=4k,kp=0,0.0103,6
1024,n<=64,sr<=70%,kvB<=16k,kp<=1k,0.0001,2
1024,n<=64,sr<=70%,kvB<=16k,kp<=2k,-0.0017,2
1024,n<=64,sr<=70%,kvB<=16k,kp<=4k,0.0005,2
1024,n<=64,sr<=70%,kvB<=16k,kp<=512,0.0022,2
1024,n<=64,sr<=70%,kvB<=16k,kp<=8k,0.0166,2
1024,n<=64,sr<=70%,kvB<=16k,kp=0,0.0,2
1024,n<=64,sr<=70%,kvB<=1k,kp<=1k,0.0364,2
1024,n<=64,sr<=70%,kvB<=1k,kp<=2k,0.0925,2
1024,n<=64,sr<=70%,kvB<=1k,kp<=4k,0.0817,2
1024,n<=64,sr<=70%,kvB<=1k,kp<=512,0.0308,2
1024,n<=64,sr<=70%,kvB<=1k,kp<=8k,0.0427,2
1024,n<=64,sr<=70%,kvB<=1k,kp=0,0.0498,2
1024,n<=64,sr<=70%,kvB<=4k,kp<=1k,-0.0088,2
1024,n<=64,sr<=70%,kvB<=4k,kp<=2k,-0.0,2
1024,n<=64,sr<=70%,kvB<=4k,kp<=4k,-0.037,2
1024,n<=64,sr<=70%,kvB<=4k,kp<=512,-0.0061,2
1024,n<=64,sr<=70%,kvB<=4k,kp<=8k,-0.0096,2
1024,n<=64,sr<=70%,kvB<=4k,kp=0,-0.0046,2
1024,n<=64,sr>70%,kvB<=16k,kp<=1k,0.0171,4
1024,n<=64,sr>70%,kvB<=16k,kp<=2k,0.0141,4
1024,n<=64,sr>70%,kvB<=16k,kp<=4k,0.0172,4
1024,n<=64,sr>70%,kvB<=16k,kp<=512,0.0193,4
1024,n<=64,sr>70%,kvB<=16k,kp<=8k,0.0262,4
1024,n<=64,sr>70%,kvB<=16k,kp=0,0.0153,4
1024,n<=64,sr>70%,kvB<=1k,kp<=1k,0.1191,4
1024,n<=64,sr>70%,kvB<=1k,kp<=2k,0.1884,4
1024,n<=64,sr>70%,kvB<=1k,kp<=4k,0.4046,4
1024,n<=64,sr>70%,kvB<=1k,kp<=512,0.1153,4
1024,n<=64,sr>70%,kvB<=1k,kp<=8k,0.2281,4
1024,n<=64,sr>70%,kvB<=1k,kp=0,0.0833,4
1024,n<=64,sr>70%,kvB<=4k,kp<=1k,0.016,4
1024,n<=64,sr>70%,kvB<=4k,kp<=2k,0.0217,4
1024,n<=64,sr>70%,kvB<=4k,kp<=4k,0.0208,4
1024,n<=64,sr>70%,kvB<=4k,kp<=512,0.009,4
1024,n<=64,sr>70%,kvB<=4k,kp<=8k,0.0407,4
1024,n<=64,sr>70%,kvB<=4k,kp=0,0.013,4
1024,n<=8,sr<=15%,kvB<=16k,kp<=1k,0.1008,2
1024,n<=8,sr<=15%,kvB<=16k,kp<=2k,0.1034,2
1024,n<=8,sr<=15%,kvB<=16k,kp<=4k,0.0604,2
1024,n<=8,sr<=15%,kvB<=16k,kp<=512,0.0834,2
1024,n<=8,sr<=15%,kvB<=16k,kp<=8k,0.1167,2
1024,n<=8,sr<=15%,kvB<=16k,kp=0,0.1248,2
1024,n<=8,sr<=15%,kvB<=1k,kp<=1k,0.1105,2
1024,n<=8,sr<=15%,kvB<=1k,kp<=2k,0.1663,2
1024,n<=8,sr<=15%,kvB<=1k,kp<=4k,0.1758,2
1024,n<=8,sr<=15%,kvB<=1k,kp<=512,0.1353,2
1024,n<=8,sr<=15%,kvB<=1k,kp<=8k,0.0307,2
1024,n<=8,sr<=15%,kvB<=1k,kp=0,0.1214,2
1024,n<=8,sr<=15%,kvB<=4k,kp<=1k,0.1298,2
1024,n<=8,sr<=15%,kvB<=4k,kp<=2k,0.0756,2
1024,n<=8,sr<=15%,kvB<=4k,kp<=4k,-0.0049,2
1024,n<=8,sr<=15%,kvB<=4k,kp<=512,0.1458,2
1024,n<=8,sr<=15%,kvB<=4k,kp<=8k,-0.0181,2
1024,n<=8,sr<=15%,kvB<=4k,kp=0,0.1251,2
1024,n<=8,sr<=40%,kvB<=16k,kp<=1k,0.0708,4
1024,n<=8,sr<=40%,kvB<=16k,kp<=2k,0.0619,4
1024,n<=8,sr<=40%,kvB<=16k,kp<=4k,0.0976,4
1024,n<=8,sr<=40%,kvB<=16k,kp<=512,0.0457,4
1024,n<=8,sr<=40%,kvB<=16k,kp<=8k,0.1645,4
1024,n<=8,sr<=40%,kvB<=16k,kp=0,0.12,4
1024,n<=8,sr<=40%,kvB<=1k,kp<=1k,0.0617,4
1024,n<=8,sr<=40%,kvB<=1k,kp<=2k,0.0955,4
1024,n<=8,sr<=40%,kvB<=1k,kp<=4k,0.0488,4
1024,n<=8,sr<=40%,kvB<=1k,kp<=512,0.0985,4
1024,n<=8,sr<=40%,kvB<=1k,kp<=8k,0.2105,4
1024,n<=8,sr<=40%,kvB<=1k,kp=0,0.1384,4
1024,n<=8,sr<=40%,kvB<=4k,kp<=1k,0.1355,4
1024,n<=8,sr<=40%,kvB<=4k,kp<=2k,0.1014,4
1024,n<=8,sr<=40%,kvB<=4k,kp<=4k,0.0237,4
1024,n<=8,sr<=40%,kvB<=4k,kp<=512,0.1263,4
1024,n<=8,sr<=40%,kvB<=4k,kp<=8k,-0.0482,4
1024,n<=8,sr<=40%,kvB<=4k,kp=0,0.1088,4
1024,n<=8,sr<=70%,kvB<=16k,kp<=1k,0.0558,2
1024,n<=8,sr<=70%,kvB<=16k,kp<=2k,0.106,2
1024,n<=8,sr<=70%,kvB<=16k,kp<=4k,0.0145,2
1024,n<=8,sr<=70%,kvB<=16k,kp<=512,0.0284,2
1024,n<=8,sr<=70%,kvB<=16k,kp<=8k,0.0512,2
1024,n<=8,sr<=70%,kvB<=16k,kp=0,0.1422,2
1024,n<=8,sr<=70%,kvB<=1k,kp<=1k,0.1299,2
1024,n<=8,sr<=70%,kvB<=1k,kp<=2k,-0.0193,2
1024,n<=8,sr<=70%,kvB<=1k,kp<=4k,-0.0536,2
1024,n<=8,sr<=70%,kvB<=1k,kp<=512,0.0947,2
1024,n<=8,sr<=70%,kvB<=1k,kp<=8k,0.306,2
1024,n<=8,sr<=70%,kvB<=1k,kp=0,0.1537,2
1024,n<=8,sr<=70%,kvB<=4k,kp<=1k,0.1092,2
1024,n<=8,sr<=70%,kvB<=4k,kp<=2k,0.1087,2
1024,n<=8,sr<=70%,kvB<=4k,kp<=4k,-0.0398,2
1024,n<=8,sr<=70%,kvB<=4k,kp<=512,0.1089,2
1024,n<=8,sr<=70%,kvB<=4k,kp<=8k,0.0478,2
1024,n<=8,sr<=70%,kvB<=4k,kp=0,0.1143,2
1024,n<=8,sr>70%,kvB<=16k,kp<=1k,0.0236,4
1024,n<=8,sr>70%,kvB<=16k,kp<=2k,-0.0196,4
1024,n<=8,sr>70%,kvB<=16k,kp<=4k,0.0159,2
1024,n<=8,sr>70%,kvB<=16k,kp<=512,0.048,4
1024,n<=8,sr>70%,kvB<=16k,kp<=8k,-0.3411,2
1024,n<=8,sr>70%,kvB<=16k,kp=0,0.3915,4
1024,n<=8,sr>70%,kvB<=1k,kp<=1k,0.2786,4
1024,n<=8,sr>70%,kvB<=1k,kp<=2k,0.2771,4
1024,n<=8,sr>70%,kvB<=1k,kp<=4k,0.1255,3
1024,n<=8,sr>70%,kvB<=1k,kp<=512,0.2809,4
1024,n<=8,sr>70%,kvB<=1k,kp<=8k,-0.4036,3
1024,n<=8,sr>70%,kvB<=1k,kp=0,0.3848,4
1024,n<=8,sr>70%,kvB<=4k,kp<=1k,0.1951,4
1024,n<=8,sr>70%,kvB<=4k,kp<=2k,0.0385,4
1024,n<=8,sr>70%,kvB<=4k,kp<=4k,-0.1179,4
1024,n<=8,sr>70%,kvB<=4k,kp<=512,-0.1098,4
1024,n<=8,sr>70%,kvB<=4k,kp<=8k,0.2703,4
1024,n<=8,sr>70%,kvB<=4k,kp=0,0.0771,4
2048,n<=128,sr<=15%,kvB<=16k,kp<=1k,0.0037,4
2048,n<=128,sr<=15%,kvB<=16k,kp<=2k,0.0058,4
2048,n<=128,sr<=15%,kvB<=16k,kp<=4k,0.0051,4
2048,n<=128,sr<=15%,kvB<=16k,kp<=512,0.0036,4
2048,n<=128,sr<=15%,kvB<=16k,kp<=8k,-0.0097,4
2048,n<=128,sr<=15%,kvB<=16k,kp=0,0.0039,4
2048,n<=128,sr<=15%,kvB<=1k,kp<=1k,0.0392,4
2048,n<=128,sr<=15%,kvB<=1k,kp<=2k,0.0706,4
2048,n<=128,sr<=15%,kvB<=1k,kp<=4k,0.0389,4
2048,n<=128,sr<=15%,kvB<=1k,kp<=512,0.0354,4
2048,n<=128,sr<=15%,kvB<=1k,kp<=8k,0.0369,4
2048,n<=128,sr<=15%,kvB<=1k,kp=0,0.0376,4
2048,n<=128,sr<=15%,kvB<=4k,kp<=1k,0.0032,4
2048,n<=128,sr<=15%,kvB<=4k,kp<=2k,0.006,4
2048,n<=128,sr<=15%,kvB<=4k,kp<=4k,0.0019,4
2048,n<=128,sr<=15%,kvB<=4k,kp<=512,0.0022,4
2048,n<=128,sr<=15%,kvB<=4k,kp<=8k,0.0011,4
2048,n<=128,sr<=15%,kvB<=4k,kp=0,0.0033,4
2048,n<=128,sr<=40%,kvB<=16k,kp<=1k,0.0,2
2048,n<=128,sr<=40%,kvB<=16k,kp<=2k,0.0047,2
2048,n<=128,sr<=40%,kvB<=16k,kp<=4k,0.0092,2
2048,n<=128,sr<=40%,kvB<=16k,kp<=512,0.0001,2
2048,n<=128,sr<=40%,kvB<=16k,kp<=8k,-0.0133,2
2048,n<=128,sr<=40%,kvB<=16k,kp=0,0.0012,2
2048,n<=128,sr<=40%,kvB<=1k,kp<=1k,0.0778,2
2048,n<=128,sr<=40%,kvB<=1k,kp<=2k,0.0812,2
2048,n<=128,sr<=40%,kvB<=1k,kp<=4k,0.0637,2
2048,n<=128,sr<=40%,kvB<=1k,kp<=512,0.0542,2
2048,n<=128,sr<=40%,kvB<=1k,kp<=8k,0.0889,2
2048,n<=128,sr<=40%,kvB<=1k,kp=0,0.0708,2
2048,n<=128,sr<=40%,kvB<=4k,kp<=1k,0.0041,2
2048,n<=128,sr<=40%,kvB<=4k,kp<=2k,-0.0025,2
2048,n<=128,sr<=40%,kvB<=4k,kp<=4k,-0.0147,2
2048,n<=128,sr<=40%,kvB<=4k,kp<=512,0.0017,2
2048,n<=128,sr<=40%,kvB<=4k,kp<=8k,0.0186,2
2048,n<=128,sr<=40%,kvB<=4k,kp=0,0.0053,2
2048,n<=128,sr<=5%,kvB<=16k,kp<=1k,0.0041,8
2048,n<=128,sr<=5%,kvB<=16k,kp<=2k,0.0064,8
2048,n<=128,sr<=5%,kvB<=16k,kp<=4k,0.0067,8
2048,n<=128,sr<=5%,kvB<=16k,kp<=512,0.0032,8
2048,n<=128,sr<=5%,kvB<=16k,kp<=8k,0.002,8
2048,n<=128,sr<=5%,kvB<=16k,kp=0,0.0033,8
2048,n<=128,sr<=5%,kvB<=1k,kp<=1k,0.0107,8
2048,n<=128,sr<=5%,kvB<=1k,kp<=2k,0.0036,8
2048,n<=128,sr<=5%,kvB<=1k,kp<=4k,-0.0215,8
2048,n<=128,sr<=5%,kvB<=1k,kp<=512,0.0099,8
2048,n<=128,sr<=5%,kvB<=1k,kp<=8k,0.0246,8
2048,n<=128,sr<=5%,kvB<=1k,kp=0,0.0073,8
2048,n<=128,sr<=5%,kvB<=4k,kp<=1k,0.0028,8
2048,n<=128,sr<=5%,kvB<=4k,kp<=2k,0.0061,8
2048,n<=128,sr<=5%,kvB<=4k,kp<=4k,0.0012,8
2048,n<=128,sr<=5%,kvB<=4k,kp<=512,0.0031,8
2048,n<=128,sr<=5%,kvB<=4k,kp<=8k,0.0086,8
2048,n<=128,sr<=5%,kvB<=4k,kp=0,0.0023,8
2048,n<=128,sr<=70%,kvB<=16k,kp<=1k,-0.0076,2
2048,n<=128,sr<=70%,kvB<=16k,kp<=2k,-0.0154,2
2048,n<=128,sr<=70%,kvB<=16k,kp<=4k,-0.0251,2
2048,n<=128,sr<=70%,kvB<=16k,kp<=512,-0.0053,2
2048,n<=128,sr<=70%,kvB<=16k,kp<=8k,-0.0074,2
2048,n<=128,sr<=70%,kvB<=16k,kp=0,-0.003,2
2048,n<=128,sr<=70%,kvB<=1k,kp<=1k,0.0139,2
2048,n<=128,sr<=70%,kvB<=1k,kp<=2k,0.0385,2
2048,n<=128,sr<=70%,kvB<=1k,kp<=4k,0.122,2
2048,n<=128,sr<=70%,kvB<=1k,kp<=512,0.0455,2
2048,n<=128,sr<=70%,kvB<=1k,kp<=8k,0.1377,2
2048,n<=128,sr<=70%,kvB<=1k,kp=0,0.0908,2
2048,n<=128,sr<=70%,kvB<=4k,kp<=1k,0.0098,2
2048,n<=128,sr<=70%,kvB<=4k,kp<=2k,-0.0158,2
2048,n<=128,sr<=70%,kvB<=4k,kp<=4k,-0.0455,2
2048,n<=128,sr<=70%,kvB<=4k,kp<=512,0.0094,2
2048,n<=128,sr<=70%,kvB<=4k,kp<=8k,-0.0269,2
2048,n<=128,sr<=70%,kvB<=4k,kp=0,0.0085,2
2048,n<=128,sr>70%,kvB<=16k,kp<=1k,0.0078,4
2048,n<=128,sr>70%,kvB<=16k,kp<=2k,-0.007,4
2048,n<=128,sr>70%,kvB<=16k,kp<=4k,-0.0346,4
2048,n<=128,sr>70%,kvB<=16k,kp<=512,0.0089,4
2048,n<=128,sr>70%,kvB<=16k,kp<=8k,-0.0539,4
2048,n<=128,sr>70%,kvB<=16k,kp=0,0.0105,4
2048,n<=128,sr>70%,kvB<=1k,kp<=1k,0.1435,4
2048,n<=128,sr>70%,kvB<=1k,kp<=2k,0.1009,4
2048,n<=128,sr>70%,kvB<=1k,kp<=4k,0.3884,4
2048,n<=128,sr>70%,kvB<=1k,kp<=512,0.1681,4
2048,n<=128,sr>70%,kvB<=1k,kp<=8k,0.0637,4
2048,n<=128,sr>70%,kvB<=1k,kp=0,0.2096,4
2048,n<=128,sr>70%,kvB<=4k,kp<=1k,-0.018,4
2048,n<=128,sr>70%,kvB<=4k,kp<=2k,-0.0498,4
2048,n<=128,sr>70%,kvB<=4k,kp<=4k,-0.1093,4
2048,n<=128,sr>70%,kvB<=4k,kp<=512,-0.0135,4
2048,n<=128,sr>70%,kvB<=4k,kp<=8k,-0.0284,4
2048,n<=128,sr>70%,kvB<=4k,kp=0,-0.0086,4
2048,n<=16,sr<=15%,kvB<=16k,kp<=1k,0.042,4
2048,n<=16,sr<=15%,kvB<=16k,kp<=2k,0.0425,4
2048,n<=16,sr<=15%,kvB<=16k,kp<=4k,0.0435,4
2048,n<=16,sr<=15%,kvB<=16k,kp<=512,0.0405,4
2048,n<=16,sr<=15%,kvB<=16k,kp<=8k,0.0354,4
2048,n<=16,sr<=15%,kvB<=16k,kp=0,0.0401,4
2048,n<=16,sr<=15%,kvB<=1k,kp<=1k,0.0202,4
2048,n<=16,sr<=15%,kvB<=1k,kp<=2k,0.1582,4
2048,n<=16,sr<=15%,kvB<=1k,kp<=4k,-0.0567,4
2048,n<=16,sr<=15%,kvB<=1k,kp<=512,0.0588,4
2048,n<=16,sr<=15%,kvB<=1k,kp<=8k,-0.1667,4
2048,n<=16,sr<=15%,kvB<=1k,kp=0,0.0504,4
2048,n<=16,sr<=15%,kvB<=4k,kp<=1k,0.0537,4
2048,n<=16,sr<=15%,kvB<=4k,kp<=2k,0.0361,4
2048,n<=16,sr<=15%,kvB<=4k,kp<=4k,0.0029,4
2048,n<=16,sr<=15%,kvB<=4k,kp<=512,0.0545,4
2048,n<=16,sr<=15%,kvB<=4k,kp<=8k,0.0915,4
2048,n<=16,sr<=15%,kvB<=4k,kp=0,0.0455,4
2048,n<=16,sr<=40%,kvB<=16k,kp<=1k,0.0292,4
2048,n<=16,sr<=40%,kvB<=16k,kp<=2k,0.0307,4
2048,n<=16,sr<=40%,kvB<=16k,kp<=4k,0.0355,4
2048,n<=16,sr<=40%,kvB<=16k,kp<=512,0.0263,4
2048,n<=16,sr<=40%,kvB<=16k,kp<=8k,0.035,4
2048,n<=16,sr<=40%,kvB<=16k,kp=0,0.0279,4
2048,n<=16,sr<=40%,kvB<=1k,kp<=1k,0.0383,4
2048,n<=16,sr<=40%,kvB<=1k,kp<=2k,0.181,4
2048,n<=16,sr<=40%,kvB<=1k,kp<=4k,0.0643,4
2048,n<=16,sr<=40%,kvB<=1k,kp<=512,0.0589,4
2048,n<=16,sr<=40%,kvB<=1k,kp<=8k,0.2218,4
2048,n<=16,sr<=40%,kvB<=1k,kp=0,0.0374,4
2048,n<=16,sr<=40%,kvB<=4k,kp<=1k,0.0461,4
2048,n<=16,sr<=40%,kvB<=4k,kp<=2k,0.0171,4
2048,n<=16,sr<=40%,kvB<=4k,kp<=4k,-0.0155,4
2048,n<=16,sr<=40%,kvB<=4k,kp<=512,0.0393,4
2048,n<=16,sr<=40%,kvB<=4k,kp<=8k,0.0436,4
2048,n<=16,sr<=40%,kvB<=4k,kp=0,0.0548,4
2048,n<=16,sr<=70%,kvB<=16k,kp<=1k,0.0207,2
2048,n<=16,sr<=70%,kvB<=16k,kp<=2k,0.0188,2
2048,n<=16,sr<=70%,kvB<=16k,kp<=4k,0.0499,2
2048,n<=16,sr<=70%,kvB<=16k,kp<=512,0.0162,2
2048,n<=16,sr<=70%,kvB<=16k,kp<=8k,0.0685,2
2048,n<=16,sr<=70%,kvB<=16k,kp=0,0.0089,2
2048,n<=16,sr<=70%,kvB<=1k,kp<=1k,0.0873,2
2048,n<=16,sr<=70%,kvB<=1k,kp<=2k,0.1692,2
2048,n<=16,sr<=70%,kvB<=1k,kp<=4k,0.0011,2
2048,n<=16,sr<=70%,kvB<=1k,kp<=512,0.1401,2
2048,n<=16,sr<=70%,kvB<=1k,kp<=8k,-0.0549,2
2048,n<=16,sr<=70%,kvB<=1k,kp=0,-0.0169,2
2048,n<=16,sr<=70%,kvB<=4k,kp<=1k,0.0377,2
2048,n<=16,sr<=70%,kvB<=4k,kp<=2k,0.0115,2
2048,n<=16,sr<=70%,kvB<=4k,kp<=4k,0.1089,2
2048,n<=16,sr<=70%,kvB<=4k,kp<=512,0.026,2
2048,n<=16,sr<=70%,kvB<=4k,kp<=8k,0.0022,2
2048,n<=16,sr<=70%,kvB<=4k,kp=0,0.012,2
2048,n<=16,sr>70%,kvB<=16k,kp<=1k,0.0301,4
2048,n<=16,sr>70%,kvB<=16k,kp<=2k,0.0405,4
2048,n<=16,sr>70%,kvB<=16k,kp<=4k,-0.0211,4
2048,n<=16,sr>70%,kvB<=16k,kp<=512,0.022,4
2048,n<=16,sr>70%,kvB<=16k,kp<=8k,-0.1705,4
2048,n<=16,sr>70%,kvB<=16k,kp=0,0.0013,4
2048,n<=16,sr>70%,kvB<=1k,kp<=1k,0.17,4
2048,n<=16,sr>70%,kvB<=1k,kp<=2k,0.3158,3
2048,n<=16,sr>70%,kvB<=1k,kp<=4k,-0.0811,3
2048,n<=16,sr>70%,kvB<=1k,kp<=512,0.2533,4
2048,n<=16,sr>70%,kvB<=1k,kp<=8k,1.0537,4
2048,n<=16,sr>70%,kvB<=1k,kp=0,0.3317,4
2048,n<=16,sr>70%,kvB<=4k,kp<=1k,0.0639,4
2048,n<=16,sr>70%,kvB<=4k,kp<=2k,0.116,4
2048,n<=16,sr>70%,kvB<=4k,kp<=4k,0.0125,4
2048,n<=16,sr>70%,kvB<=4k,kp<=512,0.0002,4
2048,n<=16,sr>70%,kvB<=4k,kp<=8k,-0.2413,4
2048,n<=16,sr>70%,kvB<=4k,kp=0,0.0104,4
2048,n<=2,sr<=70%,kvB<=16k,kp<=1k,0.5184,2
2048,n<=2,sr<=70%,kvB<=16k,kp<=2k,0.4616,2
2048,n<=2,sr<=70%,kvB<=16k,kp<=4k,0.5919,2
2048,n<=2,sr<=70%,kvB<=16k,kp<=512,0.583,2
2048,n<=2,sr<=70%,kvB<=16k,kp<=8k,0.4805,2
2048,n<=2,sr<=70%,kvB<=16k,kp=0,0.6038,2
2048,n<=2,sr<=70%,kvB<=1k,kp<=1k,-0.7652,2
2048,n<=2,sr<=70%,kvB<=1k,kp<=2k,-0.6469,2
2048,n<=2,sr<=70%,kvB<=1k,kp<=4k,0.8665,1
2048,n<=2,sr<=70%,kvB<=1k,kp<=512,0.0146,2
2048,n<=2,sr<=70%,kvB<=1k,kp<=8k,0.2941,2
2048,n<=2,sr<=70%,kvB<=1k,kp=0,0.2879,2
2048,n<=2,sr<=70%,kvB<=4k,kp<=1k,0.6356,2
2048,n<=2,sr<=70%,kvB<=4k,kp<=2k,-0.1555,2
2048,n<=2,sr<=70%,kvB<=4k,kp<=4k,0.7196,2
2048,n<=2,sr<=70%,kvB<=4k,kp<=512,0.4335,2
2048,n<=2,sr<=70%,kvB<=4k,kp<=8k,-0.3933,2
2048,n<=2,sr<=70%,kvB<=4k,kp=0,0.4315,2
2048,n<=32,sr<=15%,kvB<=16k,kp<=1k,0.0246,6
2048,n<=32,sr<=15%,kvB<=16k,kp<=2k,0.0198,6
2048,n<=32,sr<=15%,kvB<=16k,kp<=4k,0.0161,6
2048,n<=32,sr<=15%,kvB<=16k,kp<=512,0.0213,6
2048,n<=32,sr<=15%,kvB<=16k,kp<=8k,0.0427,6
2048,n<=32,sr<=15%,kvB<=16k,kp=0,0.02,6
2048,n<=32,sr<=15%,kvB<=1k,kp<=1k,0.0912,6
2048,n<=32,sr<=15%,kvB<=1k,kp<=2k,0.0731,6
2048,n<=32,sr<=15%,kvB<=1k,kp<=4k,0.0224,6
2048,n<=32,sr<=15%,kvB<=1k,kp<=512,0.0234,6
2048,n<=32,sr<=15%,kvB<=1k,kp<=8k,0.1803,6
2048,n<=32,sr<=15%,kvB<=1k,kp=0,0.0391,6
2048,n<=32,sr<=15%,kvB<=4k,kp<=1k,0.028,6
2048,n<=32,sr<=15%,kvB<=4k,kp<=2k,0.0165,6
2048,n<=32,sr<=15%,kvB<=4k,kp<=4k,0.0077,6
2048,n<=32,sr<=15%,kvB<=4k,kp<=512,0.0288,6
2048,n<=32,sr<=15%,kvB<=4k,kp<=8k,0.0039,6
2048,n<=32,sr<=15%,kvB<=4k,kp=0,0.0198,6
2048,n<=32,sr<=40%,kvB<=16k,kp<=1k,0.0203,2
2048,n<=32,sr<=40%,kvB<=16k,kp<=2k,0.0233,2
2048,n<=32,sr<=40%,kvB<=16k,kp<=4k,0.0391,2
2048,n<=32,sr<=40%,kvB<=16k,kp<=512,0.0173,2
2048,n<=32,sr<=40%,kvB<=16k,kp<=8k,0.0343,2
2048,n<=32,sr<=40%,kvB<=16k,kp=0,0.0134,2
2048,n<=32,sr<=40%,kvB<=1k,kp<=1k,0.1387,2
2048,n<=32,sr<=40%,kvB<=1k,kp<=2k,0.1254,2
2048,n<=32,sr<=40%,kvB<=1k,kp<=4k,0.197,2
2048,n<=32,sr<=40%,kvB<=1k,kp<=512,0.1513,2
2048,n<=32,sr<=40%,kvB<=1k,kp<=8k,0.0769,2
2048,n<=32,sr<=40%,kvB<=1k,kp=0,0.0685,2
2048,n<=32,sr<=40%,kvB<=4k,kp<=1k,0.0378,2
2048,n<=32,sr<=40%,kvB<=4k,kp<=2k,0.0083,2
2048,n<=32,sr<=40%,kvB<=4k,kp<=4k,0.0098,2
2048,n<=32,sr<=40%,kvB<=4k,kp<=512,0.0368,2
2048,n<=32,sr<=40%,kvB<=4k,kp<=8k,-0.1156,2
2048,n<=32,sr<=40%,kvB<=4k,kp=0,0.0218,2
2048,n<=32,sr<=5%,kvB<=16k,kp<=1k,0.0243,2
2048,n<=32,sr<=5%,kvB<=16k,kp<=2k,0.023,2
2048,n<=32,sr<=5%,kvB<=16k,kp<=4k,0.0199,2
2048,n<=32,sr<=5%,kvB<=16k,kp<=512,0.0239,2
2048,n<=32,sr<=5%,kvB<=16k,kp<=8k,0.0263,2
2048,n<=32,sr<=5%,kvB<=16k,kp=0,0.0237,2
2048,n<=32,sr<=5%,kvB<=1k,kp<=1k,0.0327,2
2048,n<=32,sr<=5%,kvB<=1k,kp<=2k,0.0483,2
2048,n<=32,sr<=5%,kvB<=1k,kp<=4k,-0.0774,2
2048,n<=32,sr<=5%,kvB<=1k,kp<=512,0.0444,2
2048,n<=32,sr<=5%,kvB<=1k,kp<=8k,0.2149,2
2048,n<=32,sr<=5%,kvB<=1k,kp=0,0.0658,2
2048,n<=32,sr<=5%,kvB<=4k,kp<=1k,0.0287,2
2048,n<=32,sr<=5%,kvB<=4k,kp<=2k,0.018,2
2048,n<=32,sr<=5%,kvB<=4k,kp<=4k,0.0311,2
2048,n<=32,sr<=5%,kvB<=4k,kp<=512,0.0301,2
2048,n<=32,sr<=5%,kvB<=4k,kp<=8k,0.0017,2
2048,n<=32,sr<=5%,kvB<=4k,kp=0,0.0216,2
2048,n<=32,sr<=70%,kvB<=16k,kp<=1k,0.0198,2
2048,n<=32,sr<=70%,kvB<=16k,kp<=2k,0.0183,2
2048,n<=32,sr<=70%,kvB<=16k,kp<=4k,0.0001,2
2048,n<=32,sr<=70%,kvB<=16k,kp<=512,0.0199,2
2048,n<=32,sr<=70%,kvB<=16k,kp<=8k,0.073,2
2048,n<=32,sr<=70%,kvB<=16k,kp=0,0.0163,2
2048,n<=32,sr<=70%,kvB<=1k,kp<=1k,-0.0088,2
2048,n<=32,sr<=70%,kvB<=1k,kp<=2k,0.2995,2
2048,n<=32,sr<=70%,kvB<=1k,kp<=4k,0.2231,2
2048,n<=32,sr<=70%,kvB<=1k,kp<=512,0.0327,2
2048,n<=32,sr<=70%,kvB<=1k,kp<=8k,-1.1228,2
2048,n<=32,sr<=70%,kvB<=1k,kp=0,0.0656,2
2048,n<=32,sr<=70%,kvB<=4k,kp<=1k,0.0342,2
2048,n<=32,sr<=70%,kvB<=4k,kp<=2k,0.1145,2
2048,n<=32,sr<=70%,kvB<=4k,kp<=4k,0.0057,2
2048,n<=32,sr<=70%,kvB<=4k,kp<=512,0.0329,2
2048,n<=32,sr<=70%,kvB<=4k,kp<=8k,-0.0036,2
2048,n<=32,sr<=70%,kvB<=4k,kp=0,0.0217,2
2048,n<=32,sr>70%,kvB<=16k,kp<=1k,0.0119,4
2048,n<=32,sr>70%,kvB<=16k,kp<=2k,0.0562,4
2048,n<=32,sr>70%,kvB<=16k,kp<=4k,0.0583,4
2048,n<=32,sr>70%,kvB<=16k,kp<=512,0.0072,4
2048,n<=32,sr>70%,kvB<=16k,kp<=8k,-0.0083,4
2048,n<=32,sr>70%,kvB<=16k,kp=0,0.0152,4
2048,n<=32,sr>70%,kvB<=1k,kp<=1k,0.4423,4
2048,n<=32,sr>70%,kvB<=1k,kp<=2k,0.164,4
2048,n<=32,sr>70%,kvB<=1k,kp<=4k,0.6201,4
2048,n<=32,sr>70%,kvB<=1k,kp<=512,0.2603,4
2048,n<=32,sr>70%,kvB<=1k,kp<=8k,0.652,4
2048,n<=32,sr>70%,kvB<=1k,kp=0,0.2905,4
2048,n<=32,sr>70%,kvB<=4k,kp<=1k,-0.0196,4
2048,n<=32,sr>70%,kvB<=4k,kp<=2k,0.0151,4
2048,n<=32,sr>70%,kvB<=4k,kp<=4k,0.0672,4
2048,n<=32,sr>70%,kvB<=4k,kp<=512,0.0408,4
2048,n<=32,sr>70%,kvB<=4k,kp<=8k,0.1758,4
2048,n<=32,sr>70%,kvB<=4k,kp=0,0.0017,4
2048,n<=4,sr<=40%,kvB<=16k,kp<=1k,0.2338,2
2048,n<=4,sr<=40%,kvB<=16k,kp<=2k,0.3042,2
2048,n<=4,sr<=40%,kvB<=16k,kp<=4k,0.303,2
2048,n<=4,sr<=40%,kvB<=16k,kp<=512,0.2318,2
2048,n<=4,sr<=40%,kvB<=16k,kp<=8k,0.2424,2
2048,n<=4,sr<=40%,kvB<=16k,kp=0,0.223,2
2048,n<=4,sr<=40%,kvB<=1k,kp<=1k,-0.0441,2
2048,n<=4,sr<=40%,kvB<=1k,kp<=2k,-0.0278,2
2048,n<=4,sr<=40%,kvB<=1k,kp<=4k,0.2159,2
2048,n<=4,sr<=40%,kvB<=1k,kp<=512,-0.1701,2
2048,n<=4,sr<=40%,kvB<=1k,kp=0,0.2123,2
2048,n<=4,sr<=40%,kvB<=4k,kp<=1k,0.1026,2
2048,n<=4,sr<=40%,kvB<=4k,kp<=2k,-0.1414,2
2048,n<=4,sr<=40%,kvB<=4k,kp<=4k,0.19,2
2048,n<=4,sr<=40%,kvB<=4k,kp<=512,0.295,2
2048,n<=4,sr<=40%,kvB<=4k,kp<=8k,0.3905,1
2048,n<=4,sr<=40%,kvB<=4k,kp=0,0.279,2
2048,n<=4,sr<=70%,kvB<=16k,kp<=1k,0.2104,2
2048,n<=4,sr<=70%,kvB<=16k,kp<=2k,0.2773,2
2048,n<=4,sr<=70%,kvB<=16k,kp<=4k,0.307,2
2048,n<=4,sr<=70%,kvB<=16k,kp<=512,0.1486,2
2048,n<=4,sr<=70%,kvB<=16k,kp<=8k,0.4862,2
2048,n<=4,sr<=70%,kvB<=16k,kp=0,0.1407,2
2048,n<=4,sr<=70%,kvB<=1k,kp<=1k,-0.9592,1
2048,n<=4,sr<=70%,kvB<=1k,kp<=2k,0.5464,1
2048,n<=4,sr<=70%,kvB<=1k,kp<=4k,1.0035,1
2048,n<=4,sr<=70%,kvB<=1k,kp<=512,0.3781,2
2048,n<=4,sr<=70%,kvB<=1k,kp<=8k,0.77,1
2048,n<=4,sr<=70%,kvB<=1k,kp=0,-0.0864,2
2048,n<=4,sr<=70%,kvB<=4k,kp<=1k,0.3404,2
2048,n<=4,sr<=70%,kvB<=4k,kp<=2k,-0.1528,2
2048,n<=4,sr<=70%,kvB<=4k,kp<=4k,0.1125,2
2048,n<=4,sr<=70%,kvB<=4k,kp<=512,0.4234,2
2048,n<=4,sr<=70%,kvB<=4k,kp<=8k,-0.0396,2
2048,n<=4,sr<=70%,kvB<=4k,kp=0,0.2823,2
2048,n<=4,sr>70%,kvB<=16k,kp<=1k,0.1883,2
2048,n<=4,sr>70%,kvB<=16k,kp<=2k,0.2114,2
2048,n<=4,sr>70%,kvB<=16k,kp<=4k,0.2337,2
2048,n<=4,sr>70%,kvB<=16k,kp<=512,0.0903,2
2048,n<=4,sr>70%,kvB<=16k,kp<=8k,0.7979,2
2048,n<=4,sr>70%,kvB<=16k,kp=0,0.0864,2
2048,n<=4,sr>70%,kvB<=1k,kp<=2k,1.5385,1
2048,n<=4,sr>70%,kvB<=1k,kp<=4k,2.0024,2
2048,n<=4,sr>70%,kvB<=1k,kp<=512,0.4936,2
2048,n<=4,sr>70%,kvB<=1k,kp<=8k,51.125,1
2048,n<=4,sr>70%,kvB<=1k,kp=0,2.403,2
2048,n<=4,sr>70%,kvB<=4k,kp<=1k,0.0201,2
2048,n<=4,sr>70%,kvB<=4k,kp<=2k,0.3101,2
2048,n<=4,sr>70%,kvB<=4k,kp<=4k,0.2832,2
2048,n<=4,sr>70%,kvB<=4k,kp<=512,0.3246,2
2048,n<=4,sr>70%,kvB<=4k,kp<=8k,-0.1154,1
2048,n<=4,sr>70%,kvB<=4k,kp=0,0.1153,2
2048,n<=64,sr<=15%,kvB<=16k,kp<=1k,0.0133,4
2048,n<=64,sr<=15%,kvB<=16k,kp<=2k,0.0115,4
2048,n<=64,sr<=15%,kvB<=16k,kp<=4k,0.009,4
2048,n<=64,sr<=15%,kvB<=16k,kp<=512,0.0118,4
2048,n<=64,sr<=15%,kvB<=16k,kp<=8k,0.0073,4
2048,n<=64,sr<=15%,kvB<=16k,kp=0,0.013,4
2048,n<=64,sr<=15%,kvB<=1k,kp<=1k,0.0586,4
2048,n<=64,sr<=15%,kvB<=1k,kp<=2k,0.0886,4
2048,n<=64,sr<=15%,kvB<=1k,kp<=4k,0.101,4
2048,n<=64,sr<=15%,kvB<=1k,kp<=512,0.0435,4
2048,n<=64,sr<=15%,kvB<=1k,kp<=8k,0.1358,4
2048,n<=64,sr<=15%,kvB<=1k,kp=0,0.0346,4
2048,n<=64,sr<=15%,kvB<=4k,kp<=1k,0.0049,4
2048,n<=64,sr<=15%,kvB<=4k,kp<=2k,0.0114,4
2048,n<=64,sr<=15%,kvB<=4k,kp<=4k,0.0092,4
2048,n<=64,sr<=15%,kvB<=4k,kp<=512,0.0138,4
2048,n<=64,sr<=15%,kvB<=4k,kp<=8k,0.0034,4
2048,n<=64,sr<=15%,kvB<=4k,kp=0,0.0064,4
2048,n<=64,sr<=40%,kvB<=16k,kp<=1k,0.0062,2
2048,n<=64,sr<=40%,kvB<=16k,kp<=2k,0.0118,2
2048,n<=64,sr<=40%,kvB<=16k,kp<=4k,0.01,2
2048,n<=64,sr<=40%,kvB<=16k,kp<=512,0.0024,2
2048,n<=64,sr<=40%,kvB<=16k,kp<=8k,0.0114,2
2048,n<=64,sr<=40%,kvB<=16k,kp=0,0.0019,2
2048,n<=64,sr<=40%,kvB<=1k,kp<=1k,0.0878,2
2048,n<=64,sr<=40%,kvB<=1k,kp<=2k,0.118,2
2048,n<=64,sr<=40%,kvB<=1k,kp<=4k,0.0862,2
2048,n<=64,sr<=40%,kvB<=1k,kp<=512,0.028,2
2048,n<=64,sr<=40%,kvB<=1k,kp<=8k,0.142,2
2048,n<=64,sr<=40%,kvB<=1k,kp=0,0.0614,2
2048,n<=64,sr<=40%,kvB<=4k,kp<=1k,-0.0139,2
2048,n<=64,sr<=40%,kvB<=4k,kp<=2k,-0.0029,2
2048,n<=64,sr<=40%,kvB<=4k,kp<=4k,-0.0058,2
2048,n<=64,sr<=40%,kvB<=4k,kp<=512,-0.0103,2
2048,n<=64,sr<=40%,kvB<=4k,kp<=8k,-0.0132,2
2048,n<=64,sr<=40%,kvB<=4k,kp=0,-0.0088,2
2048,n<=64,sr<=5%,kvB<=16k,kp<=1k,0.016,6
2048,n<=64,sr<=5%,kvB<=16k,kp<=2k,0.0101,6
2048,n<=64,sr<=5%,kvB<=16k,kp<=4k,0.0079,6
2048,n<=64,sr<=5%,kvB<=16k,kp<=512,0.0142,6
2048,n<=64,sr<=5%,kvB<=16k,kp<=8k,0.0087,6
2048,n<=64,sr<=5%,kvB<=16k,kp=0,0.0132,6
2048,n<=64,sr<=5%,kvB<=1k,kp<=1k,0.0218,6
2048,n<=64,sr<=5%,kvB<=1k,kp<=2k,0.0107,6
2048,n<=64,sr<=5%,kvB<=1k,kp<=4k,0.0247,6
2048,n<=64,sr<=5%,kvB<=1k,kp<=512,0.0179,6
2048,n<=64,sr<=5%,kvB<=1k,kp<=8k,-0.069,6
2048,n<=64,sr<=5%,kvB<=1k,kp=0,-0.0061,6
2048,n<=64,sr<=5%,kvB<=4k,kp<=1k,0.0105,6
2048,n<=64,sr<=5%,kvB<=4k,kp<=2k,0.0086,6
2048,n<=64,sr<=5%,kvB<=4k,kp<=4k,0.009,6
2048,n<=64,sr<=5%,kvB<=4k,kp<=512,0.0129,6
2048,n<=64,sr<=5%,kvB<=4k,kp<=8k,0.0036,6
2048,n<=64,sr<=5%,kvB<=4k,kp=0,0.0108,6
2048,n<=64,sr<=70%,kvB<=16k,kp<=1k,-0.0077,2
2048,n<=64,sr<=70%,kvB<=16k,kp<=2k,-0.0068,2
2048,n<=64,sr<=70%,kvB<=16k,kp<=4k,-0.0028,2
2048,n<=64,sr<=70%,kvB<=16k,kp<=512,-0.0043,2
2048,n<=64,sr<=70%,kvB<=16k,kp<=8k,0.0162,2
2048,n<=64,sr<=70%,kvB<=16k,kp=0,-0.0011,2
2048,n<=64,sr<=70%,kvB<=1k,kp<=1k,0.0669,2
2048,n<=64,sr<=70%,kvB<=1k,kp<=2k,-0.0701,2
2048,n<=64,sr<=70%,kvB<=1k,kp<=4k,0.0805,2
2048,n<=64,sr<=70%,kvB<=1k,kp<=512,0.0842,2
2048,n<=64,sr<=70%,kvB<=1k,kp<=8k,-0.1719,2
2048,n<=64,sr<=70%,kvB<=1k,kp=0,0.1051,2
2048,n<=64,sr<=70%,kvB<=4k,kp<=1k,-0.0056,2
2048,n<=64,sr<=70%,kvB<=4k,kp<=2k,-0.0057,2
2048,n<=64,sr<=70%,kvB<=4k,kp<=4k,0.0465,2
2048,n<=64,sr<=70%,kvB<=4k,kp<=512,-0.0044,2
2048,n<=64,sr<=70%,kvB<=4k,kp<=8k,-0.0331,2
2048,n<=64,sr<=70%,kvB<=4k,kp=0,-0.029,2
2048,n<=64,sr>70%,kvB<=16k,kp<=1k,0.0009,4
2048,n<=64,sr>70%,kvB<=16k,kp<=2k,0.0137,4
2048,n<=64,sr>70%,kvB<=16k,kp<=4k,0.0616,4
2048,n<=64,sr>70%,kvB<=16k,kp<=512,0.0075,4
2048,n<=64,sr>70%,kvB<=16k,kp<=8k,0.0228,4
2048,n<=64,sr>70%,kvB<=16k,kp=0,0.0202,4
2048,n<=64,sr>70%,kvB<=1k,kp<=1k,0.277,4
2048,n<=64,sr>70%,kvB<=1k,kp<=2k,0.3204,4
2048,n<=64,sr>70%,kvB<=1k,kp<=4k,0.3965,4
2048,n<=64,sr>70%,kvB<=1k,kp<=512,0.3773,4
2048,n<=64,sr>70%,kvB<=1k,kp<=8k,0.4444,3
2048,n<=64,sr>70%,kvB<=1k,kp=0,0.3242,4
2048,n<=64,sr>70%,kvB<=4k,kp<=1k,0.0366,4
2048,n<=64,sr>70%,kvB<=4k,kp<=2k,0.0049,4
2048,n<=64,sr>70%,kvB<=4k,kp<=4k,-0.0237,4
2048,n<=64,sr>70%,kvB<=4k,kp<=512,-0.0092,4
2048,n<=64,sr>70%,kvB<=4k,kp<=8k,0.0557,4
2048,n<=64,sr>70%,kvB<=4k,kp=0,-0.0025,4
2048,n<=8,sr<=15%,kvB<=16k,kp<=1k,0.0985,2
2048,n<=8,sr<=15%,kvB<=16k,kp<=2k,0.0942,2
2048,n<=8,sr<=15%,kvB<=16k,kp<=4k,0.101,2
2048,n<=8,sr<=15%,kvB<=16k,kp<=512,0.091,2
2048,n<=8,sr<=15%,kvB<=16k,kp<=8k,0.1023,2
2048,n<=8,sr<=15%,kvB<=16k,kp=0,0.0888,2
2048,n<=8,sr<=15%,kvB<=1k,kp<=1k,0.0771,2
2048,n<=8,sr<=15%,kvB<=1k,kp<=2k,0.0211,2
2048,n<=8,sr<=15%,kvB<=1k,kp<=4k,0.0839,2
2048,n<=8,sr<=15%,kvB<=1k,kp<=512,0.0758,2
2048,n<=8,sr<=15%,kvB<=1k,kp<=8k,-0.3019,2
2048,n<=8,sr<=15%,kvB<=1k,kp=0,0.1116,2
2048,n<=8,sr<=15%,kvB<=4k,kp<=1k,0.127,2
2048,n<=8,sr<=15%,kvB<=4k,kp<=2k,-0.0527,2
2048,n<=8,sr<=15%,kvB<=4k,kp<=4k,0.0833,2
2048,n<=8,sr<=15%,kvB<=4k,kp<=512,0.1277,2
2048,n<=8,sr<=15%,kvB<=4k,kp<=8k,-0.0766,2
2048,n<=8,sr<=15%,kvB<=4k,kp=0,0.13,2
2048,n<=8,sr<=40%,kvB<=16k,kp<=1k,0.077,4
2048,n<=8,sr<=40%,kvB<=16k,kp<=2k,0.0912,4
2048,n<=8,sr<=40%,kvB<=16k,kp<=4k,0.1224,4
2048,n<=8,sr<=40%,kvB<=16k,kp<=512,0.0694,4
2048,n<=8,sr<=40%,kvB<=16k,kp<=8k,0.0966,4
2048,n<=8,sr<=40%,kvB<=16k,kp=0,0.066,4
2048,n<=8,sr<=40%,kvB<=1k,kp<=1k,0.0568,4
2048,n<=8,sr<=40%,kvB<=1k,kp<=2k,0.2407,4
2048,n<=8,sr<=40%,kvB<=1k,kp<=4k,-0.0638,4
2048,n<=8,sr<=40%,kvB<=1k,kp<=512,-0.0445,4
2048,n<=8,sr<=40%,kvB<=1k,kp<=8k,0.1185,3
2048,n<=8,sr<=40%,kvB<=1k,kp=0,0.1245,4
2048,n<=8,sr<=40%,kvB<=4k,kp<=1k,0.0936,4
2048,n<=8,sr<=40%,kvB<=4k,kp<=2k,0.1213,4
2048,n<=8,sr<=40%,kvB<=4k,kp<=4k,0.0469,4
2048,n<=8,sr<=40%,kvB<=4k,kp<=512,0.1681,4
2048,n<=8,sr<=40%,kvB<=4k,kp<=8k,0.0503,4
2048,n<=8,sr<=40%,kvB<=4k,kp=0,0.1293,4
2048,n<=8,sr<=70%,kvB<=16k,kp<=1k,0.0546,2
2048,n<=8,sr<=70%,kvB<=16k,kp<=2k,0.0785,2
2048,n<=8,sr<=70%,kvB<=16k,kp<=4k,0.1166,2
2048,n<=8,sr<=70%,kvB<=16k,kp<=512,0.0467,2
2048,n<=8,sr<=70%,kvB<=16k,kp<=8k,0.0729,2
2048,n<=8,sr<=70%,kvB<=16k,kp=0,0.0554,2
2048,n<=8,sr<=70%,kvB<=1k,kp<=1k,-0.282,2
2048,n<=8,sr<=70%,kvB<=1k,kp<=2k,0.1008,2
2048,n<=8,sr<=70%,kvB<=1k,kp<=4k,0.2193,2
2048,n<=8,sr<=70%,kvB<=1k,kp<=512,-0.2728,2
2048,n<=8,sr<=70%,kvB<=1k,kp<=8k,0.6254,2
2048,n<=8,sr<=70%,kvB<=1k,kp=0,0.12,2
2048,n<=8,sr<=70%,kvB<=4k,kp<=1k,0.2174,2
2048,n<=8,sr<=70%,kvB<=4k,kp<=2k,0.1199,2
2048,n<=8,sr<=70%,kvB<=4k,kp<=4k,0.0832,2
2048,n<=8,sr<=70%,kvB<=4k,kp<=512,0.131,2
2048,n<=8,sr<=70%,kvB<=4k,kp<=8k,0.2639,2
2048,n<=8,sr<=70%,kvB<=4k,kp=0,0.1159,2
2048,n<=8,sr>70%,kvB<=16k,kp<=1k,0.0539,4
2048,n<=8,sr>70%,kvB<=16k,kp<=2k,0.0535,4
2048,n<=8,sr>70%,kvB<=16k,kp<=4k,0.1204,4
2048,n<=8,sr>70%,kvB<=16k,kp<=512,0.0245,4
2048,n<=8,sr>70%,kvB<=16k,kp<=8k,0.042,3
2048,n<=8,sr>70%,kvB<=16k,kp=0,0.0322,4
2048,n<=8,sr>70%,kvB<=1k,kp<=1k,0.0673,4
2048,n<=8,sr>70%,kvB<=1k,kp<=2k,0.5516,2
2048,n<=8,sr>70%,kvB<=1k,kp<=4k,0.7766,2
2048,n<=8,sr>70%,kvB<=1k,kp<=512,-0.0827,4
2048,n<=8,sr>70%,kvB<=1k,kp<=8k,0.019,3
2048,n<=8,sr>70%,kvB<=1k,kp=0,0.4078,4
2048,n<=8,sr>70%,kvB<=4k,kp<=1k,0.1842,4
2048,n<=8,sr>70%,kvB<=4k,kp<=2k,0.0424,4
2048,n<=8,sr>70%,kvB<=4k,kp<=4k,0.3933,4
2048,n<=8,sr>70%,kvB<=4k,kp<=512,0.0712,4
2048,n<=8,sr>70%,kvB<=4k,kp<=8k,0.2087,3
2048,n<=8,sr>70%,kvB<=4k,kp=0,0.1003,4
